underlying_symbol,quote_datetime,root,expiration,strike,option_type,open,high,low,close,trade_volume,bid_size,bid,ask_size,ask,underlying_bid,underlying_ask,open_interest,time_to_maturity,C_mkt,S_0,implied_vol
^SPX,2026-02-24 16:15:00,SPX,2026-03-20,4100.0,C,0.0,0.0,0.0,0.0,0,2,2785.4,1,2804.3,6852.66,6913.22,2,0.0630136986301369,2794.8500000000004,6882.9400000000005,0.6825924728848869
^SPX,2026-02-24 16:15:00,SPX,2026-03-20,4350.0,C,0.0,0.0,0.0,0.0,0,1,2535.1,1,2555.6,6852.66,6913.22,0,0.0630136986301369,2545.35,6882.9400000000005,0.5553917326126614
^SPX,2026-02-24 16:15:00,SPX,2026-03-20,4650.0,C,0.0,0.0,0.0,0.0,0,2,2237.9,1,2254.9,6852.66,6913.22,1,0.0630136986301369,2246.4,6882.9400000000005,0.5260028894344896
^SPX,2026-02-24 16:15:00,SPX,2026-03-20,4800.0,C,0.0,0.0,0.0,0.0,0,2,2087.3,1,2106.9,6852.66,6913.22,52,0.0630136986301369,2097.1000000000004,6882.9400000000005,0.5170580898679896
^SPX,2026-02-24 16:15:00,SPX,2026-03-20,4900.0,C,0.0,0.0,0.0,0.0,0,2,1987.7,1,2006.0,6852.66,6913.22,121,0.0630136986301369,1996.85,6882.9400000000005,0.3915305562065572
^SPX,2026-02-24 16:15:00,SPX,2026-03-20,4950.0,C,0.0,0.0,0.0,0.0,0,1,1937.6,1,1956.7,6852.66,6913.22,224,0.0630136986301369,1947.15,6882.9400000000005,0.43254764539875973
^SPX,2026-02-24 16:15:00,SPX,2026-03-20,4975.0,C,0.0,0.0,0.0,0.0,0,1,1912.7,1,1931.8,6852.66,6913.22,216,0.0630136986301369,1922.25,6882.9400000000005,0.43153457770851944
^SPX,2026-02-24 16:15:00,SPX,2026-03-20,5000.0,C,1896.44,1900.9,1896.44,1900.9,1210,7,1892.8,7,1902.5,6852.66,6913.22,205271,0.0630136986301369,1897.65,6882.9400000000005,0.46204000311619686
^SPX,2026-02-24 16:15:00,SPX,2026-03-20,5050.0,C,0.0,0.0,0.0,0.0,0,1,1838.0,1,1857.2,6852.66,6913.22,510,0.0630136986301369,1847.6,6882.9400000000005,0.4311878335086192
^SPX,2026-02-24 16:15:00,SPX,2026-03-20,5075.0,C,0.0,0.0,0.0,0.0,0,1,1813.2,1,1832.3,6852.66,6913.22,32,0.0630136986301369,1822.75,6882.9400000000005,0.4328357137734405
^SPX,2026-02-24 16:15:00,SPX,2026-03-20,5100.0,C,0.0,0.0,0.0,0.0,0,10,1791.1,10,1805.2,6852.66,6913.22,1719,0.0630136986301369,1798.15,6882.9400000000005,0.4507013573237978
^SPX,2026-02-24 16:15:00,SPX,2026-03-20,5125.0,C,0.0,0.0,0.0,0.0,0,2,1763.7,1,1782.1,6852.66,6913.22,251,0.0630136986301369,1772.9,6882.9400000000005,0.4208863487729671
^SPX,2026-02-24 16:15:00,SPX,2026-03-20,5150.0,C,0.0,0.0,0.0,0.0,0,5,1744.1,5,1752.3,6852.66,6913.22,165,0.0630136986301369,1748.1999999999998,6882.9400000000005,0.43177106071394905
^SPX,2026-02-24 16:15:00,SPX,2026-03-20,5175.0,C,0.0,0.0,0.0,0.0,0,5,1719.2,5,1727.4,6852.66,6913.22,7,0.0630136986301369,1723.3000000000002,6882.9400000000005,0.4270852047759401
^SPX,2026-02-24 16:15:00,SPX,2026-03-20,5200.0,C,0.0,0.0,0.0,0.0,0,5,1694.4,5,1702.4,6852.66,6913.22,1089,0.0630136986301369,1698.4,6882.9400000000005,0.42232186709557806
^SPX,2026-02-24 16:15:00,SPX,2026-03-20,5225.0,C,0.0,0.0,0.0,0.0,0,5,1669.5,5,1677.7,6852.66,6913.22,60,0.0630136986301369,1673.6,6882.9400000000005,0.42292562468494466
^SPX,2026-02-24 16:15:00,SPX,2026-03-20,5250.0,C,0.0,0.0,0.0,0.0,0,5,1644.7,5,1652.7,6852.66,6913.22,1106,0.0630136986301369,1648.7,6882.9400000000005,0.4178151694082669
^SPX,2026-02-24 16:15:00,SPX,2026-03-20,5275.0,C,0.0,0.0,0.0,0.0,0,5,1620.3,5,1627.8,6852.66,6913.22,40,0.0630136986301369,1624.05,6882.9400000000005,0.42369964663425097
^SPX,2026-02-24 16:15:00,SPX,2026-03-20,5300.0,C,0.0,0.0,0.0,0.0,0,5,1595.1,5,1603.1,6852.66,6913.22,844,0.0630136986301369,1599.1,6882.9400000000005,0.4161306789576822
^SPX,2026-02-24 16:15:00,SPX,2026-03-20,5325.0,C,0.0,0.0,0.0,0.0,0,5,1570.2,5,1578.2,6852.66,6913.22,39,0.0630136986301369,1574.2,6882.9400000000005,0.41059428945791865
^SPX,2026-02-24 16:15:00,SPX,2026-03-20,5350.0,C,0.0,0.0,0.0,0.0,0,5,1545.9,5,1553.2,6852.66,6913.22,573,0.0630136986301369,1549.5500000000002,6882.9400000000005,0.41393016746401673
^SPX,2026-02-24 16:15:00,SPX,2026-03-20,5375.0,C,0.0,0.0,0.0,0.0,0,5,1521.1,5,1528.4,6852.66,6913.22,53,0.0630136986301369,1524.75,6882.9400000000005,0.41125202676061007
^SPX,2026-02-24 16:15:00,SPX,2026-03-20,5400.0,C,0.0,0.0,0.0,0.0,0,5,1495.8,5,1503.5,6852.66,6913.22,2143,0.0630136986301369,1499.65,6882.9400000000005,0.3989858195293291
^SPX,2026-02-24 16:15:00,SPX,2026-03-20,5425.0,C,0.0,0.0,0.0,0.0,0,5,1471.4,5,1478.7,6852.66,6913.22,2275,0.0630136986301369,1475.0500000000002,6882.9400000000005,0.4022183554326159
^SPX,2026-02-24 16:15:00,SPX,2026-03-20,5450.0,C,0.0,0.0,0.0,0.0,0,5,1446.2,5,1453.9,6852.66,6913.22,1543,0.0630136986301369,1450.0500000000002,6882.9400000000005,0.3933652303562274
^SPX,2026-02-24 16:15:00,SPX,2026-03-20,5475.0,C,0.0,0.0,0.0,0.0,0,5,1421.4,5,1429.0,6852.66,6913.22,422,0.0630136986301369,1425.2,6882.9400000000005,0.388757398147433
^SPX,2026-02-24 16:15:00,SPX,2026-03-20,5490.0,C,0.0,0.0,0.0,0.0,0,5,1406.5,5,1414.1,6852.66,6913.22,0,0.0630136986301369,1410.3,6882.9400000000005,0.38620517710004193
^SPX,2026-02-24 16:15:00,SPX,2026-03-20,5500.0,C,0.0,0.0,0.0,0.0,0,12,1396.5,12,1404.2,6852.66,6913.22,6203,0.0630136986301369,1400.35,6882.9400000000005,0.3840405838600525
^SPX,2026-02-24 16:15:00,SPX,2026-03-20,5510.0,C,0.0,0.0,0.0,0.0,0,5,1387.1,5,1394.2,6852.66,6913.22,0,0.0630136986301369,1390.65,6882.9400000000005,0.38802714667633526
^SPX,2026-02-24 16:15:00,SPX,2026-03-20,5520.0,C,0.0,0.0,0.0,0.0,0,5,1377.2,5,1384.3,6852.66,6913.22,0,0.0630136986301369,1380.75,6882.9400000000005,0.38692109266946845
^SPX,2026-02-24 16:15:00,SPX,2026-03-20,5525.0,C,0.0,0.0,0.0,0.0,0,5,1372.0,5,1379.9,6852.66,6913.22,869,0.0630136986301369,1375.95,6882.9400000000005,0.38966482014775056
^SPX,2026-02-24 16:15:00,SPX,2026-03-20,5530.0,C,0.0,0.0,0.0,0.0,0,5,1367.3,5,1374.4,6852.66,6913.22,0,0.0630136986301369,1370.85,6882.9400000000005,0.3857621598931669
^SPX,2026-02-24 16:15:00,SPX,2026-03-20,5540.0,C,0.0,0.0,0.0,0.0,0,5,1356.8,5,1364.6,6852.66,6913.22,0,0.0630136986301369,1360.6999999999998,6882.9400000000005,0.3789149320942676
^SPX,2026-02-24 16:15:00,SPX,2026-03-20,5550.0,C,0.0,0.0,0.0,0.0,0,5,1347.5,5,1354.5,6852.66,6913.22,2492,0.0630136986301369,1351.0,6882.9400000000005,0.38223186111214424
^SPX,2026-02-24 16:15:00,SPX,2026-03-20,5560.0,C,0.0,0.0,0.0,0.0,0,5,1337.0,5,1344.6,6852.66,6913.22,0,0.0630136986301369,1340.8,6882.9400000000005,0.37440771087116875
^SPX,2026-02-24 16:15:00,SPX,2026-03-20,5570.0,C,0.0,0.0,0.0,0.0,0,5,1327.1,5,1334.6,6852.66,6913.22,0,0.0630136986301369,1330.85,6882.9400000000005,0.3721447309666544
^SPX,2026-02-24 16:15:00,SPX,2026-03-20,5575.0,C,0.0,0.0,0.0,0.0,0,2,1324.5,2,1328.4,6852.66,6913.22,1455,0.0630136986301369,1326.45,6882.9400000000005,0.38287867100950185
^SPX,2026-02-24 16:15:00,SPX,2026-03-20,5580.0,C,0.0,0.0,0.0,0.0,0,2,1319.5,2,1323.3,6852.66,6913.22,0,0.0630136986301369,1321.4,6882.9400000000005,0.38023488635274943
^SPX,2026-02-24 16:15:00,SPX,2026-03-20,5590.0,C,0.0,0.0,0.0,0.0,0,2,1309.6,2,1313.5,6852.66,6913.22,0,0.0630136986301369,1311.55,6882.9400000000005,0.3797239940661935
^SPX,2026-02-24 16:15:00,SPX,2026-03-20,5600.0,C,0.0,0.0,0.0,0.0,0,2,1300.0,2,1303.2,6852.66,6913.22,5546,0.0630136986301369,1301.6,6882.9400000000005,0.3772988326790564
^SPX,2026-02-24 16:15:00,SPX,2026-03-20,5610.0,C,0.0,0.0,0.0,0.0,0,2,1289.7,2,1293.6,6852.66,6913.22,0,0.0630136986301369,1291.65,6882.9400000000005,0.3748698774557803
^SPX,2026-02-24 16:15:00,SPX,2026-03-20,5620.0,C,0.0,0.0,0.0,0.0,0,2,1279.8,2,1283.6,6852.66,6913.22,0,0.0630136986301369,1281.6999999999998,6882.9400000000005,0.37243716500285606
^SPX,2026-02-24 16:15:00,SPX,2026-03-20,5625.0,C,0.0,0.0,0.0,0.0,0,2,1274.9,2,1278.7,6852.66,6913.22,1491,0.0630136986301369,1276.8000000000002,6882.9400000000005,0.3725537020474178
^SPX,2026-02-24 16:15:00,SPX,2026-03-20,5630.0,C,0.0,0.0,0.0,0.0,0,2,1269.9,2,1273.7,6852.66,6913.22,2,0.0630136986301369,1271.8000000000002,6882.9400000000005,0.3708878733870858
^SPX,2026-02-24 16:15:00,SPX,2026-03-20,5640.0,C,0.0,0.0,0.0,0.0,0,2,1260.1,2,1263.9,6852.66,6913.22,0,0.0630136986301369,1262.0,6882.9400000000005,0.3710120953580281
^SPX,2026-02-24 16:15:00,SPX,2026-03-20,5650.0,C,0.0,0.0,0.0,0.0,0,2,1250.4,2,1253.7,6852.66,6913.22,3965,0.0630136986301369,1252.0500000000002,6882.9400000000005,0.3685307818335429
^SPX,2026-02-24 16:15:00,SPX,2026-03-20,5660.0,C,0.0,0.0,0.0,0.0,0,2,1240.2,2,1244.0,6852.66,6913.22,5,0.0630136986301369,1242.1,6882.9400000000005,0.36604626906982635
^SPX,2026-02-24 16:15:00,SPX,2026-03-20,5670.0,C,0.0,0.0,0.0,0.0,0,2,1230.3,2,1234.2,6852.66,6913.22,1,0.0630136986301369,1232.25,6882.9400000000005,0.36517646787800734
^SPX,2026-02-24 16:15:00,SPX,2026-03-20,5675.0,C,0.0,0.0,0.0,0.0,0,2,1225.4,2,1229.1,6852.66,6913.22,683,0.0630136986301369,1227.25,6882.9400000000005,0.3635235824380838
^SPX,2026-02-24 16:15:00,SPX,2026-03-20,5680.0,C,0.0,0.0,0.0,0.0,0,2,1220.4,2,1224.3,6852.66,6913.22,0,0.0630136986301369,1222.35,6882.9400000000005,0.3634568221751543
^SPX,2026-02-24 16:15:00,SPX,2026-03-20,5690.0,C,0.0,0.0,0.0,0.0,0,2,1210.5,2,1214.2,6852.66,6913.22,0,0.0630136986301369,1212.35,6882.9400000000005,0.36015748741796766
^SPX,2026-02-24 16:15:00,SPX,2026-03-20,5700.0,C,0.0,0.0,0.0,0.0,0,2,1200.9,2,1204.1,6852.66,6913.22,4571,0.0630136986301369,1202.5,6882.9400000000005,0.35917994221330596
^SPX,2026-02-24 16:15:00,SPX,2026-03-20,5710.0,C,0.0,0.0,0.0,0.0,0,2,1190.7,2,1194.5,6852.66,6913.22,30,0.0630136986301369,1192.6,6882.9400000000005,0.35739638131509716
^SPX,2026-02-24 16:15:00,SPX,2026-03-20,5720.0,C,0.0,0.0,0.0,0.0,0,2,1180.9,2,1184.7,6852.66,6913.22,1,0.0630136986301369,1182.8000000000002,6882.9400000000005,0.35703742270414673
^SPX,2026-02-24 16:15:00,SPX,2026-03-20,5725.0,C,0.0,0.0,0.0,0.0,0,2,1175.9,2,1179.6,6852.66,6913.22,634,0.0630136986301369,1177.75,6882.9400000000005,0.3546741736724443
^SPX,2026-02-24 16:15:00,SPX,2026-03-20,5730.0,C,0.0,0.0,0.0,0.0,0,2,1171.1,2,1174.6,6852.66,6913.22,0,0.0630136986301369,1172.85,6882.9400000000005,0.3544689229564477
^SPX,2026-02-24 16:15:00,SPX,2026-03-20,5740.0,C,0.0,0.0,0.0,0.0,0,2,1161.1,2,1164.9,6852.66,6913.22,7,0.0630136986301369,1163.0,6882.9400000000005,0.35329369251918114
^SPX,2026-02-24 16:15:00,SPX,2026-03-20,5750.0,C,0.0,0.0,0.0,0.0,0,2,1151.5,2,1154.6,6852.66,6913.22,3325,0.0630136986301369,1153.05,6882.9400000000005,0.3507061329805858
^SPX,2026-02-24 16:15:00,SPX,2026-03-20,5760.0,C,0.0,0.0,0.0,0.0,0,2,1141.3,2,1145.1,6852.66,6913.22,31,0.0630136986301369,1143.1999999999998,6882.9400000000005,0.3494612568918207
^SPX,2026-02-24 16:15:00,SPX,2026-03-20,5770.0,C,0.0,0.0,0.0,0.0,0,2,1131.4,2,1135.0,6852.66,6913.22,4,0.0630136986301369,1133.2,6882.9400000000005,0.34619242262168715
^SPX,2026-02-24 16:15:00,SPX,2026-03-20,5775.0,C,0.0,0.0,0.0,0.0,0,2,1126.5,2,1130.1,6852.66,6913.22,969,0.0630136986301369,1128.3,6882.9400000000005,0.34587965463669806
^SPX,2026-02-24 16:15:00,SPX,2026-03-20,5780.0,C,0.0,0.0,0.0,0.0,0,2,1121.6,2,1125.2,6852.66,6913.22,0,0.0630136986301369,1123.4,6882.9400000000005,0.3455447614731513
^SPX,2026-02-24 16:15:00,SPX,2026-03-20,5790.0,C,0.0,0.0,0.0,0.0,0,2,1111.7,2,1115.3,6852.66,6913.22,0,0.0630136986301369,1113.5,6882.9400000000005,0.3435563144801002
^SPX,2026-02-24 16:15:00,SPX,2026-03-20,5800.0,C,0.0,0.0,0.0,0.0,0,2,1102.1,2,1105.0,6852.66,6913.22,4574,0.0630136986301369,1103.55,6882.9400000000005,0.34092465847972087
^SPX,2026-02-24 16:15:00,SPX,2026-03-20,5810.0,C,0.0,0.0,0.0,0.0,0,2,1091.9,2,1095.5,6852.66,6913.22,2,0.0630136986301369,1093.7,6882.9400000000005,0.33952143851717626
^SPX,2026-02-24 16:15:00,SPX,2026-03-20,5820.0,C,0.0,0.0,0.0,0.0,0,2,1082.0,2,1085.6,6852.66,6913.22,0,0.0630136986301369,1083.8,6882.9400000000005,0.3374759047232659
^SPX,2026-02-24 16:15:00,SPX,2026-03-20,5825.0,C,0.0,0.0,0.0,0.0,0,2,1077.1,2,1080.7,6852.66,6913.22,496,0.0630136986301369,1078.9,6882.9400000000005,0.33703949777625336
^SPX,2026-02-24 16:15:00,SPX,2026-03-20,5830.0,C,0.0,0.0,0.0,0.0,0,2,1072.2,2,1075.9,6852.66,6913.22,0,0.0630136986301369,1074.0500000000002,6882.9400000000005,0.33716465986346816
^SPX,2026-02-24 16:15:00,SPX,2026-03-20,5840.0,C,0.0,0.0,0.0,0.0,0,2,1062.3,2,1065.9,6852.66,6913.22,3,0.0630136986301369,1064.1,6882.9400000000005,0.33448369273685735
^SPX,2026-02-24 16:15:00,SPX,2026-03-20,5850.0,C,0.0,0.0,0.0,0.0,0,2,1052.7,2,1055.8,6852.66,6913.22,4714,0.0630136986301369,1054.25,6882.9400000000005,0.33292728526443194
^SPX,2026-02-24 16:15:00,SPX,2026-03-20,5860.0,C,0.0,0.0,0.0,0.0,0,2,1042.6,2,1046.1,6852.66,6913.22,0,0.0630136986301369,1044.35,6882.9400000000005,0.3307838889740286
^SPX,2026-02-24 16:15:00,SPX,2026-03-20,5870.0,C,0.0,0.0,0.0,0.0,0,2,1032.7,2,1036.3,6852.66,6913.22,2,0.0630136986301369,1034.5,6882.9400000000005,0.32916451981325684
^SPX,2026-02-24 16:15:00,SPX,2026-03-20,5875.0,C,0.0,0.0,0.0,0.0,0,2,1027.8,2,1031.4,6852.66,6913.22,1287,0.0630136986301369,1029.6,6882.9400000000005,0.3286070667567405
^SPX,2026-02-24 16:15:00,SPX,2026-03-20,5880.0,C,0.0,0.0,0.0,0.0,0,2,1022.9,2,1026.6,6852.66,6913.22,0,0.0630136986301369,1024.75,6882.9400000000005,0.328556106969299
^SPX,2026-02-24 16:15:00,SPX,2026-03-20,5890.0,C,0.0,0.0,0.0,0.0,0,2,1013.0,2,1016.6,6852.66,6913.22,0,0.0630136986301369,1014.8,6882.9400000000005,0.32581889094236494
^SPX,2026-02-24 16:15:00,SPX,2026-03-20,5900.0,C,0.0,0.0,0.0,0.0,0,2,1003.5,2,1006.5,6852.66,6913.22,7195,0.0630136986301369,1005.0,6882.9400000000005,0.32459814601311743
^SPX,2026-02-24 16:15:00,SPX,2026-03-20,5910.0,C,0.0,0.0,0.0,0.0,0,2,993.3,2,996.9,6852.66,6913.22,0,0.0630136986301369,995.0999999999999,6882.9400000000005,0.3223384984765991
^SPX,2026-02-24 16:15:00,SPX,2026-03-20,5920.0,C,0.0,0.0,0.0,0.0,0,2,983.5,2,987.0,6852.66,6913.22,0,0.0630136986301369,985.25,6882.9400000000005,0.32055040068338253
^SPX,2026-02-24 16:15:00,SPX,2026-03-20,5925.0,C,0.0,0.0,0.0,0.0,0,2,978.6,2,982.1,6852.66,6913.22,384,0.0630136986301369,980.35,6882.9400000000005,0.3198840747773813
^SPX,2026-02-24 16:15:00,SPX,2026-03-20,5930.0,C,0.0,0.0,0.0,0.0,0,2,973.7,2,977.2,6852.66,6913.22,1,0.0630136986301369,975.45,6882.9400000000005,0.31920476467115305
^SPX,2026-02-24 16:15:00,SPX,2026-03-20,5940.0,C,0.0,0.0,0.0,0.0,0,2,963.8,2,967.4,6852.66,6913.22,5,0.0630136986301369,965.5999999999999,6882.9400000000005,0.31734689841044217
^SPX,2026-02-24 16:15:00,SPX,2026-03-20,5950.0,C,0.0,0.0,0.0,0.0,0,2,954.3,2,957.2,6852.66,6913.22,4478,0.0630136986301369,955.75,6882.9400000000005,0.3154603930702763
^SPX,2026-02-24 16:15:00,SPX,2026-03-20,5960.0,C,0.0,0.0,0.0,0.0,0,2,944.3,2,947.8,6852.66,6913.22,2,0.0630136986301369,946.05,6882.9400000000005,0.31487103547108514
^SPX,2026-02-24 16:15:00,SPX,2026-03-20,5970.0,C,0.0,0.0,0.0,0.0,0,2,934.4,2,937.9,6852.66,6913.22,0,0.0630136986301369,936.15,6882.9400000000005,0.31247331756231855
^SPX,2026-02-24 16:15:00,SPX,2026-03-20,5975.0,C,0.0,0.0,0.0,0.0,0,2,929.4,2,933.0,6852.66,6913.22,1384,0.0630136986301369,931.2,6882.9400000000005,0.31127002834380746
^SPX,2026-02-24 16:15:00,SPX,2026-03-20,5980.0,C,0.0,0.0,0.0,0.0,0,2,924.5,2,928.1,6852.66,6913.22,1,0.0630136986301369,926.3,6882.9400000000005,0.3104891555540997
^SPX,2026-02-24 16:15:00,SPX,2026-03-20,5990.0,C,0.0,0.0,0.0,0.0,0,2,914.8,2,918.3,6852.66,6913.22,5,0.0630136986301369,916.55,6882.9400000000005,0.3093091117170641
^SPX,2026-02-24 16:15:00,SPX,2026-03-20,6000.0,C,869.7,911.3,869.7,908.6,27164,2,905.2,2,908.1,6852.66,6913.22,251230,0.0630136986301369,906.6500000000001,6882.9400000000005,0.30685350306838105
^SPX,2026-02-24 16:15:00,SPX,2026-03-20,6010.0,C,0.0,0.0,0.0,0.0,0,2,895.1,2,898.8,6852.66,6913.22,0,0.0630136986301369,896.95,6882.9400000000005,0.3059801159597512
^SPX,2026-02-24 16:15:00,SPX,2026-03-20,6020.0,C,0.0,0.0,0.0,0.0,0,2,885.4,2,888.9,6852.66,6913.22,0,0.0630136986301369,887.15,6882.9400000000005,0.304257213972042
^SPX,2026-02-24 16:15:00,SPX,2026-03-20,6025.0,C,0.0,0.0,0.0,0.0,0,2,880.4,2,884.0,6852.66,6913.22,1253,0.0630136986301369,882.2,6882.9400000000005,0.3029985104218719
^SPX,2026-02-24 16:15:00,SPX,2026-03-20,6030.0,C,0.0,0.0,0.0,0.0,0,2,875.5,2,879.1,6852.66,6913.22,1,0.0630136986301369,877.3,6882.9400000000005,0.30211785717238254
^SPX,2026-02-24 16:15:00,SPX,2026-03-20,6040.0,C,0.0,0.0,0.0,0.0,0,2,865.9,2,869.1,6852.66,6913.22,10,0.0630136986301369,867.5,6882.9400000000005,0.3003293214042752
^SPX,2026-02-24 16:15:00,SPX,2026-03-20,6050.0,C,0.0,0.0,0.0,0.0,0,2,856.3,2,859.0,6852.66,6913.22,3304,0.0630136986301369,857.65,6882.9400000000005,0.29814029590567764
^SPX,2026-02-24 16:15:00,SPX,2026-03-20,6060.0,C,0.0,0.0,0.0,0.0,0,2,846.2,2,849.6,6852.66,6913.22,0,0.0630136986301369,847.9000000000001,6882.9400000000005,0.2966469598979289
^SPX,2026-02-24 16:15:00,SPX,2026-03-20,6070.0,C,0.0,0.0,0.0,0.0,0,2,836.6,2,839.8,6852.66,6913.22,1,0.0630136986301369,838.2,6882.9400000000005,0.29545237869217383
^SPX,2026-02-24 16:15:00,SPX,2026-03-20,6075.0,C,0.0,0.0,0.0,0.0,0,2,831.6,2,834.9,6852.66,6913.22,1124,0.0630136986301369,833.25,6882.9400000000005,0.29414264438540855
^SPX,2026-02-24 16:15:00,SPX,2026-03-20,6080.0,C,0.0,0.0,0.0,0.0,0,2,826.7,2,830.0,6852.66,6913.22,1,0.0630136986301369,828.35,6882.9400000000005,0.2931729534762354
^SPX,2026-02-24 16:15:00,SPX,2026-03-20,6090.0,C,0.0,0.0,0.0,0.0,0,2,817.1,2,820.3,6852.66,6913.22,0,0.0630136986301369,818.7,6882.9400000000005,0.2922106501654913
^SPX,2026-02-24 16:15:00,SPX,2026-03-20,6100.0,C,0.0,0.0,0.0,0.0,0,2,807.7,2,810.2,6852.66,6913.22,5034,0.0630136986301369,808.95,6882.9400000000005,0.2905229785761731
^SPX,2026-02-24 16:15:00,SPX,2026-03-20,6110.0,C,0.0,0.0,0.0,0.0,0,2,797.5,2,800.8,6852.66,6913.22,2,0.0630136986301369,799.15,6882.9400000000005,0.2884745729854275
^SPX,2026-02-24 16:15:00,SPX,2026-03-20,6120.0,C,0.0,0.0,0.0,0.0,0,2,787.9,2,791.1,6852.66,6913.22,0,0.0630136986301369,789.5,6882.9400000000005,0.28733136263130055
^SPX,2026-02-24 16:15:00,SPX,2026-03-20,6125.0,C,0.0,0.0,0.0,0.0,0,2,782.9,2,786.3,6852.66,6913.22,1044,0.0630136986301369,784.5999999999999,6882.9400000000005,0.28627368677840803
^SPX,2026-02-24 16:15:00,SPX,2026-03-20,6130.0,C,0.0,0.0,0.0,0.0,0,2,778.2,2,781.4,6852.66,6913.22,3,0.0630136986301369,779.8,6882.9400000000005,0.2858160834276608
^SPX,2026-02-24 16:15:00,SPX,2026-03-20,6140.0,C,0.0,0.0,0.0,0.0,0,2,768.5,2,771.8,6852.66,6913.22,4,0.0630136986301369,770.15,6882.9400000000005,0.2845439351664038
^SPX,2026-02-24 16:15:00,SPX,2026-03-20,6150.0,C,0.0,0.0,0.0,0.0,0,2,759.0,2,761.7,6852.66,6913.22,4254,0.0630136986301369,760.35,6882.9400000000005,0.28234196114739
^SPX,2026-02-24 16:15:00,SPX,2026-03-20,6160.0,C,0.0,0.0,0.0,0.0,0,2,749.1,2,752.4,6852.66,6913.22,0,0.0630136986301369,750.75,6882.9400000000005,0.28124716573644104
^SPX,2026-02-24 16:15:00,SPX,2026-03-20,6170.0,C,0.0,0.0,0.0,0.0,0,2,739.5,2,742.7,6852.66,6913.22,0,0.0630136986301369,741.1,6882.9400000000005,0.279803067339502
^SPX,2026-02-24 16:15:00,SPX,2026-03-20,6175.0,C,0.0,0.0,0.0,0.0,0,2,734.5,2,737.9,6852.66,6913.22,1323,0.0630136986301369,736.2,6882.9400000000005,0.2786510802334917
^SPX,2026-02-24 16:15:00,SPX,2026-03-20,6180.0,C,0.0,0.0,0.0,0.0,0,2,729.8,2,733.1,6852.66,6913.22,132,0.0630136986301369,731.45,6882.9400000000005,0.2783011769240119
^SPX,2026-02-24 16:15:00,SPX,2026-03-20,6185.0,C,0.0,0.0,0.0,0.0,0,2,725.0,2,728.2,6852.66,6913.22,0,0.0630136986301369,726.6,6882.9400000000005,0.2773965214383684
^SPX,2026-02-24 16:15:00,SPX,2026-03-20,6190.0,C,0.0,0.0,0.0,0.0,0,2,720.2,2,723.4,6852.66,6913.22,1,0.0630136986301369,721.8,6882.9400000000005,0.2767435605195808
^SPX,2026-02-24 16:15:00,SPX,2026-03-20,6195.0,C,0.0,0.0,0.0,0.0,0,2,715.3,2,718.7,6852.66,6913.22,0,0.0630136986301369,717.0,6882.9400000000005,0.2760739513468234
^SPX,2026-02-24 16:15:00,SPX,2026-03-20,6200.0,C,0.0,0.0,0.0,0.0,0,2,710.9,2,713.4,6852.66,6913.22,7928,0.0630136986301369,712.15,6882.9400000000005,0.2751321178924086
^SPX,2026-02-24 16:15:00,SPX,2026-03-20,6205.0,C,0.0,0.0,0.0,0.0,0,2,705.7,2,709.1,6852.66,6913.22,2,0.0630136986301369,707.4000000000001,6882.9400000000005,0.27468611206340193
^SPX,2026-02-24 16:15:00,SPX,2026-03-20,6210.0,C,0.0,0.0,0.0,0.0,0,2,700.8,2,704.2,6852.66,6913.22,1,0.0630136986301369,702.5,6882.9400000000005,0.27346859831639864
^SPX,2026-02-24 16:15:00,SPX,2026-03-20,6215.0,C,0.0,0.0,0.0,0.0,0,2,696.1,2,699.3,6852.66,6913.22,0,0.0630136986301369,697.7,6882.9400000000005,0.27274161896341054
^SPX,2026-02-24 16:15:00,SPX,2026-03-20,6220.0,C,0.0,0.0,0.0,0.0,0,2,691.2,2,694.6,6852.66,6913.22,3,0.0630136986301369,692.9000000000001,6882.9400000000005,0.271999383128928
^SPX,2026-02-24 16:15:00,SPX,2026-03-20,6225.0,C,0.0,0.0,0.0,0.0,0,2,686.6,2,689.8,6852.66,6913.22,528,0.0630136986301369,688.2,6882.9400000000005,0.27172442841219563
^SPX,2026-02-24 16:15:00,SPX,2026-03-20,6230.0,C,0.0,0.0,0.0,0.0,0,2,681.8,2,685.0,6852.66,6913.22,2,0.0630136986301369,683.4,6882.9400000000005,0.27094687392728156
^SPX,2026-02-24 16:15:00,SPX,2026-03-20,6235.0,C,0.0,0.0,0.0,0.0,0,2,677.0,2,680.1,6852.66,6913.22,3,0.0630136986301369,678.55,6882.9400000000005,0.26991962596093055
^SPX,2026-02-24 16:15:00,SPX,2026-03-20,6240.0,C,0.0,0.0,0.0,0.0,0,2,672.1,2,675.4,6852.66,6913.22,2,0.0630136986301369,673.75,6882.9400000000005,0.2691162946003702
^SPX,2026-02-24 16:15:00,SPX,2026-03-20,6245.0,C,0.0,0.0,0.0,0.0,0,2,667.4,2,670.7,6852.66,6913.22,0,0.0630136986301369,669.05,6882.9400000000005,0.2687586873208501
^SPX,2026-02-24 16:15:00,SPX,2026-03-20,6250.0,C,0.0,0.0,0.0,0.0,0,2,662.9,2,665.5,6852.66,6913.22,4706,0.0630136986301369,664.2,6882.9400000000005,0.26769551064212577
^SPX,2026-02-24 16:15:00,SPX,2026-03-20,6255.0,C,0.0,0.0,0.0,0.0,0,2,657.9,2,661.0,6852.66,6913.22,0,0.0630136986301369,659.45,6882.9400000000005,0.2670730534681528
^SPX,2026-02-24 16:15:00,SPX,2026-03-20,6260.0,C,0.0,0.0,0.0,0.0,0,2,653.0,2,656.3,6852.66,6913.22,4,0.0630136986301369,654.65,6882.9400000000005,0.2662103234794449
^SPX,2026-02-24 16:15:00,SPX,2026-03-20,6265.0,C,0.0,0.0,0.0,0.0,0,2,648.4,2,651.6,6852.66,6913.22,1,0.0630136986301369,650.0,6882.9400000000005,0.2659914207346597
^SPX,2026-02-24 16:15:00,SPX,2026-03-20,6270.0,C,0.0,0.0,0.0,0.0,0,2,643.6,2,646.7,6852.66,6913.22,57,0.0630136986301369,645.1500000000001,6882.9400000000005,0.26487958980673654
^SPX,2026-02-24 16:15:00,SPX,2026-03-20,6275.0,C,0.0,0.0,0.0,0.0,0,2,638.9,2,642.0,6852.66,6913.22,358,0.0630136986301369,640.45,6882.9400000000005,0.2644013400092108
^SPX,2026-02-24 16:15:00,SPX,2026-03-20,6280.0,C,0.0,0.0,0.0,0.0,0,2,634.1,2,637.2,6852.66,6913.22,23,0.0630136986301369,635.6500000000001,6882.9400000000005,0.26347863726945003
^SPX,2026-02-24 16:15:00,SPX,2026-03-20,6285.0,C,0.0,0.0,0.0,0.0,0,2,629.4,2,632.4,6852.66,6913.22,0,0.0630136986301369,630.9,6882.9400000000005,0.2627526379213407
^SPX,2026-02-24 16:15:00,SPX,2026-03-20,6290.0,C,0.0,0.0,0.0,0.0,0,2,624.6,2,627.8,6852.66,6913.22,24,0.0630136986301369,626.2,6882.9400000000005,0.26221611565460207
^SPX,2026-02-24 16:15:00,SPX,2026-03-20,6295.0,C,0.0,0.0,0.0,0.0,0,2,619.8,2,622.9,6852.66,6913.22,0,0.0630136986301369,621.3499999999999,6882.9400000000005,0.26104707251264225
^SPX,2026-02-24 16:15:00,SPX,2026-03-20,6300.0,C,0.0,0.0,0.0,0.0,0,2,615.4,2,617.9,6852.66,6913.22,10367,0.0630136986301369,616.65,6882.9400000000005,0.2604760881882494
^SPX,2026-02-24 16:15:00,SPX,2026-03-20,6305.0,C,0.0,0.0,0.0,0.0,0,2,610.5,2,613.4,6852.66,6913.22,0,0.0630136986301369,611.95,6882.9400000000005,0.2598843722986624
^SPX,2026-02-24 16:15:00,SPX,2026-03-20,6310.0,C,0.0,0.0,0.0,0.0,0,2,605.8,2,608.7,6852.66,6913.22,0,0.0630136986301369,607.25,6882.9400000000005,0.2592723558035291
^SPX,2026-02-24 16:15:00,SPX,2026-03-20,6315.0,C,0.0,0.0,0.0,0.0,0,2,601.0,2,604.1,6852.66,6913.22,0,0.0630136986301369,602.55,6882.9400000000005,0.25864044844936784
^SPX,2026-02-24 16:15:00,SPX,2026-03-20,6320.0,C,0.0,0.0,0.0,0.0,0,2,596.3,2,599.3,6852.66,6913.22,2,0.0630136986301369,597.8,6882.9400000000005,0.257797322306112
^SPX,2026-02-24 16:15:00,SPX,2026-03-20,6325.0,C,0.0,0.0,0.0,0.0,0,2,591.5,2,594.6,6852.66,6913.22,3474,0.0630136986301369,593.05,6882.9400000000005,0.25693946478960505
^SPX,2026-02-24 16:15:00,SPX,2026-03-20,6330.0,C,0.0,0.0,0.0,0.0,0,2,586.8,2,589.9,6852.66,6913.22,23,0.0630136986301369,588.3499999999999,6882.9400000000005,0.25625469596003914
^SPX,2026-02-24 16:15:00,SPX,2026-03-20,6335.0,C,0.0,0.0,0.0,0.0,0,2,582.1,2,585.1,6852.66,6913.22,0,0.0630136986301369,583.6,6882.9400000000005,0.2553659874785081
^SPX,2026-02-24 16:15:00,SPX,2026-03-20,6340.0,C,0.0,0.0,0.0,0.0,0,2,577.5,2,580.4,6852.66,6913.22,2,0.0630136986301369,578.95,6882.9400000000005,0.25482982646182784
^SPX,2026-02-24 16:15:00,SPX,2026-03-20,6345.0,C,0.0,0.0,0.0,0.0,0,2,572.9,2,575.7,6852.66,6913.22,2,0.0630136986301369,574.3,6882.9400000000005,0.2542712244415707
^SPX,2026-02-24 16:15:00,SPX,2026-03-20,6350.0,C,0.0,0.0,0.0,0.0,0,2,568.5,2,570.7,6852.66,6913.22,5931,0.0630136986301369,569.6,6882.9400000000005,0.2535120707439371
^SPX,2026-02-24 16:15:00,SPX,2026-03-20,6355.0,C,0.0,0.0,0.0,0.0,0,2,563.5,2,566.3,6852.66,6913.22,82,0.0630136986301369,564.9,6882.9400000000005,0.25273562457189486
^SPX,2026-02-24 16:15:00,SPX,2026-03-20,6360.0,C,0.0,0.0,0.0,0.0,0,2,558.8,2,561.8,6852.66,6913.22,6,0.0630136986301369,560.3,6882.9400000000005,0.2522911518407639
^SPX,2026-02-24 16:15:00,SPX,2026-03-20,6365.0,C,0.0,0.0,0.0,0.0,0,2,554.2,2,557.1,6852.66,6913.22,0,0.0630136986301369,555.6500000000001,6882.9400000000005,0.2516493536427262
^SPX,2026-02-24 16:15:00,SPX,2026-03-20,6370.0,C,0.0,0.0,0.0,0.0,0,2,549.5,2,552.3,6852.66,6913.22,47,0.0630136986301369,550.9,6882.9400000000005,0.25064653708819035
^SPX,2026-02-24 16:15:00,SPX,2026-03-20,6375.0,C,0.0,0.0,0.0,0.0,0,2,544.9,2,547.7,6852.66,6913.22,2468,0.0630136986301369,546.3,6882.9400000000005,0.25013677972234066
^SPX,2026-02-24 16:15:00,SPX,2026-03-20,6380.0,C,0.0,0.0,0.0,0.0,0,2,540.2,2,543.1,6852.66,6913.22,8,0.0630136986301369,541.6500000000001,6882.9400000000005,0.24943689529573845
^SPX,2026-02-24 16:15:00,SPX,2026-03-20,6385.0,C,0.0,0.0,0.0,0.0,0,2,535.6,2,538.3,6852.66,6913.22,0,0.0630136986301369,536.95,6882.9400000000005,0.2485531057225011
^SPX,2026-02-24 16:15:00,SPX,2026-03-20,6390.0,C,0.0,0.0,0.0,0.0,0,2,531.0,2,533.8,6852.66,6913.22,8,0.0630136986301369,532.4,6882.9400000000005,0.2481418020840543
^SPX,2026-02-24 16:15:00,SPX,2026-03-20,6395.0,C,0.0,0.0,0.0,0.0,0,2,526.3,2,529.0,6852.66,6913.22,2,0.0630136986301369,527.65,6882.9400000000005,0.24706138807373898
^SPX,2026-02-24 16:15:00,SPX,2026-03-20,6400.0,C,0.0,0.0,0.0,0.0,0,2,521.9,2,524.1,6852.66,6913.22,11663,0.0630136986301369,523.0,6882.9400000000005,0.24628760881593187
^SPX,2026-02-24 16:15:00,SPX,2026-03-20,6405.0,C,0.0,0.0,0.0,0.0,0,2,517.1,2,519.7,6852.66,6913.22,7,0.0630136986301369,518.4000000000001,6882.9400000000005,0.24565289346578498
^SPX,2026-02-24 16:15:00,SPX,2026-03-20,6410.0,C,0.0,0.0,0.0,0.0,0,2,512.5,2,515.1,6852.66,6913.22,19,0.0630136986301369,513.8,6882.9400000000005,0.24499664409685282
^SPX,2026-02-24 16:15:00,SPX,2026-03-20,6415.0,C,0.0,0.0,0.0,0.0,0,2,507.8,2,510.5,6852.66,6913.22,5,0.0630136986301369,509.15,6882.9400000000005,0.2441655732711963
^SPX,2026-02-24 16:15:00,SPX,2026-03-20,6420.0,C,0.0,0.0,0.0,0.0,0,2,503.3,2,506.0,6852.66,6913.22,20,0.0630136986301369,504.65,6882.9400000000005,0.24377279249532424
^SPX,2026-02-24 16:15:00,SPX,2026-03-20,6425.0,C,0.0,0.0,0.0,0.0,0,2,498.6,2,501.3,6852.66,6913.22,718,0.0630136986301369,499.95000000000005,6882.9400000000005,0.2427521403228502
^SPX,2026-02-24 16:15:00,SPX,2026-03-20,6430.0,C,0.0,0.0,0.0,0.0,0,2,494.1,2,496.6,6852.66,6913.22,3,0.0630136986301369,495.35,6882.9400000000005,0.24201497672589434
^SPX,2026-02-24 16:15:00,SPX,2026-03-20,6435.0,C,0.0,0.0,0.0,0.0,0,2,489.4,2,492.1,6852.66,6913.22,5,0.0630136986301369,490.75,6882.9400000000005,0.2412579268170027
^SPX,2026-02-24 16:15:00,SPX,2026-03-20,6440.0,C,0.0,0.0,0.0,0.0,0,2,485.0,2,487.6,6852.66,6913.22,137,0.0630136986301369,486.3,6882.9400000000005,0.2409168281844446
^SPX,2026-02-24 16:15:00,SPX,2026-03-20,6445.0,C,0.0,0.0,0.0,0.0,0,2,480.4,2,483.0,6852.66,6913.22,2,0.0630136986301369,481.7,6882.9400000000005,0.24011619752150923
^SPX,2026-02-24 16:15:00,SPX,2026-03-20,6450.0,C,422.21,422.21,422.21,422.21,6,2,476.0,2,478.0,6852.66,6913.22,4248,0.0630136986301369,477.0,6882.9400000000005,0.23901249502073063
^SPX,2026-02-24 16:15:00,SPX,2026-03-20,6455.0,C,0.0,0.0,0.0,0.0,0,2,471.2,2,473.7,6852.66,6913.22,7,0.0630136986301369,472.45,6882.9400000000005,0.23831778142332616
^SPX,2026-02-24 16:15:00,SPX,2026-03-20,6460.0,C,0.0,0.0,0.0,0.0,0,2,466.6,2,469.3,6852.66,6913.22,72,0.0630136986301369,467.95000000000005,6882.9400000000005,0.23774047970400125
^SPX,2026-02-24 16:15:00,SPX,2026-03-20,6465.0,C,0.0,0.0,0.0,0.0,0,2,462.2,2,464.6,6852.66,6913.22,2,0.0630136986301369,463.4,6882.9400000000005,0.23700145895637922
^SPX,2026-02-24 16:15:00,SPX,2026-03-20,6470.0,C,0.0,0.0,0.0,0.0,0,2,457.7,2,460.1,6852.66,6913.22,142,0.0630136986301369,458.9,6882.9400000000005,0.23637743035911526
^SPX,2026-02-24 16:15:00,SPX,2026-03-20,6475.0,C,0.0,0.0,0.0,0.0,0,2,453.0,2,455.5,6852.66,6913.22,2255,0.0630136986301369,454.25,6882.9400000000005,0.2353264831559727
^SPX,2026-02-24 16:15:00,SPX,2026-03-20,6480.0,C,0.0,0.0,0.0,0.0,0,2,448.5,2,451.0,6852.66,6913.22,327,0.0630136986301369,449.75,6882.9400000000005,0.23466016143284774
^SPX,2026-02-24 16:15:00,SPX,2026-03-20,6485.0,C,0.0,0.0,0.0,0.0,0,2,444.0,2,446.5,6852.66,6913.22,1,0.0630136986301369,445.25,6882.9400000000005,0.23397088899840435
^SPX,2026-02-24 16:15:00,SPX,2026-03-20,6490.0,C,0.0,0.0,0.0,0.0,0,2,439.6,2,442.1,6852.66,6913.22,2,0.0630136986301369,440.85,6882.9400000000005,0.2335192490192216
^SPX,2026-02-24 16:15:00,SPX,2026-03-20,6495.0,C,0.0,0.0,0.0,0.0,0,2,435.1,2,437.4,6852.66,6913.22,25,0.0630136986301369,436.25,6882.9400000000005,0.23252484805453788
^SPX,2026-02-24 16:15:00,SPX,2026-03-20,6500.0,C,431.67,431.67,427.35,427.35,2,2,430.8,2,432.7,6852.66,6913.22,10093,0.0630136986301369,431.75,6882.9400000000005,0.231768710534195
^SPX,2026-02-24 16:15:00,SPX,2026-03-20,6505.0,C,0.0,0.0,0.0,0.0,0,2,426.2,2,428.6,6852.66,6913.22,5,0.0630136986301369,427.4,6882.9400000000005,0.2313689553561334
^SPX,2026-02-24 16:15:00,SPX,2026-03-20,6510.0,C,0.0,0.0,0.0,0.0,0,2,421.7,2,424.1,6852.66,6913.22,17,0.0630136986301369,422.9,6882.9400000000005,0.23056584746193357
^SPX,2026-02-24 16:15:00,SPX,2026-03-20,6515.0,C,406.35,420.63,406.35,420.63,2,2,417.2,2,419.5,6852.66,6913.22,6,0.0630136986301369,418.35,6882.9400000000005,0.22961826267892874
^SPX,2026-02-24 16:15:00,SPX,2026-03-20,6520.0,C,0.0,0.0,0.0,0.0,0,2,412.8,2,415.0,6852.66,6913.22,5,0.0630136986301369,413.9,6882.9400000000005,0.22889665793297934
^SPX,2026-02-24 16:15:00,SPX,2026-03-20,6525.0,C,0.0,0.0,0.0,0.0,0,2,408.2,2,410.6,6852.66,6913.22,1502,0.0630136986301369,409.4,6882.9400000000005,0.22803103750599654
^SPX,2026-02-24 16:15:00,SPX,2026-03-20,6530.0,C,400.1,400.1,400.1,400.1,3,2,403.9,2,406.1,6852.66,6913.22,21,0.0630136986301369,405.0,6882.9400000000005,0.2273844298323213
^SPX,2026-02-24 16:15:00,SPX,2026-03-20,6535.0,C,0.0,0.0,0.0,0.0,0,2,399.3,2,401.7,6852.66,6913.22,13,0.0630136986301369,400.5,6882.9400000000005,0.22647590717303887
^SPX,2026-02-24 16:15:00,SPX,2026-03-20,6540.0,C,0.0,0.0,0.0,0.0,0,2,394.9,2,397.3,6852.66,6913.22,21,0.0630136986301369,396.1,6882.9400000000005,0.2257820527099471
^SPX,2026-02-24 16:15:00,SPX,2026-03-20,6545.0,C,0.0,0.0,0.0,0.0,0,2,390.6,2,393.0,6852.66,6913.22,3,0.0630136986301369,391.8,6882.9400000000005,0.2252958044785856
^SPX,2026-02-24 16:15:00,SPX,2026-03-20,6550.0,C,377.97,386.23,377.97,382.45,98,2,386.3,2,388.2,6852.66,6913.22,1934,0.0630136986301369,387.25,6882.9400000000005,0.22420650515645693
^SPX,2026-02-24 16:15:00,SPX,2026-03-20,6555.0,C,0.0,0.0,0.0,0.0,0,2,381.8,2,384.0,6852.66,6913.22,4,0.0630136986301369,382.9,6882.9400000000005,0.22355524366130108
^SPX,2026-02-24 16:15:00,SPX,2026-03-20,6560.0,C,0.0,0.0,0.0,0.0,0,2,377.4,2,379.6,6852.66,6913.22,29,0.0630136986301369,378.5,6882.9400000000005,0.22276553286764028
^SPX,2026-02-24 16:15:00,SPX,2026-03-20,6565.0,C,0.0,0.0,0.0,0.0,0,2,373.0,2,375.3,6852.66,6913.22,4,0.0630136986301369,374.15,6882.9400000000005,0.22206405276541658
^SPX,2026-02-24 16:15:00,SPX,2026-03-20,6570.0,C,368.92,368.92,368.92,368.92,1,2,368.7,2,371.0,6852.66,6913.22,111,0.0630136986301369,369.85,6882.9400000000005,0.22144771300380148
^SPX,2026-02-24 16:15:00,SPX,2026-03-20,6575.0,C,0.0,0.0,0.0,0.0,0,2,364.2,2,366.5,6852.66,6913.22,2199,0.0630136986301369,365.35,6882.9400000000005,0.22036705692380387
^SPX,2026-02-24 16:15:00,SPX,2026-03-20,6580.0,C,0.0,0.0,0.0,0.0,0,2,360.0,2,362.1,6852.66,6913.22,136,0.0630136986301369,361.05,6882.9400000000005,0.21970121530629894
^SPX,2026-02-24 16:15:00,SPX,2026-03-20,6585.0,C,0.0,0.0,0.0,0.0,0,2,355.6,2,357.8,6852.66,6913.22,6,0.0630136986301369,356.70000000000005,6882.9400000000005,0.21890160451867155
^SPX,2026-02-24 16:15:00,SPX,2026-03-20,6590.0,C,351.09,351.09,351.09,351.09,1,2,351.2,2,353.5,6852.66,6913.22,22,0.0630136986301369,352.35,6882.9400000000005,0.21807782687494165
^SPX,2026-02-24 16:15:00,SPX,2026-03-20,6595.0,C,0.0,0.0,0.0,0.0,0,2,347.0,2,349.1,6852.66,6913.22,4,0.0630136986301369,348.05,6882.9400000000005,0.2173353495768741
^SPX,2026-02-24 16:15:00,SPX,2026-03-20,6600.0,C,331.2,345.03,331.2,345.03,2,2,342.8,2,344.6,6852.66,6913.22,9737,0.0630136986301369,343.70000000000005,6882.9400000000005,0.2164629291853506
^SPX,2026-02-24 16:15:00,SPX,2026-03-20,6605.0,C,0.0,0.0,0.0,0.0,0,2,338.4,2,340.5,6852.66,6913.22,7,0.0630136986301369,339.45,6882.9400000000005,0.21577357161666968
^SPX,2026-02-24 16:15:00,SPX,2026-03-20,6610.0,C,0.0,0.0,0.0,0.0,0,2,334.1,2,336.2,6852.66,6913.22,27,0.0630136986301369,335.15,6882.9400000000005,0.21495476570945993
^SPX,2026-02-24 16:15:00,SPX,2026-03-20,6615.0,C,0.0,0.0,0.0,0.0,0,2,329.9,2,331.9,6852.66,6913.22,8,0.0630136986301369,330.9,6882.9400000000005,0.21421235636722608
^SPX,2026-02-24 16:15:00,SPX,2026-03-20,6620.0,C,322.15,322.15,322.15,322.15,1,2,325.6,2,327.8,6852.66,6913.22,14,0.0630136986301369,326.70000000000005,6882.9400000000005,0.2135437509539922
^SPX,2026-02-24 16:15:00,SPX,2026-03-20,6625.0,C,0.0,0.0,0.0,0.0,0,2,321.3,2,323.4,6852.66,6913.22,624,0.0630136986301369,322.35,6882.9400000000005,0.21254840462375002
^SPX,2026-02-24 16:15:00,SPX,2026-03-20,6630.0,C,0.0,0.0,0.0,0.0,0,2,317.1,2,319.1,6852.66,6913.22,57,0.0630136986301369,318.1,6882.9400000000005,0.21172775973868996
^SPX,2026-02-24 16:15:00,SPX,2026-03-20,6635.0,C,0.0,0.0,0.0,0.0,0,2,312.9,2,314.9,6852.66,6913.22,5,0.0630136986301369,313.9,6882.9400000000005,0.210978947881088
^SPX,2026-02-24 16:15:00,SPX,2026-03-20,6640.0,C,0.0,0.0,0.0,0.0,0,2,308.7,2,310.8,6852.66,6913.22,22,0.0630136986301369,309.75,6882.9400000000005,0.21029955254975358
^SPX,2026-02-24 16:15:00,SPX,2026-03-20,6645.0,C,0.0,0.0,0.0,0.0,0,2,304.5,2,306.5,6852.66,6913.22,5,0.0630136986301369,305.5,6882.9400000000005,0.20939911287724744
^SPX,2026-02-24 16:15:00,SPX,2026-03-20,6650.0,C,273.55,273.55,273.55,273.55,1,2,300.4,5,302.1,6852.66,6913.22,4027,0.0630136986301369,301.25,6882.9400000000005,0.20847327824971743
^SPX,2026-02-24 16:15:00,SPX,2026-03-20,6655.0,C,295.85,295.85,295.85,295.85,1,2,296.1,2,298.2,6852.66,6913.22,10,0.0630136986301369,297.15,6882.9400000000005,0.20780551316434717
^SPX,2026-02-24 16:15:00,SPX,2026-03-20,6660.0,C,0.0,0.0,0.0,0.0,0,2,291.9,2,294.0,6852.66,6913.22,49,0.0630136986301369,292.95,6882.9400000000005,0.20692060105559024
^SPX,2026-02-24 16:15:00,SPX,2026-03-20,6665.0,C,0.0,0.0,0.0,0.0,0,2,287.8,2,289.7,6852.66,6913.22,6,0.0630136986301369,288.75,6882.9400000000005,0.20600916556966115
^SPX,2026-02-24 16:15:00,SPX,2026-03-20,6670.0,C,0.0,0.0,0.0,0.0,0,2,283.6,2,285.7,6852.66,6913.22,30,0.0630136986301369,284.65,6882.9400000000005,0.20525553049310163
^SPX,2026-02-24 16:15:00,SPX,2026-03-20,6675.0,C,0.0,0.0,0.0,0.0,0,21,279.4,24,281.3,6852.66,6913.22,1226,0.0630136986301369,280.35,6882.9400000000005,0.20410720791300685
^SPX,2026-02-24 16:15:00,SPX,2026-03-20,6680.0,C,0.0,0.0,0.0,0.0,0,18,275.3,20,277.1,6852.66,6913.22,51,0.0630136986301369,276.20000000000005,6882.9400000000005,0.20320754535446975
^SPX,2026-02-24 16:15:00,SPX,2026-03-20,6685.0,C,0.0,0.0,0.0,0.0,0,2,271.3,2,273.2,6852.66,6913.22,4,0.0630136986301369,272.25,6882.9400000000005,0.202639996853009
^SPX,2026-02-24 16:15:00,SPX,2026-03-20,6690.0,C,0.0,0.0,0.0,0.0,0,22,267.1,22,268.9,6852.66,6913.22,30,0.0630136986301369,268.0,6882.9400000000005,0.2015041587048284
^SPX,2026-02-24 16:15:00,SPX,2026-03-20,6695.0,C,0.0,0.0,0.0,0.0,0,2,263.1,2,265.0,6852.66,6913.22,28,0.0630136986301369,264.05,6882.9400000000005,0.20087485113191195
^SPX,2026-02-24 16:15:00,SPX,2026-03-20,6700.0,C,218.76,263.87,218.76,258.9,69,2,259.3,14,260.7,6852.66,6913.22,22304,0.0630136986301369,260.0,6882.9400000000005,0.20003719708469897
^SPX,2026-02-24 16:15:00,SPX,2026-03-20,6705.0,C,255.01,255.01,255.01,255.01,1,2,254.9,2,256.9,6852.66,6913.22,4,0.0630136986301369,255.89999999999998,6882.9400000000005,0.19908260159682892
^SPX,2026-02-24 16:15:00,SPX,2026-03-20,6710.0,C,0.0,0.0,0.0,0.0,0,23,250.9,12,252.6,6852.66,6913.22,242,0.0630136986301369,251.75,6882.9400000000005,0.198013085520559
^SPX,2026-02-24 16:15:00,SPX,2026-03-20,6715.0,C,0.0,0.0,0.0,0.0,0,2,247.0,2,248.8,6852.66,6913.22,10,0.0630136986301369,247.9,6882.9400000000005,0.1974317234546988
^SPX,2026-02-24 16:15:00,SPX,2026-03-20,6720.0,C,0.0,0.0,0.0,0.0,0,14,243.0,12,244.6,6852.66,6913.22,109,0.0630136986301369,243.8,6882.9400000000005,0.19638959643682957
^SPX,2026-02-24 16:15:00,SPX,2026-03-20,6725.0,C,227.78,227.78,227.78,227.78,3,28,238.9,15,240.6,6852.66,6913.22,1401,0.0630136986301369,239.75,6882.9400000000005,0.1954038218866948
^SPX,2026-02-24 16:15:00,SPX,2026-03-20,6730.0,C,0.0,0.0,0.0,0.0,0,25,234.9,24,236.7,6852.66,6913.22,98,0.0630136986301369,235.8,6882.9400000000005,0.19455666433523489
^SPX,2026-02-24 16:15:00,SPX,2026-03-20,6735.0,C,0.0,0.0,0.0,0.0,0,2,231.1,2,232.8,6852.66,6913.22,46,0.0630136986301369,231.95,6882.9400000000005,0.1938445986978828
^SPX,2026-02-24 16:15:00,SPX,2026-03-20,6740.0,C,0.0,0.0,0.0,0.0,0,25,227.0,24,228.8,6852.66,6913.22,560,0.0630136986301369,227.9,6882.9400000000005,0.19276699966841213
^SPX,2026-02-24 16:15:00,SPX,2026-03-20,6745.0,C,0.0,0.0,0.0,0.0,0,2,223.2,2,225.1,6852.66,6913.22,52,0.0630136986301369,224.14999999999998,6882.9400000000005,0.19215386550157573
^SPX,2026-02-24 16:15:00,SPX,2026-03-20,6750.0,C,194.6,226.6,194.6,226.6,45,2,219.5,16,220.8,6852.66,6913.22,12901,0.0630136986301369,220.15,6882.9400000000005,0.1910958279675293
^SPX,2026-02-24 16:15:00,SPX,2026-03-20,6755.0,C,0.0,0.0,0.0,0.0,0,2,215.4,2,217.1,6852.66,6913.22,54,0.0630136986301369,216.25,6882.9400000000005,0.19016966769250243
^SPX,2026-02-24 16:15:00,SPX,2026-03-20,6760.0,C,213.27,213.27,213.27,213.27,4,25,211.5,14,213.1,6852.66,6913.22,186,0.0630136986301369,212.3,6882.9400000000005,0.18913000735654295
^SPX,2026-02-24 16:15:00,SPX,2026-03-20,6765.0,C,0.0,0.0,0.0,0.0,0,2,207.7,2,209.4,6852.66,6913.22,17,0.0630136986301369,208.55,6882.9400000000005,0.18837952833718735
^SPX,2026-02-24 16:15:00,SPX,2026-03-20,6770.0,C,0.0,0.0,0.0,0.0,0,25,203.8,15,205.4,6852.66,6913.22,338,0.0630136986301369,204.60000000000002,6882.9400000000005,0.1872742425466016
^SPX,2026-02-24 16:15:00,SPX,2026-03-20,6775.0,C,170.59,201.77,170.59,201.77,18,29,200.0,16,201.5,6852.66,6913.22,2250,0.0630136986301369,200.75,6882.9400000000005,0.1862955464857131
^SPX,2026-02-24 16:15:00,SPX,2026-03-20,6780.0,C,0.0,0.0,0.0,0.0,0,29,196.2,29,197.9,6852.66,6913.22,1693,0.0630136986301369,197.05,6882.9400000000005,0.1855193716962928
^SPX,2026-02-24 16:15:00,SPX,2026-03-20,6785.0,C,0.0,0.0,0.0,0.0,0,5,192.4,6,194.3,6852.66,6913.22,1869,0.0630136986301369,193.35000000000002,6882.9400000000005,0.18470643153771493
^SPX,2026-02-24 16:15:00,SPX,2026-03-20,6790.0,C,159.77,190.47,159.77,190.47,14,12,189.0,12,189.9,6852.66,6913.22,2545,0.0630136986301369,189.45,6882.9400000000005,0.18354491377147902
^SPX,2026-02-24 16:15:00,SPX,2026-03-20,6795.0,C,0.0,0.0,0.0,0.0,0,12,185.1,12,186.1,6852.66,6913.22,1174,0.0630136986301369,185.6,6882.9400000000005,0.1824274041232706
^SPX,2026-02-24 16:15:00,SPX,2026-03-20,6800.0,C,150.0,188.0,150.0,188.0,16,19,181.4,12,182.4,6852.66,6913.22,49042,0.0630136986301369,181.9,6882.9400000000005,0.1815067632841047
^SPX,2026-02-24 16:15:00,SPX,2026-03-20,6805.0,C,0.0,0.0,0.0,0.0,0,13,177.7,13,178.7,6852.66,6913.22,4483,0.0630136986301369,178.2,6882.9400000000005,0.18054896966205713
^SPX,2026-02-24 16:15:00,SPX,2026-03-20,6810.0,C,0.0,0.0,0.0,0.0,0,21,174.0,13,175.0,6852.66,6913.22,2561,0.0630136986301369,174.5,6882.9400000000005,0.1795538564286664
^SPX,2026-02-24 16:15:00,SPX,2026-03-20,6815.0,C,139.81,162.84,139.81,162.84,2,14,170.4,14,171.4,6852.66,6913.22,2128,0.0630136986301369,170.9,6882.9400000000005,0.17867328855337108
^SPX,2026-02-24 16:15:00,SPX,2026-03-20,6820.0,C,145.5,164.9,145.5,164.9,20,22,166.7,14,167.7,6852.66,6913.22,2737,0.0630136986301369,167.2,6882.9400000000005,0.17760218934526212
^SPX,2026-02-24 16:15:00,SPX,2026-03-20,6825.0,C,133.0,165.92,133.0,165.92,29,18,163.2,25,164.3,6852.66,6913.22,6684,0.0630136986301369,163.75,6882.9400000000005,0.17686988994987118
^SPX,2026-02-24 16:15:00,SPX,2026-03-20,6830.0,C,136.1,155.6,136.1,155.6,213,24,159.6,25,160.7,6852.66,6913.22,5959,0.0630136986301369,160.14999999999998,6882.9400000000005,0.17587093681332167
^SPX,2026-02-24 16:15:00,SPX,2026-03-20,6835.0,C,127.5,155.0,126.0,155.0,93,14,156.0,14,157.1,6852.66,6913.22,3844,0.0630136986301369,156.55,6882.9400000000005,0.17483211218124473
^SPX,2026-02-24 16:15:00,SPX,2026-03-20,6840.0,C,123.0,145.0,123.0,145.0,128,24,152.5,25,153.6,6852.66,6913.22,5106,0.0630136986301369,153.05,6882.9400000000005,0.17390204055683936
^SPX,2026-02-24 16:15:00,SPX,2026-03-20,6845.0,C,123.7,150.3,120.5,150.3,128,14,148.9,12,150.1,6852.66,6913.22,5171,0.0630136986301369,149.5,6882.9400000000005,0.17285608224032933
^SPX,2026-02-24 16:15:00,SPX,2026-03-20,6850.0,C,123.0,147.88,122.0,144.85,1013,50,145.4,20,146.4,6852.66,6913.22,45193,0.0630136986301369,145.9,6882.9400000000005,0.17169460882619997
^SPX,2026-02-24 16:15:00,SPX,2026-03-20,6855.0,C,123.3,140.5,123.3,140.5,9,15,142.0,16,143.1,6852.66,6913.22,7229,0.0630136986301369,142.55,6882.9400000000005,0.17086037326990522
^SPX,2026-02-24 16:15:00,SPX,2026-03-20,6860.0,C,115.48,142.0,115.48,137.0,766,52,138.5,20,139.5,6852.66,6913.22,5870,0.0630136986301369,139.0,6882.9400000000005,0.16968773552014224
^SPX,2026-02-24 16:15:00,SPX,2026-03-20,6865.0,C,113.29,139.0,113.29,133.6,372,20,135.1,16,136.3,6852.66,6913.22,6479,0.0630136986301369,135.7,6882.9400000000005,0.16883881392307135
^SPX,2026-02-24 16:15:00,SPX,2026-03-20,6870.0,C,122.0,133.06,116.5,130.6,85,48,131.7,32,132.9,6852.66,6913.22,6021,0.0630136986301369,132.3,6882.9400000000005,0.16779807187380114
^SPX,2026-02-24 16:15:00,SPX,2026-03-20,6875.0,C,104.3,130.5,104.3,124.7,1126,18,128.5,17,129.3,6852.66,6913.22,9428,0.0630136986301369,128.9,6882.9400000000005,0.16671203491622277
^SPX,2026-02-24 16:15:00,SPX,2026-03-20,6880.0,C,113.9,126.31,105.5,121.5,320,18,125.2,17,126.0,6852.66,6913.22,9317,0.0630136986301369,125.6,6882.9400000000005,0.1657258526759141
^SPX,2026-02-24 16:15:00,SPX,2026-03-20,6885.0,C,104.7,122.8,104.7,120.6,1314,8,122.0,25,122.7,6852.66,6913.22,7491,0.0630136986301369,122.35,6882.9400000000005,0.1647653364744029
^SPX,2026-02-24 16:15:00,SPX,2026-03-20,6890.0,C,103.4,122.3,100.6,119.27,2072,11,118.7,37,119.5,6852.66,6913.22,9570,0.0630136986301369,119.1,6882.9400000000005,0.16375683214157613
^SPX,2026-02-24 16:15:00,SPX,2026-03-20,6895.0,C,98.8,120.1,98.8,115.99,1448,11,115.5,23,116.2,6852.66,6913.22,5085,0.0630136986301369,115.85,6882.9400000000005,0.1626996307569714
^SPX,2026-02-24 16:15:00,SPX,2026-03-20,6900.0,C,98.5,115.3,96.2,112.0,4773,11,112.3,23,113.0,6852.66,6913.22,80707,0.0630136986301369,112.65,6882.9400000000005,0.16166550145917485
^SPX,2026-02-24 16:15:00,SPX,2026-03-20,6905.0,C,103.8,112.7,103.8,110.5,1981,6,109.1,28,109.8,6852.66,6913.22,6501,0.0630136986301369,109.44999999999999,6882.9400000000005,0.16058092374809313
^SPX,2026-02-24 16:15:00,SPX,2026-03-20,6910.0,C,83.31,108.5,83.31,107.1,576,28,105.9,39,106.7,6852.66,6913.22,12538,0.0630136986301369,106.30000000000001,6882.9400000000005,0.15951750465236378
^SPX,2026-02-24 16:15:00,SPX,2026-03-20,6915.0,C,89.74,106.2,89.74,103.3,24,31,102.8,29,103.6,6852.66,6913.22,5999,0.0630136986301369,103.19999999999999,6882.9400000000005,0.15847426571476847
^SPX,2026-02-24 16:15:00,SPX,2026-03-20,6920.0,C,88.4,102.95,88.4,101.6,12,31,99.7,38,100.5,6852.66,6913.22,7965,0.0630136986301369,100.1,6882.9400000000005,0.1573776517176723
^SPX,2026-02-24 16:15:00,SPX,2026-03-20,6925.0,C,91.4,98.57,80.6,98.33,384,34,96.7,51,97.5,6852.66,6913.22,9565,0.0630136986301369,97.1,6882.9400000000005,0.15637189644044872
^SPX,2026-02-24 16:15:00,SPX,2026-03-20,6930.0,C,84.9,95.6,79.6,95.6,30,31,93.7,51,94.5,6852.66,6913.22,8246,0.0630136986301369,94.1,6882.9400000000005,0.15531077188244982
^SPX,2026-02-24 16:15:00,SPX,2026-03-20,6935.0,C,91.5,92.2,87.5,92.2,11,31,90.7,31,91.6,6852.66,6913.22,7573,0.0630136986301369,91.15,6882.9400000000005,0.1542659566296501
^SPX,2026-02-24 16:15:00,SPX,2026-03-20,6940.0,C,78.4,89.6,78.4,89.6,224,31,87.8,42,88.6,6852.66,6913.22,7912,0.0630136986301369,88.19999999999999,6882.9400000000005,0.1531634704724792
^SPX,2026-02-24 16:15:00,SPX,2026-03-20,6945.0,C,80.8,86.75,80.0,81.9,75,24,85.0,36,85.8,6852.66,6913.22,6441,0.0630136986301369,85.4,6882.9400000000005,0.1522216731001278
^SPX,2026-02-24 16:15:00,SPX,2026-03-20,6950.0,C,77.0,84.87,68.55,83.3,926,32,82.1,52,82.9,6852.66,6913.22,49335,0.0630136986301369,82.5,6882.9400000000005,0.15107349668704803
^SPX,2026-02-24 16:15:00,SPX,2026-03-20,6955.0,C,74.6,81.8,73.6,81.0,97,32,79.3,32,80.1,6852.66,6913.22,9832,0.0630136986301369,79.69999999999999,6882.9400000000005,0.15001090917067866
^SPX,2026-02-24 16:15:00,SPX,2026-03-20,6960.0,C,66.03,78.29,66.03,77.3,128,34,76.6,60,77.4,6852.66,6913.22,11701,0.0630136986301369,77.0,6882.9400000000005,0.14903379506835876
^SPX,2026-02-24 16:15:00,SPX,2026-03-20,6965.0,C,70.1,77.3,70.1,77.3,70,34,73.9,33,74.7,6852.66,6913.22,8084,0.0630136986301369,74.30000000000001,6882.9400000000005,0.1479935107471384
^SPX,2026-02-24 16:15:00,SPX,2026-03-20,6970.0,C,58.55,73.4,58.55,68.6,152,32,71.2,43,71.9,6852.66,6913.22,8155,0.0630136986301369,71.55000000000001,6882.9400000000005,0.1468134419832803
^SPX,2026-02-24 16:15:00,SPX,2026-03-20,6975.0,C,54.22,70.34,52.73,67.19,330,32,68.6,40,69.3,6852.66,6913.22,11159,0.0630136986301369,68.94999999999999,6882.9400000000005,0.14579096260758706
^SPX,2026-02-24 16:15:00,SPX,2026-03-20,6980.0,C,64.02,65.4,63.3,63.8,9,32,66.0,34,66.7,6852.66,6913.22,7339,0.0630136986301369,66.35,6882.9400000000005,0.14470084960976037
^SPX,2026-02-24 16:15:00,SPX,2026-03-20,6985.0,C,59.67,64.8,59.67,60.8,32,33,63.5,23,64.3,6852.66,6913.22,10169,0.0630136986301369,63.9,6882.9400000000005,0.14376921469374146
^SPX,2026-02-24 16:15:00,SPX,2026-03-20,6990.0,C,56.3,62.07,56.3,58.5,17,23,61.1,42,61.7,6852.66,6913.22,9656,0.0630136986301369,61.400000000000006,6882.9400000000005,0.14269167855747808
^SPX,2026-02-24 16:15:00,SPX,2026-03-20,6995.0,C,57.1,59.0,56.1,56.1,17,34,58.6,24,59.4,6852.66,6913.22,7365,0.0630136986301369,59.0,6882.9400000000005,0.14169589937655458
^SPX,2026-02-24 16:15:00,SPX,2026-03-20,7000.0,C,45.82,58.9,42.5,56.59,28500,37,56.3,58,57.0,6852.66,6913.22,216354,0.0630136986301369,56.65,6882.9400000000005,0.1407049911241905
^SPX,2026-02-24 16:15:00,SPX,2026-03-20,7005.0,C,50.0,53.74,50.0,53.74,16,35,54.0,25,54.7,6852.66,6913.22,7330,0.0630136986301369,54.35,6882.9400000000005,0.1397182248578174
^SPX,2026-02-24 16:15:00,SPX,2026-03-20,7010.0,C,47.55,52.54,47.55,49.87,95,39,51.7,46,52.4,6852.66,6913.22,8870,0.0630136986301369,52.05,6882.9400000000005,0.13865544161442375
^SPX,2026-02-24 16:15:00,SPX,2026-03-20,7015.0,C,47.21,50.6,46.69,48.5,12,39,49.5,39,50.1,6852.66,6913.22,7161,0.0630136986301369,49.8,6882.9400000000005,0.13759370616481917
^SPX,2026-02-24 16:15:00,SPX,2026-03-20,7020.0,C,45.35,47.92,43.88,47.92,10,45,47.3,68,48.0,6852.66,6913.22,3187,0.0630136986301369,47.65,6882.9400000000005,0.1366133426832692
^SPX,2026-02-24 16:15:00,SPX,2026-03-20,7025.0,C,34.09,46.3,33.32,45.82,714,48,45.2,84,45.9,6852.66,6913.22,5087,0.0630136986301369,45.55,6882.9400000000005,0.1356342219543052
^SPX,2026-02-24 16:15:00,SPX,2026-03-20,7030.0,C,41.35,43.87,40.6,43.7,11,27,43.2,69,43.8,6852.66,6913.22,829,0.0630136986301369,43.5,6882.9400000000005,0.13465568493183933
^SPX,2026-02-24 16:15:00,SPX,2026-03-20,7035.0,C,41.85,41.85,41.3,41.3,2,38,41.2,41,41.8,6852.66,6913.22,564,0.0630136986301369,41.5,6882.9400000000005,0.13367708756847924
^SPX,2026-02-24 16:15:00,SPX,2026-03-20,7040.0,C,33.99,39.92,33.99,39.6,36,47,39.3,75,39.9,6852.66,6913.22,1571,0.0630136986301369,39.599999999999994,6882.9400000000005,0.13278339671572864
^SPX,2026-02-24 16:15:00,SPX,2026-03-20,7045.0,C,27.77,39.47,27.77,37.7,45,50,37.4,17,38.0,6852.66,6913.22,209,0.0630136986301369,37.7,6882.9400000000005,0.13180412748653905
^SPX,2026-02-24 16:15:00,SPX,2026-03-20,7050.0,C,28.1,36.55,26.5,36.5,210,52,35.6,77,36.2,6852.66,6913.22,19947,0.0630136986301369,35.900000000000006,6882.9400000000005,0.1309113716040795
^SPX,2026-02-24 16:15:00,SPX,2026-03-20,7055.0,C,31.71,34.0,31.04,33.65,40,49,33.8,49,34.5,6852.66,6913.22,448,0.0630136986301369,34.15,6882.9400000000005,0.13001927271497046
^SPX,2026-02-24 16:15:00,SPX,2026-03-20,7060.0,C,27.9,33.19,27.9,32.3,19,33,32.1,61,32.7,6852.66,6913.22,494,0.0630136986301369,32.400000000000006,6882.9400000000005,0.12903620625004295
^SPX,2026-02-24 16:15:00,SPX,2026-03-20,7065.0,C,30.5,31.6,29.3,31.3,7,33,30.5,18,31.1,6852.66,6913.22,249,0.0630136986301369,30.8,6882.9400000000005,0.12823626774551514
^SPX,2026-02-24 16:15:00,SPX,2026-03-20,7070.0,C,26.54,29.58,26.54,29.2,18,33,28.9,77,29.5,6852.66,6913.22,667,0.0630136986301369,29.2,6882.9400000000005,0.1273451256152481
^SPX,2026-02-24 16:15:00,SPX,2026-03-20,7075.0,C,21.46,28.7,21.46,27.35,315,54,27.4,84,27.9,6852.66,6913.22,7111,0.0630136986301369,27.65,6882.9400000000005,0.12645418527756683
^SPX,2026-02-24 16:15:00,SPX,2026-03-20,7080.0,C,23.91,27.2,23.91,25.86,51,53,25.9,155,26.5,6852.66,6913.22,802,0.0630136986301369,26.2,6882.9400000000005,0.12566258909774483
^SPX,2026-02-24 16:15:00,SPX,2026-03-20,7085.0,C,22.92,24.22,22.92,23.5,8,35,24.5,86,25.1,6852.66,6913.22,543,0.0630136986301369,24.8,6882.9400000000005,0.12487596335348886
^SPX,2026-02-24 16:15:00,SPX,2026-03-20,7090.0,C,23.9,23.9,22.37,22.39,285,50,23.1,154,23.7,6852.66,6913.22,468,0.0630136986301369,23.4,6882.9400000000005,0.12399140446264484
^SPX,2026-02-24 16:15:00,SPX,2026-03-20,7095.0,C,16.17,22.3,16.17,21.8,23,69,21.8,136,22.4,6852.66,6913.22,466,0.0630136986301369,22.1,6882.9400000000005,0.12321468636318991
^SPX,2026-02-24 16:15:00,SPX,2026-03-20,7100.0,C,15.25,21.47,15.25,21.2,4029,51,20.6,49,21.0,6852.66,6913.22,21284,0.0630136986301369,20.8,6882.9400000000005,0.12233662619735115
^SPX,2026-02-24 16:15:00,SPX,2026-03-20,7105.0,C,15.24,20.2,15.24,19.6,41,36,19.4,75,19.9,6852.66,6913.22,673,0.0630136986301369,19.65,6882.9400000000005,0.12168576194550179
^SPX,2026-02-24 16:15:00,SPX,2026-03-20,7110.0,C,13.9,18.8,13.9,18.8,974,51,18.2,104,18.7,6852.66,6913.22,3804,0.0630136986301369,18.45,6882.9400000000005,0.12082152429661924
^SPX,2026-02-24 16:15:00,SPX,2026-03-20,7115.0,C,17.01,17.72,17.01,17.4,12,100,17.1,200,17.7,6852.66,6913.22,1237,0.0630136986301369,17.4,6882.9400000000005,0.12020028344230813
^SPX,2026-02-24 16:15:00,SPX,2026-03-20,7120.0,C,12.12,16.3,12.12,16.2,107,58,16.1,223,16.6,6852.66,6913.22,944,0.0630136986301369,16.35,6882.9400000000005,0.11947907777177817
^SPX,2026-02-24 16:15:00,SPX,2026-03-20,7125.0,C,11.54,15.75,11.0,15.24,694,75,15.1,255,15.6,6852.66,6913.22,3268,0.0630136986301369,15.35,6882.9400000000005,0.11877580622140066
^SPX,2026-02-24 16:15:00,SPX,2026-03-20,7130.0,C,13.1,15.34,11.8,14.7,432,45,14.2,123,14.6,6852.66,6913.22,4443,0.0630136986301369,14.399999999999999,6882.9400000000005,0.11809374651931841
^SPX,2026-02-24 16:15:00,SPX,2026-03-20,7135.0,C,10.15,13.5,10.15,13.37,28,71,13.3,27,13.7,6852.66,6913.22,3438,0.0630136986301369,13.5,6882.9400000000005,0.1174367357062858
^SPX,2026-02-24 16:15:00,SPX,2026-03-20,7140.0,C,12.25,12.25,12.09,12.09,23,70,12.5,75,12.8,6852.66,6913.22,706,0.0630136986301369,12.65,6882.9400000000005,0.11680924947840106
^SPX,2026-02-24 16:15:00,SPX,2026-03-20,7145.0,C,10.28,12.2,10.28,12.2,48,74,11.7,346,12.1,6852.66,6913.22,506,0.0630136986301369,11.899999999999999,6882.9400000000005,0.11636002990557327
^SPX,2026-02-24 16:15:00,SPX,2026-03-20,7150.0,C,8.4,11.5,8.2,11.07,378,113,10.9,250,11.3,6852.66,6913.22,15027,0.0630136986301369,11.100000000000001,6882.9400000000005,0.11566447162336964
^SPX,2026-02-24 16:15:00,SPX,2026-03-20,7155.0,C,11.1,11.1,9.8,10.3,22,81,10.2,260,10.6,6852.66,6913.22,3316,0.0630136986301369,10.399999999999999,6882.9400000000005,0.11516012831302197
^SPX,2026-02-24 16:15:00,SPX,2026-03-20,7160.0,C,8.1,10.05,8.1,9.65,78,106,9.5,112,9.8,6852.66,6913.22,422,0.0630136986301369,9.65,6882.9400000000005,0.11439074620272723
^SPX,2026-02-24 16:15:00,SPX,2026-03-20,7165.0,C,7.0,9.0,7.0,9.0,27,80,8.9,83,9.2,6852.66,6913.22,1191,0.0630136986301369,9.05,6882.9400000000005,0.1139946762774658
^SPX,2026-02-24 16:15:00,SPX,2026-03-20,7170.0,C,7.55,8.55,7.55,8.36,25,88,8.3,130,8.6,6852.66,6913.22,566,0.0630136986301369,8.45,6882.9400000000005,0.11349980230322618
^SPX,2026-02-24 16:15:00,SPX,2026-03-20,7175.0,C,6.89,8.0,6.89,7.92,812,104,7.8,231,8.0,6852.66,6913.22,3824,0.0630136986301369,7.9,6882.9400000000005,0.1130773876725882
^SPX,2026-02-24 16:15:00,SPX,2026-03-20,7180.0,C,7.1,7.36,7.1,7.36,6,90,7.2,133,7.5,6852.66,6913.22,435,0.0630136986301369,7.35,6882.9400000000005,0.11255168153865093
^SPX,2026-02-24 16:15:00,SPX,2026-03-20,7185.0,C,5.28,6.8,5.28,6.8,24,64,6.8,60,7.0,6852.66,6913.22,263,0.0630136986301369,6.9,6882.9400000000005,0.11230480080760678
^SPX,2026-02-24 16:15:00,SPX,2026-03-20,7190.0,C,6.15,6.15,6.1,6.1,5,87,6.3,100,6.5,6852.66,6913.22,438,0.0630136986301369,6.4,6882.9400000000005,0.11176328238839264
^SPX,2026-02-24 16:15:00,SPX,2026-03-20,7195.0,C,4.63,5.75,4.63,5.75,2,88,5.9,60,6.1,6852.66,6913.22,285,0.0630136986301369,6.0,6882.9400000000005,0.11153158339089077
^SPX,2026-02-24 16:15:00,SPX,2026-03-20,7200.0,C,4.4,6.03,4.4,5.55,4038,199,5.5,238,5.7,6852.66,6913.22,32106,0.0630136986301369,5.6,6882.9400000000005,0.11120946525416185
^SPX,2026-02-24 16:15:00,SPX,2026-03-20,7205.0,C,4.8,5.2,4.8,5.02,89,100,5.1,228,5.4,6852.66,6913.22,358,0.0630136986301369,5.25,6882.9400000000005,0.11102066356696116
^SPX,2026-02-24 16:15:00,SPX,2026-03-20,7210.0,C,4.2,5.16,4.2,4.75,599,219,4.8,329,5.0,6852.66,6913.22,1617,0.0630136986301369,4.9,6882.9400000000005,0.11074419276622441
^SPX,2026-02-24 16:15:00,SPX,2026-03-20,7215.0,C,0.0,0.0,0.0,0.0,0,141,4.4,90,4.7,6852.66,6913.22,305,0.0630136986301369,4.550000000000001,6882.9400000000005,0.11037128651653451
^SPX,2026-02-24 16:15:00,SPX,2026-03-20,7220.0,C,3.45,4.55,3.45,4.55,3,510,4.1,388,4.4,6852.66,6913.22,922,0.0630136986301369,4.25,6882.9400000000005,0.11015837632782244
^SPX,2026-02-24 16:15:00,SPX,2026-03-20,7225.0,C,3.5,4.09,3.5,3.9,18,247,3.9,303,4.1,6852.66,6913.22,4769,0.0630136986301369,4.0,6882.9400000000005,0.11013227210625091
^SPX,2026-02-24 16:15:00,SPX,2026-03-20,7230.0,C,3.32,3.94,3.2,3.7,24,113,3.6,142,3.8,6852.66,6913.22,415,0.0630136986301369,3.7,6882.9400000000005,0.109740905878969
^SPX,2026-02-24 16:15:00,SPX,2026-03-20,7240.0,C,3.17,3.45,3.17,3.45,15,475,3.1,510,3.4,6852.66,6913.22,1759,0.0630136986301369,3.25,6882.9400000000005,0.10957902834554246
^SPX,2026-02-24 16:15:00,SPX,2026-03-20,7250.0,C,2.37,3.03,2.37,2.8,297,239,2.8,270,2.95,6852.66,6913.22,14823,0.0630136986301369,2.875,6882.9400000000005,0.10960740613345231
^SPX,2026-02-24 16:15:00,SPX,2026-03-20,7260.0,C,2.32,2.6,2.32,2.49,158,245,2.45,269,2.6,6852.66,6913.22,393,0.0630136986301369,2.5250000000000004,6882.9400000000005,0.10953022999719973
^SPX,2026-02-24 16:15:00,SPX,2026-03-20,7270.0,C,2.11,2.32,2.11,2.3,26,136,2.15,170,2.35,6852.66,6913.22,318,0.0630136986301369,2.25,6882.9400000000005,0.10976355394780198
^SPX,2026-02-24 16:15:00,SPX,2026-03-20,7275.0,C,1.97,2.22,1.89,2.15,74,267,2.05,346,2.2,6852.66,6913.22,3838,0.0630136986301369,2.125,6882.9400000000005,0.10989655402240874
^SPX,2026-02-24 16:15:00,SPX,2026-03-20,7280.0,C,1.8,2.05,1.8,2.05,13,139,1.9,177,2.1,6852.66,6913.22,567,0.0630136986301369,2.0,6882.9400000000005,0.10997075907115461
^SPX,2026-02-24 16:15:00,SPX,2026-03-20,7290.0,C,1.58,1.85,1.58,1.85,16,148,1.7,385,1.9,6852.66,6913.22,289,0.0630136986301369,1.7999999999999998,6882.9400000000005,0.11041697424470365
^SPX,2026-02-24 16:15:00,SPX,2026-03-20,7300.0,C,1.4,1.65,1.37,1.54,4211,537,1.5,139,1.65,6852.66,6913.22,20318,0.0630136986301369,1.575,6882.9400000000005,0.11038463711719947
^SPX,2026-02-24 16:15:00,SPX,2026-03-20,7310.0,C,1.35,1.35,1.35,1.35,1,152,1.35,378,1.55,6852.66,6913.22,258,0.0630136986301369,1.4500000000000002,6882.9400000000005,0.11123423326115597
^SPX,2026-02-24 16:15:00,SPX,2026-03-20,7320.0,C,1.32,1.32,1.3,1.3,8,148,1.2,306,1.4,6852.66,6913.22,268,0.0630136986301369,1.2999999999999998,6882.9400000000005,0.11163546998303565
^SPX,2026-02-24 16:15:00,SPX,2026-03-20,7325.0,C,1.17,1.26,1.17,1.22,40,292,1.15,789,1.35,6852.66,6913.22,3922,0.0630136986301369,1.25,6882.9400000000005,0.11208958691449575
^SPX,2026-02-24 16:15:00,SPX,2026-03-20,7330.0,C,1.2,1.2,1.2,1.2,31,160,1.1,163,1.25,6852.66,6913.22,377,0.0630136986301369,1.175,6882.9400000000005,0.112173964961257
^SPX,2026-02-24 16:15:00,SPX,2026-03-20,7340.0,C,1.0,1.08,0.95,1.05,110,291,1.0,474,1.15,6852.66,6913.22,1091,0.0630136986301369,1.075,6882.9400000000005,0.1129053762697237
^SPX,2026-02-24 16:15:00,SPX,2026-03-20,7350.0,C,0.92,1.01,0.92,0.92,498,306,0.9,425,1.05,6852.66,6913.22,11915,0.0630136986301369,0.9750000000000001,6882.9400000000005,0.11349456908004786
^SPX,2026-02-24 16:15:00,SPX,2026-03-20,7360.0,C,0.9,0.9,0.9,0.9,2,584,0.8,497,1.0,6852.66,6913.22,2699,0.0630136986301369,0.9,6882.9400000000005,0.11435189425231926
^SPX,2026-02-24 16:15:00,SPX,2026-03-20,7370.0,C,0.85,0.85,0.85,0.85,1,166,0.75,293,0.9,6852.66,6913.22,325,0.0630136986301369,0.825,6882.9400000000005,0.11509324927362505
^SPX,2026-02-24 16:15:00,SPX,2026-03-20,7375.0,C,0.79,0.85,0.75,0.75,23,624,0.7,372,0.85,6852.66,6913.22,2154,0.0630136986301369,0.7749999999999999,6882.9400000000005,0.11517555640250329
^SPX,2026-02-24 16:15:00,SPX,2026-03-20,7380.0,C,0.75,0.8,0.75,0.8,3,166,0.7,305,0.85,6852.66,6913.22,348,0.0630136986301369,0.7749999999999999,6882.9400000000005,0.1161954873354199
^SPX,2026-02-24 16:15:00,SPX,2026-03-20,7390.0,C,0.75,0.75,0.75,0.75,5,20,0.65,316,0.8,6852.66,6913.22,246,0.0630136986301369,0.7250000000000001,6882.9400000000005,0.11722100611079667
^SPX,2026-02-24 16:15:00,SPX,2026-03-20,7400.0,C,0.57,0.7,0.57,0.62,2792,907,0.5,634,0.75,6852.66,6913.22,20785,0.0630136986301369,0.625,6882.9400000000005,0.11703425475646964
^SPX,2026-02-24 16:15:00,SPX,2026-03-20,7410.0,C,0.0,0.0,0.0,0.0,0,374,0.5,371,0.7,6852.66,6913.22,397,0.0630136986301369,0.6,6882.9400000000005,0.11841649000108008
^SPX,2026-02-24 16:15:00,SPX,2026-03-20,7420.0,C,0.51,0.51,0.51,0.51,5,432,0.45,392,0.65,6852.66,6913.22,301,0.0630136986301369,0.55,6882.9400000000005,0.11911828448058129
^SPX,2026-02-24 16:15:00,SPX,2026-03-20,7425.0,C,0.0,0.0,0.0,0.0,0,977,0.4,1062,0.65,6852.66,6913.22,1369,0.0630136986301369,0.525,6882.9400000000005,0.11942398756065924
^SPX,2026-02-24 16:15:00,SPX,2026-03-20,7430.0,C,0.0,0.0,0.0,0.0,0,485,0.4,842,0.65,6852.66,6913.22,711,0.0630136986301369,0.525,6882.9400000000005,0.12038940889767752
^SPX,2026-02-24 16:15:00,SPX,2026-03-20,7440.0,C,0.0,0.0,0.0,0.0,0,578,0.35,687,0.6,6852.66,6913.22,311,0.0630136986301369,0.475,6882.9400000000005,0.1208873682224344
^SPX,2026-02-24 16:15:00,SPX,2026-03-20,7450.0,C,0.42,0.45,0.42,0.45,10,852,0.35,772,0.55,6852.66,6913.22,4391,0.0630136986301369,0.45,6882.9400000000005,0.12202572583002574
^SPX,2026-02-24 16:15:00,SPX,2026-03-20,7460.0,C,0.4,0.4,0.4,0.4,50,478,0.3,671,0.55,6852.66,6913.22,579,0.0630136986301369,0.42500000000000004,6882.9400000000005,0.12310805197617626
^SPX,2026-02-24 16:15:00,SPX,2026-03-20,7470.0,C,0.4,0.4,0.4,0.4,11,392,0.3,380,0.5,6852.66,6913.22,506,0.0630136986301369,0.4,6882.9400000000005,0.12412996852501951
^SPX,2026-02-24 16:15:00,SPX,2026-03-20,7475.0,C,0.36,0.36,0.36,0.36,7,736,0.3,812,0.5,6852.66,6913.22,2405,0.0630136986301369,0.4,6882.9400000000005,0.1250584859571111
^SPX,2026-02-24 16:15:00,SPX,2026-03-20,7480.0,C,0.0,0.0,0.0,0.0,0,472,0.25,736,0.5,6852.66,6913.22,110,0.0630136986301369,0.375,6882.9400000000005,0.1250863093968988
^SPX,2026-02-24 16:15:00,SPX,2026-03-20,7490.0,C,0.0,0.0,0.0,0.0,0,464,0.25,384,0.45,6852.66,6913.22,191,0.0630136986301369,0.35,6882.9400000000005,0.12597092037676536
^SPX,2026-02-24 16:15:00,SPX,2026-03-20,7500.0,C,0.28,0.4,0.28,0.32,18,805,0.25,978,0.45,6852.66,6913.22,11125,0.0630136986301369,0.35,6882.9400000000005,0.12779398099417963
^SPX,2026-02-24 16:15:00,SPX,2026-03-20,7510.0,C,0.35,0.4,0.35,0.4,2,502,0.2,1,0.35,6852.66,6913.22,401,0.0630136986301369,0.275,6882.9400000000005,0.1263360882179806
^SPX,2026-02-24 16:15:00,SPX,2026-03-20,7520.0,C,0.0,0.0,0.0,0.0,0,476,0.2,618,0.4,6852.66,6913.22,126,0.0630136986301369,0.30000000000000004,6882.9400000000005,0.12928233407126175
^SPX,2026-02-24 16:15:00,SPX,2026-03-20,7525.0,C,0.0,0.0,0.0,0.0,0,766,0.2,792,0.4,6852.66,6913.22,1594,0.0630136986301369,0.30000000000000004,6882.9400000000005,0.13017479320002615
^SPX,2026-02-24 16:15:00,SPX,2026-03-20,7530.0,C,0.0,0.0,0.0,0.0,0,444,0.2,657,0.4,6852.66,6913.22,165,0.0630136986301369,0.30000000000000004,6882.9400000000005,0.131066014104256
^SPX,2026-02-24 16:15:00,SPX,2026-03-20,7540.0,C,0.3,0.35,0.3,0.35,2,578,0.15,1,0.3,6852.66,6913.22,370,0.0630136986301369,0.22499999999999998,6882.9400000000005,0.12898859305433605
^SPX,2026-02-24 16:15:00,SPX,2026-03-20,7550.0,C,0.3,0.35,0.27,0.27,5,713,0.2,480,0.35,6852.66,6913.22,4327,0.0630136986301369,0.275,6882.9400000000005,0.13340870806896052
^SPX,2026-02-24 16:15:00,SPX,2026-03-20,7560.0,C,0.25,0.25,0.25,0.25,1,487,0.15,406,0.35,6852.66,6913.22,211,0.0630136986301369,0.25,6882.9400000000005,0.13385678283644642
^SPX,2026-02-24 16:15:00,SPX,2026-03-20,7570.0,C,0.0,0.0,0.0,0.0,0,433,0.15,667,0.35,6852.66,6913.22,114,0.0630136986301369,0.25,6882.9400000000005,0.13559441987117557
^SPX,2026-02-24 16:15:00,SPX,2026-03-20,7575.0,C,0.0,0.0,0.0,0.0,0,740,0.15,922,0.35,6852.66,6913.22,1232,0.0630136986301369,0.25,6882.9400000000005,0.1364615226015264
^SPX,2026-02-24 16:15:00,SPX,2026-03-20,7600.0,C,0.2,0.25,0.2,0.25,71,726,0.15,599,0.3,6852.66,6913.22,13414,0.0630136986301369,0.22499999999999998,6882.9400000000005,0.13931146385494214
^SPX,2026-02-24 16:15:00,SPX,2026-03-20,7625.0,C,0.0,0.0,0.0,0.0,0,368,0.05,328,0.3,6852.66,6913.22,802,0.0630136986301369,0.175,6882.9400000000005,0.14013080144666767
^SPX,2026-02-24 16:15:00,SPX,2026-03-20,7650.0,C,0.0,0.0,0.0,0.0,0,752,0.05,611,0.3,6852.66,6913.22,1543,0.0630136986301369,0.175,6882.9400000000005,0.14427526539858057
^SPX,2026-02-24 16:15:00,SPX,2026-03-20,7675.0,C,0.15,0.15,0.15,0.15,7,161,0.05,423,0.3,6852.66,6913.22,626,0.0630136986301369,0.175,6882.9400000000005,0.14839477184221556
^SPX,2026-02-24 16:15:00,SPX,2026-03-20,7700.0,C,0.0,0.0,0.0,0.0,0,428,0.05,406,0.25,6852.66,6913.22,9306,0.0630136986301369,0.15,6882.9400000000005,0.15033883091894187
^SPX,2026-02-24 16:15:00,SPX,2026-03-20,7725.0,C,0.1,0.1,0.1,0.1,1,118,0.05,118,0.25,6852.66,6913.22,354,0.0630136986301369,0.15,6882.9400000000005,0.1543624954778527
^SPX,2026-02-24 16:15:00,SPX,2026-03-20,7750.0,C,0.0,0.0,0.0,0.0,0,118,0.05,337,0.25,6852.66,6913.22,5344,0.0630136986301369,0.15,6882.9400000000005,0.15836332791923072
^SPX,2026-02-24 16:15:00,SPX,2026-03-20,7775.0,C,0.0,0.0,0.0,0.0,0,202,0.05,609,0.25,6852.66,6913.22,3084,0.0630136986301369,0.15,6882.9400000000005,0.1623418083531595
^SPX,2026-02-24 16:15:00,SPX,2026-03-20,7800.0,C,0.0,0.0,0.0,0.0,0,204,0.05,618,0.25,6852.66,6913.22,13912,0.0630136986301369,0.15,6882.9400000000005,0.16629839144781577
^SPX,2026-02-24 16:15:00,SPX,2026-03-20,7825.0,C,0.0,0.0,0.0,0.0,0,119,0.05,397,0.25,6852.66,6913.22,284,0.0630136986301369,0.15,6882.9400000000005,0.17023350860893627
^SPX,2026-02-24 16:15:00,SPX,2026-03-20,7850.0,C,0.0,0.0,0.0,0.0,0,205,0.05,304,0.2,6852.66,6913.22,3307,0.0630136986301369,0.125,6882.9400000000005,0.17138191833117508
^SPX,2026-02-24 16:15:00,SPX,2026-03-20,7875.0,C,0.0,0.0,0.0,0.0,0,0,0.0,1,0.15,6852.66,6913.22,2733,0.0630136986301369,0.075,6882.9400000000005,0.16790994372436535
^SPX,2026-02-24 16:15:00,SPX,2026-03-20,7900.0,C,0.0,0.0,0.0,0.0,0,0,0.0,1,0.15,6852.66,6913.22,11119,0.0630136986301369,0.075,6882.9400000000005,0.17159707084504539
^SPX,2026-02-24 16:15:00,SPX,2026-03-20,7950.0,C,0.0,0.0,0.0,0.0,0,0,0.0,1,0.1,6852.66,6913.22,2169,0.0630136986301369,0.05,6882.9400000000005,0.17335671235907912
^SPX,2026-02-24 16:15:00,SPX,2026-03-20,8000.0,C,0.05,0.05,0.05,0.05,2,0,0.0,1,0.1,6852.66,6913.22,17031,0.0630136986301369,0.05,6882.9400000000005,0.18041289180902004
^SPX,2026-02-24 16:15:00,SPX,2026-03-20,8100.0,C,0.0,0.0,0.0,0.0,0,0,0.0,1,0.05,6852.66,6913.22,3608,0.0630136986301369,0.025,6882.9400000000005,0.18491573945453543
^SPX,2026-02-24 16:15:00,SPX,2026-03-20,8200.0,C,0.0,0.0,0.0,0.0,0,0,0.0,414,0.2,6852.66,6913.22,25447,0.0630136986301369,0.1,6882.9400000000005,0.2194263632697691
^SPX,2026-02-24 16:15:00,SPX,2026-03-20,8300.0,C,0.0,0.0,0.0,0.0,0,0,0.0,667,0.2,6852.66,6913.22,3410,0.0630136986301369,0.1,6882.9400000000005,0.23347593507775113
^SPX,2026-02-24 16:15:00,SPX,2026-03-20,8400.0,C,0.0,0.0,0.0,0.0,0,0,0.0,284,0.15,6852.66,6913.22,3757,0.0630136986301369,0.075,6882.9400000000005,0.2418135455857513
^SPX,2026-02-24 16:15:00,SPX,2026-03-20,8500.0,C,0.0,0.0,0.0,0.0,0,0,0.0,168,0.15,6852.66,6913.22,49,0.0630136986301369,0.075,6882.9400000000005,0.2551357842904616
^SPX,2026-02-24 16:15:00,SPX,2026-03-20,8600.0,C,0.0,0.0,0.0,0.0,0,0,0.0,345,0.15,6852.66,6913.22,555,0.0630136986301369,0.075,6882.9400000000005,0.2682430953038716
^SPX,2026-02-24 16:15:00,SPX,2026-03-20,8800.0,C,0.0,0.0,0.0,0.0,0,0,0.0,171,0.15,6852.66,6913.22,408,0.0630136986301369,0.075,6882.9400000000005,0.2938473417955003
^SPX,2026-02-24 16:15:00,SPX,2026-03-20,9000.0,C,0.0,0.0,0.0,0.0,0,0,0.0,520,0.15,6852.66,6913.22,2393,0.0630136986301369,0.075,6882.9400000000005,0.31868821688838045
^SPX,2026-02-24 16:15:00,SPX,2026-03-20,9200.0,C,0.0,0.0,0.0,0.0,0,0,0.0,672,0.15,6852.66,6913.22,1804,0.0630136986301369,0.075,6882.9400000000005,0.3428186213070183
^SPX,2026-02-24 16:15:00,SPX,2026-03-20,9400.0,C,0.0,0.0,0.0,0.0,0,0,0.0,692,0.15,6852.66,6913.22,3709,0.0630136986301369,0.075,6882.9400000000005,0.36628453370829206
^SPX,2026-02-24 16:15:00,SPX,2026-03-20,9600.0,C,0.0,0.0,0.0,0.0,0,0,0.0,709,0.15,6852.66,6913.22,3249,0.0630136986301369,0.075,6882.9400000000005,0.3891264615455708
^SPX,2026-02-24 16:15:00,SPX,2026-03-20,9800.0,C,0.0,0.0,0.0,0.0,0,0,0.0,2,0.05,6852.66,6913.22,643,0.0630136986301369,0.025,6882.9400000000005,0.3824668429609345
^SPX,2026-02-24 16:15:00,SPX,2026-03-20,10000.0,C,0.0,0.0,0.0,0.0,0,0,0.0,177,0.1,6852.66,6913.22,308,0.0630136986301369,0.05,6882.9400000000005,0.4212335828134859
^SPX,2026-02-24 16:15:00,SPX,2026-03-20,10200.0,C,0.0,0.0,0.0,0.0,0,0,0.0,178,0.1,6852.66,6913.22,233,0.0630136986301369,0.05,6882.9400000000005,0.4419124529632774
^SPX,2026-02-24 16:15:00,SPX,2026-03-20,10400.0,C,0.0,0.0,0.0,0.0,0,0,0.0,179,0.1,6852.66,6913.22,316,0.0630136986301369,0.05,6882.9400000000005,0.4621068988497412
^SPX,2026-02-24 16:15:00,SPX,2026-03-20,10800.0,C,0.0,0.0,0.0,0.0,0,0,0.0,180,0.1,6852.66,6913.22,3,0.0630136986301369,0.05,6882.9400000000005,0.5011346522636988
^SPX,2026-02-24 16:15:00,SPX,2026-03-20,11000.0,C,0.0,0.0,0.0,0.0,0,0,0.0,182,0.1,6852.66,6913.22,8,0.0630136986301369,0.05,6882.9400000000005,0.5200095566556822
^SPX,2026-02-24 16:15:00,SPX,2026-03-20,11200.0,C,0.0,0.0,0.0,0.0,0,0,0.0,184,0.1,6852.66,6913.22,2,0.0630136986301369,0.05,6882.9400000000005,0.5384836444496848
^SPX,2026-02-24 16:15:00,SPX,2026-03-20,11400.0,C,0.0,0.0,0.0,0.0,0,0,0.0,429,0.1,6852.66,6913.22,5,0.0630136986301369,0.05,6882.9400000000005,0.5565741170583374
^SPX,2026-02-24 16:15:00,SPX,2026-03-20,11600.0,C,0.0,0.0,0.0,0.0,0,0,0.0,188,0.1,6852.66,6913.22,2,0.0630136986301369,0.05,6882.9400000000005,0.5742970044863708
^SPX,2026-02-24 16:15:00,SPX,2026-03-20,11800.0,C,0.0,0.0,0.0,0.0,0,0,0.0,190,0.1,6852.66,6913.22,0,0.0630136986301369,0.05,6882.9400000000005,0.591667280980925
^SPX,2026-02-24 16:15:00,SPX,2026-03-20,11900.0,C,0.0,0.0,0.0,0.0,0,0,0.0,495,0.1,6852.66,6913.22,0,0.0630136986301369,0.05,6882.9400000000005,0.6002246057926367
^SPX,2026-02-24 16:15:00,SPX,2026-03-20,12000.0,C,0.0,0.0,0.0,0.0,0,0,0.0,2,0.05,6852.66,6913.22,181,0.0630136986301369,0.025,6882.9400000000005,0.5834519322781373
^SPX,2026-02-24 16:15:00,SPX,2026-03-20,12400.0,C,0.0,0.0,0.0,0.0,0,0,0.0,512,0.1,6852.66,6913.22,2,0.0630136986301369,0.05,6882.9400000000005,0.6417983639063394
^SPX,2026-02-24 16:15:00,SPX,2026-04-17,5025.0,C,0.0,0.0,0.0,0.0,0,2,1887.7,2,1891.5,6852.66,6913.22,75,0.1397260273972602,1889.6,6882.9400000000005,0.27715594560291834
^SPX,2026-02-24 16:15:00,SPX,2026-04-17,5050.0,C,0.0,0.0,0.0,0.0,0,2,1863.4,2,1866.6,6852.66,6913.22,177,0.1397260273972602,1865.0,6882.9400000000005,0.29580931850631675
^SPX,2026-02-24 16:15:00,SPX,2026-04-17,5075.0,C,0.0,0.0,0.0,0.0,0,2,1838.5,2,1842.2,6852.66,6913.22,1,0.1397260273972602,1840.35,6882.9400000000005,0.30264289011301054
^SPX,2026-02-24 16:15:00,SPX,2026-04-17,5100.0,C,1801.08,1801.08,1801.08,1801.08,68,2,1814.2,2,1817.2,6852.66,6913.22,272,0.1397260273972602,1815.7,6882.9400000000005,0.3068170698268183
^SPX,2026-02-24 16:15:00,SPX,2026-04-17,5125.0,C,0.0,0.0,0.0,0.0,0,2,1789.2,2,1792.9,6852.66,6913.22,825,0.1397260273972602,1791.0500000000002,6882.9400000000005,0.30938658828669724
^SPX,2026-02-24 16:15:00,SPX,2026-04-17,5150.0,C,0.0,0.0,0.0,0.0,0,2,1764.9,2,1767.9,6852.66,6913.22,238,0.1397260273972602,1766.4,6882.9400000000005,0.3108640220116531
^SPX,2026-02-24 16:15:00,SPX,2026-04-17,5175.0,C,0.0,0.0,0.0,0.0,0,2,1740.0,2,1743.7,6852.66,6913.22,1,0.1397260273972602,1741.85,6882.9400000000005,0.31406622984898447
^SPX,2026-02-24 16:15:00,SPX,2026-04-17,5200.0,C,0.0,0.0,0.0,0.0,0,2,1715.7,2,1718.8,6852.66,6913.22,3640,0.1397260273972602,1717.25,6882.9400000000005,0.3149824388099438
^SPX,2026-02-24 16:15:00,SPX,2026-04-17,5225.0,C,0.0,0.0,0.0,0.0,0,2,1690.8,2,1694.4,6852.66,6913.22,850,0.1397260273972602,1692.6,6882.9400000000005,0.31425655871879
^SPX,2026-02-24 16:15:00,SPX,2026-04-17,5250.0,C,0.0,0.0,0.0,0.0,0,2,1666.5,2,1669.4,6852.66,6913.22,674,0.1397260273972602,1667.95,6882.9400000000005,0.3131755828535001
^SPX,2026-02-24 16:15:00,SPX,2026-04-17,5275.0,C,0.0,0.0,0.0,0.0,0,2,1641.6,2,1645.3,6852.66,6913.22,140,0.1397260273972602,1643.4499999999998,6882.9400000000005,0.31430989585067215
^SPX,2026-02-24 16:15:00,SPX,2026-04-17,5300.0,C,0.0,0.0,0.0,0.0,0,2,1617.3,2,1620.3,6852.66,6913.22,954,0.1397260273972602,1618.8,6882.9400000000005,0.3125041519490981
^SPX,2026-02-24 16:15:00,SPX,2026-04-17,5325.0,C,0.0,0.0,0.0,0.0,0,2,1592.6,2,1596.1,6852.66,6913.22,311,0.1397260273972602,1594.35,6882.9400000000005,0.31332026636275845
^SPX,2026-02-24 16:15:00,SPX,2026-04-17,5350.0,C,0.0,0.0,0.0,0.0,0,2,1568.3,2,1571.2,6852.66,6913.22,297,0.1397260273972602,1569.75,6882.9400000000005,0.3116184975986588
^SPX,2026-02-24 16:15:00,SPX,2026-04-17,5375.0,C,0.0,0.0,0.0,0.0,0,2,1543.4,2,1547.1,6852.66,6913.22,1262,0.1397260273972602,1545.25,6882.9400000000005,0.3109031433265589
^SPX,2026-02-24 16:15:00,SPX,2026-04-17,5400.0,C,1515.94,1515.94,1515.94,1515.94,1,2,1519.2,2,1522.1,6852.66,6913.22,6237,0.1397260273972602,1520.65,6882.9400000000005,0.3087147955005858
^SPX,2026-02-24 16:15:00,SPX,2026-04-17,5425.0,C,0.0,0.0,0.0,0.0,0,2,1494.4,2,1498.0,6852.66,6913.22,243,0.1397260273972602,1496.2,6882.9400000000005,0.307947331127724
^SPX,2026-02-24 16:15:00,SPX,2026-04-17,5450.0,C,0.0,0.0,0.0,0.0,0,2,1470.2,2,1473.1,6852.66,6913.22,989,0.1397260273972602,1471.65,6882.9400000000005,0.30585336319814294
^SPX,2026-02-24 16:15:00,SPX,2026-04-17,5475.0,C,0.0,0.0,0.0,0.0,0,2,1445.4,2,1449.0,6852.66,6913.22,200,0.1397260273972602,1447.2,6882.9400000000005,0.30450943251328944
^SPX,2026-02-24 16:15:00,SPX,2026-04-17,5500.0,C,1419.5,1419.5,1419.5,1419.5,100,2,1421.3,2,1424.2,6852.66,6913.22,1383,0.1397260273972602,1422.75,6882.9400000000005,0.30289674874724154
^SPX,2026-02-24 16:15:00,SPX,2026-04-17,5525.0,C,0.0,0.0,0.0,0.0,0,2,1396.6,2,1400.1,6852.66,6913.22,554,0.1397260273972602,1398.35,6882.9400000000005,0.30145569363671104
^SPX,2026-02-24 16:15:00,SPX,2026-04-17,5550.0,C,0.0,0.0,0.0,0.0,0,2,1372.5,2,1375.4,6852.66,6913.22,159,0.1397260273972602,1373.95,6882.9400000000005,0.29975587706067663
^SPX,2026-02-24 16:15:00,SPX,2026-04-17,5575.0,C,0.0,0.0,0.0,0.0,0,2,1347.8,2,1351.3,6852.66,6913.22,155,0.1397260273972602,1349.55,6882.9400000000005,0.29782548509342643
^SPX,2026-02-24 16:15:00,SPX,2026-04-17,5600.0,C,0.0,0.0,0.0,0.0,0,2,1323.7,2,1326.5,6852.66,6913.22,1599,0.1397260273972602,1325.1,6882.9400000000005,0.2953421740909512
^SPX,2026-02-24 16:15:00,SPX,2026-04-17,5625.0,C,0.0,0.0,0.0,0.0,0,2,1299.1,2,1302.3,6852.66,6913.22,101,0.1397260273972602,1300.6999999999998,6882.9400000000005,0.29303369755592923
^SPX,2026-02-24 16:15:00,SPX,2026-04-17,5630.0,C,0.0,0.0,0.0,0.0,0,2,1294.4,2,1297.4,6852.66,6913.22,0,0.1397260273972602,1295.9,6882.9400000000005,0.29307048099151867
^SPX,2026-02-24 16:15:00,SPX,2026-04-17,5640.0,C,0.0,0.0,0.0,0.0,0,2,1284.6,2,1287.7,6852.66,6913.22,0,0.1397260273972602,1286.15,6882.9400000000005,0.29213777973732574
^SPX,2026-02-24 16:15:00,SPX,2026-04-17,5650.0,C,0.0,0.0,0.0,0.0,0,2,1275.1,2,1277.6,6852.66,6913.22,1258,0.1397260273972602,1276.35,6882.9400000000005,0.2908650289646226
^SPX,2026-02-24 16:15:00,SPX,2026-04-17,5660.0,C,0.0,0.0,0.0,0.0,0,2,1265.2,2,1268.2,6852.66,6913.22,0,0.1397260273972602,1266.7,6882.9400000000005,0.2904929195296048
^SPX,2026-02-24 16:15:00,SPX,2026-04-17,5670.0,C,0.0,0.0,0.0,0.0,0,2,1255.5,2,1258.5,6852.66,6913.22,0,0.1397260273972602,1257.0,6882.9400000000005,0.28977011494926963
^SPX,2026-02-24 16:15:00,SPX,2026-04-17,5675.0,C,0.0,0.0,0.0,0.0,0,2,1250.5,2,1253.7,6852.66,6913.22,83,0.1397260273972602,1252.1,6882.9400000000005,0.28910009164347744
^SPX,2026-02-24 16:15:00,SPX,2026-04-17,5680.0,C,0.0,0.0,0.0,0.0,0,2,1245.8,2,1248.8,6852.66,6913.22,0,0.1397260273972602,1247.3,6882.9400000000005,0.28900994025268056
^SPX,2026-02-24 16:15:00,SPX,2026-04-17,5690.0,C,0.0,0.0,0.0,0.0,0,2,1236.1,2,1239.1,6852.66,6913.22,0,0.1397260273972602,1237.6,6882.9400000000005,0.2882138945322417
^SPX,2026-02-24 16:15:00,SPX,2026-04-17,5700.0,C,0.0,0.0,0.0,0.0,0,2,1226.5,2,1229.1,6852.66,6913.22,962,0.1397260273972602,1227.8,6882.9400000000005,0.28682418207051763
^SPX,2026-02-24 16:15:00,SPX,2026-04-17,5710.0,C,0.0,0.0,0.0,0.0,0,2,1216.7,2,1219.7,6852.66,6913.22,0,0.1397260273972602,1218.2,6882.9400000000005,0.28651966841830967
^SPX,2026-02-24 16:15:00,SPX,2026-04-17,5720.0,C,0.0,0.0,0.0,0.0,0,2,1207.0,2,1210.0,6852.66,6913.22,1,0.1397260273972602,1208.5,6882.9400000000005,0.28562399644387576
^SPX,2026-02-24 16:15:00,SPX,2026-04-17,5725.0,C,0.0,0.0,0.0,0.0,0,2,1202.0,2,1205.2,6852.66,6913.22,172,0.1397260273972602,1203.6,6882.9400000000005,0.2848992173658201
^SPX,2026-02-24 16:15:00,SPX,2026-04-17,5730.0,C,0.0,0.0,0.0,0.0,0,2,1197.2,2,1200.3,6852.66,6913.22,0,0.1397260273972602,1198.75,6882.9400000000005,0.28443478087645224
^SPX,2026-02-24 16:15:00,SPX,2026-04-17,5740.0,C,0.0,0.0,0.0,0.0,0,2,1187.6,2,1190.6,6852.66,6913.22,0,0.1397260273972602,1189.1,6882.9400000000005,0.2837411973323704
^SPX,2026-02-24 16:15:00,SPX,2026-04-17,5750.0,C,0.0,0.0,0.0,0.0,0,2,1178.1,2,1180.6,6852.66,6913.22,223,0.1397260273972602,1179.35,6882.9400000000005,0.28250335358649215
^SPX,2026-02-24 16:15:00,SPX,2026-04-17,5760.0,C,0.0,0.0,0.0,0.0,0,2,1168.3,2,1171.4,6852.66,6913.22,0,0.1397260273972602,1169.85,6882.9400000000005,0.282483405933478
^SPX,2026-02-24 16:15:00,SPX,2026-04-17,5770.0,C,0.0,0.0,0.0,0.0,0,2,1158.6,2,1161.6,6852.66,6913.22,0,0.1397260273972602,1160.1,6882.9400000000005,0.28118842617338324
^SPX,2026-02-24 16:15:00,SPX,2026-04-17,5775.0,C,0.0,0.0,0.0,0.0,0,2,1153.7,2,1156.8,6852.66,6913.22,242,0.1397260273972602,1155.25,6882.9400000000005,0.2806542333840556
^SPX,2026-02-24 16:15:00,SPX,2026-04-17,5780.0,C,0.0,0.0,0.0,0.0,0,2,1149.0,2,1152.0,6852.66,6913.22,0,0.1397260273972602,1150.5,6882.9400000000005,0.2805877466182986
^SPX,2026-02-24 16:15:00,SPX,2026-04-17,5790.0,C,0.0,0.0,0.0,0.0,0,2,1139.3,2,1142.4,6852.66,6913.22,0,0.1397260273972602,1140.85,6882.9400000000005,0.27971165008874915
^SPX,2026-02-24 16:15:00,SPX,2026-04-17,5800.0,C,1131.05,1131.05,1127.44,1127.44,2,2,1129.8,2,1132.3,6852.66,6913.22,3479,0.1397260273972602,1131.05,6882.9400000000005,0.27811875069974507
^SPX,2026-02-24 16:15:00,SPX,2026-04-17,5810.0,C,0.0,0.0,0.0,0.0,0,2,1119.9,2,1123.1,6852.66,6913.22,1,0.1397260273972602,1121.5,6882.9400000000005,0.2776395613247853
^SPX,2026-02-24 16:15:00,SPX,2026-04-17,5820.0,C,0.0,0.0,0.0,0.0,0,2,1110.4,2,1113.3,6852.66,6913.22,1,0.1397260273972602,1111.85,6882.9400000000005,0.2766730651524277
^SPX,2026-02-24 16:15:00,SPX,2026-04-17,5825.0,C,0.0,0.0,0.0,0.0,0,2,1105.5,2,1108.5,6852.66,6913.22,565,0.1397260273972602,1107.0,6882.9400000000005,0.27606997602861694
^SPX,2026-02-24 16:15:00,SPX,2026-04-17,5830.0,C,0.0,0.0,0.0,0.0,0,2,1100.8,2,1103.7,6852.66,6913.22,0,0.1397260273972602,1102.25,6882.9400000000005,0.27589187669887033
^SPX,2026-02-24 16:15:00,SPX,2026-04-17,5840.0,C,0.0,0.0,0.0,0.0,0,2,1091.2,2,1094.2,6852.66,6913.22,0,0.1397260273972602,1092.7,6882.9400000000005,0.27528390810074777
^SPX,2026-02-24 16:15:00,SPX,2026-04-17,5850.0,C,0.0,0.0,0.0,0.0,0,2,1081.7,2,1084.1,6852.66,6913.22,4171,0.1397260273972602,1082.9,6882.9400000000005,0.27359924589557105
^SPX,2026-02-24 16:15:00,SPX,2026-04-17,5860.0,C,0.0,0.0,0.0,0.0,0,2,1072.0,2,1074.9,6852.66,6913.22,0,0.1397260273972602,1073.45,6882.9400000000005,0.27333171504617754
^SPX,2026-02-24 16:15:00,SPX,2026-04-17,5870.0,C,0.0,0.0,0.0,0.0,0,2,1062.2,2,1065.3,6852.66,6913.22,0,0.1397260273972602,1063.75,6882.9400000000005,0.27201261086041345
^SPX,2026-02-24 16:15:00,SPX,2026-04-17,5875.0,C,0.0,0.0,0.0,0.0,0,2,1057.4,2,1060.5,6852.66,6913.22,138,0.1397260273972602,1058.95,6882.9400000000005,0.27154348960337327
^SPX,2026-02-24 16:15:00,SPX,2026-04-17,5880.0,C,0.0,0.0,0.0,0.0,0,2,1052.6,2,1055.7,6852.66,6913.22,1,0.1397260273972602,1054.15,6882.9400000000005,0.2710663824949908
^SPX,2026-02-24 16:15:00,SPX,2026-04-17,5890.0,C,0.0,0.0,0.0,0.0,0,2,1043.2,2,1046.1,6852.66,6913.22,0,0.1397260273972602,1044.65,6882.9400000000005,0.2704717782614446
^SPX,2026-02-24 16:15:00,SPX,2026-04-17,5900.0,C,1035.74,1035.74,1031.41,1031.41,3,2,1033.7,2,1036.2,6852.66,6913.22,864,0.1397260273972602,1034.95,6882.9400000000005,0.2690805588571555
^SPX,2026-02-24 16:15:00,SPX,2026-04-17,5910.0,C,0.0,0.0,0.0,0.0,0,2,1024.0,2,1026.9,6852.66,6913.22,2,0.1397260273972602,1025.45,6882.9400000000005,0.2684123399771799
^SPX,2026-02-24 16:15:00,SPX,2026-04-17,5920.0,C,0.0,0.0,0.0,0.0,0,2,1014.5,2,1017.3,6852.66,6913.22,20,0.1397260273972602,1015.9,6882.9400000000005,0.26752052834197315
^SPX,2026-02-24 16:15:00,SPX,2026-04-17,5925.0,C,0.0,0.0,0.0,0.0,0,2,1009.6,2,1012.6,6852.66,6913.22,255,0.1397260273972602,1011.1,6882.9400000000005,0.2669720789332374
^SPX,2026-02-24 16:15:00,SPX,2026-04-17,5930.0,C,0.0,0.0,0.0,0.0,0,2,1004.9,2,1007.8,6852.66,6913.22,2,0.1397260273972602,1006.3499999999999,6882.9400000000005,0.266594523273953
^SPX,2026-02-24 16:15:00,SPX,2026-04-17,5940.0,C,0.0,0.0,0.0,0.0,0,2,995.4,2,998.2,6852.66,6913.22,0,0.1397260273972602,996.8,6882.9400000000005,0.26563539747021286
^SPX,2026-02-24 16:15:00,SPX,2026-04-17,5950.0,C,0.0,0.0,0.0,0.0,0,2,986.0,2,988.4,6852.66,6913.22,638,0.1397260273972602,987.2,6882.9400000000005,0.26447284328296017
^SPX,2026-02-24 16:15:00,SPX,2026-04-17,5960.0,C,0.0,0.0,0.0,0.0,0,2,976.3,2,979.2,6852.66,6913.22,0,0.1397260273972602,977.75,6882.9400000000005,0.26378977092598527
^SPX,2026-02-24 16:15:00,SPX,2026-04-17,5970.0,C,0.0,0.0,0.0,0.0,0,2,966.8,2,969.6,6852.66,6913.22,0,0.1397260273972602,968.2,6882.9400000000005,0.2627341455189005
^SPX,2026-02-24 16:15:00,SPX,2026-04-17,5975.0,C,0.0,0.0,0.0,0.0,0,2,962.1,2,964.9,6852.66,6913.22,285,0.1397260273972602,963.5,6882.9400000000005,0.2624403875475605
^SPX,2026-02-24 16:15:00,SPX,2026-04-17,5980.0,C,0.0,0.0,0.0,0.0,0,2,957.2,2,960.2,6852.66,6913.22,0,0.1397260273972602,958.7,6882.9400000000005,0.2618112297790928
^SPX,2026-02-24 16:15:00,SPX,2026-04-17,5990.0,C,0.0,0.0,0.0,0.0,0,2,947.8,2,950.6,6852.66,6913.22,2,0.1397260273972602,949.2,6882.9400000000005,0.26085407232711777
^SPX,2026-02-24 16:15:00,SPX,2026-04-17,6000.0,C,940.61,942.15,934.6,940.66,2702,2,938.5,2,940.8,6852.66,6913.22,131732,0.1397260273972602,939.65,6882.9400000000005,0.2597073663000126
^SPX,2026-02-24 16:15:00,SPX,2026-04-17,6010.0,C,0.0,0.0,0.0,0.0,0,2,928.7,2,931.7,6852.66,6913.22,2,0.1397260273972602,930.2,6882.9400000000005,0.25884101965213874
^SPX,2026-02-24 16:15:00,SPX,2026-04-17,6020.0,C,0.0,0.0,0.0,0.0,0,2,919.4,2,922.2,6852.66,6913.22,0,0.1397260273972602,920.8,6882.9400000000005,0.2580883163320563
^SPX,2026-02-24 16:15:00,SPX,2026-04-17,6025.0,C,0.0,0.0,0.0,0.0,0,2,914.5,2,917.5,6852.66,6913.22,112,0.1397260273972602,916.0,6882.9400000000005,0.25739791380479066
^SPX,2026-02-24 16:15:00,SPX,2026-04-17,6030.0,C,0.0,0.0,0.0,0.0,0,2,909.9,2,912.7,6852.66,6913.22,1,0.1397260273972602,911.3,6882.9400000000005,0.2569986306677106
^SPX,2026-02-24 16:15:00,SPX,2026-04-17,6040.0,C,901.22,901.22,901.22,901.22,1,2,900.4,2,903.3,6852.66,6913.22,0,0.1397260273972602,901.8499999999999,6882.9400000000005,0.2560247682692317
^SPX,2026-02-24 16:15:00,SPX,2026-04-17,6050.0,C,0.0,0.0,0.0,0.0,0,2,891.2,2,893.5,6852.66,6913.22,379,0.1397260273972602,892.35,6882.9400000000005,0.2548742215561105
^SPX,2026-02-24 16:15:00,SPX,2026-04-17,6060.0,C,0.0,0.0,0.0,0.0,0,2,881.5,2,884.4,6852.66,6913.22,0,0.1397260273972602,882.95,6882.9400000000005,0.25397663527235986
^SPX,2026-02-24 16:15:00,SPX,2026-04-17,6070.0,C,0.0,0.0,0.0,0.0,0,2,872.2,2,875.1,6852.66,6913.22,0,0.1397260273972602,873.6500000000001,6882.9400000000005,0.25331760019715405
^SPX,2026-02-24 16:15:00,SPX,2026-04-17,6075.0,C,0.0,0.0,0.0,0.0,0,2,867.4,2,870.3,6852.66,6913.22,444,0.1397260273972602,868.8499999999999,6882.9400000000005,0.2525613348558404
^SPX,2026-02-24 16:15:00,SPX,2026-04-17,6080.0,C,0.0,0.0,0.0,0.0,0,2,862.8,2,865.5,6852.66,6913.22,0,0.1397260273972602,864.15,6882.9400000000005,0.2520717170361547
^SPX,2026-02-24 16:15:00,SPX,2026-04-17,6090.0,C,0.0,0.0,0.0,0.0,0,2,853.4,2,856.1,6852.66,6913.22,0,0.1397260273972602,854.75,6882.9400000000005,0.25106644460727384
^SPX,2026-02-24 16:15:00,SPX,2026-04-17,6100.0,C,807.35,847.79,807.35,846.85,57,2,844.2,2,846.5,6852.66,6913.22,1528,0.1397260273972602,845.35,6882.9400000000005,0.25002722493540863
^SPX,2026-02-24 16:15:00,SPX,2026-04-17,6110.0,C,0.0,0.0,0.0,0.0,0,2,834.7,2,837.4,6852.66,6913.22,2,0.1397260273972602,836.05,6882.9400000000005,0.24921215656888826
^SPX,2026-02-24 16:15:00,SPX,2026-04-17,6120.0,C,0.0,0.0,0.0,0.0,0,2,825.2,2,828.1,6852.66,6913.22,4,0.1397260273972602,826.6500000000001,6882.9400000000005,0.24810340709880407
^SPX,2026-02-24 16:15:00,SPX,2026-04-17,6125.0,C,0.0,0.0,0.0,0.0,0,2,820.6,2,823.4,6852.66,6913.22,243,0.1397260273972602,822.0,6882.9400000000005,0.24766255291807057
^SPX,2026-02-24 16:15:00,SPX,2026-04-17,6130.0,C,0.0,0.0,0.0,0.0,0,2,816.0,2,818.7,6852.66,6913.22,1,0.1397260273972602,817.35,6882.9400000000005,0.24721183350965964
^SPX,2026-02-24 16:15:00,SPX,2026-04-17,6140.0,C,0.0,0.0,0.0,0.0,0,2,806.7,2,809.3,6852.66,6913.22,0,0.1397260273972602,808.0,6882.9400000000005,0.2461593054763119
^SPX,2026-02-24 16:15:00,SPX,2026-04-17,6150.0,C,799.46,799.46,799.46,799.46,1,2,797.5,2,799.7,6852.66,6913.22,1112,0.1397260273972602,798.6,6882.9400000000005,0.24495285263521288
^SPX,2026-02-24 16:15:00,SPX,2026-04-17,6160.0,C,0.0,0.0,0.0,0.0,0,2,788.1,2,790.7,6852.66,6913.22,0,0.1397260273972602,789.4000000000001,6882.9400000000005,0.24418997375405221
^SPX,2026-02-24 16:15:00,SPX,2026-04-17,6170.0,C,0.0,0.0,0.0,0.0,0,2,778.8,2,781.4,6852.66,6913.22,3,0.1397260273972602,780.0999999999999,6882.9400000000005,0.24315089770114284
^SPX,2026-02-24 16:15:00,SPX,2026-04-17,6175.0,C,0.0,0.0,0.0,0.0,0,2,774.1,2,776.8,6852.66,6913.22,173,0.1397260273972602,775.45,6882.9400000000005,0.24261815043622945
^SPX,2026-02-24 16:15:00,SPX,2026-04-17,6180.0,C,0.0,0.0,0.0,0.0,0,2,769.4,2,772.2,6852.66,6913.22,1,0.1397260273972602,770.8,6882.9400000000005,0.24207673683362432
^SPX,2026-02-24 16:15:00,SPX,2026-04-17,6190.0,C,0.0,0.0,0.0,0.0,0,2,760.3,2,762.9,6852.66,6913.22,1,0.1397260273972602,761.5999999999999,6882.9400000000005,0.24119287093943223
^SPX,2026-02-24 16:15:00,SPX,2026-04-17,6200.0,C,752.27,752.27,752.27,752.27,1,2,751.2,2,753.3,6852.66,6913.22,869,0.1397260273972602,752.25,6882.9400000000005,0.23993694095627888
^SPX,2026-02-24 16:15:00,SPX,2026-04-17,6210.0,C,0.0,0.0,0.0,0.0,0,2,741.7,2,744.4,6852.66,6913.22,3,0.1397260273972602,743.05,6882.9400000000005,0.23897800892137966
^SPX,2026-02-24 16:15:00,SPX,2026-04-17,6220.0,C,728.38,728.38,728.38,728.38,1,2,732.5,2,735.2,6852.66,6913.22,0,0.1397260273972602,733.85,6882.9400000000005,0.23798012989833514
^SPX,2026-02-24 16:15:00,SPX,2026-04-17,6225.0,C,0.0,0.0,0.0,0.0,0,2,727.9,2,730.6,6852.66,6913.22,41,0.1397260273972602,729.25,6882.9400000000005,0.23746688447732947
^SPX,2026-02-24 16:15:00,SPX,2026-04-17,6230.0,C,0.0,0.0,0.0,0.0,0,2,723.3,2,726.0,6852.66,6913.22,1,0.1397260273972602,724.65,6882.9400000000005,0.23694425298840444
^SPX,2026-02-24 16:15:00,SPX,2026-04-17,6240.0,C,0.0,0.0,0.0,0.0,0,2,714.3,2,716.8,6852.66,6913.22,2,0.1397260273972602,715.55,6882.9400000000005,0.23607812325146402
^SPX,2026-02-24 16:15:00,SPX,2026-04-17,6250.0,C,0.0,0.0,0.0,0.0,0,2,705.3,2,707.3,6852.66,6913.22,473,0.1397260273972602,706.3,6882.9400000000005,0.2348638298547305
^SPX,2026-02-24 16:15:00,SPX,2026-04-17,6260.0,C,0.0,0.0,0.0,0.0,0,2,696.0,2,698.6,6852.66,6913.22,1,0.1397260273972602,697.3,6882.9400000000005,0.23411804915013032
^SPX,2026-02-24 16:15:00,SPX,2026-04-17,6270.0,C,0.0,0.0,0.0,0.0,0,2,686.8,2,689.3,6852.66,6913.22,1,0.1397260273972602,688.05,6882.9400000000005,0.23283233431489322
^SPX,2026-02-24 16:15:00,SPX,2026-04-17,6275.0,C,0.0,0.0,0.0,0.0,0,2,682.2,2,684.8,6852.66,6913.22,206,0.1397260273972602,683.5,6882.9400000000005,0.23232455661678394
^SPX,2026-02-24 16:15:00,SPX,2026-04-17,6280.0,C,0.0,0.0,0.0,0.0,0,2,677.8,2,680.2,6852.66,6913.22,7,0.1397260273972602,679.0,6882.9400000000005,0.2319038670617243
^SPX,2026-02-24 16:15:00,SPX,2026-04-17,6290.0,C,0.0,0.0,0.0,0.0,0,2,668.6,2,671.1,6852.66,6913.22,1,0.1397260273972602,669.85,6882.9400000000005,0.23074219202375587
^SPX,2026-02-24 16:15:00,SPX,2026-04-17,6300.0,C,0.0,0.0,0.0,0.0,0,2,659.8,2,661.8,6852.66,6913.22,1184,0.1397260273972602,660.8,6882.9400000000005,0.22973317470671126
^SPX,2026-02-24 16:15:00,SPX,2026-04-17,6310.0,C,0.0,0.0,0.0,0.0,0,2,650.5,2,653.0,6852.66,6913.22,2,0.1397260273972602,651.75,6882.9400000000005,0.22868368750423257
^SPX,2026-02-24 16:15:00,SPX,2026-04-17,6315.0,C,0.0,0.0,0.0,0.0,0,2,646.0,2,648.5,6852.66,6913.22,0,0.1397260273972602,647.25,6882.9400000000005,0.2281899549715557
^SPX,2026-02-24 16:15:00,SPX,2026-04-17,6320.0,C,0.0,0.0,0.0,0.0,0,2,641.5,2,643.9,6852.66,6913.22,6,0.1397260273972602,642.7,6882.9400000000005,0.22759458575365454
^SPX,2026-02-24 16:15:00,SPX,2026-04-17,6325.0,C,0.0,0.0,0.0,0.0,0,2,637.0,2,639.4,6852.66,6913.22,123,0.1397260273972602,638.2,6882.9400000000005,0.22708065517242917
^SPX,2026-02-24 16:15:00,SPX,2026-04-17,6330.0,C,0.0,0.0,0.0,0.0,0,2,632.6,2,634.9,6852.66,6913.22,3,0.1397260273972602,633.75,6882.9400000000005,0.22664615509451788
^SPX,2026-02-24 16:15:00,SPX,2026-04-17,6335.0,C,0.0,0.0,0.0,0.0,0,2,628.1,2,630.4,6852.66,6913.22,0,0.1397260273972602,629.25,6882.9400000000005,0.2261110562360368
^SPX,2026-02-24 16:15:00,SPX,2026-04-17,6340.0,C,0.0,0.0,0.0,0.0,0,2,623.6,2,625.9,6852.66,6913.22,3,0.1397260273972602,624.75,6882.9400000000005,0.22556588165060015
^SPX,2026-02-24 16:15:00,SPX,2026-04-17,6345.0,C,0.0,0.0,0.0,0.0,0,2,619.1,2,621.4,6852.66,6913.22,0,0.1397260273972602,620.25,6882.9400000000005,0.22501072954268092
^SPX,2026-02-24 16:15:00,SPX,2026-04-17,6350.0,C,0.0,0.0,0.0,0.0,0,2,614.7,2,616.7,6852.66,6913.22,317,0.1397260273972602,615.7,6882.9400000000005,0.2243586304162274
^SPX,2026-02-24 16:15:00,SPX,2026-04-17,6355.0,C,0.0,0.0,0.0,0.0,0,2,610.2,2,612.4,6852.66,6913.22,0,0.1397260273972602,611.3,6882.9400000000005,0.22395725622512014
^SPX,2026-02-24 16:15:00,SPX,2026-04-17,6360.0,C,0.0,0.0,0.0,0.0,0,2,605.6,2,608.0,6852.66,6913.22,5,0.1397260273972602,606.8,6882.9400000000005,0.22337209508257955
^SPX,2026-02-24 16:15:00,SPX,2026-04-17,6365.0,C,0.0,0.0,0.0,0.0,0,2,601.1,2,603.5,6852.66,6913.22,1,0.1397260273972602,602.3,6882.9400000000005,0.22277732184273094
^SPX,2026-02-24 16:15:00,SPX,2026-04-17,6370.0,C,0.0,0.0,0.0,0.0,0,2,596.7,2,599.0,6852.66,6913.22,4,0.1397260273972602,597.85,6882.9400000000005,0.22225751890928436
^SPX,2026-02-24 16:15:00,SPX,2026-04-17,6375.0,C,0.0,0.0,0.0,0.0,0,2,592.2,2,594.6,6852.66,6913.22,222,0.1397260273972602,593.4000000000001,6882.9400000000005,0.2217270316448004
^SPX,2026-02-24 16:15:00,SPX,2026-04-17,6380.0,C,0.0,0.0,0.0,0.0,0,2,587.9,2,590.1,6852.66,6913.22,4,0.1397260273972602,589.0,6882.9400000000005,0.22126918463988454
^SPX,2026-02-24 16:15:00,SPX,2026-04-17,6385.0,C,0.0,0.0,0.0,0.0,0,2,583.3,2,585.8,6852.66,6913.22,0,0.1397260273972602,584.55,6882.9400000000005,0.220717024430483
^SPX,2026-02-24 16:15:00,SPX,2026-04-17,6390.0,C,0.0,0.0,0.0,0.0,0,2,579.0,2,581.2,6852.66,6913.22,7,0.1397260273972602,580.1,6882.9400000000005,0.22015448580856586
^SPX,2026-02-24 16:15:00,SPX,2026-04-17,6395.0,C,0.0,0.0,0.0,0.0,0,2,574.6,2,576.8,6852.66,6913.22,0,0.1397260273972602,575.7,6882.9400000000005,0.2196630564981215
^SPX,2026-02-24 16:15:00,SPX,2026-04-17,6400.0,C,570.63,570.66,569.63,569.98,93,2,570.3,2,572.1,6852.66,6913.22,2368,0.1397260273972602,571.2,6882.9400000000005,0.2189986306126478
^SPX,2026-02-24 16:15:00,SPX,2026-04-17,6405.0,C,569.15,569.15,569.15,569.15,1,2,565.6,2,567.9,6852.66,6913.22,2,0.1397260273972602,566.75,6882.9400000000005,0.21840548322046183
^SPX,2026-02-24 16:15:00,SPX,2026-04-17,6410.0,C,0.0,0.0,0.0,0.0,0,2,561.2,2,563.5,6852.66,6913.22,12,0.1397260273972602,562.35,6882.9400000000005,0.21788198466257802
^SPX,2026-02-24 16:15:00,SPX,2026-04-17,6415.0,C,0.0,0.0,0.0,0.0,0,2,556.8,2,559.1,6852.66,6913.22,0,0.1397260273972602,557.95,6882.9400000000005,0.21734739229634029
^SPX,2026-02-24 16:15:00,SPX,2026-04-17,6420.0,C,0.0,0.0,0.0,0.0,0,2,552.4,2,554.7,6852.66,6913.22,13,0.1397260273972602,553.55,6882.9400000000005,0.2168018055400561
^SPX,2026-02-24 16:15:00,SPX,2026-04-17,6425.0,C,0.0,0.0,0.0,0.0,0,2,548.0,2,550.3,6852.66,6913.22,929,0.1397260273972602,549.15,6882.9400000000005,0.21624531945772793
^SPX,2026-02-24 16:15:00,SPX,2026-04-17,6430.0,C,0.0,0.0,0.0,0.0,0,2,543.7,2,545.9,6852.66,6913.22,2,0.1397260273972602,544.8,6882.9400000000005,0.21575543697279853
^SPX,2026-02-24 16:15:00,SPX,2026-04-17,6435.0,C,0.0,0.0,0.0,0.0,0,2,539.2,2,541.5,6852.66,6913.22,1,0.1397260273972602,540.35,6882.9400000000005,0.2151000085712818
^SPX,2026-02-24 16:15:00,SPX,2026-04-17,6440.0,C,0.0,0.0,0.0,0.0,0,2,535.0,2,537.3,6852.66,6913.22,3,0.1397260273972602,536.15,6882.9400000000005,0.21481658577565846
^SPX,2026-02-24 16:15:00,SPX,2026-04-17,6445.0,C,0.0,0.0,0.0,0.0,0,2,530.5,2,532.8,6852.66,6913.22,2,0.1397260273972602,531.65,6882.9400000000005,0.2140637542630055
^SPX,2026-02-24 16:15:00,SPX,2026-04-17,6450.0,C,522.89,522.89,522.89,522.89,1,2,526.4,2,528.2,6852.66,6913.22,299,0.1397260273972602,527.3,6882.9400000000005,0.21352828832660553
^SPX,2026-02-24 16:15:00,SPX,2026-04-17,6455.0,C,524.95,524.95,524.95,524.95,1,2,521.9,2,524.2,6852.66,6913.22,5,0.1397260273972602,523.05,6882.9400000000005,0.21313080600414863
^SPX,2026-02-24 16:15:00,SPX,2026-04-17,6460.0,C,0.0,0.0,0.0,0.0,0,2,517.5,2,519.7,6852.66,6913.22,5,0.1397260273972602,518.6,6882.9400000000005,0.21242316290908467
^SPX,2026-02-24 16:15:00,SPX,2026-04-17,6465.0,C,0.0,0.0,0.0,0.0,0,2,513.1,2,515.4,6852.66,6913.22,1,0.1397260273972602,514.25,6882.9400000000005,0.21185368348269498
^SPX,2026-02-24 16:15:00,SPX,2026-04-17,6470.0,C,0.0,0.0,0.0,0.0,0,2,508.9,2,511.0,6852.66,6913.22,36,0.1397260273972602,509.95,6882.9400000000005,0.21134623202831668
^SPX,2026-02-24 16:15:00,SPX,2026-04-17,6475.0,C,0.0,0.0,0.0,0.0,0,2,504.5,2,506.7,6852.66,6913.22,190,0.1397260273972602,505.6,6882.9400000000005,0.2107540106640181
^SPX,2026-02-24 16:15:00,SPX,2026-04-17,6480.0,C,0.0,0.0,0.0,0.0,0,2,500.2,2,502.5,6852.66,6913.22,8,0.1397260273972602,501.35,6882.9400000000005,0.2102951701282334
^SPX,2026-02-24 16:15:00,SPX,2026-04-17,6485.0,C,0.0,0.0,0.0,0.0,0,2,495.8,2,498.0,6852.66,6913.22,2,0.1397260273972602,496.9,6882.9400000000005,0.2095366314359285
^SPX,2026-02-24 16:15:00,SPX,2026-04-17,6490.0,C,0.0,0.0,0.0,0.0,0,2,491.6,2,493.7,6852.66,6913.22,2,0.1397260273972602,492.65,6882.9400000000005,0.20905411023465467
^SPX,2026-02-24 16:15:00,SPX,2026-04-17,6495.0,C,0.0,0.0,0.0,0.0,0,2,487.2,2,489.4,6852.66,6913.22,3,0.1397260273972602,488.29999999999995,6882.9400000000005,0.20841736921332363
^SPX,2026-02-24 16:15:00,SPX,2026-04-17,6500.0,C,484.91,486.33,481.64,481.64,52,2,483.1,2,484.9,6852.66,6913.22,1568,0.1397260273972602,484.0,6882.9400000000005,0.20784021300148575
^SPX,2026-02-24 16:15:00,SPX,2026-04-17,6505.0,C,0.0,0.0,0.0,0.0,0,2,478.7,2,480.8,6852.66,6913.22,3,0.1397260273972602,479.75,6882.9400000000005,0.2073213139966328
^SPX,2026-02-24 16:15:00,SPX,2026-04-17,6510.0,C,0.0,0.0,0.0,0.0,0,2,474.5,2,476.5,6852.66,6913.22,19,0.1397260273972602,475.5,6882.9400000000005,0.2067899890694979
^SPX,2026-02-24 16:15:00,SPX,2026-04-17,6515.0,C,0.0,0.0,0.0,0.0,0,2,470.1,2,472.3,6852.66,6913.22,1,0.1397260273972602,471.20000000000005,6882.9400000000005,0.20617742315710091
^SPX,2026-02-24 16:15:00,SPX,2026-04-17,6520.0,C,0.0,0.0,0.0,0.0,0,2,465.9,2,468.0,6852.66,6913.22,2,0.1397260273972602,466.95,6882.9400000000005,0.2056219706745653
^SPX,2026-02-24 16:15:00,SPX,2026-04-17,6525.0,C,462.12,462.12,462.12,462.12,1,2,461.6,2,463.8,6852.66,6913.22,182,0.1397260273972602,462.70000000000005,6882.9400000000005,0.2050543470384718
^SPX,2026-02-24 16:15:00,SPX,2026-04-17,6530.0,C,0.0,0.0,0.0,0.0,0,2,457.4,2,459.5,6852.66,6913.22,9,0.1397260273972602,458.45,6882.9400000000005,0.20447463025675927
^SPX,2026-02-24 16:15:00,SPX,2026-04-17,6535.0,C,0.0,0.0,0.0,0.0,0,2,453.1,2,455.3,6852.66,6913.22,0,0.1397260273972602,454.20000000000005,6882.9400000000005,0.20388289365874612
^SPX,2026-02-24 16:15:00,SPX,2026-04-17,6540.0,C,0.0,0.0,0.0,0.0,0,2,448.9,2,451.0,6852.66,6913.22,204,0.1397260273972602,449.95,6882.9400000000005,0.20327920599496596
^SPX,2026-02-24 16:15:00,SPX,2026-04-17,6545.0,C,0.0,0.0,0.0,0.0,0,2,444.8,2,446.8,6852.66,6913.22,0,0.1397260273972602,445.8,6882.9400000000005,0.20279623671430555
^SPX,2026-02-24 16:15:00,SPX,2026-04-17,6550.0,C,0.0,0.0,0.0,0.0,0,2,440.7,2,442.4,6852.66,6913.22,619,0.1397260273972602,441.54999999999995,6882.9400000000005,0.2021680189493838
^SPX,2026-02-24 16:15:00,SPX,2026-04-17,6555.0,C,0.0,0.0,0.0,0.0,0,2,436.3,2,438.5,6852.66,6913.22,2,0.1397260273972602,437.4,6882.9400000000005,0.20165898319284117
^SPX,2026-02-24 16:15:00,SPX,2026-04-17,6560.0,C,432.34,432.34,432.34,432.34,1,2,432.2,2,434.3,6852.66,6913.22,6,0.1397260273972602,433.25,6882.9400000000005,0.20113661826566961
^SPX,2026-02-24 16:15:00,SPX,2026-04-17,6565.0,C,0.0,0.0,0.0,0.0,0,2,428.0,2,430.1,6852.66,6913.22,3,0.1397260273972602,429.05,6882.9400000000005,0.20053637294763507
^SPX,2026-02-24 16:15:00,SPX,2026-04-17,6570.0,C,0.0,0.0,0.0,0.0,0,2,423.7,2,425.8,6852.66,6913.22,3,0.1397260273972602,424.75,6882.9400000000005,0.19979523381849346
^SPX,2026-02-24 16:15:00,SPX,2026-04-17,6575.0,C,0.0,0.0,0.0,0.0,0,2,419.5,2,421.6,6852.66,6913.22,158,0.1397260273972602,420.55,6882.9400000000005,0.19917108321027435
^SPX,2026-02-24 16:15:00,SPX,2026-04-17,6580.0,C,0.0,0.0,0.0,0.0,0,2,415.5,2,417.4,6852.66,6913.22,50,0.1397260273972602,416.45,6882.9400000000005,0.19866166353001374
^SPX,2026-02-24 16:15:00,SPX,2026-04-17,6585.0,C,0.0,0.0,0.0,0.0,0,2,411.2,2,413.3,6852.66,6913.22,0,0.1397260273972602,412.25,6882.9400000000005,0.1980122760705904
^SPX,2026-02-24 16:15:00,SPX,2026-04-17,6590.0,C,0.0,0.0,0.0,0.0,0,2,407.2,2,409.1,6852.66,6913.22,17,0.1397260273972602,408.15,6882.9400000000005,0.19747620940122154
^SPX,2026-02-24 16:15:00,SPX,2026-04-17,6595.0,C,0.0,0.0,0.0,0.0,0,2,403.0,2,405.0,6852.66,6913.22,1,0.1397260273972602,404.0,6882.9400000000005,0.19686417832645026
^SPX,2026-02-24 16:15:00,SPX,2026-04-17,6600.0,C,374.9,382.6,374.9,382.6,20,2,399.0,2,400.7,6852.66,6913.22,2351,0.1397260273972602,399.85,6882.9400000000005,0.19623934907839033
^SPX,2026-02-24 16:15:00,SPX,2026-04-17,6605.0,C,0.0,0.0,0.0,0.0,0,3,395.0,1,396.3,6852.66,6913.22,5,0.1397260273972602,395.65,6882.9400000000005,0.195540115730679
^SPX,2026-02-24 16:15:00,SPX,2026-04-17,6610.0,C,0.0,0.0,0.0,0.0,0,1,390.9,9,392.2,6852.66,6913.22,8,0.1397260273972602,391.54999999999995,6882.9400000000005,0.19495147984637504
^SPX,2026-02-24 16:15:00,SPX,2026-04-17,6615.0,C,0.0,0.0,0.0,0.0,0,1,386.8,1,388.1,6852.66,6913.22,5,0.1397260273972602,387.45000000000005,6882.9400000000005,0.19434947133352132
^SPX,2026-02-24 16:15:00,SPX,2026-04-17,6620.0,C,0.0,0.0,0.0,0.0,0,3,382.7,9,384.0,6852.66,6913.22,9,0.1397260273972602,383.35,6882.9400000000005,0.1937341409908464
^SPX,2026-02-24 16:15:00,SPX,2026-04-17,6625.0,C,0.0,0.0,0.0,0.0,0,1,378.6,1,379.9,6852.66,6913.22,89,0.1397260273972602,379.25,6882.9400000000005,0.1931055342733776
^SPX,2026-02-24 16:15:00,SPX,2026-04-17,6630.0,C,0.0,0.0,0.0,0.0,0,1,374.6,1,375.8,6852.66,6913.22,20,0.1397260273972602,375.20000000000005,6882.9400000000005,0.19252361864366993
^SPX,2026-02-24 16:15:00,SPX,2026-04-17,6635.0,C,0.0,0.0,0.0,0.0,0,1,370.5,1,371.8,6852.66,6913.22,7,0.1397260273972602,371.15,6882.9400000000005,0.19192784090811812
^SPX,2026-02-24 16:15:00,SPX,2026-04-17,6640.0,C,0.0,0.0,0.0,0.0,0,1,366.5,1,367.7,6852.66,6913.22,6,0.1397260273972602,367.1,6882.9400000000005,0.19131824857963092
^SPX,2026-02-24 16:15:00,SPX,2026-04-17,6645.0,C,0.0,0.0,0.0,0.0,0,1,362.4,1,363.7,6852.66,6913.22,10,0.1397260273972602,363.04999999999995,6882.9400000000005,0.19069488345208113
^SPX,2026-02-24 16:15:00,SPX,2026-04-17,6650.0,C,0.0,0.0,0.0,0.0,0,1,358.4,1,359.7,6852.66,6913.22,530,0.1397260273972602,359.04999999999995,6882.9400000000005,0.19011640456090761
^SPX,2026-02-24 16:15:00,SPX,2026-04-17,6655.0,C,0.0,0.0,0.0,0.0,0,1,354.4,1,355.6,6852.66,6913.22,3,0.1397260273972602,355.0,6882.9400000000005,0.18946528688534595
^SPX,2026-02-24 16:15:00,SPX,2026-04-17,6660.0,C,0.0,0.0,0.0,0.0,0,3,350.4,1,351.6,6852.66,6913.22,4,0.1397260273972602,351.0,6882.9400000000005,0.18885849721128958
^SPX,2026-02-24 16:15:00,SPX,2026-04-17,6665.0,C,0.0,0.0,0.0,0.0,0,1,346.4,1,347.6,6852.66,6913.22,20,0.1397260273972602,347.0,6882.9400000000005,0.18823744904259368
^SPX,2026-02-24 16:15:00,SPX,2026-04-17,6670.0,C,0.0,0.0,0.0,0.0,0,3,342.4,1,343.6,6852.66,6913.22,16,0.1397260273972602,343.0,6882.9400000000005,0.1876021727293095
^SPX,2026-02-24 16:15:00,SPX,2026-04-17,6675.0,C,331.37,331.37,331.37,331.37,2,1,338.4,1,339.7,6852.66,6913.22,569,0.1397260273972602,339.04999999999995,6882.9400000000005,0.18700979774037363
^SPX,2026-02-24 16:15:00,SPX,2026-04-17,6680.0,C,0.0,0.0,0.0,0.0,0,13,334.4,10,335.7,6852.66,6913.22,51,0.1397260273972602,335.04999999999995,6882.9400000000005,0.18634584559145106
^SPX,2026-02-24 16:15:00,SPX,2026-04-17,6685.0,C,332.7,332.7,332.7,332.7,2,1,330.5,1,331.8,6852.66,6913.22,9,0.1397260273972602,331.15,6882.9400000000005,0.18578078749997906
^SPX,2026-02-24 16:15:00,SPX,2026-04-17,6690.0,C,0.0,0.0,0.0,0.0,0,14,326.5,10,327.8,6852.66,6913.22,27,0.1397260273972602,327.15,6882.9400000000005,0.18508795489462665
^SPX,2026-02-24 16:15:00,SPX,2026-04-17,6695.0,C,0.0,0.0,0.0,0.0,0,1,322.6,1,323.9,6852.66,6913.22,4,0.1397260273972602,323.25,6882.9400000000005,0.1844929251994183
^SPX,2026-02-24 16:15:00,SPX,2026-04-17,6700.0,C,301.0,317.0,290.0,312.25,11,2,318.8,10,320.0,6852.66,6913.22,1730,0.1397260273972602,319.4,6882.9400000000005,0.18393836183120532
^SPX,2026-02-24 16:15:00,SPX,2026-04-17,6705.0,C,0.0,0.0,0.0,0.0,0,3,314.8,1,316.1,6852.66,6913.22,10,0.1397260273972602,315.45000000000005,6882.9400000000005,0.18325718909752503
^SPX,2026-02-24 16:15:00,SPX,2026-04-17,6710.0,C,313.1,313.1,313.1,313.1,1,13,310.9,10,312.2,6852.66,6913.22,24,0.1397260273972602,311.54999999999995,6882.9400000000005,0.1826165154943367
^SPX,2026-02-24 16:15:00,SPX,2026-04-17,6715.0,C,0.0,0.0,0.0,0.0,0,1,307.0,1,308.3,6852.66,6913.22,12,0.1397260273972602,307.65,6882.9400000000005,0.181960648498047
^SPX,2026-02-24 16:15:00,SPX,2026-04-17,6720.0,C,0.0,0.0,0.0,0.0,0,2,303.2,10,304.4,6852.66,6913.22,16,0.1397260273972602,303.79999999999995,6882.9400000000005,0.18134425193449857
^SPX,2026-02-24 16:15:00,SPX,2026-04-17,6725.0,C,301.6,301.6,301.6,301.6,1,15,299.3,10,300.6,6852.66,6913.22,407,0.1397260273972602,299.95000000000005,6882.9400000000005,0.18071215994387652
^SPX,2026-02-24 16:15:00,SPX,2026-04-17,6730.0,C,0.0,0.0,0.0,0.0,0,25,295.4,10,296.7,6852.66,6913.22,6,0.1397260273972602,296.04999999999995,6882.9400000000005,0.1800101994559768
^SPX,2026-02-24 16:15:00,SPX,2026-04-17,6735.0,C,0.0,0.0,0.0,0.0,0,2,291.7,1,292.9,6852.66,6913.22,15,0.1397260273972602,292.29999999999995,6882.9400000000005,0.17945482028937257
^SPX,2026-02-24 16:15:00,SPX,2026-04-17,6740.0,C,0.0,0.0,0.0,0.0,0,14,287.8,10,289.1,6852.66,6913.22,285,0.1397260273972602,288.45000000000005,6882.9400000000005,0.178775386369713
^SPX,2026-02-24 16:15:00,SPX,2026-04-17,6745.0,C,0.0,0.0,0.0,0.0,0,1,284.0,1,285.3,6852.66,6913.22,2,0.1397260273972602,284.65,6882.9400000000005,0.17813369447372443
^SPX,2026-02-24 16:15:00,SPX,2026-04-17,6750.0,C,250.44,250.44,250.44,250.44,10,2,280.4,16,281.5,6852.66,6913.22,2032,0.1397260273972602,280.95,6882.9400000000005,0.17758228916940308
^SPX,2026-02-24 16:15:00,SPX,2026-04-17,6755.0,C,0.0,0.0,0.0,0.0,0,1,276.4,1,277.7,6852.66,6913.22,17,0.1397260273972602,277.04999999999995,6882.9400000000005,0.17680167298367092
^SPX,2026-02-24 16:15:00,SPX,2026-04-17,6760.0,C,274.8,274.8,274.8,274.8,3,14,272.7,10,274.0,6852.66,6913.22,19,0.1397260273972602,273.35,6882.9400000000005,0.1762169224502778
^SPX,2026-02-24 16:15:00,SPX,2026-04-17,6765.0,C,0.0,0.0,0.0,0.0,0,9,269.1,10,270.2,6852.66,6913.22,5,0.1397260273972602,269.65,6882.9400000000005,0.1756150389259318
^SPX,2026-02-24 16:15:00,SPX,2026-04-17,6770.0,C,265.33,265.33,265.33,265.33,1,9,265.3,9,266.4,6852.66,6913.22,301,0.1397260273972602,265.85,6882.9400000000005,0.1748912136448998
^SPX,2026-02-24 16:15:00,SPX,2026-04-17,6775.0,C,0.0,0.0,0.0,0.0,0,9,261.6,16,262.7,6852.66,6913.22,59,0.1397260273972602,262.15,6882.9400000000005,0.17425541396617464
^SPX,2026-02-24 16:15:00,SPX,2026-04-17,6780.0,C,0.0,0.0,0.0,0.0,0,10,257.9,17,259.0,6852.66,6913.22,343,0.1397260273972602,258.45,6882.9400000000005,0.17360240092610052
^SPX,2026-02-24 16:15:00,SPX,2026-04-17,6785.0,C,0.0,0.0,0.0,0.0,0,10,254.2,10,255.3,6852.66,6913.22,18,0.1397260273972602,254.75,6882.9400000000005,0.17293213306383506
^SPX,2026-02-24 16:15:00,SPX,2026-04-17,6790.0,C,0.0,0.0,0.0,0.0,0,10,250.6,10,251.6,6852.66,6913.22,55,0.1397260273972602,251.1,6882.9400000000005,0.17229618817438527
^SPX,2026-02-24 16:15:00,SPX,2026-04-17,6795.0,C,248.8,248.8,248.8,248.8,1,10,246.9,10,248.0,6852.66,6913.22,35,0.1397260273972602,247.45,6882.9400000000005,0.17164251765858932
^SPX,2026-02-24 16:15:00,SPX,2026-04-17,6800.0,C,243.27,243.27,243.27,243.27,1,2,243.4,25,244.4,6852.66,6913.22,4268,0.1397260273972602,243.9,6882.9400000000005,0.17107361057071174
^SPX,2026-02-24 16:15:00,SPX,2026-04-17,6805.0,C,0.0,0.0,0.0,0.0,0,11,239.7,11,240.7,6852.66,6913.22,16,0.1397260273972602,240.2,6882.9400000000005,0.17033287538126043
^SPX,2026-02-24 16:15:00,SPX,2026-04-17,6810.0,C,0.0,0.0,0.0,0.0,0,11,236.1,11,237.1,6852.66,6913.22,104,0.1397260273972602,236.6,6882.9400000000005,0.16967643527591383
^SPX,2026-02-24 16:15:00,SPX,2026-04-17,6815.0,C,0.0,0.0,0.0,0.0,0,12,232.5,11,233.5,6852.66,6913.22,29,0.1397260273972602,233.0,6882.9400000000005,0.16900167766826493
^SPX,2026-02-24 16:15:00,SPX,2026-04-17,6820.0,C,222.8,222.8,222.8,222.8,1,19,228.9,19,230.0,6852.66,6913.22,21,0.1397260273972602,229.45,6882.9400000000005,0.16835914603973978
^SPX,2026-02-24 16:15:00,SPX,2026-04-17,6825.0,C,214.5,225.0,214.5,225.0,8,12,225.4,19,226.4,6852.66,6913.22,165,0.1397260273972602,225.9,6882.9400000000005,0.1676978275080952
^SPX,2026-02-24 16:15:00,SPX,2026-04-17,6830.0,C,215.0,215.0,215.0,215.0,1,24,221.8,19,222.9,6852.66,6913.22,79,0.1397260273972602,222.35000000000002,6882.9400000000005,0.16701763547843176
^SPX,2026-02-24 16:15:00,SPX,2026-04-17,6835.0,C,219.9,219.9,219.9,219.9,2,11,218.3,11,219.4,6852.66,6913.22,54,0.1397260273972602,218.85000000000002,6882.9400000000005,0.1663686640809669
^SPX,2026-02-24 16:15:00,SPX,2026-04-17,6840.0,C,187.71,215.83,187.63,215.83,10,15,214.8,20,215.9,6852.66,6913.22,241,0.1397260273972602,215.35000000000002,6882.9400000000005,0.16570034477693443
^SPX,2026-02-24 16:15:00,SPX,2026-04-17,6845.0,C,0.0,0.0,0.0,0.0,0,3,211.4,11,212.4,6852.66,6913.22,24,0.1397260273972602,211.9,6882.9400000000005,0.16506250360224833
^SPX,2026-02-24 16:15:00,SPX,2026-04-17,6850.0,C,179.5,199.86,179.5,199.86,396,2,208.0,26,208.9,6852.66,6913.22,3740,0.1397260273972602,208.45,6882.9400000000005,0.1644048456410522
^SPX,2026-02-24 16:15:00,SPX,2026-04-17,6855.0,C,192.1,205.7,184.0,205.7,12,9,204.5,18,205.5,6852.66,6913.22,176,0.1397260273972602,205.0,6882.9400000000005,0.16372725522002562
^SPX,2026-02-24 16:15:00,SPX,2026-04-17,6860.0,C,199.9,202.3,199.9,202.3,5,3,201.1,20,202.1,6852.66,6913.22,401,0.1397260273972602,201.6,6882.9400000000005,0.16307918833608775
^SPX,2026-02-24 16:15:00,SPX,2026-04-17,6865.0,C,198.6,198.9,196.5,198.9,5,3,197.7,12,198.7,6852.66,6913.22,110,0.1397260273972602,198.2,6882.9400000000005,0.16241070793021614
^SPX,2026-02-24 16:15:00,SPX,2026-04-17,6870.0,C,165.2,194.22,164.6,193.7,11,2,194.3,21,195.3,6852.66,6913.22,341,0.1397260273972602,194.8,6882.9400000000005,0.16172167327540005
^SPX,2026-02-24 16:15:00,SPX,2026-04-17,6875.0,C,161.3,192.1,161.3,192.1,131,8,191.0,27,191.9,6852.66,6913.22,1087,0.1397260273972602,191.45,6882.9400000000005,0.16106122059022943
^SPX,2026-02-24 16:15:00,SPX,2026-04-17,6880.0,C,168.6,188.8,167.9,188.7,43,8,187.7,28,188.6,6852.66,6913.22,203,0.1397260273972602,188.14999999999998,6882.9400000000005,0.16042892160764666
^SPX,2026-02-24 16:15:00,SPX,2026-04-17,6885.0,C,185.3,185.5,185.3,185.4,7,2,184.3,13,185.3,6852.66,6913.22,190,0.1397260273972602,184.8,6882.9400000000005,0.15972611444935636
^SPX,2026-02-24 16:15:00,SPX,2026-04-17,6890.0,C,176.34,181.3,176.34,179.9,60,11,181.1,33,182.0,6852.66,6913.22,288,0.1397260273972602,181.55,6882.9400000000005,0.15910001473675567
^SPX,2026-02-24 16:15:00,SPX,2026-04-17,6895.0,C,162.2,181.6,162.2,178.8,42,12,177.8,22,178.7,6852.66,6913.22,466,0.1397260273972602,178.25,6882.9400000000005,0.15840305543765573
^SPX,2026-02-24 16:15:00,SPX,2026-04-17,6900.0,C,164.4,177.4,158.5,174.89,1289,14,174.6,38,175.5,6852.66,6913.22,5721,0.1397260273972602,175.05,6882.9400000000005,0.15778202076298214
^SPX,2026-02-24 16:15:00,SPX,2026-04-17,6905.0,C,155.9,170.3,150.9,170.3,40,12,171.4,26,172.3,6852.66,6913.22,518,0.1397260273972602,171.85000000000002,6882.9400000000005,0.1571386202331019
^SPX,2026-02-24 16:15:00,SPX,2026-04-17,6910.0,C,144.72,168.96,144.66,168.9,24,12,168.2,34,169.1,6852.66,6913.22,319,0.1397260273972602,168.64999999999998,6882.9400000000005,0.15647265440584407
^SPX,2026-02-24 16:15:00,SPX,2026-04-17,6915.0,C,149.8,167.2,149.8,162.1,8,18,164.8,18,166.1,6852.66,6913.22,228,0.1397260273972602,165.45,6882.9400000000005,0.1557839040542029
^SPX,2026-02-24 16:15:00,SPX,2026-04-17,6920.0,C,157.9,165.6,155.3,160.4,51,12,161.9,34,162.8,6852.66,6913.22,637,0.1397260273972602,162.35000000000002,6882.9400000000005,0.15516965368782548
^SPX,2026-02-24 16:15:00,SPX,2026-04-17,6925.0,C,137.35,163.25,137.35,160.1,319,13,158.7,37,159.6,6852.66,6913.22,1271,0.1397260273972602,159.14999999999998,6882.9400000000005,0.15443454546274515
^SPX,2026-02-24 16:15:00,SPX,2026-04-17,6930.0,C,155.4,158.6,152.7,156.9,86,13,155.6,38,156.5,6852.66,6913.22,179,0.1397260273972602,156.05,6882.9400000000005,0.15377332692026946
^SPX,2026-02-24 16:15:00,SPX,2026-04-17,6935.0,C,145.78,153.9,145.78,153.9,7,7,152.5,17,153.6,6852.66,6913.22,29,0.1397260273972602,153.05,6882.9400000000005,0.15318564046959407
^SPX,2026-02-24 16:15:00,SPX,2026-04-17,6940.0,C,142.83,150.7,142.83,150.3,14,18,149.3,29,150.4,6852.66,6913.22,196,0.1397260273972602,149.85000000000002,6882.9400000000005,0.15237891383410432
^SPX,2026-02-24 16:15:00,SPX,2026-04-17,6945.0,C,147.42,147.42,143.5,145.1,5,18,146.3,17,147.4,6852.66,6913.22,141,0.1397260273972602,146.85000000000002,6882.9400000000005,0.15174256667454133
^SPX,2026-02-24 16:15:00,SPX,2026-04-17,6950.0,C,123.44,146.1,123.44,146.1,352,12,143.5,38,144.4,6852.66,6913.22,4617,0.1397260273972602,143.95,6882.9400000000005,0.15117893038883612
^SPX,2026-02-24 16:15:00,SPX,2026-04-17,6955.0,C,139.3,139.3,139.1,139.1,4,6,140.4,17,141.5,6852.66,6913.22,79,0.1397260273972602,140.95,6882.9400000000005,0.1504927873911816
^SPX,2026-02-24 16:15:00,SPX,2026-04-17,6960.0,C,138.6,138.6,135.4,136.9,9,1,137.5,28,138.5,6852.66,6913.22,432,0.1397260273972602,138.0,6882.9400000000005,0.14983003747900722
^SPX,2026-02-24 16:15:00,SPX,2026-04-17,6965.0,C,136.63,136.63,133.4,134.1,130,13,134.6,18,135.7,6852.66,6913.22,357,0.1397260273972602,135.14999999999998,6882.9400000000005,0.14923927748655244
^SPX,2026-02-24 16:15:00,SPX,2026-04-17,6970.0,C,126.42,133.73,126.42,130.6,75,14,131.7,38,132.6,6852.66,6913.22,376,0.1397260273972602,132.14999999999998,6882.9400000000005,0.1484759895606578
^SPX,2026-02-24 16:15:00,SPX,2026-04-17,6975.0,C,129.48,129.6,126.7,129.6,44,13,128.9,40,129.8,6852.66,6913.22,1628,0.1397260273972602,129.35000000000002,6882.9400000000005,0.1478819415199057
^SPX,2026-02-24 16:15:00,SPX,2026-04-17,6980.0,C,106.78,126.9,106.74,126.6,22,14,126.0,41,127.0,6852.66,6913.22,212,0.1397260273972602,126.5,6882.9400000000005,0.147212401616985
^SPX,2026-02-24 16:15:00,SPX,2026-04-17,6985.0,C,117.41,124.85,117.41,124.85,9,1,123.2,19,124.2,6852.66,6913.22,209,0.1397260273972602,123.7,6882.9400000000005,0.1465649534561885
^SPX,2026-02-24 16:15:00,SPX,2026-04-17,6990.0,C,121.2,122.1,120.9,122.1,44,25,120.3,41,121.3,6852.66,6913.22,91,0.1397260273972602,120.8,6882.9400000000005,0.14579183470851326
^SPX,2026-02-24 16:15:00,SPX,2026-04-17,6995.0,C,112.0,118.01,112.0,118.01,5,8,117.7,19,118.7,6852.66,6913.22,166,0.1397260273972602,118.2,6882.9400000000005,0.14528636932364672
^SPX,2026-02-24 16:15:00,SPX,2026-04-17,7000.0,C,95.0,116.34,95.0,112.9,3686,1,115.0,41,115.9,6852.66,6913.22,136837,0.1397260273972602,115.45,6882.9400000000005,0.14460533230277436
^SPX,2026-02-24 16:15:00,SPX,2026-04-17,7005.0,C,106.5,114.04,106.5,112.8,11,1,112.3,19,113.3,6852.66,6913.22,207,0.1397260273972602,112.8,6882.9400000000005,0.1439948869677539
^SPX,2026-02-24 16:15:00,SPX,2026-04-17,7010.0,C,95.19,110.5,95.19,109.0,62,17,109.6,44,110.5,6852.66,6913.22,192,0.1397260273972602,110.05,6882.9400000000005,0.14325662827718078
^SPX,2026-02-24 16:15:00,SPX,2026-04-17,7015.0,C,107.7,107.7,106.22,107.6,21,18,107.0,30,108.0,6852.66,6913.22,237,0.1397260273972602,107.5,6882.9400000000005,0.14268807300649528
^SPX,2026-02-24 16:15:00,SPX,2026-04-17,7020.0,C,105.9,105.9,105.0,105.0,11,20,104.3,34,105.3,6852.66,6913.22,424,0.1397260273972602,104.8,6882.9400000000005,0.14194066517327725
^SPX,2026-02-24 16:15:00,SPX,2026-04-17,7025.0,C,96.23,102.4,96.23,102.3,13,19,101.9,44,102.8,6852.66,6913.22,1689,0.1397260273972602,102.35,6882.9400000000005,0.14141354057342204
^SPX,2026-02-24 16:15:00,SPX,2026-04-17,7030.0,C,100.7,100.7,97.57,97.57,16,12,99.3,34,100.3,6852.66,6913.22,538,0.1397260273972602,99.8,6882.9400000000005,0.14075644168700938
^SPX,2026-02-24 16:15:00,SPX,2026-04-17,7035.0,C,96.3,97.4,96.3,97.4,3,10,96.9,22,98.0,6852.66,6913.22,150,0.1397260273972602,97.45,6882.9400000000005,0.1402708440816551
^SPX,2026-02-24 16:15:00,SPX,2026-04-17,7040.0,C,81.61,94.9,81.61,94.9,18,20,94.4,40,95.4,6852.66,6913.22,282,0.1397260273972602,94.9,6882.9400000000005,0.1395526755176324
^SPX,2026-02-24 16:15:00,SPX,2026-04-17,7045.0,C,92.5,92.5,90.37,90.37,6,10,92.0,23,93.1,6852.66,6913.22,114,0.1397260273972602,92.55,6882.9400000000005,0.13900643751982877
^SPX,2026-02-24 16:15:00,SPX,2026-04-17,7050.0,C,79.15,91.5,79.15,91.02,33,23,89.6,44,90.6,6852.66,6913.22,8664,0.1397260273972602,90.1,6882.9400000000005,0.13832698364449655
^SPX,2026-02-24 16:15:00,SPX,2026-04-17,7055.0,C,77.05,88.67,77.05,88.67,93,10,87.3,23,88.3,6852.66,6913.22,186,0.1397260273972602,87.8,6882.9400000000005,0.1377694673102967
^SPX,2026-02-24 16:15:00,SPX,2026-04-17,7060.0,C,79.55,87.4,79.55,86.0,36,91,84.7,46,85.8,6852.66,6913.22,99,0.1397260273972602,85.25,6882.9400000000005,0.13692159863811101
^SPX,2026-02-24 16:15:00,SPX,2026-04-17,7065.0,C,82.3,82.63,82.3,82.63,2,10,82.7,24,83.7,6852.66,6913.22,152,0.1397260273972602,83.2,6882.9400000000005,0.13655882656759116
^SPX,2026-02-24 16:15:00,SPX,2026-04-17,7070.0,C,75.3,80.7,75.3,80.7,17,37,80.4,48,81.4,6852.66,6913.22,233,0.1397260273972602,80.9,6882.9400000000005,0.1359042154017543
^SPX,2026-02-24 16:15:00,SPX,2026-04-17,7075.0,C,78.42,78.5,78.42,78.5,5,39,78.2,45,79.1,6852.66,6913.22,953,0.1397260273972602,78.65,6882.9400000000005,0.13526830140433774
^SPX,2026-02-24 16:15:00,SPX,2026-04-17,7080.0,C,73.8,73.8,73.8,73.8,4,25,76.0,35,77.0,6852.66,6913.22,544,0.1397260273972602,76.5,6882.9400000000005,0.1347042012525286
^SPX,2026-02-24 16:15:00,SPX,2026-04-17,7085.0,C,63.48,74.0,63.48,71.8,10,35,73.9,25,74.9,6852.66,6913.22,153,0.1397260273972602,74.4,6882.9400000000005,0.13415978812154947
^SPX,2026-02-24 16:15:00,SPX,2026-04-17,7090.0,C,61.63,72.3,61.63,69.8,14,45,71.8,55,72.7,6852.66,6913.22,85,0.1397260273972602,72.25,6882.9400000000005,0.1335278564880656
^SPX,2026-02-24 16:15:00,SPX,2026-04-17,7095.0,C,68.0,68.0,67.9,67.9,4,45,69.7,35,70.7,6852.66,6913.22,27,0.1397260273972602,70.2,6882.9400000000005,0.13296871028691679
^SPX,2026-02-24 16:15:00,SPX,2026-04-17,7100.0,C,57.82,68.58,55.54,68.3,1605,10,67.8,79,68.6,6852.66,6913.22,9549,0.1397260273972602,68.19999999999999,6882.9400000000005,0.1324292832801582
^SPX,2026-02-24 16:15:00,SPX,2026-04-17,7105.0,C,62.79,66.1,62.79,66.0,9,46,65.7,36,66.7,6852.66,6913.22,127,0.1397260273972602,66.2,6882.9400000000005,0.13185493204657
^SPX,2026-02-24 16:15:00,SPX,2026-04-17,7110.0,C,59.29,64.2,59.29,62.2,20,49,63.8,91,64.6,6852.66,6913.22,201,0.1397260273972602,64.19999999999999,6882.9400000000005,0.1312446645445209
^SPX,2026-02-24 16:15:00,SPX,2026-04-17,7115.0,C,50.3,62.1,50.2,62.1,65,45,61.9,69,62.7,6852.66,6913.22,105,0.1397260273972602,62.3,6882.9400000000005,0.13070926511589118
^SPX,2026-02-24 16:15:00,SPX,2026-04-17,7120.0,C,48.7,60.4,48.4,59.5,28,70,60.0,93,60.8,6852.66,6913.22,520,0.1397260273972602,60.4,6882.9400000000005,0.13013774613609133
^SPX,2026-02-24 16:15:00,SPX,2026-04-17,7125.0,C,50.1,59.25,50.1,58.3,353,85,58.1,107,59.0,6852.66,6913.22,752,0.1397260273972602,58.55,6882.9400000000005,0.1295859715134364
^SPX,2026-02-24 16:15:00,SPX,2026-04-17,7130.0,C,48.6,57.45,48.6,56.6,40,34,56.5,103,57.2,6852.66,6913.22,251,0.1397260273972602,56.85,6882.9400000000005,0.12916944428359306
^SPX,2026-02-24 16:15:00,SPX,2026-04-17,7135.0,C,48.3,54.7,46.2,54.7,24,81,54.6,64,55.4,6852.66,6913.22,213,0.1397260273972602,55.0,6882.9400000000005,0.12854362481710888
^SPX,2026-02-24 16:15:00,SPX,2026-04-17,7140.0,C,53.3,53.3,51.7,51.7,9,60,52.8,72,53.7,6852.66,6913.22,557,0.1397260273972602,53.25,6882.9400000000005,0.12799548547777695
^SPX,2026-02-24 16:15:00,SPX,2026-04-17,7145.0,C,49.27,52.1,47.6,51.4,23,61,51.2,91,52.1,6852.66,6913.22,316,0.1397260273972602,51.650000000000006,6882.9400000000005,0.12758678588302785
^SPX,2026-02-24 16:15:00,SPX,2026-04-17,7150.0,C,42.8,51.33,42.8,49.84,1893,87,49.5,103,50.3,6852.66,6913.22,7340,0.1397260273972602,49.9,6882.9400000000005,0.12696216881565028
^SPX,2026-02-24 16:15:00,SPX,2026-04-17,7155.0,C,47.36,49.37,46.9,48.3,103,88,47.9,121,48.8,6852.66,6913.22,220,0.1397260273972602,48.349999999999994,6882.9400000000005,0.12653908447028725
^SPX,2026-02-24 16:15:00,SPX,2026-04-17,7160.0,C,42.95,48.11,42.95,46.65,97,91,46.3,72,47.0,6852.66,6913.22,321,0.1397260273972602,46.65,6882.9400000000005,0.12589473075569893
^SPX,2026-02-24 16:15:00,SPX,2026-04-17,7170.0,C,42.88,43.5,42.4,43.4,7,56,43.3,81,44.1,6852.66,6913.22,682,0.1397260273972602,43.7,6882.9400000000005,0.12504270150098012
^SPX,2026-02-24 16:15:00,SPX,2026-04-17,7175.0,C,36.7,42.32,36.7,42.0,16,92,41.8,113,42.6,6852.66,6913.22,1959,0.1397260273972602,42.2,6882.9400000000005,0.12452740067622983
^SPX,2026-02-24 16:15:00,SPX,2026-04-17,7180.0,C,38.72,40.92,38.14,40.5,9,55,40.4,85,41.1,6852.66,6913.22,222,0.1397260273972602,40.75,6882.9400000000005,0.12403574749443655
^SPX,2026-02-24 16:15:00,SPX,2026-04-17,7190.0,C,34.69,38.5,33.05,36.8,275,104,37.6,122,38.4,6852.66,6913.22,391,0.1397260273972602,38.0,6882.9400000000005,0.12312782389199624
^SPX,2026-02-24 16:15:00,SPX,2026-04-17,7200.0,C,33.22,35.98,30.3,35.48,1039,108,35.0,119,35.7,6852.66,6913.22,10356,0.1397260273972602,35.35,6882.9400000000005,0.12219194963308752
^SPX,2026-02-24 16:15:00,SPX,2026-04-17,7210.0,C,30.92,32.7,28.2,32.7,13,120,32.5,74,33.2,6852.66,6913.22,174,0.1397260273972602,32.85,6882.9400000000005,0.12129772733152079
^SPX,2026-02-24 16:15:00,SPX,2026-04-17,7220.0,C,31.39,31.39,29.6,29.6,2,76,30.2,134,31.0,6852.66,6913.22,246,0.1397260273972602,30.6,6882.9400000000005,0.1205971643245648
^SPX,2026-02-24 16:15:00,SPX,2026-04-17,7225.0,C,24.39,30.3,24.39,30.3,96,103,29.1,129,29.8,6852.66,6913.22,2291,0.1397260273972602,29.450000000000003,6882.9400000000005,0.12015014270677014
^SPX,2026-02-24 16:15:00,SPX,2026-04-17,7230.0,C,23.5,28.8,23.5,28.1,55,129,28.0,129,28.7,6852.66,6913.22,362,0.1397260273972602,28.35,6882.9400000000005,0.11973525023808335
^SPX,2026-02-24 16:15:00,SPX,2026-04-17,7240.0,C,27.0,27.0,25.55,26.38,87,114,26.0,131,26.6,6852.66,6913.22,616,0.1397260273972602,26.3,6882.9400000000005,0.11901030269465851
^SPX,2026-02-24 16:15:00,SPX,2026-04-17,7250.0,C,19.7,25.0,19.7,24.29,1193,468,24.0,82,24.6,6852.66,6913.22,7306,0.1397260273972602,24.3,6882.9400000000005,0.11819744333693716
^SPX,2026-02-24 16:15:00,SPX,2026-04-17,7260.0,C,20.7,22.65,20.41,22.65,23,62,22.3,153,22.9,6852.66,6913.22,687,0.1397260273972602,22.6,6882.9400000000005,0.1177119180197512
^SPX,2026-02-24 16:15:00,SPX,2026-04-17,7270.0,C,19.15,20.85,19.15,20.85,10,64,20.6,73,21.1,6852.66,6913.22,338,0.1397260273972602,20.85,6882.9400000000005,0.1169832066225797
^SPX,2026-02-24 16:15:00,SPX,2026-04-17,7275.0,C,18.78,20.5,18.66,20.05,883,95,19.8,332,20.4,6852.66,6913.22,3503,0.1397260273972602,20.1,6882.9400000000005,0.11677711508576419
^SPX,2026-02-24 16:15:00,SPX,2026-04-17,7280.0,C,18.7,19.0,18.7,19.0,5,94,19.0,224,19.6,6852.66,6913.22,95,0.1397260273972602,19.3,6882.9400000000005,0.11644231674892126
^SPX,2026-02-24 16:15:00,SPX,2026-04-17,7290.0,C,17.0,18.35,17.0,17.89,5,194,17.5,116,18.0,6852.66,6913.22,81,0.1397260273972602,17.75,6882.9400000000005,0.11573688278063791
^SPX,2026-02-24 16:15:00,SPX,2026-04-17,7300.0,C,13.49,16.9,13.35,16.35,67,143,16.2,135,16.6,6852.66,6913.22,6960,0.1397260273972602,16.4,6882.9400000000005,0.11524908306865467
^SPX,2026-02-24 16:15:00,SPX,2026-04-17,7310.0,C,14.5,15.25,14.5,15.2,4,216,14.9,96,15.3,6852.66,6913.22,474,0.1397260273972602,15.100000000000001,6882.9400000000005,0.11470171034916271
^SPX,2026-02-24 16:15:00,SPX,2026-04-17,7320.0,C,0.0,0.0,0.0,0.0,0,299,13.7,188,14.2,6852.66,6913.22,589,0.1397260273972602,13.95,6882.9400000000005,0.11431110140908018
^SPX,2026-02-24 16:15:00,SPX,2026-04-17,7325.0,C,12.21,13.7,12.21,13.45,45,421,13.2,247,13.6,6852.66,6913.22,3978,0.1397260273972602,13.399999999999999,6882.9400000000005,0.11411352651327197
^SPX,2026-02-24 16:15:00,SPX,2026-04-17,7330.0,C,12.0,12.81,12.0,12.61,14,381,12.6,302,13.1,6852.66,6913.22,306,0.1397260273972602,12.85,6882.9400000000005,0.11387705270223474
^SPX,2026-02-24 16:15:00,SPX,2026-04-17,7340.0,C,10.5,12.3,10.5,12.3,4,430,11.6,283,12.1,6852.66,6913.22,258,0.1397260273972602,11.85,6882.9400000000005,0.1135199452936355
^SPX,2026-02-24 16:15:00,SPX,2026-04-17,7350.0,C,9.01,10.95,9.01,10.9,8,609,10.7,273,11.1,6852.66,6913.22,4133,0.1397260273972602,10.899999999999999,6882.9400000000005,0.11313181854211238
^SPX,2026-02-24 16:15:00,SPX,2026-04-17,7360.0,C,8.4,8.4,8.4,8.4,1,131,9.9,316,10.3,6852.66,6913.22,148,0.1397260273972602,10.100000000000001,6882.9400000000005,0.11298111165993568
^SPX,2026-02-24 16:15:00,SPX,2026-04-17,7370.0,C,0.0,0.0,0.0,0.0,0,326,9.1,312,9.5,6852.66,6913.22,42,0.1397260273972602,9.3,6882.9400000000005,0.11269253977089828
^SPX,2026-02-24 16:15:00,SPX,2026-04-17,7375.0,C,8.62,9.0,8.51,8.89,792,934,8.7,387,9.1,6852.66,6913.22,882,0.1397260273972602,8.899999999999999,6882.9400000000005,0.11249174708375814
^SPX,2026-02-24 16:15:00,SPX,2026-04-17,7380.0,C,0.0,0.0,0.0,0.0,0,222,8.4,408,8.8,6852.66,6913.22,287,0.1397260273972602,8.600000000000001,6882.9400000000005,0.11254543139003564
^SPX,2026-02-24 16:15:00,SPX,2026-04-17,7390.0,C,7.48,8.1,7.48,8.1,23,665,7.7,336,8.1,6852.66,6913.22,158,0.1397260273972602,7.9,6882.9400000000005,0.11225988498955994
^SPX,2026-02-24 16:15:00,SPX,2026-04-17,7400.0,C,7.0,7.5,6.8,7.5,1140,932,7.1,638,7.5,6852.66,6913.22,9235,0.1397260273972602,7.3,6882.9400000000005,0.11214768560481674
^SPX,2026-02-24 16:15:00,SPX,2026-04-17,7410.0,C,6.57,6.9,6.57,6.9,34,291,6.6,811,7.0,6852.66,6913.22,541,0.1397260273972602,6.8,6882.9400000000005,0.11224516269795456
^SPX,2026-02-24 16:15:00,SPX,2026-04-17,7420.0,C,5.89,6.5,5.67,6.4,216,321,6.1,570,6.4,6852.66,6913.22,407,0.1397260273972602,6.25,6882.9400000000005,0.11204935935588692
^SPX,2026-02-24 16:15:00,SPX,2026-04-17,7425.0,C,5.1,6.2,5.1,6.15,69,1100,5.8,571,6.2,6852.66,6913.22,3380,0.1397260273972602,6.0,6882.9400000000005,0.11199145508353334
^SPX,2026-02-24 16:15:00,SPX,2026-04-17,7430.0,C,5.9,5.9,5.8,5.9,70,701,5.6,166,5.9,6852.66,6913.22,225,0.1397260273972602,5.75,6882.9400000000005,0.11190050913497462
^SPX,2026-02-24 16:15:00,SPX,2026-04-17,7440.0,C,4.98,5.5,4.98,5.5,29,335,5.2,882,5.6,6852.66,6913.22,250,0.1397260273972602,5.4,6882.9400000000005,0.11221980613066174
^SPX,2026-02-24 16:15:00,SPX,2026-04-17,7450.0,C,4.26,5.1,4.26,5.0,1023,765,4.8,308,5.1,6852.66,6913.22,2911,0.1397260273972602,4.949999999999999,6882.9400000000005,0.11202685704894783
^SPX,2026-02-24 16:15:00,SPX,2026-04-17,7460.0,C,4.13,4.8,4.13,4.7,26,167,4.5,611,4.8,6852.66,6913.22,219,0.1397260273972602,4.65,6882.9400000000005,0.11236509016037406
^SPX,2026-02-24 16:15:00,SPX,2026-04-17,7470.0,C,3.98,4.2,3.98,4.2,3,1002,4.1,656,4.5,6852.66,6913.22,164,0.1397260273972602,4.3,6882.9400000000005,0.11238374181472485
^SPX,2026-02-24 16:15:00,SPX,2026-04-17,7475.0,C,5.4,5.4,4.05,4.07,81,402,4.0,458,4.3,6852.66,6913.22,284,0.1397260273972602,4.15,6882.9400000000005,0.11247097687407841
^SPX,2026-02-24 16:15:00,SPX,2026-04-17,7480.0,C,3.85,3.85,3.85,3.85,1,997,3.8,678,4.2,6852.66,6913.22,162,0.1397260273972602,4.0,6882.9400000000005,0.11253385759728936
^SPX,2026-02-24 16:15:00,SPX,2026-04-17,7490.0,C,0.0,0.0,0.0,0.0,0,316,3.6,644,3.9,6852.66,6913.22,78,0.1397260273972602,3.75,6882.9400000000005,0.1128441045865877
^SPX,2026-02-24 16:15:00,SPX,2026-04-17,7500.0,C,2.95,4.8,2.95,3.5,88,1175,3.3,544,3.6,6852.66,6913.22,4323,0.1397260273972602,3.45,6882.9400000000005,0.11279357566158847
^SPX,2026-02-24 16:15:00,SPX,2026-04-17,7525.0,C,2.84,3.1,2.84,2.98,819,893,2.8,1134,3.1,6852.66,6913.22,943,0.1397260273972602,2.95,6882.9400000000005,0.11368255868971627
^SPX,2026-02-24 16:15:00,SPX,2026-04-17,7550.0,C,2.35,2.35,2.35,2.35,1,445,2.4,691,2.6,6852.66,6913.22,1102,0.1397260273972602,2.5,6882.9400000000005,0.11441236450268374
^SPX,2026-02-24 16:15:00,SPX,2026-04-17,7575.0,C,2.05,2.05,2.05,2.05,6,311,2.05,748,2.25,6852.66,6913.22,927,0.1397260273972602,2.15,6882.9400000000005,0.11540467618726642
^SPX,2026-02-24 16:15:00,SPX,2026-04-17,7600.0,C,1.65,1.76,1.65,1.75,1021,313,1.75,848,1.95,6852.66,6913.22,3093,0.1397260273972602,1.85,6882.9400000000005,0.11639708080129571
^SPX,2026-02-24 16:15:00,SPX,2026-04-17,7625.0,C,1.49,1.49,1.49,1.49,3,323,1.5,984,1.7,6852.66,6913.22,961,0.1397260273972602,1.6,6882.9400000000005,0.11746264156580667
^SPX,2026-02-24 16:15:00,SPX,2026-04-17,7650.0,C,0.0,0.0,0.0,0.0,0,273,1.3,1240,1.5,6852.66,6913.22,1932,0.1397260273972602,1.4,6882.9400000000005,0.11869897896560956
^SPX,2026-02-24 16:15:00,SPX,2026-04-17,7675.0,C,1.1,1.14,1.1,1.14,11,232,1.15,652,1.3,6852.66,6913.22,2365,0.1397260273972602,1.225,6882.9400000000005,0.11991231079607968
^SPX,2026-02-24 16:15:00,SPX,2026-04-17,7700.0,C,1.05,1.07,1.05,1.07,21,134,1.0,514,1.15,6852.66,6913.22,6983,0.1397260273972602,1.075,6882.9400000000005,0.12114801505165161
^SPX,2026-02-24 16:15:00,SPX,2026-04-17,7725.0,C,0.95,1.0,0.9,1.0,38,307,0.85,1127,1.05,6852.66,6913.22,237,0.1397260273972602,0.95,6882.9400000000005,0.12246582737963428
^SPX,2026-02-24 16:15:00,SPX,2026-04-17,7750.0,C,0.0,0.0,0.0,0.0,0,686,0.75,1815,0.95,6852.66,6913.22,1111,0.1397260273972602,0.85,6882.9400000000005,0.12394105686859706
^SPX,2026-02-24 16:15:00,SPX,2026-04-17,7775.0,C,0.7,0.8,0.7,0.75,13,300,0.7,1429,0.85,6852.66,6913.22,4178,0.1397260273972602,0.7749999999999999,6882.9400000000005,0.12566264355565868
^SPX,2026-02-24 16:15:00,SPX,2026-04-17,7800.0,C,0.65,0.7,0.6,0.7,102,672,0.6,1978,0.8,6852.66,6913.22,5635,0.1397260273972602,0.7,6882.9400000000005,0.12721239313536944
^SPX,2026-02-24 16:15:00,SPX,2026-04-17,7825.0,C,0.6,0.65,0.6,0.65,2,367,0.55,1419,0.7,6852.66,6913.22,2174,0.1397260273972602,0.625,6882.9400000000005,0.12856516271495844
^SPX,2026-02-24 16:15:00,SPX,2026-04-17,7850.0,C,0.55,0.6,0.55,0.6,2,245,0.5,1857,0.65,6852.66,6913.22,2189,0.1397260273972602,0.575,6882.9400000000005,0.13031857909700748
^SPX,2026-02-24 16:15:00,SPX,2026-04-17,7875.0,C,0.5,0.55,0.5,0.55,2,234,0.45,1801,0.6,6852.66,6913.22,1541,0.1397260273972602,0.525,6882.9400000000005,0.13193176310564508
^SPX,2026-02-24 16:15:00,SPX,2026-04-17,7900.0,C,0.45,0.5,0.45,0.5,2,1439,0.35,860,0.55,6852.66,6913.22,3836,0.1397260273972602,0.45,6882.9400000000005,0.13263187465402015
^SPX,2026-02-24 16:15:00,SPX,2026-04-17,7950.0,C,0.0,0.0,0.0,0.0,0,2105,0.2,1690,0.5,6852.66,6913.22,184,0.1397260273972602,0.35,6882.9400000000005,0.13478466783663506
^SPX,2026-02-24 16:15:00,SPX,2026-04-17,8000.0,C,0.35,0.35,0.3,0.3,7,1617,0.2,671,0.4,6852.66,6913.22,11516,0.1397260273972602,0.30000000000000004,6882.9400000000005,0.13815228258327067
^SPX,2026-02-24 16:15:00,SPX,2026-04-17,8100.0,C,0.25,0.25,0.25,0.25,1,1584,0.1,766,0.35,6852.66,6913.22,4409,0.1397260273972602,0.22499999999999998,6882.9400000000005,0.1448423682363463
^SPX,2026-02-24 16:15:00,SPX,2026-04-17,8200.0,C,0.2,0.2,0.2,0.2,1,1654,0.05,1411,0.35,6852.66,6913.22,4255,0.1397260273972602,0.19999999999999998,6882.9400000000005,0.15341437287356074
^SPX,2026-02-24 16:15:00,SPX,2026-04-17,8300.0,C,0.15,0.15,0.15,0.15,3,374,0.05,762,0.3,6852.66,6913.22,213,0.1397260273972602,0.175,6882.9400000000005,0.161449522071408
^SPX,2026-02-24 16:15:00,SPX,2026-04-17,8400.0,C,0.0,0.0,0.0,0.0,0,0,0.0,444,0.25,6852.66,6913.22,560,0.1397260273972602,0.125,6882.9400000000005,0.16635871024781482
^SPX,2026-02-24 16:15:00,SPX,2026-04-17,8500.0,C,0.0,0.0,0.0,0.0,0,0,0.0,655,0.25,6852.66,6913.22,213,0.1397260273972602,0.125,6882.9400000000005,0.175627676112146
^SPX,2026-02-24 16:15:00,SPX,2026-04-17,8600.0,C,0.0,0.0,0.0,0.0,0,0,0.0,588,0.25,6852.66,6913.22,243,0.1397260273972602,0.125,6882.9400000000005,0.1847440456903503
^SPX,2026-02-24 16:15:00,SPX,2026-04-17,8800.0,C,0.0,0.0,0.0,0.0,0,0,0.0,524,0.2,6852.66,6913.22,94,0.1397260273972602,0.1,6882.9400000000005,0.19904476112210565
^SPX,2026-02-24 16:15:00,SPX,2026-04-17,9000.0,C,0.0,0.0,0.0,0.0,0,1,0.05,695,0.2,6852.66,6913.22,633,0.1397260273972602,0.125,6882.9400000000005,0.21980445407434
^SPX,2026-02-24 16:15:00,SPX,2026-04-17,9200.0,C,0.0,0.0,0.0,0.0,0,0,0.0,531,0.15,6852.66,6913.22,594,0.1397260273972602,0.075,6882.9400000000005,0.22768181204765875
^SPX,2026-02-24 16:15:00,SPX,2026-04-17,9400.0,C,0.0,0.0,0.0,0.0,0,0,0.0,582,0.15,6852.66,6913.22,537,0.1397260273972602,0.075,6882.9400000000005,0.24345540030732268
^SPX,2026-02-24 16:15:00,SPX,2026-04-17,9600.0,C,0.0,0.0,0.0,0.0,0,11,0.05,743,0.15,6852.66,6913.22,267,0.1397260273972602,0.1,6882.9400000000005,0.26426065321103365
^SPX,2026-02-24 16:15:00,SPX,2026-04-17,9800.0,C,0.05,0.05,0.05,0.05,30,0,0.0,1187,0.15,6852.66,6913.22,17520,0.1397260273972602,0.075,6882.9400000000005,0.27376606075570614
^SPX,2026-02-24 16:15:00,SPX,2026-04-17,10000.0,C,0.0,0.0,0.0,0.0,0,0,0.0,378,0.1,6852.66,6913.22,872,0.1397260273972602,0.05,6882.9400000000005,0.28045284447072655
^SPX,2026-02-24 16:15:00,SPX,2026-04-17,10400.0,C,0.0,0.0,0.0,0.0,0,0,0.0,406,0.1,6852.66,6913.22,645,0.1397260273972602,0.05,6882.9400000000005,0.3079212287917718
^SPX,2026-02-24 16:15:00,SPX,2026-04-17,10800.0,C,0.0,0.0,0.0,0.0,0,0,0.0,289,0.1,6852.66,6913.22,7,0.1397260273972602,0.05,6882.9400000000005,0.33414788532422274
^SPX,2026-02-24 16:15:00,SPX,2026-04-17,11200.0,C,0.0,0.0,0.0,0.0,0,0,0.0,299,0.1,6852.66,6913.22,70,0.1397260273972602,0.05,6882.9400000000005,0.3592453075492263
^SPX,2026-02-24 16:15:00,SPX,2026-04-17,11600.0,C,0.0,0.0,0.0,0.0,0,0,0.0,307,0.1,6852.66,6913.22,2,0.1397260273972602,0.05,6882.9400000000005,0.3833099593445757
^SPX,2026-02-24 16:15:00,SPX,2026-04-17,12000.0,C,0.0,0.0,0.0,0.0,0,0,0.0,314,0.1,6852.66,6913.22,768,0.1397260273972602,0.05,6882.9400000000005,0.4064255270174509
^SPX,2026-02-24 16:15:00,SPX,2026-04-17,12400.0,C,0.0,0.0,0.0,0.0,0,0,0.0,528,0.1,6852.66,6913.22,1,0.1397260273972602,0.05,6882.9400000000005,0.4286652979632345
^SPX,2026-02-24 16:15:00,SPX,2026-05-15,4950.0,C,0.0,0.0,0.0,0.0,0,2,1979.5,2,1982.6,6852.66,6913.22,0,0.2164383561643835,1981.05,6882.9400000000005,0.2306693946453254
^SPX,2026-02-24 16:15:00,SPX,2026-05-15,4975.0,C,0.0,0.0,0.0,0.0,0,2,1954.8,2,1958.6,6852.66,6913.22,1,0.2164383561643835,1956.6999999999998,6882.9400000000005,0.25721712363206145
^SPX,2026-02-24 16:15:00,SPX,2026-05-15,5000.0,C,0.0,0.0,0.0,0.0,0,2,1930.7,2,1933.8,6852.66,6913.22,2034,0.2164383561643835,1932.25,6882.9400000000005,0.2653797362359875
^SPX,2026-02-24 16:15:00,SPX,2026-05-15,5025.0,C,0.0,0.0,0.0,0.0,0,2,1905.9,2,1909.7,6852.66,6913.22,0,0.2164383561643835,1907.8000000000002,6882.9400000000005,0.27048129864826687
^SPX,2026-02-24 16:15:00,SPX,2026-05-15,5050.0,C,0.0,0.0,0.0,0.0,0,2,1881.9,2,1884.9,6852.66,6913.22,3,0.2164383561643835,1883.4,6882.9400000000005,0.2748958293254236
^SPX,2026-02-24 16:15:00,SPX,2026-05-15,5075.0,C,0.0,0.0,0.0,0.0,0,2,1857.3,2,1860.9,6852.66,6913.22,0,0.2164383561643835,1859.1,6882.9400000000005,0.2795985633901177
^SPX,2026-02-24 16:15:00,SPX,2026-05-15,5100.0,C,0.0,0.0,0.0,0.0,0,2,1833.1,2,1836.1,6852.66,6913.22,10,0.2164383561643835,1834.6,6882.9400000000005,0.27982685034736143
^SPX,2026-02-24 16:15:00,SPX,2026-05-15,5125.0,C,0.0,0.0,0.0,0.0,0,2,1808.4,2,1812.1,6852.66,6913.22,0,0.2164383561643835,1810.25,6882.9400000000005,0.2817365741531242
^SPX,2026-02-24 16:15:00,SPX,2026-05-15,5150.0,C,0.0,0.0,0.0,0.0,0,2,1784.4,2,1787.3,6852.66,6913.22,1,0.2164383561643835,1785.85,6882.9400000000005,0.28232122699759765
^SPX,2026-02-24 16:15:00,SPX,2026-05-15,5175.0,C,0.0,0.0,0.0,0.0,0,2,1759.7,2,1763.4,6852.66,6913.22,2,0.2164383561643835,1761.5500000000002,6882.9400000000005,0.28357339796981224
^SPX,2026-02-24 16:15:00,SPX,2026-05-15,5200.0,C,0.0,0.0,0.0,0.0,0,2,1735.8,2,1738.8,6852.66,6913.22,6,0.2164383561643835,1737.3,6882.9400000000005,0.2847662645769094
^SPX,2026-02-24 16:15:00,SPX,2026-05-15,5225.0,C,0.0,0.0,0.0,0.0,0,2,1711.1,2,1714.8,6852.66,6913.22,1,0.2164383561643835,1712.9499999999998,6882.9400000000005,0.28450190616697485
^SPX,2026-02-24 16:15:00,SPX,2026-05-15,5250.0,C,0.0,0.0,0.0,0.0,0,2,1687.2,2,1690.2,6852.66,6913.22,38,0.2164383561643835,1688.7,6882.9400000000005,0.284785607242929
^SPX,2026-02-24 16:15:00,SPX,2026-05-15,5275.0,C,0.0,0.0,0.0,0.0,0,2,1662.5,2,1666.2,6852.66,6913.22,0,0.2164383561643835,1664.35,6882.9400000000005,0.28389488176745165
^SPX,2026-02-24 16:15:00,SPX,2026-05-15,5300.0,C,0.0,0.0,0.0,0.0,0,2,1638.5,2,1641.6,6852.66,6913.22,77,0.2164383561643835,1640.05,6882.9400000000005,0.28315267385674026
^SPX,2026-02-24 16:15:00,SPX,2026-05-15,5325.0,C,0.0,0.0,0.0,0.0,0,2,1614.0,2,1617.6,6852.66,6913.22,5,0.2164383561643835,1615.8,6882.9400000000005,0.2825179671022515
^SPX,2026-02-24 16:15:00,SPX,2026-05-15,5350.0,C,0.0,0.0,0.0,0.0,0,2,1590.1,2,1593.0,6852.66,6913.22,8,0.2164383561643835,1591.55,6882.9400000000005,0.28162838563361886
^SPX,2026-02-24 16:15:00,SPX,2026-05-15,5375.0,C,0.0,0.0,0.0,0.0,0,2,1565.6,2,1569.2,6852.66,6913.22,1,0.2164383561643835,1567.4,6882.9400000000005,0.281131676811267
^SPX,2026-02-24 16:15:00,SPX,2026-05-15,5400.0,C,0.0,0.0,0.0,0.0,0,2,1541.8,2,1544.6,6852.66,6913.22,563,0.2164383561643835,1543.1999999999998,6882.9400000000005,0.2800753935786588
^SPX,2026-02-24 16:15:00,SPX,2026-05-15,5425.0,C,0.0,0.0,0.0,0.0,0,2,1517.3,2,1520.9,6852.66,6913.22,0,0.2164383561643835,1519.1,6882.9400000000005,0.27936098514266494
^SPX,2026-02-24 16:15:00,SPX,2026-05-15,5450.0,C,0.0,0.0,0.0,0.0,0,2,1493.5,2,1496.3,6852.66,6913.22,0,0.2164383561643835,1494.9,6882.9400000000005,0.2778853953583626
^SPX,2026-02-24 16:15:00,SPX,2026-05-15,5475.0,C,0.0,0.0,0.0,0.0,0,2,1469.1,2,1472.6,6852.66,6913.22,222,0.2164383561643835,1470.85,6882.9400000000005,0.27698366785528683
^SPX,2026-02-24 16:15:00,SPX,2026-05-15,5500.0,C,0.0,0.0,0.0,0.0,0,2,1445.3,2,1448.1,6852.66,6913.22,1082,0.2164383561643835,1446.6999999999998,6882.9400000000005,0.2753927344282109
^SPX,2026-02-24 16:15:00,SPX,2026-05-15,5525.0,C,0.0,0.0,0.0,0.0,0,2,1421.0,2,1424.5,6852.66,6913.22,13,0.2164383561643835,1422.75,6882.9400000000005,0.27453422665542937
^SPX,2026-02-24 16:15:00,SPX,2026-05-15,5550.0,C,0.0,0.0,0.0,0.0,0,2,1397.3,2,1400.1,6852.66,6913.22,270,0.2164383561643835,1398.6999999999998,6882.9400000000005,0.2730279292196294
^SPX,2026-02-24 16:15:00,SPX,2026-05-15,5575.0,C,0.0,0.0,0.0,0.0,0,2,1373.2,2,1376.4,6852.66,6913.22,334,0.2164383561643835,1374.8000000000002,6882.9400000000005,0.27195789286669253
^SPX,2026-02-24 16:15:00,SPX,2026-05-15,5600.0,C,0.0,0.0,0.0,0.0,0,2,1349.4,2,1352.1,6852.66,6913.22,2796,0.2164383561643835,1350.75,6882.9400000000005,0.27010854255206623
^SPX,2026-02-24 16:15:00,SPX,2026-05-15,5625.0,C,0.0,0.0,0.0,0.0,0,2,1325.2,2,1328.5,6852.66,6913.22,422,0.2164383561643835,1326.85,6882.9400000000005,0.2686704155418568
^SPX,2026-02-24 16:15:00,SPX,2026-05-15,5650.0,C,0.0,0.0,0.0,0.0,0,2,1301.6,2,1304.3,6852.66,6913.22,1601,0.2164383561643835,1302.9499999999998,6882.9400000000005,0.26705822188089395
^SPX,2026-02-24 16:15:00,SPX,2026-05-15,5675.0,C,0.0,0.0,0.0,0.0,0,2,1277.5,2,1280.8,6852.66,6913.22,406,0.2164383561643835,1279.15,6882.9400000000005,0.2656198729479607
^SPX,2026-02-24 16:15:00,SPX,2026-05-15,5700.0,C,0.0,0.0,0.0,0.0,0,2,1254.0,2,1256.6,6852.66,6913.22,504,0.2164383561643835,1255.3,6882.9400000000005,0.2638460761631047
^SPX,2026-02-24 16:15:00,SPX,2026-05-15,5725.0,C,0.0,0.0,0.0,0.0,0,2,1230.0,2,1233.2,6852.66,6913.22,117,0.2164383561643835,1231.6,6882.9400000000005,0.262382162316903
^SPX,2026-02-24 16:15:00,SPX,2026-05-15,5750.0,C,0.0,0.0,0.0,0.0,0,2,1206.6,2,1209.2,6852.66,6913.22,290,0.2164383561643835,1207.9,6882.9400000000005,0.26074252891671706
^SPX,2026-02-24 16:15:00,SPX,2026-05-15,5760.0,C,0.0,0.0,0.0,0.0,0,2,1196.8,2,1200.0,6852.66,6913.22,0,0.2164383561643835,1198.4,6882.9400000000005,0.25998299678474485
^SPX,2026-02-24 16:15:00,SPX,2026-05-15,5770.0,C,0.0,0.0,0.0,0.0,0,2,1187.4,2,1190.5,6852.66,6913.22,0,0.2164383561643835,1188.95,6882.9400000000005,0.2593416273719478
^SPX,2026-02-24 16:15:00,SPX,2026-05-15,5775.0,C,0.0,0.0,0.0,0.0,0,2,1182.6,2,1185.8,6852.66,6913.22,70,0.2164383561643835,1184.1999999999998,6882.9400000000005,0.258940524100957
^SPX,2026-02-24 16:15:00,SPX,2026-05-15,5780.0,C,0.0,0.0,0.0,0.0,0,2,1178.0,2,1181.0,6852.66,6913.22,0,0.2164383561643835,1179.5,6882.9400000000005,0.2586729792916943
^SPX,2026-02-24 16:15:00,SPX,2026-05-15,5790.0,C,0.0,0.0,0.0,0.0,0,2,1168.5,2,1171.6,6852.66,6913.22,0,0.2164383561643835,1170.05,6882.9400000000005,0.25797787399243954
^SPX,2026-02-24 16:15:00,SPX,2026-05-15,5800.0,C,0.0,0.0,0.0,0.0,0,2,1159.2,2,1161.8,6852.66,6913.22,2057,0.2164383561643835,1160.5,6882.9400000000005,0.25698763502983113
^SPX,2026-02-24 16:15:00,SPX,2026-05-15,5810.0,C,0.0,0.0,0.0,0.0,0,2,1149.5,2,1152.7,6852.66,6913.22,0,0.2164383561643835,1151.1,6882.9400000000005,0.25637883604235706
^SPX,2026-02-24 16:15:00,SPX,2026-05-15,5820.0,C,0.0,0.0,0.0,0.0,0,2,1140.1,2,1143.3,6852.66,6913.22,0,0.2164383561643835,1141.6999999999998,6882.9400000000005,0.2557413307494732
^SPX,2026-02-24 16:15:00,SPX,2026-05-15,5825.0,C,0.0,0.0,0.0,0.0,0,2,1135.4,2,1138.6,6852.66,6913.22,109,0.2164383561643835,1137.0,6882.9400000000005,0.2554120873871103
^SPX,2026-02-24 16:15:00,SPX,2026-05-15,5830.0,C,0.0,0.0,0.0,0.0,0,2,1130.7,2,1133.9,6852.66,6913.22,0,0.2164383561643835,1132.3000000000002,6882.9400000000005,0.2550759897881963
^SPX,2026-02-24 16:15:00,SPX,2026-05-15,5840.0,C,0.0,0.0,0.0,0.0,0,2,1121.3,2,1124.5,6852.66,6913.22,1,0.2164383561643835,1122.9,6882.9400000000005,0.2543836319192414
^SPX,2026-02-24 16:15:00,SPX,2026-05-15,5850.0,C,0.0,0.0,0.0,0.0,0,2,1112.2,2,1114.7,6852.66,6913.22,736,0.2164383561643835,1113.45,6882.9400000000005,0.2535408219362432
^SPX,2026-02-24 16:15:00,SPX,2026-05-15,5860.0,C,0.0,0.0,0.0,0.0,0,2,1102.5,2,1105.7,6852.66,6913.22,0,0.2164383561643835,1104.1,6882.9400000000005,0.25292090434757
^SPX,2026-02-24 16:15:00,SPX,2026-05-15,5870.0,C,0.0,0.0,0.0,0.0,0,2,1093.1,2,1096.3,6852.66,6913.22,0,0.2164383561643835,1094.6999999999998,6882.9400000000005,0.25215194631987764
^SPX,2026-02-24 16:15:00,SPX,2026-05-15,5875.0,C,0.0,0.0,0.0,0.0,0,2,1088.4,2,1091.6,6852.66,6913.22,389,0.2164383561643835,1090.0,6882.9400000000005,0.2517583580004464
^SPX,2026-02-24 16:15:00,SPX,2026-05-15,5880.0,C,0.0,0.0,0.0,0.0,0,2,1083.9,2,1086.9,6852.66,6913.22,0,0.2164383561643835,1085.4,6882.9400000000005,0.2515955890804117
^SPX,2026-02-24 16:15:00,SPX,2026-05-15,5890.0,C,0.0,0.0,0.0,0.0,0,2,1074.5,2,1077.5,6852.66,6913.22,0,0.2164383561643835,1076.0,6882.9400000000005,0.2507753495520469
^SPX,2026-02-24 16:15:00,SPX,2026-05-15,5900.0,C,0.0,0.0,0.0,0.0,0,2,1065.4,2,1067.8,6852.66,6913.22,7327,0.2164383561643835,1066.6,6882.9400000000005,0.2499322160250546
^SPX,2026-02-24 16:15:00,SPX,2026-05-15,5910.0,C,0.0,0.0,0.0,0.0,0,2,1055.7,2,1058.8,6852.66,6913.22,0,0.2164383561643835,1057.25,6882.9400000000005,0.24917985002900644
^SPX,2026-02-24 16:15:00,SPX,2026-05-15,5920.0,C,0.0,0.0,0.0,0.0,0,2,1046.4,2,1049.5,6852.66,6913.22,1,0.2164383561643835,1047.95,6882.9400000000005,0.24851366137234224
^SPX,2026-02-24 16:15:00,SPX,2026-05-15,5925.0,C,0.0,0.0,0.0,0.0,0,2,1041.7,2,1044.8,6852.66,6913.22,995,0.2164383561643835,1043.25,6882.9400000000005,0.2480596108879309
^SPX,2026-02-24 16:15:00,SPX,2026-05-15,5930.0,C,0.0,0.0,0.0,0.0,0,2,1037.1,2,1040.1,6852.66,6913.22,0,0.2164383561643835,1038.6,6882.9400000000005,0.24770999037060085
^SPX,2026-02-24 16:15:00,SPX,2026-05-15,5940.0,C,0.0,0.0,0.0,0.0,0,2,1027.7,2,1030.8,6852.66,6913.22,0,0.2164383561643835,1029.25,6882.9400000000005,0.2468824496107395
^SPX,2026-02-24 16:15:00,SPX,2026-05-15,5950.0,C,0.0,0.0,0.0,0.0,0,2,1018.7,2,1021.2,6852.66,6913.22,2375,0.2164383561643835,1019.95,6882.9400000000005,0.24613804600560807
^SPX,2026-02-24 16:15:00,SPX,2026-05-15,5960.0,C,0.0,0.0,0.0,0.0,0,2,1009.1,2,1012.2,6852.66,6913.22,0,0.2164383561643835,1010.6500000000001,6882.9400000000005,0.24536777807862972
^SPX,2026-02-24 16:15:00,SPX,2026-05-15,5970.0,C,0.0,0.0,0.0,0.0,0,2,999.8,2,1002.9,6852.66,6913.22,0,0.2164383561643835,1001.3499999999999,6882.9400000000005,0.24457228321547908
^SPX,2026-02-24 16:15:00,SPX,2026-05-15,5975.0,C,0.0,0.0,0.0,0.0,0,2,995.2,2,998.3,6852.66,6913.22,219,0.2164383561643835,996.75,6882.9400000000005,0.24426776620532642
^SPX,2026-02-24 16:15:00,SPX,2026-05-15,5980.0,C,0.0,0.0,0.0,0.0,0,2,990.6,2,993.6,6852.66,6913.22,0,0.2164383561643835,992.1,6882.9400000000005,0.24385392678867343
^SPX,2026-02-24 16:15:00,SPX,2026-05-15,5990.0,C,0.0,0.0,0.0,0.0,0,2,981.3,2,984.4,6852.66,6913.22,0,0.2164383561643835,982.8499999999999,6882.9400000000005,0.24310855653060545
^SPX,2026-02-24 16:15:00,SPX,2026-05-15,6000.0,C,941.35,973.7,941.35,969.63,23,2,972.3,2,974.8,6852.66,6913.22,46250,0.2164383561643835,973.55,6882.9400000000005,0.24223805989290279
^SPX,2026-02-24 16:15:00,SPX,2026-05-15,6010.0,C,0.0,0.0,0.0,0.0,0,2,962.8,2,965.9,6852.66,6913.22,0,0.2164383561643835,964.3499999999999,6882.9400000000005,0.2415394142165926
^SPX,2026-02-24 16:15:00,SPX,2026-05-15,6020.0,C,0.0,0.0,0.0,0.0,0,2,953.6,2,956.6,6852.66,6913.22,0,0.2164383561643835,955.1,6882.9400000000005,0.24071686917633345
^SPX,2026-02-24 16:15:00,SPX,2026-05-15,6025.0,C,939.63,939.63,939.63,939.63,1,2,949.0,2,952.0,6852.66,6913.22,107,0.2164383561643835,950.5,6882.9400000000005,0.2403439832355707
^SPX,2026-02-24 16:15:00,SPX,2026-05-15,6030.0,C,0.0,0.0,0.0,0.0,0,2,944.4,2,947.4,6852.66,6913.22,0,0.2164383561643835,945.9,6882.9400000000005,0.23996434683778048
^SPX,2026-02-24 16:15:00,SPX,2026-05-15,6040.0,C,0.0,0.0,0.0,0.0,0,2,935.2,2,938.2,6852.66,6913.22,0,0.2164383561643835,936.7,6882.9400000000005,0.23918514274366703
^SPX,2026-02-24 16:15:00,SPX,2026-05-15,6050.0,C,0.0,0.0,0.0,0.0,0,2,926.4,2,928.7,6852.66,6913.22,1392,0.2164383561643835,927.55,6882.9400000000005,0.23847172122366542
^SPX,2026-02-24 16:15:00,SPX,2026-05-15,6060.0,C,0.0,0.0,0.0,0.0,0,2,916.8,2,919.8,6852.66,6913.22,0,0.2164383561643835,918.3,6882.9400000000005,0.23754912279407842
^SPX,2026-02-24 16:15:00,SPX,2026-05-15,6070.0,C,0.0,0.0,0.0,0.0,0,2,907.7,2,910.6,6852.66,6913.22,0,0.2164383561643835,909.1500000000001,6882.9400000000005,0.23678276927863734
^SPX,2026-02-24 16:15:00,SPX,2026-05-15,6075.0,C,0.0,0.0,0.0,0.0,0,2,903.1,2,906.0,6852.66,6913.22,37,0.2164383561643835,904.55,6882.9400000000005,0.23634513337907267
^SPX,2026-02-24 16:15:00,SPX,2026-05-15,6080.0,C,0.0,0.0,0.0,0.0,0,2,898.5,2,901.5,6852.66,6913.22,0,0.2164383561643835,900.0,6882.9400000000005,0.23598954204303937
^SPX,2026-02-24 16:15:00,SPX,2026-05-15,6090.0,C,0.0,0.0,0.0,0.0,0,2,889.4,2,892.3,6852.66,6913.22,1,0.2164383561643835,890.8499999999999,6882.9400000000005,0.23517003564260486
^SPX,2026-02-24 16:15:00,SPX,2026-05-15,6100.0,C,0.0,0.0,0.0,0.0,0,2,880.6,2,882.9,6852.66,6913.22,975,0.2164383561643835,881.75,6882.9400000000005,0.23441044474085782
^SPX,2026-02-24 16:15:00,SPX,2026-05-15,6110.0,C,0.0,0.0,0.0,0.0,0,2,871.2,2,874.1,6852.66,6913.22,0,0.2164383561643835,872.6500000000001,6882.9400000000005,0.23362332788699822
^SPX,2026-02-24 16:15:00,SPX,2026-05-15,6120.0,C,0.0,0.0,0.0,0.0,0,2,862.1,2,865.0,6852.66,6913.22,0,0.2164383561643835,863.55,6882.9400000000005,0.23280928370341838
^SPX,2026-02-24 16:15:00,SPX,2026-05-15,6125.0,C,0.0,0.0,0.0,0.0,0,2,857.5,2,860.4,6852.66,6913.22,45,0.2164383561643835,858.95,6882.9400000000005,0.23230961485015883
^SPX,2026-02-24 16:15:00,SPX,2026-05-15,6130.0,C,0.0,0.0,0.0,0.0,0,2,853.0,2,855.9,6852.66,6913.22,0,0.2164383561643835,854.45,6882.9400000000005,0.23196887592915993
^SPX,2026-02-24 16:15:00,SPX,2026-05-15,6140.0,C,0.0,0.0,0.0,0.0,0,2,843.9,2,846.8,6852.66,6913.22,0,0.2164383561643835,845.3499999999999,6882.9400000000005,0.2311026355808012
^SPX,2026-02-24 16:15:00,SPX,2026-05-15,6150.0,C,0.0,0.0,0.0,0.0,0,2,835.1,2,837.4,6852.66,6913.22,777,0.2164383561643835,836.25,6882.9400000000005,0.23021106292040372
^SPX,2026-02-24 16:15:00,SPX,2026-05-15,6160.0,C,0.0,0.0,0.0,0.0,0,2,825.9,2,828.7,6852.66,6913.22,0,0.2164383561643835,827.3,6882.9400000000005,0.2295313984770021
^SPX,2026-02-24 16:15:00,SPX,2026-05-15,6170.0,C,0.0,0.0,0.0,0.0,0,2,817.0,2,819.7,6852.66,6913.22,0,0.2164383561643835,818.35,6882.9400000000005,0.22882101894604623
^SPX,2026-02-24 16:15:00,SPX,2026-05-15,6175.0,C,0.0,0.0,0.0,0.0,0,2,812.3,2,815.1,6852.66,6913.22,718,0.2164383561643835,813.7,6882.9400000000005,0.22818399554604984
^SPX,2026-02-24 16:15:00,SPX,2026-05-15,6180.0,C,0.0,0.0,0.0,0.0,0,2,807.9,2,810.6,6852.66,6913.22,0,0.2164383561643835,809.25,6882.9400000000005,0.22785033761313772
^SPX,2026-02-24 16:15:00,SPX,2026-05-15,6190.0,C,0.0,0.0,0.0,0.0,0,2,799.0,2,801.6,6852.66,6913.22,0,0.2164383561643835,800.3,6882.9400000000005,0.22708364956885974
^SPX,2026-02-24 16:15:00,SPX,2026-05-15,6200.0,C,0.0,0.0,0.0,0.0,0,2,790.2,2,792.3,6852.66,6913.22,1438,0.2164383561643835,791.25,6882.9400000000005,0.22613850318752798
^SPX,2026-02-24 16:15:00,SPX,2026-05-15,6210.0,C,0.0,0.0,0.0,0.0,0,2,781.0,2,783.7,6852.66,6913.22,0,0.2164383561643835,782.35,6882.9400000000005,0.22539044424599822
^SPX,2026-02-24 16:15:00,SPX,2026-05-15,6220.0,C,0.0,0.0,0.0,0.0,0,2,772.0,2,774.7,6852.66,6913.22,1,0.2164383561643835,773.35,6882.9400000000005,0.22446690870922772
^SPX,2026-02-24 16:15:00,SPX,2026-05-15,6225.0,C,0.0,0.0,0.0,0.0,0,2,767.6,2,770.2,6852.66,6913.22,247,0.2164383561643835,768.9000000000001,6882.9400000000005,0.22406800466702825
^SPX,2026-02-24 16:15:00,SPX,2026-05-15,6230.0,C,0.0,0.0,0.0,0.0,0,2,763.1,2,765.8,6852.66,6913.22,0,0.2164383561643835,764.45,6882.9400000000005,0.22366187281838193
^SPX,2026-02-24 16:15:00,SPX,2026-05-15,6240.0,C,0.0,0.0,0.0,0.0,0,2,754.2,2,756.8,6852.66,6913.22,0,0.2164383561643835,755.5,6882.9400000000005,0.22275715517350564
^SPX,2026-02-24 16:15:00,SPX,2026-05-15,6250.0,C,748.11,748.11,748.11,748.11,2,2,745.6,2,747.6,6852.66,6913.22,1134,0.2164383561643835,746.6,6882.9400000000005,0.22189625986437056
^SPX,2026-02-24 16:15:00,SPX,2026-05-15,6260.0,C,0.0,0.0,0.0,0.0,0,2,736.6,2,739.1,6852.66,6913.22,0,0.2164383561643835,737.85,6882.9400000000005,0.22121548112777106
^SPX,2026-02-24 16:15:00,SPX,2026-05-15,6270.0,C,0.0,0.0,0.0,0.0,0,2,727.6,2,730.2,6852.66,6913.22,0,0.2164383561643835,728.9000000000001,6882.9400000000005,0.22022882174034522
^SPX,2026-02-24 16:15:00,SPX,2026-05-15,6275.0,C,0.0,0.0,0.0,0.0,0,2,723.2,2,725.8,6852.66,6913.22,279,0.2164383561643835,724.5,6882.9400000000005,0.21982804039451126
^SPX,2026-02-24 16:15:00,SPX,2026-05-15,6280.0,C,0.0,0.0,0.0,0.0,0,2,718.9,2,721.4,6852.66,6913.22,1,0.2164383561643835,720.15,6882.9400000000005,0.2194873208148438
^SPX,2026-02-24 16:15:00,SPX,2026-05-15,6290.0,C,0.0,0.0,0.0,0.0,0,2,710.1,2,712.6,6852.66,6913.22,0,0.2164383561643835,711.35,6882.9400000000005,0.21864786535928546
^SPX,2026-02-24 16:15:00,SPX,2026-05-15,6300.0,C,0.0,0.0,0.0,0.0,0,2,701.5,2,703.4,6852.66,6913.22,2870,0.2164383561643835,702.45,6882.9400000000005,0.21764758484374588
^SPX,2026-02-24 16:15:00,SPX,2026-05-15,6310.0,C,0.0,0.0,0.0,0.0,0,2,692.4,2,695.0,6852.66,6913.22,0,0.2164383561643835,693.7,6882.9400000000005,0.21681716623942626
^SPX,2026-02-24 16:15:00,SPX,2026-05-15,6320.0,C,0.0,0.0,0.0,0.0,0,2,683.8,2,686.2,6852.66,6913.22,1,0.2164383561643835,685.0,6882.9400000000005,0.21602129379604906
^SPX,2026-02-24 16:15:00,SPX,2026-05-15,6325.0,C,0.0,0.0,0.0,0.0,0,2,679.3,2,681.9,6852.66,6913.22,590,0.2164383561643835,680.5999999999999,6882.9400000000005,0.21554786761154532
^SPX,2026-02-24 16:15:00,SPX,2026-05-15,6330.0,C,0.0,0.0,0.0,0.0,0,2,675.1,2,677.4,6852.66,6913.22,0,0.2164383561643835,676.25,6882.9400000000005,0.2151310907753203
^SPX,2026-02-24 16:15:00,SPX,2026-05-15,6340.0,C,0.0,0.0,0.0,0.0,0,2,666.3,2,668.8,6852.66,6913.22,0,0.2164383561643835,667.55,6882.9400000000005,0.21427485097769478
^SPX,2026-02-24 16:15:00,SPX,2026-05-15,6350.0,C,660.53,661.01,660.24,660.72,16,2,657.9,2,659.7,6852.66,6913.22,1332,0.2164383561643835,658.8,6882.9400000000005,0.2133267251900404
^SPX,2026-02-24 16:15:00,SPX,2026-05-15,6360.0,C,0.0,0.0,0.0,0.0,0,2,649.0,2,651.3,6852.66,6913.22,2,0.2164383561643835,650.15,6882.9400000000005,0.2124732463522029
^SPX,2026-02-24 16:15:00,SPX,2026-05-15,6370.0,C,0.0,0.0,0.0,0.0,0,2,640.4,2,642.7,6852.66,6913.22,1,0.2164383561643835,641.55,6882.9400000000005,0.21164991934318875
^SPX,2026-02-24 16:15:00,SPX,2026-05-15,6375.0,C,0.0,0.0,0.0,0.0,0,2,636.0,2,638.4,6852.66,6913.22,376,0.2164383561643835,637.2,6882.9400000000005,0.21116622257489293
^SPX,2026-02-24 16:15:00,SPX,2026-05-15,6380.0,C,0.0,0.0,0.0,0.0,0,2,631.7,2,634.1,6852.66,6913.22,7,0.2164383561643835,632.9000000000001,6882.9400000000005,0.21073531808924492
^SPX,2026-02-24 16:15:00,SPX,2026-05-15,6390.0,C,0.0,0.0,0.0,0.0,0,2,623.0,2,625.5,6852.66,6913.22,0,0.2164383561643835,624.25,6882.9400000000005,0.20979114518382133
^SPX,2026-02-24 16:15:00,SPX,2026-05-15,6400.0,C,0.0,0.0,0.0,0.0,0,2,614.7,2,616.6,6852.66,6913.22,2954,0.2164383561643835,615.6500000000001,6882.9400000000005,0.2088763279010409
^SPX,2026-02-24 16:15:00,SPX,2026-05-15,6410.0,C,0.0,0.0,0.0,0.0,0,2,606.0,2,608.4,6852.66,6913.22,1,0.2164383561643835,607.2,6882.9400000000005,0.2081050164276007
^SPX,2026-02-24 16:15:00,SPX,2026-05-15,6420.0,C,0.0,0.0,0.0,0.0,0,2,597.5,2,599.8,6852.66,6913.22,37,0.2164383561643835,598.65,6882.9400000000005,0.20718562309346736
^SPX,2026-02-24 16:15:00,SPX,2026-05-15,6425.0,C,0.0,0.0,0.0,0.0,0,2,593.2,2,595.5,6852.66,6913.22,200,0.2164383561643835,594.35,6882.9400000000005,0.20668596244106754
^SPX,2026-02-24 16:15:00,SPX,2026-05-15,6430.0,C,0.0,0.0,0.0,0.0,0,2,588.9,2,591.3,6852.66,6913.22,0,0.2164383561643835,590.0999999999999,6882.9400000000005,0.20623560504547797
^SPX,2026-02-24 16:15:00,SPX,2026-05-15,6440.0,C,0.0,0.0,0.0,0.0,0,2,580.5,2,582.8,6852.66,6913.22,1,0.2164383561643835,581.65,6882.9400000000005,0.20536728755815709
^SPX,2026-02-24 16:15:00,SPX,2026-05-15,6445.0,C,0.0,0.0,0.0,0.0,0,2,576.2,2,578.5,6852.66,6913.22,0,0.2164383561643835,577.35,6882.9400000000005,0.20483745840547654
^SPX,2026-02-24 16:15:00,SPX,2026-05-15,6450.0,C,0.0,0.0,0.0,0.0,0,2,572.2,2,574.0,6852.66,6913.22,2798,0.2164383561643835,573.1,6882.9400000000005,0.20435586985237908
^SPX,2026-02-24 16:15:00,SPX,2026-05-15,6455.0,C,0.0,0.0,0.0,0.0,0,2,567.8,2,570.1,6852.66,6913.22,0,0.2164383561643835,568.95,6882.9400000000005,0.20397675142345997
^SPX,2026-02-24 16:15:00,SPX,2026-05-15,6460.0,C,0.0,0.0,0.0,0.0,0,2,563.6,2,565.9,6852.66,6913.22,1,0.2164383561643835,564.75,6882.9400000000005,0.2035340081130095
^SPX,2026-02-24 16:15:00,SPX,2026-05-15,6465.0,C,0.0,0.0,0.0,0.0,0,2,559.4,2,561.6,6852.66,6913.22,0,0.2164383561643835,560.5,6882.9400000000005,0.20302858340535626
^SPX,2026-02-24 16:15:00,SPX,2026-05-15,6470.0,C,0.0,0.0,0.0,0.0,0,2,555.2,2,557.5,6852.66,6913.22,3,0.2164383561643835,556.35,6882.9400000000005,0.20262399052042912
^SPX,2026-02-24 16:15:00,SPX,2026-05-15,6475.0,C,0.0,0.0,0.0,0.0,0,2,551.0,2,553.3,6852.66,6913.22,385,0.2164383561643835,552.15,6882.9400000000005,0.20215680895474125
^SPX,2026-02-24 16:15:00,SPX,2026-05-15,6480.0,C,0.0,0.0,0.0,0.0,0,2,546.8,2,549.0,6852.66,6913.22,0,0.2164383561643835,547.9,6882.9400000000005,0.20162793781377603
^SPX,2026-02-24 16:15:00,SPX,2026-05-15,6485.0,C,0.0,0.0,0.0,0.0,0,2,542.6,2,544.9,6852.66,6913.22,0,0.2164383561643835,543.75,6882.9400000000005,0.20119831572468747
^SPX,2026-02-24 16:15:00,SPX,2026-05-15,6490.0,C,0.0,0.0,0.0,0.0,0,2,538.5,2,540.7,6852.66,6913.22,1,0.2164383561643835,539.6,6882.9400000000005,0.2007601579336811
^SPX,2026-02-24 16:15:00,SPX,2026-05-15,6495.0,C,0.0,0.0,0.0,0.0,0,2,534.3,2,536.5,6852.66,6913.22,0,0.2164383561643835,535.4,6882.9400000000005,0.20026071601957546
^SPX,2026-02-24 16:15:00,SPX,2026-05-15,6500.0,C,520.19,537.17,504.9,537.17,12,2,530.2,2,532.1,6852.66,6913.22,4344,0.2164383561643835,531.1500000000001,6882.9400000000005,0.1997008336357373
^SPX,2026-02-24 16:15:00,SPX,2026-05-15,6505.0,C,0.0,0.0,0.0,0.0,0,2,526.0,2,528.2,6852.66,6913.22,0,0.2164383561643835,527.1,6882.9400000000005,0.19934269017371603
^SPX,2026-02-24 16:15:00,SPX,2026-05-15,6510.0,C,0.0,0.0,0.0,0.0,0,2,521.8,2,524.1,6852.66,6913.22,1,0.2164383561643835,522.95,6882.9400000000005,0.19887111800272808
^SPX,2026-02-24 16:15:00,SPX,2026-05-15,6515.0,C,0.0,0.0,0.0,0.0,0,2,517.7,2,519.9,6852.66,6913.22,0,0.2164383561643835,518.8,6882.9400000000005,0.19839122643441237
^SPX,2026-02-24 16:15:00,SPX,2026-05-15,6520.0,C,0.0,0.0,0.0,0.0,0,2,513.6,2,515.8,6852.66,6913.22,7,0.2164383561643835,514.7,6882.9400000000005,0.19795452384183973
^SPX,2026-02-24 16:15:00,SPX,2026-05-15,6525.0,C,0.0,0.0,0.0,0.0,0,2,509.4,2,511.7,6852.66,6913.22,269,0.2164383561643835,510.54999999999995,6882.9400000000005,0.19745784912366748
^SPX,2026-02-24 16:15:00,SPX,2026-05-15,6530.0,C,0.0,0.0,0.0,0.0,0,2,505.3,2,507.5,6852.66,6913.22,4,0.2164383561643835,506.4,6882.9400000000005,0.19695296388863992
^SPX,2026-02-24 16:15:00,SPX,2026-05-15,6535.0,C,504.2,504.2,504.2,504.2,4,2,501.2,2,503.4,6852.66,6913.22,0,0.2164383561643835,502.29999999999995,6882.9400000000005,0.1964906124569268
^SPX,2026-02-24 16:15:00,SPX,2026-05-15,6540.0,C,0.0,0.0,0.0,0.0,0,2,497.1,2,499.3,6852.66,6913.22,209,0.2164383561643835,498.20000000000005,6882.9400000000005,0.1960196171617688
^SPX,2026-02-24 16:15:00,SPX,2026-05-15,6545.0,C,0.0,0.0,0.0,0.0,0,1,493.1,1,494.6,6852.66,6913.22,4,0.2164383561643835,493.85,6882.9400000000005,0.1952888653705028
^SPX,2026-02-24 16:15:00,SPX,2026-05-15,6550.0,C,0.0,0.0,0.0,0.0,0,1,489.2,1,490.5,6852.66,6913.22,655,0.2164383561643835,489.85,6882.9400000000005,0.19490189434527347
^SPX,2026-02-24 16:15:00,SPX,2026-05-15,6555.0,C,0.0,0.0,0.0,0.0,0,1,485.1,1,486.5,6852.66,6913.22,1,0.2164383561643835,485.8,6882.9400000000005,0.19445564498262444
^SPX,2026-02-24 16:15:00,SPX,2026-05-15,6560.0,C,0.0,0.0,0.0,0.0,0,1,481.0,1,482.4,6852.66,6913.22,26,0.2164383561643835,481.7,6882.9400000000005,0.19395089145330122
^SPX,2026-02-24 16:15:00,SPX,2026-05-15,6565.0,C,0.0,0.0,0.0,0.0,0,1,476.9,1,478.3,6852.66,6913.22,0,0.2164383561643835,477.6,6882.9400000000005,0.19343764925692397
^SPX,2026-02-24 16:15:00,SPX,2026-05-15,6570.0,C,475.0,475.0,475.0,475.0,7,13,472.9,3,474.3,6852.66,6913.22,3,0.2164383561643835,473.6,6882.9400000000005,0.19301403401408446
^SPX,2026-02-24 16:15:00,SPX,2026-05-15,6575.0,C,0.0,0.0,0.0,0.0,0,9,468.8,3,470.2,6852.66,6913.22,322,0.2164383561643835,469.5,6882.9400000000005,0.1924834385831652
^SPX,2026-02-24 16:15:00,SPX,2026-05-15,6580.0,C,0.0,0.0,0.0,0.0,0,13,464.8,3,466.2,6852.66,6913.22,2,0.2164383561643835,465.5,6882.9400000000005,0.19204160747528562
^SPX,2026-02-24 16:15:00,SPX,2026-05-15,6585.0,C,463.7,463.7,463.7,463.7,13,1,460.8,1,462.1,6852.66,6913.22,4,0.2164383561643835,461.45000000000005,6882.9400000000005,0.19154213199119324
^SPX,2026-02-24 16:15:00,SPX,2026-05-15,6590.0,C,0.0,0.0,0.0,0.0,0,11,456.8,3,458.1,6852.66,6913.22,3,0.2164383561643835,457.45000000000005,6882.9400000000005,0.19108198896908732
^SPX,2026-02-24 16:15:00,SPX,2026-05-15,6595.0,C,0.0,0.0,0.0,0.0,0,1,452.7,1,454.1,6852.66,6913.22,10,0.2164383561643835,453.4,6882.9400000000005,0.1905647092628648
^SPX,2026-02-24 16:15:00,SPX,2026-05-15,6600.0,C,446.01,447.98,446.01,447.98,8,2,448.8,3,450.1,6852.66,6913.22,868,0.2164383561643835,449.45000000000005,6882.9400000000005,0.19013407607534782
^SPX,2026-02-24 16:15:00,SPX,2026-05-15,6605.0,C,447.6,447.6,447.6,447.6,6,1,444.7,1,446.1,6852.66,6913.22,0,0.2164383561643835,445.4,6882.9400000000005,0.18959888047564966
^SPX,2026-02-24 16:15:00,SPX,2026-05-15,6610.0,C,0.0,0.0,0.0,0.0,0,9,440.8,1,442.1,6852.66,6913.22,43,0.2164383561643835,441.45000000000005,6882.9400000000005,0.18914952306600483
^SPX,2026-02-24 16:15:00,SPX,2026-05-15,6615.0,C,438.7,438.7,438.7,438.7,1,1,436.7,1,438.1,6852.66,6913.22,4,0.2164383561643835,437.4,6882.9400000000005,0.18859650291995747
^SPX,2026-02-24 16:15:00,SPX,2026-05-15,6620.0,C,0.0,0.0,0.0,0.0,0,14,432.8,10,434.2,6852.66,6913.22,6,0.2164383561643835,433.5,6882.9400000000005,0.18817538777889287
^SPX,2026-02-24 16:15:00,SPX,2026-05-15,6625.0,C,0.0,0.0,0.0,0.0,0,14,428.8,10,430.2,6852.66,6913.22,303,0.2164383561643835,429.5,6882.9400000000005,0.18765107461055036
^SPX,2026-02-24 16:15:00,SPX,2026-05-15,6630.0,C,427.6,427.6,427.6,427.6,6,13,424.9,3,426.2,6852.66,6913.22,1,0.2164383561643835,425.54999999999995,6882.9400000000005,0.18716416647751807
^SPX,2026-02-24 16:15:00,SPX,2026-05-15,6635.0,C,423.5,423.5,423.2,423.2,14,1,420.9,1,422.3,6852.66,6913.22,0,0.2164383561643835,421.6,6882.9400000000005,0.18666782686878042
^SPX,2026-02-24 16:15:00,SPX,2026-05-15,6640.0,C,419.1,419.1,419.1,419.1,6,13,417.0,10,418.4,6852.66,6913.22,3,0.2164383561643835,417.7,6882.9400000000005,0.18620813530266422
^SPX,2026-02-24 16:15:00,SPX,2026-05-15,6645.0,C,0.0,0.0,0.0,0.0,0,1,413.0,1,414.4,6852.66,6913.22,0,0.2164383561643835,413.7,6882.9400000000005,0.185646930390339
^SPX,2026-02-24 16:15:00,SPX,2026-05-15,6650.0,C,409.5,409.5,409.5,409.5,25,12,409.2,10,410.5,6852.66,6913.22,907,0.2164383561643835,409.85,6882.9400000000005,0.18521375928142708
^SPX,2026-02-24 16:15:00,SPX,2026-05-15,6655.0,C,408.0,408.0,407.1,407.1,14,1,405.2,1,406.6,6852.66,6913.22,6,0.2164383561643835,405.9,6882.9400000000005,0.18467949436486322
^SPX,2026-02-24 16:15:00,SPX,2026-05-15,6660.0,C,0.0,0.0,0.0,0.0,0,13,401.4,10,402.7,6852.66,6913.22,109,0.2164383561643835,402.04999999999995,6882.9400000000005,0.18422648141681738
^SPX,2026-02-24 16:15:00,SPX,2026-05-15,6665.0,C,0.0,0.0,0.0,0.0,0,1,397.4,1,398.8,6852.66,6913.22,11,0.2164383561643835,398.1,6882.9400000000005,0.18367315721368388
^SPX,2026-02-24 16:15:00,SPX,2026-05-15,6670.0,C,395.3,395.3,395.3,395.3,3,13,393.6,1,394.9,6852.66,6913.22,0,0.2164383561643835,394.25,6882.9400000000005,0.18320037608896528
^SPX,2026-02-24 16:15:00,SPX,2026-05-15,6675.0,C,388.2,388.2,388.2,388.2,12,13,389.8,10,391.1,6852.66,6913.22,223,0.2164383561643835,390.45000000000005,6882.9400000000005,0.1827623093190154
^SPX,2026-02-24 16:15:00,SPX,2026-05-15,6680.0,C,349.0,379.0,349.0,379.0,4,9,385.9,10,387.2,6852.66,6913.22,6,0.2164383561643835,386.54999999999995,6882.9400000000005,0.18222470085222003
^SPX,2026-02-24 16:15:00,SPX,2026-05-15,6685.0,C,383.8,383.8,383.8,383.8,6,1,382.0,1,383.4,6852.66,6913.22,0,0.2164383561643835,382.7,6882.9400000000005,0.1817218350988947
^SPX,2026-02-24 16:15:00,SPX,2026-05-15,6690.0,C,0.0,0.0,0.0,0.0,0,13,378.2,10,379.5,6852.66,6913.22,9,0.2164383561643835,378.85,6882.9400000000005,0.18120896436674142
^SPX,2026-02-24 16:15:00,SPX,2026-05-15,6695.0,C,0.0,0.0,0.0,0.0,0,1,374.3,1,375.7,6852.66,6913.22,3,0.2164383561643835,375.0,6882.9400000000005,0.18068609514408268
^SPX,2026-02-24 16:15:00,SPX,2026-05-15,6700.0,C,373.96,373.96,373.3,373.3,2,14,370.6,10,371.9,6852.66,6913.22,535,0.2164383561643835,371.25,6882.9400000000005,0.1802410442488662
^SPX,2026-02-24 16:15:00,SPX,2026-05-15,6705.0,C,370.18,370.18,370.18,370.18,1,1,366.7,1,368.1,6852.66,6913.22,0,0.2164383561643835,367.4,6882.9400000000005,0.17969786298102997
^SPX,2026-02-24 16:15:00,SPX,2026-05-15,6710.0,C,365.3,365.3,365.3,365.3,2,13,363.0,10,364.3,6852.66,6913.22,38,0.2164383561643835,363.65,6882.9400000000005,0.17923185700352642
^SPX,2026-02-24 16:15:00,SPX,2026-05-15,6715.0,C,0.0,0.0,0.0,0.0,0,1,359.1,1,360.5,6852.66,6913.22,0,0.2164383561643835,359.8,6882.9400000000005,0.17866837527867915
^SPX,2026-02-24 16:15:00,SPX,2026-05-15,6720.0,C,0.0,0.0,0.0,0.0,0,13,355.5,10,356.7,6852.66,6913.22,8,0.2164383561643835,356.1,6882.9400000000005,0.1782247062120734
^SPX,2026-02-24 16:15:00,SPX,2026-05-15,6725.0,C,344.41,350.2,344.41,350.2,22,13,351.7,10,353.0,6852.66,6913.22,510,0.2164383561643835,352.35,6882.9400000000005,0.17772699524594346
^SPX,2026-02-24 16:15:00,SPX,2026-05-15,6730.0,C,350.2,350.2,350.2,350.2,10,13,348.0,10,349.2,6852.66,6913.22,25,0.2164383561643835,348.6,6882.9400000000005,0.1772186693148174
^SPX,2026-02-24 16:15:00,SPX,2026-05-15,6735.0,C,345.9,345.9,345.9,345.9,1,1,344.1,1,345.5,6852.66,6913.22,3,0.2164383561643835,344.8,6882.9400000000005,0.17665690643205814
^SPX,2026-02-24 16:15:00,SPX,2026-05-15,6740.0,C,0.0,0.0,0.0,0.0,0,13,340.5,10,341.8,6852.66,6913.22,17,0.2164383561643835,341.15,6882.9400000000005,0.1762128347646912
^SPX,2026-02-24 16:15:00,SPX,2026-05-15,6745.0,C,339.1,339.1,339.1,339.1,5,9,336.9,9,337.9,6852.66,6913.22,4,0.2164383561643835,337.4,6882.9400000000005,0.17567249579393426
^SPX,2026-02-24 16:15:00,SPX,2026-05-15,6750.0,C,0.0,0.0,0.0,0.0,0,20,333.1,9,334.2,6852.66,6913.22,639,0.2164383561643835,333.65,6882.9400000000005,0.175121514892079
^SPX,2026-02-24 16:15:00,SPX,2026-05-15,6755.0,C,316.45,331.0,316.45,331.0,2,9,329.4,9,330.5,6852.66,6913.22,6,0.2164383561643835,329.95,6882.9400000000005,0.1746021335818114
^SPX,2026-02-24 16:15:00,SPX,2026-05-15,6760.0,C,327.2,327.2,327.2,327.2,4,20,325.8,10,326.9,6852.66,6913.22,3,0.2164383561643835,326.35,6882.9400000000005,0.1741560517250695
^SPX,2026-02-24 16:15:00,SPX,2026-05-15,6765.0,C,0.0,0.0,0.0,0.0,0,10,322.2,10,323.2,6852.66,6913.22,1,0.2164383561643835,322.7,6882.9400000000005,0.17365649262240138
^SPX,2026-02-24 16:15:00,SPX,2026-05-15,6770.0,C,319.8,319.8,319.8,319.8,21,16,318.5,25,319.7,6852.66,6913.22,3,0.2164383561643835,319.1,6882.9400000000005,0.1731875618875114
^SPX,2026-02-24 16:15:00,SPX,2026-05-15,6775.0,C,316.4,316.4,316.4,316.4,6,10,314.9,10,315.9,6852.66,6913.22,348,0.2164383561643835,315.4,6882.9400000000005,0.17262366656543995
^SPX,2026-02-24 16:15:00,SPX,2026-05-15,6780.0,C,312.5,312.5,312.5,312.5,1,10,311.3,10,312.3,6852.66,6913.22,21,0.2164383561643835,311.8,6882.9400000000005,0.17213197658372656
^SPX,2026-02-24 16:15:00,SPX,2026-05-15,6785.0,C,0.0,0.0,0.0,0.0,0,10,307.6,10,308.7,6852.66,6913.22,0,0.2164383561643835,308.15,6882.9400000000005,0.17158726917630754
^SPX,2026-02-24 16:15:00,SPX,2026-05-15,6790.0,C,305.5,305.5,305.5,305.5,2,11,304.1,11,305.1,6852.66,6913.22,9,0.2164383561643835,304.6,6882.9400000000005,0.17111399286992746
^SPX,2026-02-24 16:15:00,SPX,2026-05-15,6795.0,C,301.7,301.7,301.7,301.7,12,17,300.5,17,301.5,6852.66,6913.22,7,0.2164383561643835,301.0,6882.9400000000005,0.17058765858115735
^SPX,2026-02-24 16:15:00,SPX,2026-05-15,6800.0,C,273.3,296.7,273.3,296.1,7,17,296.9,17,297.9,6852.66,6913.22,2793,0.2164383561643835,297.4,6882.9400000000005,0.1700497284130713
^SPX,2026-02-24 16:15:00,SPX,2026-05-15,6805.0,C,0.0,0.0,0.0,0.0,0,11,293.4,11,294.4,6852.66,6913.22,12,0.2164383561643835,293.9,6882.9400000000005,0.1695822356206696
^SPX,2026-02-24 16:15:00,SPX,2026-05-15,6810.0,C,291.2,291.2,291.2,291.2,8,30,289.8,17,290.8,6852.66,6913.22,323,0.2164383561643835,290.3,6882.9400000000005,0.1690208024234272
^SPX,2026-02-24 16:15:00,SPX,2026-05-15,6815.0,C,288.1,288.1,288.1,288.1,1,11,286.3,11,287.3,6852.66,6913.22,5,0.2164383561643835,286.8,6882.9400000000005,0.16852931334862353
^SPX,2026-02-24 16:15:00,SPX,2026-05-15,6820.0,C,0.0,0.0,0.0,0.0,0,11,282.8,11,283.8,6852.66,6913.22,17,0.2164383561643835,283.3,6882.9400000000005,0.16802567668608193
^SPX,2026-02-24 16:15:00,SPX,2026-05-15,6825.0,C,0.0,0.0,0.0,0.0,0,11,279.3,11,280.3,6852.66,6913.22,165,0.2164383561643835,279.8,6882.9400000000005,0.16750986033160045
^SPX,2026-02-24 16:15:00,SPX,2026-05-15,6830.0,C,0.0,0.0,0.0,0.0,0,36,275.8,11,276.8,6852.66,6913.22,37,0.2164383561643835,276.3,6882.9400000000005,0.16698182724829475
^SPX,2026-02-24 16:15:00,SPX,2026-05-15,6835.0,C,275.05,275.05,273.4,273.4,3,11,272.3,11,273.4,6852.66,6913.22,13,0.2164383561643835,272.85,6882.9400000000005,0.16648196596845355
^SPX,2026-02-24 16:15:00,SPX,2026-05-15,6840.0,C,252.0,270.1,252.0,270.1,21,46,268.8,17,269.9,6852.66,6913.22,29,0.2164383561643835,269.35,6882.9400000000005,0.16592927832191345
^SPX,2026-02-24 16:15:00,SPX,2026-05-15,6845.0,C,266.8,266.8,266.8,266.8,6,11,265.5,11,266.5,6852.66,6913.22,10,0.2164383561643835,266.0,6882.9400000000005,0.16548499504815592
^SPX,2026-02-24 16:15:00,SPX,2026-05-15,6850.0,C,244.9,259.72,244.9,259.72,618,48,262.0,30,263.2,6852.66,6913.22,1428,0.2164383561643835,262.6,6882.9400000000005,0.1649876249859216
^SPX,2026-02-24 16:15:00,SPX,2026-05-15,6855.0,C,254.9,254.9,254.9,254.9,1,12,258.6,12,259.7,6852.66,6913.22,10,0.2164383561643835,259.15,6882.9400000000005,0.1644373763654446
^SPX,2026-02-24 16:15:00,SPX,2026-05-15,6860.0,C,256.4,256.4,251.6,251.7,9,21,255.3,33,256.4,6852.66,6913.22,19,0.2164383561643835,255.85,6882.9400000000005,0.16399446947672877
^SPX,2026-02-24 16:15:00,SPX,2026-05-15,6865.0,C,253.6,253.6,248.2,248.2,3,12,251.9,12,252.9,6852.66,6913.22,18,0.2164383561643835,252.4,6882.9400000000005,0.16341855952323828
^SPX,2026-02-24 16:15:00,SPX,2026-05-15,6870.0,C,244.9,244.9,244.9,244.9,1,38,248.5,12,249.5,6852.66,6913.22,32,0.2164383561643835,249.0,6882.9400000000005,0.16286969844714067
^SPX,2026-02-24 16:15:00,SPX,2026-05-15,6875.0,C,242.2,242.2,242.2,242.2,1,12,245.2,21,246.2,6852.66,6913.22,811,0.2164383561643835,245.7,6882.9400000000005,0.1623873961511121
^SPX,2026-02-24 16:15:00,SPX,2026-05-15,6880.0,C,243.1,243.1,238.4,238.4,5,12,241.9,21,242.9,6852.66,6913.22,37,0.2164383561643835,242.4,6882.9400000000005,0.16189172898848544
^SPX,2026-02-24 16:15:00,SPX,2026-05-15,6885.0,C,235.1,235.1,235.1,235.1,1,12,238.5,12,239.6,6852.66,6913.22,165,0.2164383561643835,239.05,6882.9400000000005,0.16134297062042144
^SPX,2026-02-24 16:15:00,SPX,2026-05-15,6890.0,C,237.88,237.88,231.7,231.7,2,12,235.3,21,236.3,6852.66,6913.22,20,0.2164383561643835,235.8,6882.9400000000005,0.16086004876970308
^SPX,2026-02-24 16:15:00,SPX,2026-05-15,6895.0,C,228.6,233.21,228.6,233.21,3,12,232.0,12,233.1,6852.66,6913.22,40,0.2164383561643835,232.55,6882.9400000000005,0.16036344384877327
^SPX,2026-02-24 16:15:00,SPX,2026-05-15,6900.0,C,226.05,233.16,225.3,233.16,270,22,228.8,31,229.8,6852.66,6913.22,3081,0.2164383561643835,229.3,6882.9400000000005,0.15985308492863487
^SPX,2026-02-24 16:15:00,SPX,2026-05-15,6905.0,C,227.1,227.1,223.0,224.9,7,20,225.6,20,226.5,6852.66,6913.22,13,0.2164383561643835,226.05,6882.9400000000005,0.15932889419554547
^SPX,2026-02-24 16:15:00,SPX,2026-05-15,6910.0,C,223.9,223.9,218.7,218.7,34,20,222.4,29,223.3,6852.66,6913.22,30,0.2164383561643835,222.85000000000002,6882.9400000000005,0.15883018923718228
^SPX,2026-02-24 16:15:00,SPX,2026-05-15,6915.0,C,214.52,220.1,214.52,215.7,81,49,219.2,27,220.1,6852.66,6913.22,18,0.2164383561643835,219.64999999999998,6882.9400000000005,0.15831739083774382
^SPX,2026-02-24 16:15:00,SPX,2026-05-15,6920.0,C,212.7,212.7,212.7,212.7,1,21,216.0,30,217.0,6852.66,6913.22,149,0.2164383561643835,216.5,6882.9400000000005,0.1578297312495871
^SPX,2026-02-24 16:15:00,SPX,2026-05-15,6925.0,C,209.4,209.4,209.4,209.4,1,21,212.8,30,213.8,6852.66,6913.22,516,0.2164383561643835,213.3,6882.9400000000005,0.15728843553530153
^SPX,2026-02-24 16:15:00,SPX,2026-05-15,6930.0,C,191.7,210.8,190.9,206.3,157,46,209.7,44,210.7,6852.66,6913.22,403,0.2164383561643835,210.2,6882.9400000000005,0.15681126867909106
^SPX,2026-02-24 16:15:00,SPX,2026-05-15,6935.0,C,188.3,208.0,188.3,203.2,7,21,206.6,21,207.6,6852.66,6913.22,18,0.2164383561643835,207.1,6882.9400000000005,0.1563194968056886
^SPX,2026-02-24 16:15:00,SPX,2026-05-15,6940.0,C,184.7,200.4,184.7,200.4,2,21,203.5,30,204.4,6852.66,6913.22,105,0.2164383561643835,203.95,6882.9400000000005,0.15577381806187862
^SPX,2026-02-24 16:15:00,SPX,2026-05-15,6945.0,C,197.1,197.1,197.1,197.1,1,22,200.3,21,201.4,6852.66,6913.22,13,0.2164383561643835,200.85000000000002,6882.9400000000005,0.1552525509658846
^SPX,2026-02-24 16:15:00,SPX,2026-05-15,6950.0,C,192.4,198.2,192.4,194.56,70,48,197.4,41,198.3,6852.66,6913.22,1568,0.2164383561643835,197.85000000000002,6882.9400000000005,0.15479468455323578
^SPX,2026-02-24 16:15:00,SPX,2026-05-15,6955.0,C,177.2,198.4,177.2,196.93,45,51,194.3,28,195.4,6852.66,6913.22,10,0.2164383561643835,194.85000000000002,6882.9400000000005,0.15432171143333343
^SPX,2026-02-24 16:15:00,SPX,2026-05-15,6960.0,C,188.3,192.54,188.3,192.54,3,46,191.2,32,192.2,6852.66,6913.22,46,0.2164383561643835,191.7,6882.9400000000005,0.15371608591910782
^SPX,2026-02-24 16:15:00,SPX,2026-05-15,6965.0,C,189.2,189.2,185.2,185.2,3,22,188.2,21,189.3,6852.66,6913.22,98,0.2164383561643835,188.75,6882.9400000000005,0.15325171222541406
^SPX,2026-02-24 16:15:00,SPX,2026-05-15,6970.0,C,186.1,186.1,182.3,182.3,4,48,185.2,32,186.3,6852.66,6913.22,41,0.2164383561643835,185.75,6882.9400000000005,0.1527327187311849
^SPX,2026-02-24 16:15:00,SPX,2026-05-15,6975.0,C,173.55,183.6,173.55,179.2,68,50,182.3,47,183.3,6852.66,6913.22,1242,0.2164383561643835,182.8,6882.9400000000005,0.15223725502930535
^SPX,2026-02-24 16:15:00,SPX,2026-05-15,6980.0,C,180.6,180.6,176.4,176.4,2,49,179.3,33,180.4,6852.66,6913.22,72,0.2164383561643835,179.85000000000002,6882.9400000000005,0.1517260435694533
^SPX,2026-02-24 16:15:00,SPX,2026-05-15,6985.0,C,176.4,176.4,173.4,173.4,2,39,176.4,22,177.5,6852.66,6913.22,46,0.2164383561643835,176.95,6882.9400000000005,0.15123810153281342
^SPX,2026-02-24 16:15:00,SPX,2026-05-15,6990.0,C,171.6,171.6,171.6,171.6,1,55,173.5,33,174.6,6852.66,6913.22,53,0.2164383561643835,174.05,6882.9400000000005,0.15073413981785677
^SPX,2026-02-24 16:15:00,SPX,2026-05-15,6995.0,C,166.1,171.9,166.1,168.6,22,22,170.8,22,171.7,6852.66,6913.22,35,0.2164383561643835,171.25,6882.9400000000005,0.15029240818561926
^SPX,2026-02-24 16:15:00,SPX,2026-05-15,7000.0,C,157.0,168.5,153.03,165.1,227,29,168.0,47,168.9,6852.66,6913.22,47029,0.2164383561643835,168.45,6882.9400000000005,0.14983443733885457
^SPX,2026-02-24 16:15:00,SPX,2026-05-15,7005.0,C,162.2,162.2,162.2,162.2,1,23,165.0,23,166.2,6852.66,6913.22,137,0.2164383561643835,165.6,6882.9400000000005,0.14932081689103816
^SPX,2026-02-24 16:15:00,SPX,2026-05-15,7010.0,C,159.3,159.3,159.3,159.3,1,51,162.2,34,163.2,6852.66,6913.22,166,0.2164383561643835,162.7,6882.9400000000005,0.14875127764204923
^SPX,2026-02-24 16:15:00,SPX,2026-05-15,7015.0,C,145.08,156.8,145.08,156.8,62,23,159.4,22,160.5,6852.66,6913.22,34,0.2164383561643835,159.95,6882.9400000000005,0.14828285030872373
^SPX,2026-02-24 16:15:00,SPX,2026-05-15,7020.0,C,153.8,153.8,153.8,153.8,1,23,156.7,35,157.7,6852.66,6913.22,38,0.2164383561643835,157.2,6882.9400000000005,0.14779758341714977
^SPX,2026-02-24 16:15:00,SPX,2026-05-15,7025.0,C,139.3,151.1,138.7,151.1,5,41,154.0,36,155.0,6852.66,6913.22,409,0.2164383561643835,154.5,6882.9400000000005,0.14733472217845903
^SPX,2026-02-24 16:15:00,SPX,2026-05-15,7030.0,C,140.9,152.3,140.9,148.8,9,42,151.3,36,152.3,6852.66,6913.22,159,0.2164383561643835,151.8,6882.9400000000005,0.146854747980477
^SPX,2026-02-24 16:15:00,SPX,2026-05-15,7035.0,C,149.7,149.7,145.8,145.8,13,24,148.6,24,149.6,6852.66,6913.22,12,0.2164383561643835,149.1,6882.9400000000005,0.14635746414606993
^SPX,2026-02-24 16:15:00,SPX,2026-05-15,7040.0,C,146.8,146.8,143.2,143.2,2,42,145.9,36,146.9,6852.66,6913.22,54,0.2164383561643835,146.4,6882.9400000000005,0.14584265988831385
^SPX,2026-02-24 16:15:00,SPX,2026-05-15,7045.0,C,140.7,140.7,140.7,140.7,1,24,143.3,24,144.4,6852.66,6913.22,20,0.2164383561643835,143.85000000000002,6882.9400000000005,0.1454291635827668
^SPX,2026-02-24 16:15:00,SPX,2026-05-15,7050.0,C,138.0,138.0,138.0,138.0,1,32,140.8,54,141.7,6852.66,6913.22,1464,0.2164383561643835,141.25,6882.9400000000005,0.14495838290606736
^SPX,2026-02-24 16:15:00,SPX,2026-05-15,7055.0,C,139.2,139.2,135.4,135.4,29,24,138.1,24,139.2,6852.66,6913.22,21,0.2164383561643835,138.64999999999998,6882.9400000000005,0.14446970957154162
^SPX,2026-02-24 16:15:00,SPX,2026-05-15,7060.0,C,133.0,133.0,133.0,133.0,1,43,135.6,39,136.6,6852.66,6913.22,67,0.2164383561643835,136.1,6882.9400000000005,0.14400283932413108
^SPX,2026-02-24 16:15:00,SPX,2026-05-15,7065.0,C,114.0,134.0,114.0,130.7,10,43,133.0,25,134.0,6852.66,6913.22,33,0.2164383561643835,133.5,6882.9400000000005,0.1434777484714263
^SPX,2026-02-24 16:15:00,SPX,2026-05-15,7070.0,C,132.2,132.2,128.1,128.1,41,33,130.6,56,131.5,6852.66,6913.22,228,0.2164383561643835,131.05,6882.9400000000005,0.14305439626539876
^SPX,2026-02-24 16:15:00,SPX,2026-05-15,7075.0,C,124.2,125.5,124.1,125.5,3,42,128.1,39,129.0,6852.66,6913.22,704,0.2164383561643835,128.55,6882.9400000000005,0.14257251794978773
^SPX,2026-02-24 16:15:00,SPX,2026-05-15,7080.0,C,127.2,127.2,123.1,123.1,7,43,125.6,39,126.6,6852.66,6913.22,241,0.2164383561643835,126.1,6882.9400000000005,0.1421122225480188
^SPX,2026-02-24 16:15:00,SPX,2026-05-15,7085.0,C,120.7,120.7,120.7,120.7,1,25,123.2,25,124.2,6852.66,6913.22,18,0.2164383561643835,123.7,6882.9400000000005,0.14167358480664302
^SPX,2026-02-24 16:15:00,SPX,2026-05-15,7090.0,C,122.2,122.2,118.6,118.6,3,44,120.8,41,121.8,6852.66,6913.22,41,0.2164383561643835,121.3,6882.9400000000005,0.14121610726546133
^SPX,2026-02-24 16:15:00,SPX,2026-05-15,7100.0,C,103.22,117.7,103.22,114.0,6,39,116.2,67,117.0,6852.66,6913.22,10873,0.2164383561643835,116.6,6882.9400000000005,0.14032522357984845
^SPX,2026-02-24 16:15:00,SPX,2026-05-15,7110.0,C,109.1,109.1,109.1,109.1,1,27,111.5,42,112.4,6852.66,6913.22,30,0.2164383561643835,111.95,6882.9400000000005,0.1393977358717252
^SPX,2026-02-24 16:15:00,SPX,2026-05-15,7120.0,C,108.5,108.5,104.7,104.7,9,29,107.0,46,107.9,6852.66,6913.22,40,0.2164383561643835,107.45,6882.9400000000005,0.13851500939940234
^SPX,2026-02-24 16:15:00,SPX,2026-05-15,7125.0,C,105.0,105.0,102.5,102.5,2,73,104.7,67,105.7,6852.66,6913.22,1230,0.2164383561643835,105.2,6882.9400000000005,0.1380436578627046
^SPX,2026-02-24 16:15:00,SPX,2026-05-15,7130.0,C,90.92,102.9,90.92,100.6,7,29,102.6,46,103.5,6852.66,6913.22,145,0.2164383561643835,103.05,6882.9400000000005,0.13763556825719914
^SPX,2026-02-24 16:15:00,SPX,2026-05-15,7140.0,C,98.7,98.7,96.4,96.4,5,31,98.3,49,99.2,6852.66,6913.22,233,0.2164383561643835,98.75,6882.9400000000005,0.1367588333772839
^SPX,2026-02-24 16:15:00,SPX,2026-05-15,7150.0,C,84.27,94.4,84.27,92.3,1106,45,94.2,64,95.0,6852.66,6913.22,8434,0.2164383561643835,94.6,6882.9400000000005,0.13592694132647773
^SPX,2026-02-24 16:15:00,SPX,2026-05-15,7160.0,C,90.4,90.4,88.3,88.3,5,32,90.1,49,91.0,6852.66,6913.22,56,0.2164383561643835,90.55,6882.9400000000005,0.13509762220909755
^SPX,2026-02-24 16:15:00,SPX,2026-05-15,7170.0,C,86.7,86.7,84.9,84.9,3,51,86.1,56,87.0,6852.66,6913.22,72,0.2164383561643835,86.55,6882.9400000000005,0.13422685943607612
^SPX,2026-02-24 16:15:00,SPX,2026-05-15,7175.0,C,81.3,84.5,81.3,83.84,3,33,84.2,53,85.1,6852.66,6913.22,476,0.2164383561643835,84.65,6882.9400000000005,0.13384669927793347
^SPX,2026-02-24 16:15:00,SPX,2026-05-15,7180.0,C,79.5,82.9,79.5,80.8,206,45,82.3,82,83.2,6852.66,6913.22,383,0.2164383561643835,82.75,6882.9400000000005,0.13344528073576073
^SPX,2026-02-24 16:15:00,SPX,2026-05-15,7190.0,C,68.5,79.2,68.5,77.4,6,35,78.6,55,79.5,6852.66,6913.22,590,0.2164383561643835,79.05,6882.9400000000005,0.13266643415438872
^SPX,2026-02-24 16:15:00,SPX,2026-05-15,7200.0,C,72.7,76.95,71.8,76.95,929,53,75.1,76,75.8,6852.66,6913.22,6160,0.2164383561643835,75.44999999999999,6882.9400000000005,0.1318902282539473
^SPX,2026-02-24 16:15:00,SPX,2026-05-15,7210.0,C,70.2,70.2,70.2,70.2,2,57,71.5,79,72.4,6852.66,6913.22,43,0.2164383561643835,71.95,6882.9400000000005,0.13111663848400765
^SPX,2026-02-24 16:15:00,SPX,2026-05-15,7220.0,C,67.4,69.37,67.4,69.37,10,59,68.1,60,68.9,6852.66,6913.22,49,0.2164383561643835,68.5,6882.9400000000005,0.13029892282917754
^SPX,2026-02-24 16:15:00,SPX,2026-05-15,7225.0,C,0.0,0.0,0.0,0.0,0,178,66.4,123,67.4,6852.66,6913.22,2241,0.2164383561643835,66.9,6882.9400000000005,0.1299730803573149
^SPX,2026-02-24 16:15:00,SPX,2026-05-15,7230.0,C,65.1,65.1,63.9,63.9,2,40,64.9,67,65.7,6852.66,6913.22,218,0.2164383561643835,65.30000000000001,6882.9400000000005,0.1296251435259732
^SPX,2026-02-24 16:15:00,SPX,2026-05-15,7240.0,C,61.9,61.9,60.8,60.8,2,61,61.7,84,62.6,6852.66,6913.22,632,0.2164383561643835,62.150000000000006,6882.9400000000005,0.12890924188254002
^SPX,2026-02-24 16:15:00,SPX,2026-05-15,7250.0,C,57.01,60.53,57.01,60.53,348,90,58.7,128,59.6,6852.66,6913.22,3851,0.2164383561643835,59.150000000000006,6882.9400000000005,0.12824775760867213
^SPX,2026-02-24 16:15:00,SPX,2026-05-15,7260.0,C,55.2,55.2,55.2,55.2,1,43,55.8,87,56.6,6852.66,6913.22,132,0.2164383561643835,56.2,6882.9400000000005,0.12754376054559383
^SPX,2026-02-24 16:15:00,SPX,2026-05-15,7270.0,C,52.2,52.2,52.2,52.2,1,44,53.0,90,53.8,6852.66,6913.22,26,0.2164383561643835,53.4,6882.9400000000005,0.1268975792584837
^SPX,2026-02-24 16:15:00,SPX,2026-05-15,7275.0,C,51.8,51.8,51.8,51.8,1,66,51.6,91,52.4,6852.66,6913.22,840,0.2164383561643835,52.0,6882.9400000000005,0.12653927643155788
^SPX,2026-02-24 16:15:00,SPX,2026-05-15,7280.0,C,49.6,50.03,49.6,50.03,4,113,50.2,93,51.1,6852.66,6913.22,40,0.2164383561643835,50.650000000000006,6882.9400000000005,0.12620886821370877
^SPX,2026-02-24 16:15:00,SPX,2026-05-15,7290.0,C,44.45,47.1,44.45,47.0,5,47,47.7,94,48.5,6852.66,6913.22,276,0.2164383561643835,48.1,6882.9400000000005,0.12563567649156274
^SPX,2026-02-24 16:15:00,SPX,2026-05-15,7300.0,C,43.6,46.1,43.3,44.7,632,67,45.2,146,46.0,6852.66,6913.22,4581,0.2164383561643835,45.6,6882.9400000000005,0.12502286181383596
^SPX,2026-02-24 16:15:00,SPX,2026-05-15,7310.0,C,39.3,43.5,39.3,43.2,32,105,42.8,156,43.6,6852.66,6913.22,144,0.2164383561643835,43.2,6882.9400000000005,0.12442448117720184
^SPX,2026-02-24 16:15:00,SPX,2026-05-15,7320.0,C,39.1,40.7,39.1,39.9,13,78,40.5,110,41.2,6852.66,6913.22,23,0.2164383561643835,40.85,6882.9400000000005,0.1237854518803502
^SPX,2026-02-24 16:15:00,SPX,2026-05-15,7325.0,C,37.9,37.98,37.9,37.96,20,111,39.4,143,40.1,6852.66,6913.22,995,0.2164383561643835,39.75,6882.9400000000005,0.12351524909692925
^SPX,2026-02-24 16:15:00,SPX,2026-05-15,7330.0,C,35.29,37.8,35.29,37.8,4,109,38.3,114,39.0,6852.66,6913.22,31,0.2164383561643835,38.65,6882.9400000000005,0.12322114542731084
^SPX,2026-02-24 16:15:00,SPX,2026-05-15,7340.0,C,35.9,36.4,35.9,36.4,6,137,36.2,110,36.9,6852.66,6913.22,55,0.2164383561643835,36.55,6882.9400000000005,0.12267851431031654
^SPX,2026-02-24 16:15:00,SPX,2026-05-15,7350.0,C,31.79,34.9,31.79,34.1,6,60,34.3,93,34.9,6852.66,6913.22,3495,0.2164383561643835,34.599999999999994,6882.9400000000005,0.12222251598501514
^SPX,2026-02-24 16:15:00,SPX,2026-05-15,7360.0,C,32.6,32.6,31.9,31.9,11,207,32.2,115,33.0,6852.66,6913.22,370,0.2164383561643835,32.6,6882.9400000000005,0.12160800379222049
^SPX,2026-02-24 16:15:00,SPX,2026-05-15,7370.0,C,30.8,31.1,30.8,31.1,7,324,30.4,168,31.2,6852.66,6913.22,1084,0.2164383561643835,30.799999999999997,6882.9400000000005,0.12114962222292741
^SPX,2026-02-24 16:15:00,SPX,2026-05-15,7375.0,C,29.75,29.9,29.75,29.9,6,243,29.6,158,30.3,6852.66,6913.22,1124,0.2164383561643835,29.950000000000003,6882.9400000000005,0.12095065621631411
^SPX,2026-02-24 16:15:00,SPX,2026-05-15,7380.0,C,29.1,29.1,29.1,29.1,2,211,28.7,168,29.5,6852.66,6913.22,94,0.2164383561643835,29.1,6882.9400000000005,0.12072851892708289
^SPX,2026-02-24 16:15:00,SPX,2026-05-15,7390.0,C,27.5,27.6,27.5,27.6,8,181,27.1,141,27.8,6852.66,6913.22,103,0.2164383561643835,27.450000000000003,6882.9400000000005,0.1202807854827178
^SPX,2026-02-24 16:15:00,SPX,2026-05-15,7400.0,C,23.0,26.12,23.0,26.12,502,207,25.6,174,26.2,6852.66,6913.22,4472,0.2164383561643835,25.9,6882.9400000000005,0.11987741917998686
^SPX,2026-02-24 16:15:00,SPX,2026-05-15,7410.0,C,24.5,24.5,24.5,24.5,2,256,24.0,117,24.7,6852.66,6913.22,61,0.2164383561643835,24.35,6882.9400000000005,0.11937750496147237
^SPX,2026-02-24 16:15:00,SPX,2026-05-15,7420.0,C,22.5,22.5,22.5,22.5,1,263,22.6,90,23.2,6852.66,6913.22,20,0.2164383561643835,22.9,6882.9400000000005,0.11892602462375582
^SPX,2026-02-24 16:15:00,SPX,2026-05-15,7425.0,C,21.4,22.3,21.4,22.3,2,191,22.0,118,22.6,6852.66,6913.22,589,0.2164383561643835,22.3,6882.9400000000005,0.11885620547781332
^SPX,2026-02-24 16:15:00,SPX,2026-05-15,7430.0,C,0.0,0.0,0.0,0.0,0,236,21.3,125,21.9,6852.66,6913.22,78,0.2164383561643835,21.6,6882.9400000000005,0.11860917445568187
^SPX,2026-02-24 16:15:00,SPX,2026-05-15,7450.0,C,18.9,19.44,18.9,19.37,6,359,18.9,103,19.4,6852.66,6913.22,4545,0.2164383561643835,19.15,6882.9400000000005,0.1179415919995313
^SPX,2026-02-24 16:15:00,SPX,2026-05-15,7475.0,C,16.7,16.7,16.7,16.7,2,410,16.2,79,16.7,6852.66,6913.22,664,0.2164383561643835,16.45,6882.9400000000005,0.11720966189628425
^SPX,2026-02-24 16:15:00,SPX,2026-05-15,7500.0,C,14.3,14.45,14.3,14.45,1501,667,13.9,391,14.4,6852.66,6913.22,3810,0.2164383561643835,14.15,6882.9400000000005,0.11666371821146963
^SPX,2026-02-24 16:15:00,SPX,2026-05-15,7525.0,C,12.31,12.31,12.16,12.16,16,460,11.9,235,12.4,6852.66,6913.22,902,0.2164383561643835,12.15,6882.9400000000005,0.11619176724908672
^SPX,2026-02-24 16:15:00,SPX,2026-05-15,7550.0,C,10.6,10.6,10.56,10.56,20,2,10.4,280,10.7,6852.66,6913.22,859,0.2164383561643835,10.55,6882.9400000000005,0.11611559807793932
^SPX,2026-02-24 16:15:00,SPX,2026-05-15,7575.0,C,0.0,0.0,0.0,0.0,0,361,8.8,149,9.2,6852.66,6913.22,248,0.2164383561643835,9.0,6882.9400000000005,0.11567574451714034
^SPX,2026-02-24 16:15:00,SPX,2026-05-15,7600.0,C,7.5,7.8,7.5,7.8,5,373,7.6,491,8.0,6852.66,6913.22,6475,0.2164383561643835,7.8,6882.9400000000005,0.11570018369679064
^SPX,2026-02-24 16:15:00,SPX,2026-05-15,7625.0,C,6.5,6.8,6.5,6.8,2,876,6.5,411,6.9,6852.66,6913.22,1393,0.2164383561643835,6.7,6882.9400000000005,0.11558008840587605
^SPX,2026-02-24 16:15:00,SPX,2026-05-15,7650.0,C,5.6,5.9,5.6,5.9,26,1180,5.6,430,6.0,6852.66,6913.22,1076,0.2164383561643835,5.8,6882.9400000000005,0.11568716312702351
^SPX,2026-02-24 16:15:00,SPX,2026-05-15,7675.0,C,4.85,4.85,4.85,4.85,1,407,4.9,430,5.3,6852.66,6913.22,576,0.2164383561643835,5.1,6882.9400000000005,0.1161548275462675
^SPX,2026-02-24 16:15:00,SPX,2026-05-15,7700.0,C,4.48,4.5,4.48,4.5,2,373,4.3,524,4.6,6852.66,6913.22,3495,0.2164383561643835,4.449999999999999,6882.9400000000005,0.11648352282347908
^SPX,2026-02-24 16:15:00,SPX,2026-05-15,7725.0,C,3.5,3.95,3.5,3.9,2003,945,3.7,1200,4.1,6852.66,6913.22,2429,0.2164383561643835,3.9,6882.9400000000005,0.11691802343005922
^SPX,2026-02-24 16:15:00,SPX,2026-05-15,7750.0,C,3.1,3.1,3.1,3.1,3,538,3.3,1294,3.6,6852.66,6913.22,3356,0.2164383561643835,3.45,6882.9400000000005,0.11753891693542726
^SPX,2026-02-24 16:15:00,SPX,2026-05-15,7775.0,C,0.0,0.0,0.0,0.0,0,851,2.85,1228,3.2,6852.66,6913.22,1803,0.2164383561643835,3.0250000000000004,6882.9400000000005,0.11800124848665502
^SPX,2026-02-24 16:15:00,SPX,2026-05-15,7800.0,C,2.9,2.9,2.65,2.65,830,502,2.55,1114,2.8,6852.66,6913.22,5109,0.2164383561643835,2.675,6882.9400000000005,0.11862211701497327
^SPX,2026-02-24 16:15:00,SPX,2026-05-15,7825.0,C,2.6,2.6,2.6,2.6,80,394,2.25,979,2.5,6852.66,6913.22,1714,0.2164383561643835,2.375,6882.9400000000005,0.11931166004184852
^SPX,2026-02-24 16:15:00,SPX,2026-05-15,7850.0,C,2.1,2.1,2.1,2.1,2000,444,2.0,402,2.2,6852.66,6913.22,2923,0.2164383561643835,2.1,6882.9400000000005,0.1199285250130956
^SPX,2026-02-24 16:15:00,SPX,2026-05-15,7875.0,C,0.0,0.0,0.0,0.0,0,771,1.75,1261,2.0,6852.66,6913.22,3819,0.2164383561643835,1.875,6882.9400000000005,0.12070339723918087
^SPX,2026-02-24 16:15:00,SPX,2026-05-15,7900.0,C,1.65,1.65,1.65,1.65,20,80,1.6,1505,1.8,6852.66,6913.22,2673,0.2164383561643835,1.7000000000000002,6882.9400000000005,0.12171657446905709
^SPX,2026-02-24 16:15:00,SPX,2026-05-15,7950.0,C,1.4,1.4,1.4,1.4,1,20,1.3,370,1.45,6852.66,6913.22,51,0.2164383561643835,1.375,6882.9400000000005,0.1234394683643723
^SPX,2026-02-24 16:15:00,SPX,2026-05-15,8000.0,C,1.05,1.07,1.05,1.07,10,275,1.05,607,1.2,6852.66,6913.22,3388,0.2164383561643835,1.125,6882.9400000000005,0.1252876921874595
^SPX,2026-02-24 16:15:00,SPX,2026-05-15,8100.0,C,0.0,0.0,0.0,0.0,0,80,0.7,928,0.9,6852.66,6913.22,6535,0.2164383561643835,0.8,6882.9400000000005,0.12968801141391234
^SPX,2026-02-24 16:15:00,SPX,2026-05-15,8200.0,C,0.0,0.0,0.0,0.0,0,576,0.4,946,0.7,6852.66,6913.22,1539,0.2164383561643835,0.55,6882.9400000000005,0.13334175752816402
^SPX,2026-02-24 16:15:00,SPX,2026-05-15,8300.0,C,0.0,0.0,0.0,0.0,0,498,0.25,182,0.55,6852.66,6913.22,109,0.2164383561643835,0.4,6882.9400000000005,0.13753712330928342
^SPX,2026-02-24 16:15:00,SPX,2026-05-15,8400.0,C,0.0,0.0,0.0,0.0,0,468,0.2,185,0.45,6852.66,6913.22,370,0.2164383561643835,0.325,6882.9400000000005,0.14295699030321668
^SPX,2026-02-24 16:15:00,SPX,2026-05-15,8500.0,C,0.0,0.0,0.0,0.0,0,836,0.15,582,0.4,6852.66,6913.22,1195,0.2164383561643835,0.275,6882.9400000000005,0.14865789736946652
^SPX,2026-02-24 16:15:00,SPX,2026-05-15,8600.0,C,0.0,0.0,0.0,0.0,0,896,0.1,586,0.35,6852.66,6913.22,2047,0.2164383561643835,0.22499999999999998,6882.9400000000005,0.15366472032265202
^SPX,2026-02-24 16:15:00,SPX,2026-05-15,8800.0,C,0.0,0.0,0.0,0.0,0,4,0.1,654,0.3,6852.66,6913.22,546,0.2164383561643835,0.2,6882.9400000000005,0.16690030425921185
^SPX,2026-02-24 16:15:00,SPX,2026-05-15,9000.0,C,0.0,0.0,0.0,0.0,0,14,0.1,1558,0.25,6852.66,6913.22,2687,0.2164383561643835,0.175,6882.9400000000005,0.17924907673581594
^SPX,2026-02-24 16:15:00,SPX,2026-05-15,9200.0,C,0.0,0.0,0.0,0.0,0,11,0.1,388,0.2,6852.66,6913.22,4266,0.2164383561643835,0.15000000000000002,6882.9400000000005,0.1906677100307309
^SPX,2026-02-24 16:15:00,SPX,2026-05-15,9600.0,C,0.0,0.0,0.0,0.0,0,0,0.0,248,0.15,6852.66,6913.22,8,0.2164383561643835,0.075,6882.9400000000005,0.20592783583436397
^SPX,2026-02-24 16:15:00,SPX,2026-05-15,10000.0,C,0.0,0.0,0.0,0.0,0,0,0.0,298,0.15,6852.66,6913.22,165,0.2164383561643835,0.075,6882.9400000000005,0.2296828994772274
^SPX,2026-02-24 16:15:00,SPX,2026-05-15,10400.0,C,0.0,0.0,0.0,0.0,0,0,0.0,383,0.1,6852.66,6913.22,141,0.2164383561643835,0.05,6882.9400000000005,0.24547123077347596
^SPX,2026-02-24 16:15:00,SPX,2026-05-15,10800.0,C,0.0,0.0,0.0,0.0,0,0,0.0,286,0.1,6852.66,6913.22,0,0.2164383561643835,0.05,6882.9400000000005,0.26655785094272305
^SPX,2026-02-24 16:15:00,SPX,2026-05-15,11200.0,C,0.0,0.0,0.0,0.0,0,0,0.0,305,0.1,6852.66,6913.22,17,0.2164383561643835,0.05,6882.9400000000005,0.2867356460971517
^SPX,2026-02-24 16:15:00,SPX,2026-05-15,11600.0,C,0.0,0.0,0.0,0.0,0,0,0.0,319,0.1,6852.66,6913.22,2,0.2164383561643835,0.05,6882.9400000000005,0.30608240523361535
^SPX,2026-02-24 16:15:00,SPX,2026-05-15,12000.0,C,0.0,0.0,0.0,0.0,0,0,0.0,330,0.1,6852.66,6913.22,0,0.2164383561643835,0.05,6882.9400000000005,0.3246655787337135
^SPX,2026-02-24 16:15:00,SPX,2026-05-15,12400.0,C,0.0,0.0,0.0,0.0,0,0,0.0,559,0.1,6852.66,6913.22,0,0.2164383561643835,0.05,6882.9400000000005,0.3425442121630544
^SPX,2026-02-24 16:15:00,SPX,2026-06-18,5000.0,C,1911.91,1932.65,1911.91,1932.65,205,2,1950.9,2,1954.0,6852.66,6913.22,43243,0.3095890410958904,1952.45,6882.9400000000005,0.20526487825379758
^SPX,2026-02-24 16:15:00,SPX,2026-06-18,5025.0,C,0.0,0.0,0.0,0.0,0,2,1926.6,2,1930.4,6852.66,6913.22,21,0.3095890410958904,1928.5,6882.9400000000005,0.22621405091412256
^SPX,2026-02-24 16:15:00,SPX,2026-06-18,5050.0,C,0.0,0.0,0.0,0.0,0,2,1902.7,2,1905.8,6852.66,6913.22,173,0.3095890410958904,1904.25,6882.9400000000005,0.23133422867060177
^SPX,2026-02-24 16:15:00,SPX,2026-06-18,5075.0,C,0.0,0.0,0.0,0.0,0,2,1878.3,2,1882.1,6852.66,6913.22,32,0.3095890410958904,1880.1999999999998,6882.9400000000005,0.23767593315883465
^SPX,2026-02-24 16:15:00,SPX,2026-06-18,5100.0,C,0.0,0.0,0.0,0.0,0,2,1854.5,2,1857.6,6852.66,6913.22,429,0.3095890410958904,1856.05,6882.9400000000005,0.24083910369940106
^SPX,2026-02-24 16:15:00,SPX,2026-06-18,5125.0,C,0.0,0.0,0.0,0.0,0,2,1830.3,2,1834.0,6852.66,6913.22,358,0.3095890410958904,1832.15,6882.9400000000005,0.24557292578787773
^SPX,2026-02-24 16:15:00,SPX,2026-06-18,5150.0,C,0.0,0.0,0.0,0.0,0,2,1806.4,2,1809.5,6852.66,6913.22,541,0.3095890410958904,1807.95,6882.9400000000005,0.24636497317730457
^SPX,2026-02-24 16:15:00,SPX,2026-06-18,5175.0,C,0.0,0.0,0.0,0.0,0,2,1782.3,2,1785.9,6852.66,6913.22,21,0.3095890410958904,1784.1,6882.9400000000005,0.24953452449896737
^SPX,2026-02-24 16:15:00,SPX,2026-06-18,5200.0,C,0.0,0.0,0.0,0.0,0,2,1758.5,2,1761.5,6852.66,6913.22,1196,0.3095890410958904,1760.0,6882.9400000000005,0.25008788666520143
^SPX,2026-02-24 16:15:00,SPX,2026-06-18,5225.0,C,0.0,0.0,0.0,0.0,0,2,1734.2,2,1738.0,6852.66,6913.22,29,0.3095890410958904,1736.1,6882.9400000000005,0.2515857679807276
^SPX,2026-02-24 16:15:00,SPX,2026-06-18,5250.0,C,0.0,0.0,0.0,0.0,0,2,1710.6,2,1713.6,6852.66,6913.22,683,0.3095890410958904,1712.1,6882.9400000000005,0.25198930408563164
^SPX,2026-02-24 16:15:00,SPX,2026-06-18,5275.0,C,0.0,0.0,0.0,0.0,0,2,1686.4,2,1690.1,6852.66,6913.22,193,0.3095890410958904,1688.25,6882.9400000000005,0.252892158207679
^SPX,2026-02-24 16:15:00,SPX,2026-06-18,5300.0,C,0.0,0.0,0.0,0.0,0,2,1662.8,2,1665.8,6852.66,6913.22,1118,0.3095890410958904,1664.3,6882.9400000000005,0.2528941075658266
^SPX,2026-02-24 16:15:00,SPX,2026-06-18,5325.0,C,0.0,0.0,0.0,0.0,0,2,1638.7,2,1642.3,6852.66,6913.22,31,0.3095890410958904,1640.5,6882.9400000000005,0.2533442051183442
^SPX,2026-02-24 16:15:00,SPX,2026-06-18,5350.0,C,0.0,0.0,0.0,0.0,0,2,1615.2,2,1618.1,6852.66,6913.22,69,0.3095890410958904,1616.65,6882.9400000000005,0.2532518562119988
^SPX,2026-02-24 16:15:00,SPX,2026-06-18,5375.0,C,0.0,0.0,0.0,0.0,0,2,1591.1,2,1594.7,6852.66,6913.22,63,0.3095890410958904,1592.9,6882.9400000000005,0.2533262610296811
^SPX,2026-02-24 16:15:00,SPX,2026-06-18,5400.0,C,0.0,0.0,0.0,0.0,0,2,1567.6,2,1570.5,6852.66,6913.22,688,0.3095890410958904,1569.05,6882.9400000000005,0.252739361310961
^SPX,2026-02-24 16:15:00,SPX,2026-06-18,5425.0,C,0.0,0.0,0.0,0.0,0,2,1543.6,2,1547.2,6852.66,6913.22,31,0.3095890410958904,1545.4,6882.9400000000005,0.252702660688101
^SPX,2026-02-24 16:15:00,SPX,2026-06-18,5450.0,C,0.0,0.0,0.0,0.0,0,2,1520.2,2,1523.1,6852.66,6913.22,949,0.3095890410958904,1521.65,6882.9400000000005,0.2520631294430561
^SPX,2026-02-24 16:15:00,SPX,2026-06-18,5475.0,C,0.0,0.0,0.0,0.0,0,2,1496.3,2,1499.8,6852.66,6913.22,1441,0.3095890410958904,1498.05,6882.9400000000005,0.251735987819508
^SPX,2026-02-24 16:15:00,SPX,2026-06-18,5500.0,C,1474.51,1474.51,1474.51,1474.51,3,2,1473.0,2,1475.9,6852.66,6913.22,2551,0.3095890410958904,1474.45,6882.9400000000005,0.25119038962034124
^SPX,2026-02-24 16:15:00,SPX,2026-06-18,5525.0,C,0.0,0.0,0.0,0.0,0,2,1449.1,2,1452.5,6852.66,6913.22,343,0.3095890410958904,1450.8,6882.9400000000005,0.25029806748677763
^SPX,2026-02-24 16:15:00,SPX,2026-06-18,5550.0,C,0.0,0.0,0.0,0.0,0,2,1425.9,2,1428.6,6852.66,6913.22,1426,0.3095890410958904,1427.25,6882.9400000000005,0.24952933858585422
^SPX,2026-02-24 16:15:00,SPX,2026-06-18,5575.0,C,0.0,0.0,0.0,0.0,0,2,1402.1,2,1405.4,6852.66,6913.22,185,0.3095890410958904,1403.75,6882.9400000000005,0.24872277697067577
^SPX,2026-02-24 16:15:00,SPX,2026-06-18,5600.0,C,0.0,0.0,0.0,0.0,0,2,1378.9,2,1381.6,6852.66,6913.22,1518,0.3095890410958904,1380.25,6882.9400000000005,0.24774455917060212
^SPX,2026-02-24 16:15:00,SPX,2026-06-18,5625.0,C,0.0,0.0,0.0,0.0,0,2,1355.2,2,1358.5,6852.66,6913.22,56,0.3095890410958904,1356.85,6882.9400000000005,0.24686036808115439
^SPX,2026-02-24 16:15:00,SPX,2026-06-18,5650.0,C,0.0,0.0,0.0,0.0,0,2,1332.1,2,1334.8,6852.66,6913.22,1049,0.3095890410958904,1333.4499999999998,6882.9400000000005,0.24581098171066096
^SPX,2026-02-24 16:15:00,SPX,2026-06-18,5675.0,C,0.0,0.0,0.0,0.0,0,2,1308.5,2,1311.8,6852.66,6913.22,186,0.3095890410958904,1310.15,6882.9400000000005,0.24484034709005342
^SPX,2026-02-24 16:15:00,SPX,2026-06-18,5700.0,C,0.0,0.0,0.0,0.0,0,2,1285.6,2,1288.1,6852.66,6913.22,4903,0.3095890410958904,1286.85,6882.9400000000005,0.243711094705822
^SPX,2026-02-24 16:15:00,SPX,2026-06-18,5725.0,C,0.0,0.0,0.0,0.0,0,2,1262.0,2,1265.3,6852.66,6913.22,24,0.3095890410958904,1263.65,6882.9400000000005,0.24264796238744693
^SPX,2026-02-24 16:15:00,SPX,2026-06-18,5750.0,C,0.0,0.0,0.0,0.0,0,2,1239.1,2,1241.7,6852.66,6913.22,1204,0.3095890410958904,1240.4,6882.9400000000005,0.2413303017272626
^SPX,2026-02-24 16:15:00,SPX,2026-06-18,5775.0,C,0.0,0.0,0.0,0.0,0,2,1215.7,2,1218.9,6852.66,6913.22,47,0.3095890410958904,1217.3000000000002,6882.9400000000005,0.24017436913401013
^SPX,2026-02-24 16:15:00,SPX,2026-06-18,5800.0,C,0.0,0.0,0.0,0.0,0,2,1193.0,2,1195.5,6852.66,6913.22,4843,0.3095890410958904,1194.25,6882.9400000000005,0.23896687584084672
^SPX,2026-02-24 16:15:00,SPX,2026-06-18,5825.0,C,0.0,0.0,0.0,0.0,0,2,1169.7,2,1172.8,6852.66,6913.22,67,0.3095890410958904,1171.25,6882.9400000000005,0.2377074328202318
^SPX,2026-02-24 16:15:00,SPX,2026-06-18,5850.0,C,0.0,0.0,0.0,0.0,0,2,1147.0,2,1149.5,6852.66,6913.22,1052,0.3095890410958904,1148.25,6882.9400000000005,0.23630750838431716
^SPX,2026-02-24 16:15:00,SPX,2026-06-18,5875.0,C,0.0,0.0,0.0,0.0,0,2,1123.9,2,1127.0,6852.66,6913.22,1286,0.3095890410958904,1125.45,6882.9400000000005,0.23511651310731124
^SPX,2026-02-24 16:15:00,SPX,2026-06-18,5900.0,C,0.0,0.0,0.0,0.0,0,2,1101.3,2,1103.8,6852.66,6913.22,6270,0.3095890410958904,1102.55,6882.9400000000005,0.2336142845832718
^SPX,2026-02-24 16:15:00,SPX,2026-06-18,5910.0,C,0.0,0.0,0.0,0.0,0,2,1092.1,2,1095.0,6852.66,6913.22,0,0.3095890410958904,1093.55,6882.9400000000005,0.23323692278668015
^SPX,2026-02-24 16:15:00,SPX,2026-06-18,5920.0,C,0.0,0.0,0.0,0.0,0,2,1083.0,2,1085.9,6852.66,6913.22,0,0.3095890410958904,1084.45,6882.9400000000005,0.2326727750553031
^SPX,2026-02-24 16:15:00,SPX,2026-06-18,5925.0,C,0.0,0.0,0.0,0.0,0,2,1078.3,2,1081.4,6852.66,6913.22,1314,0.3095890410958904,1079.85,6882.9400000000005,0.232303049796878
^SPX,2026-02-24 16:15:00,SPX,2026-06-18,5930.0,C,0.0,0.0,0.0,0.0,0,2,1073.8,2,1076.8,6852.66,6913.22,0,0.3095890410958904,1075.3,6882.9400000000005,0.2320078792466734
^SPX,2026-02-24 16:15:00,SPX,2026-06-18,5940.0,C,0.0,0.0,0.0,0.0,0,2,1064.8,2,1067.7,6852.66,6913.22,0,0.3095890410958904,1066.25,6882.9400000000005,0.23147943936195833
^SPX,2026-02-24 16:15:00,SPX,2026-06-18,5950.0,C,0.0,0.0,0.0,0.0,0,2,1056.0,2,1058.3,6852.66,6913.22,1769,0.3095890410958904,1057.15,6882.9400000000005,0.23085123468110835
^SPX,2026-02-24 16:15:00,SPX,2026-06-18,5960.0,C,0.0,0.0,0.0,0.0,0,2,1046.7,2,1049.6,6852.66,6913.22,0,0.3095890410958904,1048.15,6882.9400000000005,0.23035429374421648
^SPX,2026-02-24 16:15:00,SPX,2026-06-18,5970.0,C,0.0,0.0,0.0,0.0,0,2,1037.7,2,1040.5,6852.66,6913.22,0,0.3095890410958904,1039.1,6882.9400000000005,0.22975864326355888
^SPX,2026-02-24 16:15:00,SPX,2026-06-18,5975.0,C,0.0,0.0,0.0,0.0,0,2,1033.0,2,1036.0,6852.66,6913.22,2232,0.3095890410958904,1034.5,6882.9400000000005,0.2293412168058178
^SPX,2026-02-24 16:15:00,SPX,2026-06-18,5980.0,C,0.0,0.0,0.0,0.0,0,2,1028.5,2,1031.5,6852.66,6913.22,0,0.3095890410958904,1030.0,6882.9400000000005,0.22906771477537796
^SPX,2026-02-24 16:15:00,SPX,2026-06-18,5990.0,C,0.0,0.0,0.0,0.0,0,2,1019.6,2,1022.5,6852.66,6913.22,0,0.3095890410958904,1021.05,6882.9400000000005,0.22857654210372014
^SPX,2026-02-24 16:15:00,SPX,2026-06-18,6000.0,C,976.96,1015.36,976.96,1010.2,25414,2,1010.8,2,1013.2,6852.66,6913.22,76104,0.3095890410958904,1012.0,6882.9400000000005,0.22791716572385787
^SPX,2026-02-24 16:15:00,SPX,2026-06-18,6010.0,C,0.0,0.0,0.0,0.0,0,2,1001.5,2,1004.5,6852.66,6913.22,0,0.3095890410958904,1003.0,6882.9400000000005,0.22730884396775697
^SPX,2026-02-24 16:15:00,SPX,2026-06-18,6020.0,C,0.0,0.0,0.0,0.0,0,2,992.5,2,995.5,6852.66,6913.22,2,0.3095890410958904,994.0,6882.9400000000005,0.22667911963624832
^SPX,2026-02-24 16:15:00,SPX,2026-06-18,6025.0,C,0.0,0.0,0.0,0.0,0,2,988.2,2,991.0,6852.66,6913.22,1973,0.3095890410958904,989.6,6882.9400000000005,0.22649587552774897
^SPX,2026-02-24 16:15:00,SPX,2026-06-18,6030.0,C,0.0,0.0,0.0,0.0,0,2,983.6,2,986.5,6852.66,6913.22,1,0.3095890410958904,985.05,6882.9400000000005,0.22609777460368452
^SPX,2026-02-24 16:15:00,SPX,2026-06-18,6040.0,C,0.0,0.0,0.0,0.0,0,2,974.7,2,977.5,6852.66,6913.22,0,0.3095890410958904,976.1,6882.9400000000005,0.22549418697751264
^SPX,2026-02-24 16:15:00,SPX,2026-06-18,6050.0,C,0.0,0.0,0.0,0.0,0,2,965.9,2,968.3,6852.66,6913.22,1458,0.3095890410958904,967.0999999999999,6882.9400000000005,0.22480118337194502
^SPX,2026-02-24 16:15:00,SPX,2026-06-18,6060.0,C,0.0,0.0,0.0,0.0,0,2,956.9,2,959.7,6852.66,6913.22,0,0.3095890410958904,958.3,6882.9400000000005,0.2243556844962542
^SPX,2026-02-24 16:15:00,SPX,2026-06-18,6070.0,C,0.0,0.0,0.0,0.0,0,2,948.0,2,950.7,6852.66,6913.22,0,0.3095890410958904,949.35,6882.9400000000005,0.22368647323140942
^SPX,2026-02-24 16:15:00,SPX,2026-06-18,6075.0,C,0.0,0.0,0.0,0.0,0,2,943.4,2,946.3,6852.66,6913.22,646,0.3095890410958904,944.8499999999999,6882.9400000000005,0.22331137126721212
^SPX,2026-02-24 16:15:00,SPX,2026-06-18,6080.0,C,0.0,0.0,0.0,0.0,0,2,939.1,2,941.8,6852.66,6913.22,0,0.3095890410958904,940.45,6882.9400000000005,0.22306195880959237
^SPX,2026-02-24 16:15:00,SPX,2026-06-18,6090.0,C,0.0,0.0,0.0,0.0,0,2,930.1,2,932.9,6852.66,6913.22,0,0.3095890410958904,931.5,6882.9400000000005,0.2223514004596225
^SPX,2026-02-24 16:15:00,SPX,2026-06-18,6100.0,C,0.0,0.0,0.0,0.0,0,2,921.5,2,923.8,6852.66,6913.22,5460,0.3095890410958904,922.65,6882.9400000000005,0.22174842832313463
^SPX,2026-02-24 16:15:00,SPX,2026-06-18,6110.0,C,0.0,0.0,0.0,0.0,0,2,912.3,2,915.2,6852.66,6913.22,0,0.3095890410958904,913.75,6882.9400000000005,0.2210602154293798
^SPX,2026-02-24 16:15:00,SPX,2026-06-18,6120.0,C,0.0,0.0,0.0,0.0,0,2,903.5,2,906.3,6852.66,6913.22,0,0.3095890410958904,904.9,6882.9400000000005,0.22041371790709668
^SPX,2026-02-24 16:15:00,SPX,2026-06-18,6125.0,C,0.0,0.0,0.0,0.0,0,2,899.1,2,901.9,6852.66,6913.22,905,0.3095890410958904,900.5,6882.9400000000005,0.2201132734603988
^SPX,2026-02-24 16:15:00,SPX,2026-06-18,6130.0,C,0.0,0.0,0.0,0.0,0,2,894.7,2,897.5,6852.66,6913.22,3,0.3095890410958904,896.1,6882.9400000000005,0.21980713527765514
^SPX,2026-02-24 16:15:00,SPX,2026-06-18,6140.0,C,0.0,0.0,0.0,0.0,0,2,886.0,2,888.6,6852.66,6913.22,11,0.3095890410958904,887.3,6882.9400000000005,0.21917799504348084
^SPX,2026-02-24 16:15:00,SPX,2026-06-18,6150.0,C,0.0,0.0,0.0,0.0,0,2,877.3,2,879.5,6852.66,6913.22,2225,0.3095890410958904,878.4,6882.9400000000005,0.21840663929880866
^SPX,2026-02-24 16:15:00,SPX,2026-06-18,6160.0,C,0.0,0.0,0.0,0.0,0,2,868.3,2,871.0,6852.66,6913.22,0,0.3095890410958904,869.65,6882.9400000000005,0.21779434769579634
^SPX,2026-02-24 16:15:00,SPX,2026-06-18,6170.0,C,0.0,0.0,0.0,0.0,0,2,859.6,2,862.3,6852.66,6913.22,0,0.3095890410958904,860.95,6882.9400000000005,0.21721798754433636
^SPX,2026-02-24 16:15:00,SPX,2026-06-18,6175.0,C,857.61,857.61,855.72,855.72,11,2,855.2,2,857.9,6852.66,6913.22,1400,0.3095890410958904,856.55,6882.9400000000005,0.21686257134670375
^SPX,2026-02-24 16:15:00,SPX,2026-06-18,6180.0,C,0.0,0.0,0.0,0.0,0,2,850.9,2,853.5,6852.66,6913.22,0,0.3095890410958904,852.2,6882.9400000000005,0.21655996187231707
^SPX,2026-02-24 16:15:00,SPX,2026-06-18,6190.0,C,0.0,0.0,0.0,0.0,0,2,842.2,2,844.8,6852.66,6913.22,2,0.3095890410958904,843.5,6882.9400000000005,0.2159373606229701
^SPX,2026-02-24 16:15:00,SPX,2026-06-18,6200.0,C,783.07,837.56,783.07,831.48,7,2,833.7,2,835.7,6852.66,6913.22,6483,0.3095890410958904,834.7,6882.9400000000005,0.2151784863691072
^SPX,2026-02-24 16:15:00,SPX,2026-06-18,6210.0,C,0.0,0.0,0.0,0.0,0,2,824.7,2,827.3,6852.66,6913.22,10,0.3095890410958904,826.0,6882.9400000000005,0.2145118612581275
^SPX,2026-02-24 16:15:00,SPX,2026-06-18,6220.0,C,0.0,0.0,0.0,0.0,0,2,816.1,2,818.6,6852.66,6913.22,0,0.3095890410958904,817.35,6882.9400000000005,0.21387862841697208
^SPX,2026-02-24 16:15:00,SPX,2026-06-18,6225.0,C,0.0,0.0,0.0,0.0,0,2,811.6,2,814.3,6852.66,6913.22,1505,0.3095890410958904,812.95,6882.9400000000005,0.2134705933256546
^SPX,2026-02-24 16:15:00,SPX,2026-06-18,6230.0,C,0.0,0.0,0.0,0.0,0,2,807.4,2,809.9,6852.66,6913.22,10,0.3095890410958904,808.65,6882.9400000000005,0.21316755746519842
^SPX,2026-02-24 16:15:00,SPX,2026-06-18,6240.0,C,0.0,0.0,0.0,0.0,0,2,798.6,2,801.3,6852.66,6913.22,0,0.3095890410958904,799.95,6882.9400000000005,0.21243508166716638
^SPX,2026-02-24 16:15:00,SPX,2026-06-18,6250.0,C,794.18,794.18,793.11,793.11,11,2,790.2,2,792.3,6852.66,6913.22,2189,0.3095890410958904,791.25,6882.9400000000005,0.21168151268485308
^SPX,2026-02-24 16:15:00,SPX,2026-06-18,6260.0,C,0.0,0.0,0.0,0.0,0,2,781.5,2,783.9,6852.66,6913.22,0,0.3095890410958904,782.7,6882.9400000000005,0.21106669306945475
^SPX,2026-02-24 16:15:00,SPX,2026-06-18,6270.0,C,0.0,0.0,0.0,0.0,0,2,772.9,2,775.3,6852.66,6913.22,0,0.3095890410958904,774.0999999999999,6882.9400000000005,0.21037542518918645
^SPX,2026-02-24 16:15:00,SPX,2026-06-18,6275.0,C,0.0,0.0,0.0,0.0,0,2,768.5,2,771.1,6852.66,6913.22,1416,0.3095890410958904,769.8,6882.9400000000005,0.2100213842567835
^SPX,2026-02-24 16:15:00,SPX,2026-06-18,6280.0,C,0.0,0.0,0.0,0.0,0,2,764.3,2,766.7,6852.66,6913.22,0,0.3095890410958904,765.5,6882.9400000000005,0.20966179300207938
^SPX,2026-02-24 16:15:00,SPX,2026-06-18,6290.0,C,0.0,0.0,0.0,0.0,0,2,755.7,2,758.2,6852.66,6913.22,0,0.3095890410958904,756.95,6882.9400000000005,0.20897764109857025
^SPX,2026-02-24 16:15:00,SPX,2026-06-18,6300.0,C,718.42,738.28,718.42,738.28,3,2,747.4,2,749.3,6852.66,6913.22,6358,0.3095890410958904,748.3499999999999,6882.9400000000005,0.20821969904397597
^SPX,2026-02-24 16:15:00,SPX,2026-06-18,6310.0,C,0.0,0.0,0.0,0.0,0,2,738.6,2,741.1,6852.66,6913.22,0,0.3095890410958904,739.85,6882.9400000000005,0.20754128030379593
^SPX,2026-02-24 16:15:00,SPX,2026-06-18,6320.0,C,0.0,0.0,0.0,0.0,0,2,730.2,2,732.6,6852.66,6913.22,0,0.3095890410958904,731.4000000000001,6882.9400000000005,0.2068896260205222
^SPX,2026-02-24 16:15:00,SPX,2026-06-18,6325.0,C,0.0,0.0,0.0,0.0,0,2,725.9,2,728.3,6852.66,6913.22,589,0.3095890410958904,727.0999999999999,6882.9400000000005,0.20648025511777962
^SPX,2026-02-24 16:15:00,SPX,2026-06-18,6330.0,C,0.0,0.0,0.0,0.0,0,2,721.7,2,724.1,6852.66,6913.22,0,0.3095890410958904,722.9000000000001,6882.9400000000005,0.20616463088609233
^SPX,2026-02-24 16:15:00,SPX,2026-06-18,6340.0,C,0.0,0.0,0.0,0.0,0,2,713.2,2,715.6,6852.66,6913.22,0,0.3095890410958904,714.4000000000001,6882.9400000000005,0.20541706718531982
^SPX,2026-02-24 16:15:00,SPX,2026-06-18,6350.0,C,0.0,0.0,0.0,0.0,0,2,704.9,2,706.8,6852.66,6913.22,2615,0.3095890410958904,705.8499999999999,6882.9400000000005,0.20459870867115454
^SPX,2026-02-24 16:15:00,SPX,2026-06-18,6360.0,C,0.0,0.0,0.0,0.0,0,2,696.3,2,698.7,6852.66,6913.22,2,0.3095890410958904,697.5,6882.9400000000005,0.20395139565554016
^SPX,2026-02-24 16:15:00,SPX,2026-06-18,6370.0,C,0.0,0.0,0.0,0.0,0,2,687.9,2,690.3,6852.66,6913.22,0,0.3095890410958904,689.0999999999999,6882.9400000000005,0.20323195744010905
^SPX,2026-02-24 16:15:00,SPX,2026-06-18,6375.0,C,0.0,0.0,0.0,0.0,0,2,683.6,2,686.1,6852.66,6913.22,548,0.3095890410958904,684.85,6882.9400000000005,0.2028161395469706
^SPX,2026-02-24 16:15:00,SPX,2026-06-18,6380.0,C,0.0,0.0,0.0,0.0,0,2,679.5,2,681.9,6852.66,6913.22,3,0.3095890410958904,680.7,6882.9400000000005,0.20248919173518357
^SPX,2026-02-24 16:15:00,SPX,2026-06-18,6390.0,C,0.0,0.0,0.0,0.0,0,2,671.2,2,673.6,6852.66,6913.22,0,0.3095890410958904,672.4000000000001,6882.9400000000005,0.20181668070883654
^SPX,2026-02-24 16:15:00,SPX,2026-06-18,6400.0,C,653.2,671.5,653.2,671.5,7,2,663.0,2,664.9,6852.66,6913.22,5401,0.3095890410958904,663.95,6882.9400000000005,0.2009809743707318
^SPX,2026-02-24 16:15:00,SPX,2026-06-18,6410.0,C,0.0,0.0,0.0,0.0,0,2,654.5,2,656.9,6852.66,6913.22,11,0.3095890410958904,655.7,6882.9400000000005,0.20030673961565598
^SPX,2026-02-24 16:15:00,SPX,2026-06-18,6420.0,C,0.0,0.0,0.0,0.0,0,2,646.2,2,648.6,6852.66,6913.22,0,0.3095890410958904,647.4000000000001,6882.9400000000005,0.19956228651268926
^SPX,2026-02-24 16:15:00,SPX,2026-06-18,6425.0,C,0.0,0.0,0.0,0.0,0,2,642.0,2,644.4,6852.66,6913.22,2121,0.3095890410958904,643.2,6882.9400000000005,0.19913598627705326
^SPX,2026-02-24 16:15:00,SPX,2026-06-18,6430.0,C,0.0,0.0,0.0,0.0,0,2,637.9,2,640.2,6852.66,6913.22,1,0.3095890410958904,639.05,6882.9400000000005,0.19874914281287068
^SPX,2026-02-24 16:15:00,SPX,2026-06-18,6440.0,C,0.0,0.0,0.0,0.0,0,2,629.7,2,632.0,6852.66,6913.22,3,0.3095890410958904,630.85,6882.9400000000005,0.19804694461795416
^SPX,2026-02-24 16:15:00,SPX,2026-06-18,6450.0,C,0.0,0.0,0.0,0.0,0,2,621.6,2,623.4,6852.66,6913.22,4802,0.3095890410958904,622.5,6882.9400000000005,0.19718742849396007
^SPX,2026-02-24 16:15:00,SPX,2026-06-18,6460.0,C,0.0,0.0,0.0,0.0,0,2,613.1,2,615.5,6852.66,6913.22,1,0.3095890410958904,614.3,6882.9400000000005,0.19643690941714034
^SPX,2026-02-24 16:15:00,SPX,2026-06-18,6470.0,C,0.0,0.0,0.0,0.0,0,2,605.0,2,607.4,6852.66,6913.22,0,0.3095890410958904,606.2,6882.9400000000005,0.19574872849316075
^SPX,2026-02-24 16:15:00,SPX,2026-06-18,6475.0,C,0.0,0.0,0.0,0.0,0,2,601.0,2,603.3,6852.66,6913.22,654,0.3095890410958904,602.15,6882.9400000000005,0.19539498449682052
^SPX,2026-02-24 16:15:00,SPX,2026-06-18,6480.0,C,0.0,0.0,0.0,0.0,0,2,596.9,2,599.2,6852.66,6913.22,0,0.3095890410958904,598.05,6882.9400000000005,0.1949918604884385
^SPX,2026-02-24 16:15:00,SPX,2026-06-18,6490.0,C,0.0,0.0,0.0,0.0,0,1,589.1,1,590.4,6852.66,6913.22,0,0.3095890410958904,589.75,6882.9400000000005,0.19408240500117552
^SPX,2026-02-24 16:15:00,SPX,2026-06-18,6500.0,C,543.88,543.88,543.88,543.88,1,1,581.0,1,582.3,6852.66,6913.22,15033,0.3095890410958904,581.65,6882.9400000000005,0.19331969780990305
^SPX,2026-02-24 16:15:00,SPX,2026-06-18,6510.0,C,0.0,0.0,0.0,0.0,0,1,572.9,1,574.2,6852.66,6913.22,4,0.3095890410958904,573.55,6882.9400000000005,0.19253195671368958
^SPX,2026-02-24 16:15:00,SPX,2026-06-18,6520.0,C,0.0,0.0,0.0,0.0,0,3,564.8,1,566.1,6852.66,6913.22,1,0.3095890410958904,565.45,6882.9400000000005,0.19171937810921982
^SPX,2026-02-24 16:15:00,SPX,2026-06-18,6525.0,C,0.0,0.0,0.0,0.0,0,3,560.8,3,562.1,6852.66,6913.22,879,0.3095890410958904,561.45,6882.9400000000005,0.19134523167892867
^SPX,2026-02-24 16:15:00,SPX,2026-06-18,6530.0,C,0.0,0.0,0.0,0.0,0,1,556.8,1,558.1,6852.66,6913.22,2,0.3095890410958904,557.45,6882.9400000000005,0.19096460226509446
^SPX,2026-02-24 16:15:00,SPX,2026-06-18,6540.0,C,0.0,0.0,0.0,0.0,0,3,548.8,3,550.1,6852.66,6913.22,2,0.3095890410958904,549.45,6882.9400000000005,0.1901839947195362
^SPX,2026-02-24 16:15:00,SPX,2026-06-18,6550.0,C,0.0,0.0,0.0,0.0,0,1,540.8,1,542.1,6852.66,6913.22,8498,0.3095890410958904,541.45,6882.9400000000005,0.1893777424234614
^SPX,2026-02-24 16:15:00,SPX,2026-06-18,6560.0,C,0.0,0.0,0.0,0.0,0,1,532.9,3,534.2,6852.66,6913.22,2,0.3095890410958904,533.55,6882.9400000000005,0.18862650435948872
^SPX,2026-02-24 16:15:00,SPX,2026-06-18,6570.0,C,0.0,0.0,0.0,0.0,0,14,524.9,1,526.2,6852.66,6913.22,1,0.3095890410958904,525.55,6882.9400000000005,0.18776881934673614
^SPX,2026-02-24 16:15:00,SPX,2026-06-18,6575.0,C,0.0,0.0,0.0,0.0,0,1,521.0,1,522.3,6852.66,6913.22,481,0.3095890410958904,521.65,6882.9400000000005,0.1874100811386501
^SPX,2026-02-24 16:15:00,SPX,2026-06-18,6580.0,C,0.0,0.0,0.0,0.0,0,13,517.0,1,518.3,6852.66,6913.22,3,0.3095890410958904,517.65,6882.9400000000005,0.18696519937391454
^SPX,2026-02-24 16:15:00,SPX,2026-06-18,6585.0,C,0.0,0.0,0.0,0.0,0,1,513.1,1,514.4,6852.66,6913.22,0,0.3095890410958904,513.75,6882.9400000000005,0.1865930020701428
^SPX,2026-02-24 16:15:00,SPX,2026-06-18,6590.0,C,0.0,0.0,0.0,0.0,0,3,509.2,3,510.5,6852.66,6913.22,3,0.3095890410958904,509.85,6882.9400000000005,0.18621395309939345
^SPX,2026-02-24 16:15:00,SPX,2026-06-18,6595.0,C,0.0,0.0,0.0,0.0,0,1,505.3,1,506.6,6852.66,6913.22,0,0.3095890410958904,505.95000000000005,6882.9400000000005,0.18582807397509382
^SPX,2026-02-24 16:15:00,SPX,2026-06-18,6600.0,C,460.13,498.14,460.13,498.14,3,2,501.4,1,502.6,6852.66,6913.22,9900,0.3095890410958904,502.0,6882.9400000000005,0.18539635625153683
^SPX,2026-02-24 16:15:00,SPX,2026-06-18,6605.0,C,0.0,0.0,0.0,0.0,0,1,497.4,1,498.7,6852.66,6913.22,0,0.3095890410958904,498.04999999999995,6882.9400000000005,0.18495813428164998
^SPX,2026-02-24 16:15:00,SPX,2026-06-18,6610.0,C,0.0,0.0,0.0,0.0,0,13,493.5,1,494.8,6852.66,6913.22,2,0.3095890410958904,494.15,6882.9400000000005,0.18455216469532498
^SPX,2026-02-24 16:15:00,SPX,2026-06-18,6615.0,C,0.0,0.0,0.0,0.0,0,1,489.7,1,490.9,6852.66,6913.22,0,0.3095890410958904,490.29999999999995,6882.9400000000005,0.1841780344500311
^SPX,2026-02-24 16:15:00,SPX,2026-06-18,6620.0,C,0.0,0.0,0.0,0.0,0,10,485.8,3,487.1,6852.66,6913.22,2,0.3095890410958904,486.45000000000005,6882.9400000000005,0.18379687551952822
^SPX,2026-02-24 16:15:00,SPX,2026-06-18,6625.0,C,0.0,0.0,0.0,0.0,0,14,481.9,1,483.2,6852.66,6913.22,2323,0.3095890410958904,482.54999999999995,6882.9400000000005,0.18337038473942624
^SPX,2026-02-24 16:15:00,SPX,2026-06-18,6630.0,C,0.0,0.0,0.0,0.0,0,13,478.0,1,479.3,6852.66,6913.22,1,0.3095890410958904,478.65,6882.9400000000005,0.1829371733581508
^SPX,2026-02-24 16:15:00,SPX,2026-06-18,6635.0,C,476.8,476.8,476.8,476.8,1,1,474.2,1,475.5,6852.66,6913.22,0,0.3095890410958904,474.85,6882.9400000000005,0.18257335626765295
^SPX,2026-02-24 16:15:00,SPX,2026-06-18,6640.0,C,0.0,0.0,0.0,0.0,0,15,470.3,1,471.6,6852.66,6913.22,3,0.3095890410958904,470.95000000000005,6882.9400000000005,0.1821264690864017
^SPX,2026-02-24 16:15:00,SPX,2026-06-18,6645.0,C,0.0,0.0,0.0,0.0,0,3,466.5,1,467.8,6852.66,6913.22,0,0.3095890410958904,467.15,6882.9400000000005,0.18174846582526033
^SPX,2026-02-24 16:15:00,SPX,2026-06-18,6650.0,C,0.0,0.0,0.0,0.0,0,13,462.7,3,464.0,6852.66,6913.22,5301,0.3095890410958904,463.35,6882.9400000000005,0.1813632583821641
^SPX,2026-02-24 16:15:00,SPX,2026-06-18,6655.0,C,0.0,0.0,0.0,0.0,0,1,458.8,1,460.1,6852.66,6913.22,0,0.3095890410958904,459.45000000000005,6882.9400000000005,0.18089580784197476
^SPX,2026-02-24 16:15:00,SPX,2026-06-18,6660.0,C,0.0,0.0,0.0,0.0,0,13,455.1,1,456.3,6852.66,6913.22,1,0.3095890410958904,455.70000000000005,6882.9400000000005,0.18053389153346552
^SPX,2026-02-24 16:15:00,SPX,2026-06-18,6665.0,C,0.0,0.0,0.0,0.0,0,1,451.2,1,452.5,6852.66,6913.22,0,0.3095890410958904,451.85,6882.9400000000005,0.18009000715517
^SPX,2026-02-24 16:15:00,SPX,2026-06-18,6670.0,C,0.0,0.0,0.0,0.0,0,13,447.5,1,448.7,6852.66,6913.22,21,0.3095890410958904,448.1,6882.9400000000005,0.17971351790479856
^SPX,2026-02-24 16:15:00,SPX,2026-06-18,6675.0,C,0.0,0.0,0.0,0.0,0,13,443.7,1,444.9,6852.66,6913.22,2188,0.3095890410958904,444.29999999999995,6882.9400000000005,0.17929260776607642
^SPX,2026-02-24 16:15:00,SPX,2026-06-18,6680.0,C,0.0,0.0,0.0,0.0,0,14,439.9,1,441.2,6852.66,6913.22,5,0.3095890410958904,440.54999999999995,6882.9400000000005,0.17890146686288316
^SPX,2026-02-24 16:15:00,SPX,2026-06-18,6685.0,C,0.0,0.0,0.0,0.0,0,1,436.1,1,437.4,6852.66,6913.22,0,0.3095890410958904,436.75,6882.9400000000005,0.17846616667285434
^SPX,2026-02-24 16:15:00,SPX,2026-06-18,6690.0,C,0.0,0.0,0.0,0.0,0,13,432.4,1,433.6,6852.66,6913.22,6,0.3095890410958904,433.0,6882.9400000000005,0.17806041117954213
^SPX,2026-02-24 16:15:00,SPX,2026-06-18,6695.0,C,0.0,0.0,0.0,0.0,0,1,428.6,1,429.9,6852.66,6913.22,0,0.3095890410958904,429.25,6882.9400000000005,0.17764730017490715
^SPX,2026-02-24 16:15:00,SPX,2026-06-18,6700.0,C,410.05,427.2,410.05,422.58,33,2,425.0,3,426.2,6852.66,6913.22,6192,0.3095890410958904,425.6,6882.9400000000005,0.1772997202241805
^SPX,2026-02-24 16:15:00,SPX,2026-06-18,6705.0,C,0.0,0.0,0.0,0.0,0,1,421.1,1,422.4,6852.66,6913.22,0,0.3095890410958904,421.75,6882.9400000000005,0.17679903418590048
^SPX,2026-02-24 16:15:00,SPX,2026-06-18,6710.0,C,0.0,0.0,0.0,0.0,0,12,417.5,1,418.7,6852.66,6913.22,1,0.3095890410958904,418.1,6882.9400000000005,0.17643632151859265
^SPX,2026-02-24 16:15:00,SPX,2026-06-18,6715.0,C,0.0,0.0,0.0,0.0,0,1,413.7,1,415.0,6852.66,6913.22,0,0.3095890410958904,414.35,6882.9400000000005,0.1759936147338043
^SPX,2026-02-24 16:15:00,SPX,2026-06-18,6720.0,C,0.0,0.0,0.0,0.0,0,9,410.1,1,411.3,6852.66,6913.22,14,0.3095890410958904,410.70000000000005,6882.9400000000005,0.17561556896988234
^SPX,2026-02-24 16:15:00,SPX,2026-06-18,6725.0,C,0.0,0.0,0.0,0.0,0,12,406.4,1,407.6,6852.66,6913.22,961,0.3095890410958904,407.0,6882.9400000000005,0.17519386502928017
^SPX,2026-02-24 16:15:00,SPX,2026-06-18,6730.0,C,0.0,0.0,0.0,0.0,0,9,402.8,10,403.9,6852.66,6913.22,1,0.3095890410958904,403.35,6882.9400000000005,0.1748003990302968
^SPX,2026-02-24 16:15:00,SPX,2026-06-18,6735.0,C,0.0,0.0,0.0,0.0,0,9,399.2,10,400.3,6852.66,6913.22,0,0.3095890410958904,399.75,6882.9400000000005,0.1744348595459529
^SPX,2026-02-24 16:15:00,SPX,2026-06-18,6740.0,C,0.0,0.0,0.0,0.0,0,9,395.5,10,396.6,6852.66,6913.22,1,0.3095890410958904,396.05,6882.9400000000005,0.1739901989462122
^SPX,2026-02-24 16:15:00,SPX,2026-06-18,6745.0,C,0.0,0.0,0.0,0.0,0,9,391.9,9,392.9,6852.66,6913.22,0,0.3095890410958904,392.4,6882.9400000000005,0.1735734681956357
^SPX,2026-02-24 16:15:00,SPX,2026-06-18,6750.0,C,382.11,389.9,382.11,389.9,61,16,388.2,17,389.3,6852.66,6913.22,8225,0.3095890410958904,388.75,6882.9400000000005,0.17314898266691453
^SPX,2026-02-24 16:15:00,SPX,2026-06-18,6755.0,C,0.0,0.0,0.0,0.0,0,10,384.6,11,385.7,6852.66,6913.22,0,0.3095890410958904,385.15,6882.9400000000005,0.17275202682366522
^SPX,2026-02-24 16:15:00,SPX,2026-06-18,6760.0,C,0.0,0.0,0.0,0.0,0,10,381.0,11,382.1,6852.66,6913.22,0,0.3095890410958904,381.55,6882.9400000000005,0.1723471181425288
^SPX,2026-02-24 16:15:00,SPX,2026-06-18,6765.0,C,0.0,0.0,0.0,0.0,0,10,377.4,11,378.5,6852.66,6913.22,0,0.3095890410958904,377.95,6882.9400000000005,0.17193425490548322
^SPX,2026-02-24 16:15:00,SPX,2026-06-18,6770.0,C,375.9,375.9,375.9,375.9,1,10,373.8,11,374.9,6852.66,6913.22,1,0.3095890410958904,374.35,6882.9400000000005,0.1715134333630007
^SPX,2026-02-24 16:15:00,SPX,2026-06-18,6775.0,C,0.0,0.0,0.0,0.0,0,10,370.2,11,371.3,6852.66,6913.22,900,0.3095890410958904,370.75,6882.9400000000005,0.1710846477155607
^SPX,2026-02-24 16:15:00,SPX,2026-06-18,6780.0,C,0.0,0.0,0.0,0.0,0,11,366.7,11,367.7,6852.66,6913.22,11,0.3095890410958904,367.2,6882.9400000000005,0.17068271843940322
^SPX,2026-02-24 16:15:00,SPX,2026-06-18,6785.0,C,0.0,0.0,0.0,0.0,0,11,363.1,11,364.1,6852.66,6913.22,0,0.3095890410958904,363.6,6882.9400000000005,0.17023789253581828
^SPX,2026-02-24 16:15:00,SPX,2026-06-18,6790.0,C,0.0,0.0,0.0,0.0,0,11,359.6,12,360.6,6852.66,6913.22,2,0.3095890410958904,360.1,6882.9400000000005,0.16985438727172367
^SPX,2026-02-24 16:15:00,SPX,2026-06-18,6795.0,C,0.0,0.0,0.0,0.0,0,11,356.0,12,357.1,6852.66,6913.22,0,0.3095890410958904,356.55,6882.9400000000005,0.16942796973632582
^SPX,2026-02-24 16:15:00,SPX,2026-06-18,6800.0,C,316.0,355.16,316.0,355.16,11,17,352.5,18,353.6,6852.66,6913.22,10667,0.3095890410958904,353.05,6882.9400000000005,0.16902786071950646
^SPX,2026-02-24 16:15:00,SPX,2026-06-18,6805.0,C,0.0,0.0,0.0,0.0,0,11,349.0,11,350.0,6852.66,6913.22,0,0.3095890410958904,349.5,6882.9400000000005,0.16858498594867577
^SPX,2026-02-24 16:15:00,SPX,2026-06-18,6810.0,C,0.0,0.0,0.0,0.0,0,11,345.5,11,346.5,6852.66,6913.22,17,0.3095890410958904,346.0,6882.9400000000005,0.16816823417615617
^SPX,2026-02-24 16:15:00,SPX,2026-06-18,6815.0,C,0.0,0.0,0.0,0.0,0,11,342.0,11,343.0,6852.66,6913.22,0,0.3095890410958904,342.5,6882.9400000000005,0.16774310234063886
^SPX,2026-02-24 16:15:00,SPX,2026-06-18,6820.0,C,341.03,341.03,341.03,341.03,1,19,338.5,11,339.5,6852.66,6913.22,9,0.3095890410958904,339.0,6882.9400000000005,0.16730957560234053
^SPX,2026-02-24 16:15:00,SPX,2026-06-18,6825.0,C,336.1,338.1,336.1,338.1,2,17,335.1,17,336.1,6852.66,6913.22,1806,0.3095890410958904,335.6,6882.9400000000005,0.1669358501091959
^SPX,2026-02-24 16:15:00,SPX,2026-06-18,6830.0,C,0.0,0.0,0.0,0.0,0,11,331.6,11,332.6,6852.66,6913.22,13,0.3095890410958904,332.1,6882.9400000000005,0.1664853368374471
^SPX,2026-02-24 16:15:00,SPX,2026-06-18,6835.0,C,0.0,0.0,0.0,0.0,0,11,328.3,11,329.2,6852.66,6913.22,1,0.3095890410958904,328.75,6882.9400000000005,0.16612826799767455
^SPX,2026-02-24 16:15:00,SPX,2026-06-18,6840.0,C,305.49,326.5,305.49,326.5,2,11,324.8,11,325.8,6852.66,6913.22,17,0.3095890410958904,325.3,6882.9400000000005,0.1656945230313747
^SPX,2026-02-24 16:15:00,SPX,2026-06-18,6845.0,C,0.0,0.0,0.0,0.0,0,11,321.4,11,322.3,6852.66,6913.22,10,0.3095890410958904,321.85,6882.9400000000005,0.16525214944204092
^SPX,2026-02-24 16:15:00,SPX,2026-06-18,6850.0,C,290.0,320.8,290.0,320.8,123,11,318.1,19,319.0,6852.66,6913.22,8718,0.3095890410958904,318.55,6882.9400000000005,0.16490241874276837
^SPX,2026-02-24 16:15:00,SPX,2026-06-18,6855.0,C,0.0,0.0,0.0,0.0,0,12,314.7,12,315.6,6852.66,6913.22,9,0.3095890410958904,315.15,6882.9400000000005,0.16447622698858705
^SPX,2026-02-24 16:15:00,SPX,2026-06-18,6860.0,C,0.0,0.0,0.0,0.0,0,12,311.2,12,312.2,6852.66,6913.22,60,0.3095890410958904,311.7,6882.9400000000005,0.16400756856942258
^SPX,2026-02-24 16:15:00,SPX,2026-06-18,6865.0,C,0.0,0.0,0.0,0.0,0,13,307.8,12,308.8,6852.66,6913.22,0,0.3095890410958904,308.3,6882.9400000000005,0.16356375823287886
^SPX,2026-02-24 16:15:00,SPX,2026-06-18,6870.0,C,0.0,0.0,0.0,0.0,0,12,304.5,12,305.5,6852.66,6913.22,45,0.3095890410958904,305.0,6882.9400000000005,0.1631781136176765
^SPX,2026-02-24 16:15:00,SPX,2026-06-18,6875.0,C,293.25,293.9,293.25,293.9,63,19,301.2,18,302.1,6852.66,6913.22,1230,0.3095890410958904,301.65,6882.9400000000005,0.16274986194248992
^SPX,2026-02-24 16:15:00,SPX,2026-06-18,6880.0,C,0.0,0.0,0.0,0.0,0,12,297.9,12,298.8,6852.66,6913.22,10,0.3095890410958904,298.35,6882.9400000000005,0.16234597071723197
^SPX,2026-02-24 16:15:00,SPX,2026-06-18,6885.0,C,292.0,292.0,292.0,292.0,7,12,294.6,12,295.5,6852.66,6913.22,0,0.3095890410958904,295.05,6882.9400000000005,0.16193288864555305
^SPX,2026-02-24 16:15:00,SPX,2026-06-18,6890.0,C,273.2,273.2,273.2,273.2,1,12,291.3,12,292.2,6852.66,6913.22,11,0.3095890410958904,291.75,6882.9400000000005,0.16151058601161133
^SPX,2026-02-24 16:15:00,SPX,2026-06-18,6895.0,C,0.0,0.0,0.0,0.0,0,12,288.0,12,289.0,6852.66,6913.22,0,0.3095890410958904,288.5,6882.9400000000005,0.16111229485661197
^SPX,2026-02-24 16:15:00,SPX,2026-06-18,6900.0,C,276.0,288.19,276.0,282.29,149,32,284.7,18,285.7,6852.66,6913.22,13668,0.3095890410958904,285.2,6882.9400000000005,0.16067140365985072
^SPX,2026-02-24 16:15:00,SPX,2026-06-18,6905.0,C,0.0,0.0,0.0,0.0,0,12,281.5,12,282.5,6852.66,6913.22,0,0.3095890410958904,282.0,6882.9400000000005,0.16028753478566218
^SPX,2026-02-24 16:15:00,SPX,2026-06-18,6910.0,C,0.0,0.0,0.0,0.0,0,12,278.3,12,279.2,6852.66,6913.22,80,0.3095890410958904,278.75,6882.9400000000005,0.15986099651452726
^SPX,2026-02-24 16:15:00,SPX,2026-06-18,6915.0,C,0.0,0.0,0.0,0.0,0,13,275.1,13,276.0,6852.66,6913.22,0,0.3095890410958904,275.55,6882.9400000000005,0.15945805919669062
^SPX,2026-02-24 16:15:00,SPX,2026-06-18,6920.0,C,0.0,0.0,0.0,0.0,0,13,271.9,13,272.8,6852.66,6913.22,93,0.3095890410958904,272.35,6882.9400000000005,0.15904551182644322
^SPX,2026-02-24 16:15:00,SPX,2026-06-18,6925.0,C,242.3,271.3,242.0,271.3,152,27,268.7,26,269.6,6852.66,6913.22,1722,0.3095890410958904,269.15,6882.9400000000005,0.1586233142048725
^SPX,2026-02-24 16:15:00,SPX,2026-06-18,6930.0,C,266.3,268.0,266.3,268.0,2,20,265.5,20,266.4,6852.66,6913.22,218,0.3095890410958904,265.95,6882.9400000000005,0.15819142269959735
^SPX,2026-02-24 16:15:00,SPX,2026-06-18,6935.0,C,263.4,263.4,263.4,263.4,1,20,262.4,20,263.3,6852.66,6913.22,0,0.3095890410958904,262.85,6882.9400000000005,0.15781568982630606
^SPX,2026-02-24 16:15:00,SPX,2026-06-18,6940.0,C,260.46,260.46,260.46,260.46,15,28,259.2,27,260.1,6852.66,6913.22,141,0.3095890410958904,259.65,6882.9400000000005,0.15736420501224893
^SPX,2026-02-24 16:15:00,SPX,2026-06-18,6945.0,C,0.0,0.0,0.0,0.0,0,21,256.1,21,257.1,6852.66,6913.22,0,0.3095890410958904,256.6,6882.9400000000005,0.1570015523271486
^SPX,2026-02-24 16:15:00,SPX,2026-06-18,6950.0,C,248.03,248.03,246.95,246.95,165,28,253.0,27,253.9,6852.66,6913.22,7206,0.3095890410958904,253.45,6882.9400000000005,0.15656311233723094
^SPX,2026-02-24 16:15:00,SPX,2026-06-18,6955.0,C,0.0,0.0,0.0,0.0,0,21,249.9,21,250.8,6852.66,6913.22,0,0.3095890410958904,250.35000000000002,6882.9400000000005,0.1561475098907323
^SPX,2026-02-24 16:15:00,SPX,2026-06-18,6960.0,C,0.0,0.0,0.0,0.0,0,21,246.8,21,247.7,6852.66,6913.22,486,0.3095890410958904,247.25,6882.9400000000005,0.1557218003979144
^SPX,2026-02-24 16:15:00,SPX,2026-06-18,6965.0,C,0.0,0.0,0.0,0.0,0,21,243.8,21,244.7,6852.66,6913.22,1,0.3095890410958904,244.25,6882.9400000000005,0.15535152703161983
^SPX,2026-02-24 16:15:00,SPX,2026-06-18,6970.0,C,236.5,236.5,236.5,236.5,10,21,240.7,21,241.6,6852.66,6913.22,92,0.3095890410958904,241.14999999999998,6882.9400000000005,0.15490539323535346
^SPX,2026-02-24 16:15:00,SPX,2026-06-18,6975.0,C,233.04,241.02,233.04,241.02,432,28,237.7,47,238.6,6852.66,6913.22,1327,0.3095890410958904,238.14999999999998,6882.9400000000005,0.15451450856051963
^SPX,2026-02-24 16:15:00,SPX,2026-06-18,6980.0,C,0.0,0.0,0.0,0.0,0,21,234.7,31,235.6,6852.66,6913.22,164,0.3095890410958904,235.14999999999998,6882.9400000000005,0.15411321655083557
^SPX,2026-02-24 16:15:00,SPX,2026-06-18,6985.0,C,232.5,232.5,232.5,232.5,2,21,231.7,21,232.6,6852.66,6913.22,3,0.3095890410958904,232.14999999999998,6882.9400000000005,0.1537014568509969
^SPX,2026-02-24 16:15:00,SPX,2026-06-18,6990.0,C,0.0,0.0,0.0,0.0,0,22,228.7,31,229.6,6852.66,6913.22,97,0.3095890410958904,229.14999999999998,6882.9400000000005,0.15327916475345327
^SPX,2026-02-24 16:15:00,SPX,2026-06-18,7000.0,C,205.7,227.76,205.7,227.64,26468,31,222.8,41,223.7,6852.66,6913.22,84687,0.3095890410958904,223.25,6882.9400000000005,0.15246815602331729
^SPX,2026-02-24 16:15:00,SPX,2026-06-18,7010.0,C,0.0,0.0,0.0,0.0,0,21,217.0,31,217.9,6852.66,6913.22,402,0.3095890410958904,217.45,6882.9400000000005,0.15167958325623976
^SPX,2026-02-24 16:15:00,SPX,2026-06-18,7020.0,C,212.54,212.54,212.54,212.54,10,22,211.3,33,212.1,6852.66,6913.22,173,0.3095890410958904,211.7,6882.9400000000005,0.1508801423866746
^SPX,2026-02-24 16:15:00,SPX,2026-06-18,7025.0,C,209.0,211.0,207.7,211.0,6,34,208.4,33,209.2,6852.66,6913.22,1117,0.3095890410958904,208.8,6882.9400000000005,0.15044751033174286
^SPX,2026-02-24 16:15:00,SPX,2026-06-18,7030.0,C,205.14,205.14,205.14,205.14,25,22,205.6,32,206.4,6852.66,6913.22,120,0.3095890410958904,206.0,6882.9400000000005,0.15006924687096157
^SPX,2026-02-24 16:15:00,SPX,2026-06-18,7040.0,C,0.0,0.0,0.0,0.0,0,22,200.0,33,200.8,6852.66,6913.22,111,0.3095890410958904,200.4,6882.9400000000005,0.14927907903538154
^SPX,2026-02-24 16:15:00,SPX,2026-06-18,7050.0,C,194.6,194.6,193.5,193.5,2,30,194.4,56,195.3,6852.66,6913.22,3745,0.3095890410958904,194.85000000000002,6882.9400000000005,0.14847630261206177
^SPX,2026-02-24 16:15:00,SPX,2026-06-18,7060.0,C,0.0,0.0,0.0,0.0,0,23,189.0,34,189.8,6852.66,6913.22,125,0.3095890410958904,189.4,6882.9400000000005,0.14769317997683482
^SPX,2026-02-24 16:15:00,SPX,2026-06-18,7070.0,C,184.6,184.6,184.6,184.6,1,25,183.6,37,184.4,6852.66,6913.22,94,0.3095890410958904,184.0,6882.9400000000005,0.146896306136538
^SPX,2026-02-24 16:15:00,SPX,2026-06-18,7075.0,C,181.5,182.8,181.2,182.8,3,20,181.0,54,181.8,6852.66,6913.22,1066,0.3095890410958904,181.4,6882.9400000000005,0.14654611581777152
^SPX,2026-02-24 16:15:00,SPX,2026-06-18,7080.0,C,178.4,179.3,178.4,179.3,8,25,178.3,37,179.1,6852.66,6913.22,101,0.3095890410958904,178.7,6882.9400000000005,0.14611806430850088
^SPX,2026-02-24 16:15:00,SPX,2026-06-18,7090.0,C,174.1,174.1,174.1,174.1,11,25,173.1,35,173.9,6852.66,6913.22,58,0.3095890410958904,173.5,6882.9400000000005,0.145358047261027
^SPX,2026-02-24 16:15:00,SPX,2026-06-18,7100.0,C,168.4,169.7,168.4,169.7,4,32,168.0,60,168.7,6852.66,6913.22,12485,0.3095890410958904,168.35,6882.9400000000005,0.14458267331275543
^SPX,2026-02-24 16:15:00,SPX,2026-06-18,7110.0,C,146.32,163.9,141.29,163.9,21,25,162.9,38,163.7,6852.66,6913.22,523,0.3095890410958904,163.3,6882.9400000000005,0.14382460880003142
^SPX,2026-02-24 16:15:00,SPX,2026-06-18,7120.0,C,0.0,0.0,0.0,0.0,0,25,158.0,38,158.8,6852.66,6913.22,52,0.3095890410958904,158.4,6882.9400000000005,0.14311699587754742
^SPX,2026-02-24 16:15:00,SPX,2026-06-18,7125.0,C,155.1,157.1,155.1,156.3,9,26,155.5,38,156.3,6852.66,6913.22,593,0.3095890410958904,155.9,6882.9400000000005,0.14271090368877534
^SPX,2026-02-24 16:15:00,SPX,2026-06-18,7130.0,C,153.9,153.9,153.9,153.9,3,26,153.1,37,153.9,6852.66,6913.22,67,0.3095890410958904,153.5,6882.9400000000005,0.14235918430162312
^SPX,2026-02-24 16:15:00,SPX,2026-06-18,7140.0,C,136.54,136.54,136.54,136.54,1,26,148.3,41,149.1,6852.66,6913.22,51,0.3095890410958904,148.7,6882.9400000000005,0.14161756724600696
^SPX,2026-02-24 16:15:00,SPX,2026-06-18,7150.0,C,127.0,145.5,127.0,144.3,321,29,143.6,61,144.4,6852.66,6913.22,4879,0.3095890410958904,144.0,6882.9400000000005,0.1408919212787552
^SPX,2026-02-24 16:15:00,SPX,2026-06-18,7160.0,C,0.0,0.0,0.0,0.0,0,29,139.0,41,139.8,6852.66,6913.22,224,0.3095890410958904,139.4,6882.9400000000005,0.1401820701532668
^SPX,2026-02-24 16:15:00,SPX,2026-06-18,7170.0,C,0.0,0.0,0.0,0.0,0,27,134.5,40,135.3,6852.66,6913.22,123,0.3095890410958904,134.9,6882.9400000000005,0.1394878866663899
^SPX,2026-02-24 16:15:00,SPX,2026-06-18,7175.0,C,0.0,0.0,0.0,0.0,0,29,132.2,43,133.0,6852.66,6913.22,575,0.3095890410958904,132.6,6882.9400000000005,0.13908640012575477
^SPX,2026-02-24 16:15:00,SPX,2026-06-18,7180.0,C,130.7,130.7,130.7,130.7,1,31,130.0,43,130.8,6852.66,6913.22,69,0.3095890410958904,130.4,6882.9400000000005,0.13874022128297672
^SPX,2026-02-24 16:15:00,SPX,2026-06-18,7190.0,C,126.2,126.2,125.17,125.17,2,31,125.7,46,126.5,6852.66,6913.22,40,0.3095890410958904,126.1,6882.9400000000005,0.13807672802892906
^SPX,2026-02-24 16:15:00,SPX,2026-06-18,7200.0,C,116.7,124.43,116.7,124.37,840,41,121.4,65,122.2,6852.66,6913.22,9192,0.3095890410958904,121.80000000000001,6882.9400000000005,0.13735874853870383
^SPX,2026-02-24 16:15:00,SPX,2026-06-18,7210.0,C,119.29,119.29,119.29,119.29,1,33,117.3,46,118.1,6852.66,6913.22,153,0.3095890410958904,117.69999999999999,6882.9400000000005,0.13672594110762515
^SPX,2026-02-24 16:15:00,SPX,2026-06-18,7220.0,C,110.0,110.0,109.1,109.1,2,33,113.2,49,114.0,6852.66,6913.22,78,0.3095890410958904,113.6,6882.9400000000005,0.1360377294329612
^SPX,2026-02-24 16:15:00,SPX,2026-06-18,7225.0,C,111.7,112.7,111.7,112.7,2,44,111.2,68,112.0,6852.66,6913.22,1615,0.3095890410958904,111.6,6882.9400000000005,0.13570808306177506
^SPX,2026-02-24 16:15:00,SPX,2026-06-18,7230.0,C,108.0,110.6,108.0,109.8,5,31,109.3,46,110.1,6852.66,6913.22,123,0.3095890410958904,109.69999999999999,6882.9400000000005,0.135436073409633
^SPX,2026-02-24 16:15:00,SPX,2026-06-18,7240.0,C,0.0,0.0,0.0,0.0,0,34,105.4,51,106.2,6852.66,6913.22,56,0.3095890410958904,105.80000000000001,6882.9400000000005,0.134778197894936
^SPX,2026-02-24 16:15:00,SPX,2026-06-18,7250.0,C,96.59,102.8,96.59,102.8,1451,46,101.6,83,102.4,6852.66,6913.22,8346,0.3095890410958904,102.0,6882.9400000000005,0.13413551845997482
^SPX,2026-02-24 16:15:00,SPX,2026-06-18,7260.0,C,86.69,86.69,86.69,86.69,1,44,97.9,54,98.7,6852.66,6913.22,33,0.3095890410958904,98.30000000000001,6882.9400000000005,0.13350834400886058
^SPX,2026-02-24 16:15:00,SPX,2026-06-18,7270.0,C,94.82,94.82,94.82,94.82,10,45,94.3,56,95.1,6852.66,6913.22,549,0.3095890410958904,94.69999999999999,6882.9400000000005,0.13289706094875017
^SPX,2026-02-24 16:15:00,SPX,2026-06-18,7275.0,C,93.51,93.51,93.51,93.51,1,46,92.5,56,93.3,6852.66,6913.22,426,0.3095890410958904,92.9,6882.9400000000005,0.13256934752621855
^SPX,2026-02-24 16:15:00,SPX,2026-06-18,7280.0,C,0.0,0.0,0.0,0.0,0,46,90.8,56,91.6,6852.66,6913.22,52,0.3095890410958904,91.19999999999999,6882.9400000000005,0.13230213853539596
^SPX,2026-02-24 16:15:00,SPX,2026-06-18,7290.0,C,82.35,85.12,82.35,85.12,53,62,87.4,92,88.2,6852.66,6913.22,113,0.3095890410958904,87.80000000000001,6882.9400000000005,0.1317241347196305
^SPX,2026-02-24 16:15:00,SPX,2026-06-18,7300.0,C,79.74,85.1,76.5,84.12,236,47,84.1,95,84.9,6852.66,6913.22,8985,0.3095890410958904,84.5,6882.9400000000005,0.13116370251905038
^SPX,2026-02-24 16:15:00,SPX,2026-06-18,7310.0,C,73.14,81.3,73.14,80.43,16,49,80.8,61,81.6,6852.66,6913.22,307,0.3095890410958904,81.19999999999999,6882.9400000000005,0.1305432157980477
^SPX,2026-02-24 16:15:00,SPX,2026-06-18,7320.0,C,70.72,77.1,70.72,77.1,3,50,77.7,63,78.4,6852.66,6913.22,85,0.3095890410958904,78.05000000000001,6882.9400000000005,0.1299795403429346
^SPX,2026-02-24 16:15:00,SPX,2026-06-18,7325.0,C,76.31,76.31,76.31,76.31,8,50,76.2,80,77.0,6852.66,6913.22,1740,0.3095890410958904,76.6,6882.9400000000005,0.12977475696355603
^SPX,2026-02-24 16:15:00,SPX,2026-06-18,7330.0,C,0.0,0.0,0.0,0.0,0,50,74.7,61,75.4,6852.66,6913.22,193,0.3095890410958904,75.05000000000001,6882.9400000000005,0.12947515566328657
^SPX,2026-02-24 16:15:00,SPX,2026-06-18,7340.0,C,0.0,0.0,0.0,0.0,0,71,71.7,67,72.5,6852.66,6913.22,65,0.3095890410958904,72.1,6882.9400000000005,0.12895112096166542
^SPX,2026-02-24 16:15:00,SPX,2026-06-18,7350.0,C,61.8,67.04,61.8,66.49,251,110,68.8,84,69.5,6852.66,6913.22,3115,0.3095890410958904,69.15,6882.9400000000005,0.12836537086232283
^SPX,2026-02-24 16:15:00,SPX,2026-06-18,7360.0,C,0.0,0.0,0.0,0.0,0,53,66.1,67,66.9,6852.66,6913.22,231,0.3095890410958904,66.5,6882.9400000000005,0.1279680306943551
^SPX,2026-02-24 16:15:00,SPX,2026-06-18,7370.0,C,62.9,63.83,62.9,63.83,12,55,63.4,75,64.2,6852.66,6913.22,67,0.3095890410958904,63.8,6882.9400000000005,0.1274689492543564
^SPX,2026-02-24 16:15:00,SPX,2026-06-18,7375.0,C,59.9,63.35,59.9,62.85,18,46,62.1,97,62.8,6852.66,6913.22,3739,0.3095890410958904,62.45,6882.9400000000005,0.12719602195023078
^SPX,2026-02-24 16:15:00,SPX,2026-06-18,7380.0,C,0.0,0.0,0.0,0.0,0,56,60.8,78,61.6,6852.66,6913.22,46,0.3095890410958904,61.2,6882.9400000000005,0.12699405411069692
^SPX,2026-02-24 16:15:00,SPX,2026-06-18,7390.0,C,57.6,58.68,57.6,58.68,12,100,58.2,74,58.9,6852.66,6913.22,104,0.3095890410958904,58.55,6882.9400000000005,0.12641228119580916
^SPX,2026-02-24 16:15:00,SPX,2026-06-18,7400.0,C,53.6,56.71,53.6,55.65,243,126,55.8,101,56.5,6852.66,6913.22,9973,0.3095890410958904,56.15,6882.9400000000005,0.12598871436945858
^SPX,2026-02-24 16:15:00,SPX,2026-06-18,7425.0,C,49.2,50.86,49.2,50.86,156,84,50.1,83,50.7,6852.66,6913.22,1044,0.3095890410958904,50.400000000000006,6882.9400000000005,0.12488824970816588
^SPX,2026-02-24 16:15:00,SPX,2026-06-18,7450.0,C,40.4,43.45,39.9,43.44,72,166,44.8,122,45.5,6852.66,6913.22,6242,0.3095890410958904,45.15,6882.9400000000005,0.1238717864813622
^SPX,2026-02-24 16:15:00,SPX,2026-06-18,7475.0,C,36.22,40.15,36.22,40.15,9,195,40.0,138,40.7,6852.66,6913.22,2708,0.3095890410958904,40.35,6882.9400000000005,0.12291350971411606
^SPX,2026-02-24 16:15:00,SPX,2026-06-18,7500.0,C,31.1,36.5,31.1,36.19,1971,194,35.7,179,36.4,6852.66,6913.22,18443,0.3095890410958904,36.05,6882.9400000000005,0.12209386851080764
^SPX,2026-02-24 16:15:00,SPX,2026-06-18,7525.0,C,31.8,32.5,31.8,32.5,5,139,31.8,107,32.4,6852.66,6913.22,432,0.3095890410958904,32.1,6882.9400000000005,0.12127932544059875
^SPX,2026-02-24 16:15:00,SPX,2026-06-18,7550.0,C,27.15,28.9,27.15,28.4,87,170,28.3,162,28.8,6852.66,6913.22,2629,0.3095890410958904,28.55,6882.9400000000005,0.12055252421159249
^SPX,2026-02-24 16:15:00,SPX,2026-06-18,7575.0,C,25.2,25.3,25.2,25.3,40,207,25.1,163,25.6,6852.66,6913.22,172,0.3095890410958904,25.35,6882.9400000000005,0.11988579012714796
^SPX,2026-02-24 16:15:00,SPX,2026-06-18,7600.0,C,19.5,23.2,19.5,22.7,561,234,22.3,222,22.8,6852.66,6913.22,12005,0.3095890410958904,22.55,6882.9400000000005,0.11938633022875624
^SPX,2026-02-24 16:15:00,SPX,2026-06-18,7625.0,C,20.1,20.3,20.0,20.3,5,286,19.7,137,20.2,6852.66,6913.22,164,0.3095890410958904,19.95,6882.9400000000005,0.11880909392670208
^SPX,2026-02-24 16:15:00,SPX,2026-06-18,7650.0,C,16.9,18.3,16.9,17.75,172,433,17.5,70,17.9,6852.66,6913.22,3624,0.3095890410958904,17.7,6882.9400000000005,0.11840925703721987
^SPX,2026-02-24 16:15:00,SPX,2026-06-18,7675.0,C,0.0,0.0,0.0,0.0,0,187,15.5,86,15.9,6852.66,6913.22,199,0.3095890410958904,15.7,6882.9400000000005,0.11807870761744263
^SPX,2026-02-24 16:15:00,SPX,2026-06-18,7700.0,C,14.0,14.1,13.8,13.8,417,623,13.7,156,14.1,6852.66,6913.22,10110,0.3095890410958904,13.899999999999999,6882.9400000000005,0.11776615209037661
^SPX,2026-02-24 16:15:00,SPX,2026-06-18,7725.0,C,11.35,12.5,11.3,12.5,103,366,12.1,276,12.6,6852.66,6913.22,866,0.3095890410958904,12.35,6882.9400000000005,0.11760840578478966
^SPX,2026-02-24 16:15:00,SPX,2026-06-18,7750.0,C,9.9,10.99,9.9,10.97,106,402,10.8,70,11.1,6852.66,6913.22,1589,0.3095890410958904,10.95,6882.9400000000005,0.11744941692055737
^SPX,2026-02-24 16:15:00,SPX,2026-06-18,7775.0,C,0.0,0.0,0.0,0.0,0,461,9.5,116,9.9,6852.66,6913.22,256,0.3095890410958904,9.7,6882.9400000000005,0.11731764777828477
^SPX,2026-02-24 16:15:00,SPX,2026-06-18,7800.0,C,8.7,8.8,8.6,8.6,21,453,8.5,177,8.8,6852.66,6913.22,8579,0.3095890410958904,8.65,6882.9400000000005,0.11738195993007383
^SPX,2026-02-24 16:15:00,SPX,2026-06-18,7825.0,C,7.2,7.2,7.2,7.2,1,434,7.5,298,7.9,6852.66,6913.22,418,0.3095890410958904,7.7,6882.9400000000005,0.11743670013946604
^SPX,2026-02-24 16:15:00,SPX,2026-06-18,7850.0,C,6.25,7.0,6.25,7.0,4,315,6.7,342,7.1,6852.66,6913.22,536,0.3095890410958904,6.9,6882.9400000000005,0.11766188686477835
^SPX,2026-02-24 16:15:00,SPX,2026-06-18,7875.0,C,0.0,0.0,0.0,0.0,0,258,6.0,272,6.3,6852.66,6913.22,102,0.3095890410958904,6.15,6882.9400000000005,0.11779306298296315
^SPX,2026-02-24 16:15:00,SPX,2026-06-18,7900.0,C,5.0,5.5,5.0,5.5,72,1026,5.3,582,5.7,6852.66,6913.22,8002,0.3095890410958904,5.5,6882.9400000000005,0.11801355594324928
^SPX,2026-02-24 16:15:00,SPX,2026-06-18,7950.0,C,0.0,0.0,0.0,0.0,0,299,4.3,415,4.6,6852.66,6913.22,4,0.3095890410958904,4.449999999999999,6882.9400000000005,0.11871948787316378
^SPX,2026-02-24 16:15:00,SPX,2026-06-18,8000.0,C,3.5,3.7,3.44,3.5,13,173,3.5,397,3.7,6852.66,6913.22,12143,0.3095890410958904,3.6,6882.9400000000005,0.11945089190299787
^SPX,2026-02-24 16:15:00,SPX,2026-06-18,8100.0,C,2.35,2.4,2.35,2.4,56,20,2.35,650,2.55,6852.66,6913.22,5338,0.3095890410958904,2.45,6882.9400000000005,0.12162164264367355
^SPX,2026-02-24 16:15:00,SPX,2026-06-18,8200.0,C,1.65,1.65,1.65,1.65,6,80,1.6,1667,1.85,6852.66,6913.22,8484,0.3095890410958904,1.725,6882.9400000000005,0.12427172333619398
^SPX,2026-02-24 16:15:00,SPX,2026-06-18,8300.0,C,1.15,1.15,1.15,1.15,6,279,1.15,1527,1.35,6852.66,6913.22,4860,0.3095890410958904,1.25,6882.9400000000005,0.12722927832411277
^SPX,2026-02-24 16:15:00,SPX,2026-06-18,8400.0,C,0.9,0.9,0.9,0.9,6,561,0.8,1603,1.05,6852.66,6913.22,4144,0.3095890410958904,0.925,6882.9400000000005,0.13033350378363673
^SPX,2026-02-24 16:15:00,SPX,2026-06-18,8500.0,C,0.7,0.7,0.7,0.7,6,1497,0.5,849,0.85,6852.66,6913.22,236,0.3095890410958904,0.675,6882.9400000000005,0.13307942994000954
^SPX,2026-02-24 16:15:00,SPX,2026-06-18,8600.0,C,0.5,0.5,0.5,0.5,8,773,0.4,712,0.7,6852.66,6913.22,2416,0.3095890410958904,0.55,6882.9400000000005,0.1371785046151157
^SPX,2026-02-24 16:15:00,SPX,2026-06-18,8800.0,C,0.35,0.35,0.35,0.35,10,551,0.25,951,0.5,6852.66,6913.22,2651,0.3095890410958904,0.375,6882.9400000000005,0.14515983553124065
^SPX,2026-02-24 16:15:00,SPX,2026-06-18,9000.0,C,0.25,0.25,0.25,0.25,10,470,0.15,1,0.3,6852.66,6913.22,4698,0.3095890410958904,0.22499999999999998,6882.9400000000005,0.15079709952841752
^SPX,2026-02-24 16:15:00,SPX,2026-06-18,9200.0,C,0.1,0.2,0.1,0.2,210,477,0.1,922,0.35,6852.66,6913.22,5308,0.3095890410958904,0.22499999999999998,6882.9400000000005,0.16254265843632076
^SPX,2026-02-24 16:15:00,SPX,2026-06-18,9400.0,C,0.15,0.15,0.15,0.15,9,7,0.1,551,0.25,6852.66,6913.22,459,0.3095890410958904,0.175,6882.9400000000005,0.17042683437984427
^SPX,2026-02-24 16:15:00,SPX,2026-06-18,9600.0,C,0.1,0.1,0.1,0.1,13,0,0.0,3,0.15,6852.66,6913.22,318,0.3095890410958904,0.075,6882.9400000000005,0.17013168963580208
^SPX,2026-02-24 16:15:00,SPX,2026-06-18,10000.0,C,0.0,0.0,0.0,0.0,0,0,0.0,460,0.15,6852.66,6913.22,4623,0.3095890410958904,0.075,6882.9400000000005,0.19001437306342694
^SPX,2026-02-24 16:15:00,SPX,2026-06-18,10400.0,C,0.0,0.0,0.0,0.0,0,0,0.0,253,0.15,6852.66,6913.22,373,0.3095890410958904,0.075,6882.9400000000005,0.2089391930588664
^SPX,2026-02-24 16:15:00,SPX,2026-06-18,11000.0,C,0.0,0.0,0.0,0.0,0,0,0.0,607,0.15,6852.66,6913.22,238,0.3095890410958904,0.075,6882.9400000000005,0.23573236053218616
^SPX,2026-02-24 16:15:00,SPX,2026-06-18,12000.0,C,0.0,0.0,0.0,0.0,0,0,0.0,25,0.05,6852.66,6913.22,153,0.3095890410958904,0.025,6882.9400000000005,0.25833722149378857
^SPX,2026-02-24 16:15:00,SPX,2026-06-18,12400.0,C,0.05,0.05,0.05,0.05,3,0,0.0,22,0.05,6852.66,6913.22,1,0.3095890410958904,0.025,6882.9400000000005,0.27276297604197275
^SPX,2026-02-24 16:15:00,SPX,2026-07-17,4950.0,C,0.0,0.0,0.0,0.0,0,2,2017.5,2,2021.0,6852.66,6913.22,0,0.3890410958904109,2019.25,6882.9400000000005,0.1933145362898743
^SPX,2026-02-24 16:15:00,SPX,2026-07-17,4975.0,C,0.0,0.0,0.0,0.0,0,2,1993.3,2,1997.4,6852.66,6913.22,1,0.3890410958904109,1995.35,6882.9400000000005,0.21005832208668299
^SPX,2026-02-24 16:15:00,SPX,2026-07-17,5000.0,C,1965.63,1974.96,1965.63,1974.96,50,2,1969.7,2,1973.0,6852.66,6913.22,22831,0.3890410958904109,1971.35,6882.9400000000005,0.21726207359622307
^SPX,2026-02-24 16:15:00,SPX,2026-07-17,5025.0,C,0.0,0.0,0.0,0.0,0,2,1945.6,2,1949.4,6852.66,6913.22,0,0.3890410958904109,1947.5,6882.9400000000005,0.22382759419795475
^SPX,2026-02-24 16:15:00,SPX,2026-07-17,5050.0,C,0.0,0.0,0.0,0.0,0,2,1922.0,2,1925.4,6852.66,6913.22,4,0.3890410958904109,1923.7,6882.9400000000005,0.22884551497931335
^SPX,2026-02-24 16:15:00,SPX,2026-07-17,5075.0,C,0.0,0.0,0.0,0.0,0,2,1897.8,2,1901.9,6852.66,6913.22,1,0.3890410958904109,1899.85,6882.9400000000005,0.2320480205777909
^SPX,2026-02-24 16:15:00,SPX,2026-07-17,5100.0,C,0.0,0.0,0.0,0.0,0,2,1874.3,2,1877.7,6852.66,6913.22,8,0.3890410958904109,1876.0,6882.9400000000005,0.2343854353767888
^SPX,2026-02-24 16:15:00,SPX,2026-07-17,5125.0,C,0.0,0.0,0.0,0.0,0,2,1850.3,2,1854.1,6852.66,6913.22,0,0.3890410958904109,1852.1999999999998,6882.9400000000005,0.23639940270957263
^SPX,2026-02-24 16:15:00,SPX,2026-07-17,5150.0,C,0.0,0.0,0.0,0.0,0,2,1826.8,2,1830.2,6852.66,6913.22,3,0.3890410958904109,1828.5,6882.9400000000005,0.2384295645621972
^SPX,2026-02-24 16:15:00,SPX,2026-07-17,5175.0,C,0.0,0.0,0.0,0.0,0,2,1802.8,2,1806.6,6852.66,6913.22,0,0.3890410958904109,1804.6999999999998,6882.9400000000005,0.23937614877097116
^SPX,2026-02-24 16:15:00,SPX,2026-07-17,5200.0,C,0.0,0.0,0.0,0.0,0,2,1779.4,2,1782.7,6852.66,6913.22,4,0.3890410958904109,1781.0500000000002,6882.9400000000005,0.24069265158133155
^SPX,2026-02-24 16:15:00,SPX,2026-07-17,5225.0,C,0.0,0.0,0.0,0.0,0,2,1755.2,2,1759.2,6852.66,6913.22,0,0.3890410958904109,1757.2,6882.9400000000005,0.2406906259517225
^SPX,2026-02-24 16:15:00,SPX,2026-07-17,5250.0,C,0.0,0.0,0.0,0.0,0,2,1732.2,2,1735.3,6852.66,6913.22,18,0.3890410958904109,1733.75,6882.9400000000005,0.2421537127735563
^SPX,2026-02-24 16:15:00,SPX,2026-07-17,5275.0,C,0.0,0.0,0.0,0.0,0,2,1708.1,2,1712.0,6852.66,6913.22,3,0.3890410958904109,1710.05,6882.9400000000005,0.2422208511084302
^SPX,2026-02-24 16:15:00,SPX,2026-07-17,5300.0,C,0.0,0.0,0.0,0.0,0,2,1685.0,2,1688.1,6852.66,6913.22,39,0.3890410958904109,1686.55,6882.9400000000005,0.2427929098884998
^SPX,2026-02-24 16:15:00,SPX,2026-07-17,5325.0,C,0.0,0.0,0.0,0.0,0,2,1661.1,2,1664.7,6852.66,6913.22,0,0.3890410958904109,1662.9,6882.9400000000005,0.24255750468565695
^SPX,2026-02-24 16:15:00,SPX,2026-07-17,5350.0,C,0.0,0.0,0.0,0.0,0,2,1637.8,2,1641.0,6852.66,6913.22,50,0.3890410958904109,1639.4,6882.9400000000005,0.24261819964503653
^SPX,2026-02-24 16:15:00,SPX,2026-07-17,5375.0,C,0.0,0.0,0.0,0.0,0,2,1614.1,2,1617.7,6852.66,6913.22,1,0.3890410958904109,1615.9,6882.9400000000005,0.24245352002917256
^SPX,2026-02-24 16:15:00,SPX,2026-07-17,5400.0,C,0.0,0.0,0.0,0.0,0,2,1590.9,2,1594.0,6852.66,6913.22,3,0.3890410958904109,1592.45,6882.9400000000005,0.2422353625374707
^SPX,2026-02-24 16:15:00,SPX,2026-07-17,5425.0,C,0.0,0.0,0.0,0.0,0,2,1567.2,2,1570.9,6852.66,6913.22,0,0.3890410958904109,1569.0500000000002,6882.9400000000005,0.24196290162910414
^SPX,2026-02-24 16:15:00,SPX,2026-07-17,5450.0,C,0.0,0.0,0.0,0.0,0,2,1544.1,2,1547.2,6852.66,6913.22,0,0.3890410958904109,1545.65,6882.9400000000005,0.24150284220983118
^SPX,2026-02-24 16:15:00,SPX,2026-07-17,5475.0,C,0.0,0.0,0.0,0.0,0,2,1520.4,2,1524.1,6852.66,6913.22,3,0.3890410958904109,1522.25,6882.9400000000005,0.24087322076104353
^SPX,2026-02-24 16:15:00,SPX,2026-07-17,5500.0,C,1499.07,1499.07,1499.07,1499.07,1,2,1497.6,2,1500.5,6852.66,6913.22,52,0.3890410958904109,1499.05,6882.9400000000005,0.2405746292929765
^SPX,2026-02-24 16:15:00,SPX,2026-07-17,5525.0,C,1475.77,1475.77,1475.77,1475.77,1,2,1474.0,2,1477.5,6852.66,6913.22,9,0.3890410958904109,1475.75,6882.9400000000005,0.2398619243232875
^SPX,2026-02-24 16:15:00,SPX,2026-07-17,5550.0,C,0.0,0.0,0.0,0.0,0,2,1451.2,2,1454.1,6852.66,6913.22,1,0.3890410958904109,1452.65,6882.9400000000005,0.2394464275343978
^SPX,2026-02-24 16:15:00,SPX,2026-07-17,5575.0,C,0.0,0.0,0.0,0.0,0,2,1427.7,2,1431.1,6852.66,6913.22,4,0.3890410958904109,1429.4,6882.9400000000005,0.23854109521031605
^SPX,2026-02-24 16:15:00,SPX,2026-07-17,5600.0,C,0.0,0.0,0.0,0.0,0,2,1404.8,2,1407.8,6852.66,6913.22,6,0.3890410958904109,1406.3,6882.9400000000005,0.2378109484016081
^SPX,2026-02-24 16:15:00,SPX,2026-07-17,5625.0,C,0.0,0.0,0.0,0.0,0,2,1381.5,2,1384.8,6852.66,6913.22,1,0.3890410958904109,1383.15,6882.9400000000005,0.236837413127718
^SPX,2026-02-24 16:15:00,SPX,2026-07-17,5650.0,C,0.0,0.0,0.0,0.0,0,2,1358.8,2,1361.7,6852.66,6913.22,14,0.3890410958904109,1360.25,6882.9400000000005,0.23620993962035147
^SPX,2026-02-24 16:15:00,SPX,2026-07-17,5675.0,C,0.0,0.0,0.0,0.0,0,2,1335.6,2,1338.9,6852.66,6913.22,6,0.3890410958904109,1337.25,6882.9400000000005,0.23524791365670558
^SPX,2026-02-24 16:15:00,SPX,2026-07-17,5700.0,C,0.0,0.0,0.0,0.0,0,2,1313.0,2,1315.8,6852.66,6913.22,29,0.3890410958904109,1314.4,6882.9400000000005,0.23442071445678306
^SPX,2026-02-24 16:15:00,SPX,2026-07-17,5725.0,C,0.0,0.0,0.0,0.0,0,2,1289.8,2,1292.9,6852.66,6913.22,0,0.3890410958904109,1291.35,6882.9400000000005,0.23311699197800398
^SPX,2026-02-24 16:15:00,SPX,2026-07-17,5750.0,C,0.0,0.0,0.0,0.0,0,2,1267.3,2,1270.0,6852.66,6913.22,12,0.3890410958904109,1268.65,6882.9400000000005,0.23228003426092647
^SPX,2026-02-24 16:15:00,SPX,2026-07-17,5775.0,C,0.0,0.0,0.0,0.0,0,2,1244.3,2,1247.5,6852.66,6913.22,4,0.3890410958904109,1245.9,6882.9400000000005,0.2312264430342155
^SPX,2026-02-24 16:15:00,SPX,2026-07-17,5800.0,C,0.0,0.0,0.0,0.0,0,2,1221.9,2,1224.6,6852.66,6913.22,25,0.3890410958904109,1223.25,6882.9400000000005,0.23020200232651772
^SPX,2026-02-24 16:15:00,SPX,2026-07-17,5825.0,C,0.0,0.0,0.0,0.0,0,2,1199.1,2,1202.2,6852.66,6913.22,9,0.3890410958904109,1200.65,6882.9400000000005,0.22912554600967036
^SPX,2026-02-24 16:15:00,SPX,2026-07-17,5850.0,C,0.0,0.0,0.0,0.0,0,2,1176.7,2,1179.2,6852.66,6913.22,9,0.3890410958904109,1177.95,6882.9400000000005,0.22778315457817605
^SPX,2026-02-24 16:15:00,SPX,2026-07-17,5875.0,C,0.0,0.0,0.0,0.0,0,2,1154.1,2,1157.1,6852.66,6913.22,29,0.3890410958904109,1155.6,6882.9400000000005,0.2268185317323053
^SPX,2026-02-24 16:15:00,SPX,2026-07-17,5900.0,C,0.0,0.0,0.0,0.0,0,2,1131.9,2,1134.5,6852.66,6913.22,112,0.3890410958904109,1133.2,6882.9400000000005,0.2256558689502673
^SPX,2026-02-24 16:15:00,SPX,2026-07-17,5925.0,C,0.0,0.0,0.0,0.0,0,2,1109.2,2,1112.3,6852.66,6913.22,30,0.3890410958904109,1110.75,6882.9400000000005,0.2243087189584497
^SPX,2026-02-24 16:15:00,SPX,2026-07-17,5950.0,C,0.0,0.0,0.0,0.0,0,2,1087.3,2,1089.8,6852.66,6913.22,202,0.3890410958904109,1088.55,6882.9400000000005,0.22316800014374646
^SPX,2026-02-24 16:15:00,SPX,2026-07-17,5970.0,C,0.0,0.0,0.0,0.0,0,2,1069.3,2,1072.2,6852.66,6913.22,0,0.3890410958904109,1070.75,6882.9400000000005,0.22211788010082587
^SPX,2026-02-24 16:15:00,SPX,2026-07-17,5975.0,C,0.0,0.0,0.0,0.0,0,2,1064.9,2,1067.8,6852.66,6913.22,19,0.3890410958904109,1066.35,6882.9400000000005,0.2219051702131418
^SPX,2026-02-24 16:15:00,SPX,2026-07-17,5980.0,C,0.0,0.0,0.0,0.0,0,2,1060.5,2,1063.4,6852.66,6913.22,0,0.3890410958904109,1061.95,6882.9400000000005,0.22168724474870266
^SPX,2026-02-24 16:15:00,SPX,2026-07-17,5990.0,C,0.0,0.0,0.0,0.0,0,2,1051.6,2,1054.6,6852.66,6913.22,0,0.3890410958904109,1053.1,6882.9400000000005,0.22117578546437722
^SPX,2026-02-24 16:15:00,SPX,2026-07-17,6000.0,C,1039.13,1047.11,1039.13,1047.11,50,2,1043.1,2,1045.6,6852.66,6913.22,28803,0.3890410958904109,1044.35,6882.9400000000005,0.22076452372023886
^SPX,2026-02-24 16:15:00,SPX,2026-07-17,6010.0,C,0.0,0.0,0.0,0.0,0,2,1034.0,2,1036.9,6852.66,6913.22,0,0.3890410958904109,1035.45,6882.9400000000005,0.22015568814249728
^SPX,2026-02-24 16:15:00,SPX,2026-07-17,6020.0,C,0.0,0.0,0.0,0.0,0,2,1025.2,2,1028.1,6852.66,6913.22,0,0.3890410958904109,1026.65,6882.9400000000005,0.21964644795382068
^SPX,2026-02-24 16:15:00,SPX,2026-07-17,6025.0,C,0.0,0.0,0.0,0.0,0,2,1020.8,2,1023.7,6852.66,6913.22,72,0.3890410958904109,1022.25,6882.9400000000005,0.21938467444993884
^SPX,2026-02-24 16:15:00,SPX,2026-07-17,6030.0,C,0.0,0.0,0.0,0.0,0,2,1016.4,2,1019.3,6852.66,6913.22,0,0.3890410958904109,1017.8499999999999,6882.9400000000005,0.21911819392373927
^SPX,2026-02-24 16:15:00,SPX,2026-07-17,6040.0,C,0.0,0.0,0.0,0.0,0,2,1007.6,2,1010.4,6852.66,6913.22,0,0.3890410958904109,1009.0,6882.9400000000005,0.21851441012566508
^SPX,2026-02-24 16:15:00,SPX,2026-07-17,6050.0,C,0.0,0.0,0.0,0.0,0,2,999.0,2,1001.3,6852.66,6913.22,14,0.3890410958904109,1000.15,6882.9400000000005,0.2178935467201999
^SPX,2026-02-24 16:15:00,SPX,2026-07-17,6060.0,C,0.0,0.0,0.0,0.0,0,2,990.1,2,992.9,6852.66,6913.22,0,0.3890410958904109,991.5,6882.9400000000005,0.2174785457173743
^SPX,2026-02-24 16:15:00,SPX,2026-07-17,6070.0,C,0.0,0.0,0.0,0.0,0,2,981.4,2,984.2,6852.66,6913.22,0,0.3890410958904109,982.8,6882.9400000000005,0.2169871719227334
^SPX,2026-02-24 16:15:00,SPX,2026-07-17,6075.0,C,0.0,0.0,0.0,0.0,0,2,977.0,2,979.9,6852.66,6913.22,6,0.3890410958904109,978.45,6882.9400000000005,0.2167340717817535
^SPX,2026-02-24 16:15:00,SPX,2026-07-17,6080.0,C,0.0,0.0,0.0,0.0,0,2,972.5,2,975.4,6852.66,6913.22,0,0.3890410958904109,973.95,6882.9400000000005,0.21631280321392865
^SPX,2026-02-24 16:15:00,SPX,2026-07-17,6090.0,C,0.0,0.0,0.0,0.0,0,2,963.9,2,966.7,6852.66,6913.22,0,0.3890410958904109,965.3,6882.9400000000005,0.2158380107871529
^SPX,2026-02-24 16:15:00,SPX,2026-07-17,6100.0,C,0.0,0.0,0.0,0.0,0,2,955.4,2,957.7,6852.66,6913.22,217,0.3890410958904109,956.55,6882.9400000000005,0.21523647984801186
^SPX,2026-02-24 16:15:00,SPX,2026-07-17,6110.0,C,0.0,0.0,0.0,0.0,0,2,946.4,2,949.3,6852.66,6913.22,0,0.3890410958904109,947.8499999999999,6882.9400000000005,0.21467011012744325
^SPX,2026-02-24 16:15:00,SPX,2026-07-17,6120.0,C,0.0,0.0,0.0,0.0,0,2,937.9,2,940.7,6852.66,6913.22,0,0.3890410958904109,939.3,6882.9400000000005,0.21424184147908024
^SPX,2026-02-24 16:15:00,SPX,2026-07-17,6125.0,C,0.0,0.0,0.0,0.0,0,2,933.4,2,936.4,6852.66,6913.22,30,0.3890410958904109,934.9,6882.9400000000005,0.21388999142337856
^SPX,2026-02-24 16:15:00,SPX,2026-07-17,6130.0,C,0.0,0.0,0.0,0.0,0,2,929.1,2,931.9,6852.66,6913.22,0,0.3890410958904109,930.5,6882.9400000000005,0.2135341873148402
^SPX,2026-02-24 16:15:00,SPX,2026-07-17,6140.0,C,0.0,0.0,0.0,0.0,0,2,920.5,2,923.4,6852.66,6913.22,0,0.3890410958904109,921.95,6882.9400000000005,0.2130663413736502
^SPX,2026-02-24 16:15:00,SPX,2026-07-17,6150.0,C,0.0,0.0,0.0,0.0,0,2,912.3,2,914.5,6852.66,6913.22,184,0.3890410958904109,913.4,6882.9400000000005,0.21257784120455228
^SPX,2026-02-24 16:15:00,SPX,2026-07-17,6160.0,C,0.0,0.0,0.0,0.0,0,2,903.4,2,906.1,6852.66,6913.22,0,0.3890410958904109,904.75,6882.9400000000005,0.2119690340405817
^SPX,2026-02-24 16:15:00,SPX,2026-07-17,6170.0,C,0.0,0.0,0.0,0.0,0,2,894.7,2,897.5,6852.66,6913.22,0,0.3890410958904109,896.1,6882.9400000000005,0.2113423216969256
^SPX,2026-02-24 16:15:00,SPX,2026-07-17,6175.0,C,0.0,0.0,0.0,0.0,0,2,890.4,2,893.1,6852.66,6913.22,393,0.3890410958904109,891.75,6882.9400000000005,0.2109976893156631
^SPX,2026-02-24 16:15:00,SPX,2026-07-17,6180.0,C,0.0,0.0,0.0,0.0,0,2,886.1,2,888.8,6852.66,6913.22,17,0.3890410958904109,887.45,6882.9400000000005,0.21069796827369763
^SPX,2026-02-24 16:15:00,SPX,2026-07-17,6190.0,C,0.0,0.0,0.0,0.0,0,2,877.7,2,880.3,6852.66,6913.22,0,0.3890410958904109,879.0,6882.9400000000005,0.21023044246166245
^SPX,2026-02-24 16:15:00,SPX,2026-07-17,6200.0,C,0.0,0.0,0.0,0.0,0,2,869.4,2,871.4,6852.66,6913.22,1177,0.3890410958904109,870.4,6882.9400000000005,0.2095977703207203
^SPX,2026-02-24 16:15:00,SPX,2026-07-17,6210.0,C,0.0,0.0,0.0,0.0,0,2,860.6,2,863.2,6852.66,6913.22,0,0.3890410958904109,861.9000000000001,6882.9400000000005,0.2090424931744934
^SPX,2026-02-24 16:15:00,SPX,2026-07-17,6220.0,C,0.0,0.0,0.0,0.0,0,2,852.1,2,854.7,6852.66,6913.22,0,0.3890410958904109,853.4000000000001,6882.9400000000005,0.20846783044932093
^SPX,2026-02-24 16:15:00,SPX,2026-07-17,6225.0,C,0.0,0.0,0.0,0.0,0,2,847.7,2,850.3,6852.66,6913.22,2150,0.3890410958904109,849.0,6882.9400000000005,0.20803260676267663
^SPX,2026-02-24 16:15:00,SPX,2026-07-17,6230.0,C,0.0,0.0,0.0,0.0,0,2,843.6,2,846.1,6852.66,6913.22,0,0.3890410958904109,844.85,6882.9400000000005,0.20782740444888637
^SPX,2026-02-24 16:15:00,SPX,2026-07-17,6240.0,C,0.0,0.0,0.0,0.0,0,2,835.1,2,837.7,6852.66,6913.22,0,0.3890410958904109,836.4000000000001,6882.9400000000005,0.20726150203767535
^SPX,2026-02-24 16:15:00,SPX,2026-07-17,6250.0,C,0.0,0.0,0.0,0.0,0,2,826.8,2,829.0,6852.66,6913.22,5562,0.3890410958904109,827.9,6882.9400000000005,0.2066303751619282
^SPX,2026-02-24 16:15:00,SPX,2026-07-17,6260.0,C,0.0,0.0,0.0,0.0,0,2,818.2,2,820.8,6852.66,6913.22,0,0.3890410958904109,819.5,6882.9400000000005,0.20607165357774332
^SPX,2026-02-24 16:15:00,SPX,2026-07-17,6270.0,C,0.0,0.0,0.0,0.0,0,2,809.6,2,812.3,6852.66,6913.22,0,0.3890410958904109,810.95,6882.9400000000005,0.20535838127639053
^SPX,2026-02-24 16:15:00,SPX,2026-07-17,6275.0,C,0.0,0.0,0.0,0.0,0,2,805.4,2,808.0,6852.66,6913.22,1431,0.3890410958904109,806.7,6882.9400000000005,0.20501771719325837
^SPX,2026-02-24 16:15:00,SPX,2026-07-17,6280.0,C,0.0,0.0,0.0,0.0,0,2,801.2,2,803.9,6852.66,6913.22,0,0.3890410958904109,802.55,6882.9400000000005,0.20476167840751222
^SPX,2026-02-24 16:15:00,SPX,2026-07-17,6290.0,C,0.0,0.0,0.0,0.0,0,2,792.8,2,795.4,6852.66,6913.22,5,0.3890410958904109,794.0999999999999,6882.9400000000005,0.204101614382807
^SPX,2026-02-24 16:15:00,SPX,2026-07-17,6300.0,C,0.0,0.0,0.0,0.0,0,2,784.8,2,786.7,6852.66,6913.22,4639,0.3890410958904109,785.75,6882.9400000000005,0.20351078938505968
^SPX,2026-02-24 16:15:00,SPX,2026-07-17,6310.0,C,0.0,0.0,0.0,0.0,0,2,776.2,2,778.7,6852.66,6913.22,0,0.3890410958904109,777.45,6882.9400000000005,0.2029437226302017
^SPX,2026-02-24 16:15:00,SPX,2026-07-17,6320.0,C,0.0,0.0,0.0,0.0,0,2,767.7,2,770.3,6852.66,6913.22,0,0.3890410958904109,769.0,6882.9400000000005,0.20222779249078457
^SPX,2026-02-24 16:15:00,SPX,2026-07-17,6325.0,C,0.0,0.0,0.0,0.0,0,2,763.7,2,766.1,6852.66,6913.22,1614,0.3890410958904109,764.9000000000001,6882.9400000000005,0.20197008470290745
^SPX,2026-02-24 16:15:00,SPX,2026-07-17,6330.0,C,0.0,0.0,0.0,0.0,0,2,759.4,2,761.9,6852.66,6913.22,1,0.3890410958904109,760.65,6882.9400000000005,0.20157941660756223
^SPX,2026-02-24 16:15:00,SPX,2026-07-17,6340.0,C,0.0,0.0,0.0,0.0,0,2,751.2,2,753.6,6852.66,6913.22,2,0.3890410958904109,752.4000000000001,6882.9400000000005,0.20099654332090752
^SPX,2026-02-24 16:15:00,SPX,2026-07-17,6350.0,C,0.0,0.0,0.0,0.0,0,2,743.1,2,745.0,6852.66,6913.22,1319,0.3890410958904109,744.05,6882.9400000000005,0.2003099385065302
^SPX,2026-02-24 16:15:00,SPX,2026-07-17,6360.0,C,0.0,0.0,0.0,0.0,0,2,734.5,2,737.0,6852.66,6913.22,0,0.3890410958904109,735.75,6882.9400000000005,0.19964635281812404
^SPX,2026-02-24 16:15:00,SPX,2026-07-17,6370.0,C,0.0,0.0,0.0,0.0,0,2,726.2,2,728.8,6852.66,6913.22,0,0.3890410958904109,727.5,6882.9400000000005,0.1990049157726907
^SPX,2026-02-24 16:15:00,SPX,2026-07-17,6375.0,C,0.0,0.0,0.0,0.0,0,2,722.1,2,724.8,6852.66,6913.22,371,0.3890410958904109,723.45,6882.9400000000005,0.19873826947910636
^SPX,2026-02-24 16:15:00,SPX,2026-07-17,6380.0,C,0.0,0.0,0.0,0.0,0,2,718.0,2,720.5,6852.66,6913.22,0,0.3890410958904109,719.25,6882.9400000000005,0.19834402979293336
^SPX,2026-02-24 16:15:00,SPX,2026-07-17,6390.0,C,0.0,0.0,0.0,0.0,0,2,709.9,2,712.4,6852.66,6913.22,0,0.3890410958904109,711.15,6882.9400000000005,0.19778510818534017
^SPX,2026-02-24 16:15:00,SPX,2026-07-17,6400.0,C,707.4,707.4,707.4,707.4,2,2,701.9,2,703.9,6852.66,6913.22,2334,0.3890410958904109,702.9,6882.9400000000005,0.19708492570109518
^SPX,2026-02-24 16:15:00,SPX,2026-07-17,6410.0,C,0.0,0.0,0.0,0.0,0,2,693.4,2,696.0,6852.66,6913.22,0,0.3890410958904109,694.7,6882.9400000000005,0.19640562532324468
^SPX,2026-02-24 16:15:00,SPX,2026-07-17,6420.0,C,0.0,0.0,0.0,0.0,0,2,685.4,2,687.7,6852.66,6913.22,0,0.3890410958904109,686.55,6882.9400000000005,0.19574640710810245
^SPX,2026-02-24 16:15:00,SPX,2026-07-17,6425.0,C,0.0,0.0,0.0,0.0,0,2,681.2,2,683.8,6852.66,6913.22,164,0.3890410958904109,682.5,6882.9400000000005,0.1954289902276622
^SPX,2026-02-24 16:15:00,SPX,2026-07-17,6430.0,C,0.0,0.0,0.0,0.0,0,2,677.2,2,679.7,6852.66,6913.22,0,0.3890410958904109,678.45,6882.9400000000005,0.19510649017981654
^SPX,2026-02-24 16:15:00,SPX,2026-07-17,6440.0,C,0.0,0.0,0.0,0.0,0,2,669.2,2,671.6,6852.66,6913.22,0,0.3890410958904109,670.4000000000001,6882.9400000000005,0.19448511300637983
^SPX,2026-02-24 16:15:00,SPX,2026-07-17,6450.0,C,0.0,0.0,0.0,0.0,0,1,661.6,1,663.4,6852.66,6913.22,289,0.3890410958904109,662.5,6882.9400000000005,0.19395844262973377
^SPX,2026-02-24 16:15:00,SPX,2026-07-17,6460.0,C,0.0,0.0,0.0,0.0,0,1,653.5,1,655.3,6852.66,6913.22,0,0.3890410958904109,654.4,6882.9400000000005,0.19325687937951352
^SPX,2026-02-24 16:15:00,SPX,2026-07-17,6470.0,C,0.0,0.0,0.0,0.0,0,1,645.5,1,647.3,6852.66,6913.22,0,0.3890410958904109,646.4,6882.9400000000005,0.1926113535241957
^SPX,2026-02-24 16:15:00,SPX,2026-07-17,6475.0,C,0.0,0.0,0.0,0.0,0,1,641.5,1,643.2,6852.66,6913.22,192,0.3890410958904109,642.35,6882.9400000000005,0.192243115070107
^SPX,2026-02-24 16:15:00,SPX,2026-07-17,6480.0,C,0.0,0.0,0.0,0.0,0,1,637.6,1,639.2,6852.66,6913.22,0,0.3890410958904109,638.4000000000001,6882.9400000000005,0.19194514406523439
^SPX,2026-02-24 16:15:00,SPX,2026-07-17,6490.0,C,0.0,0.0,0.0,0.0,0,1,629.6,1,631.2,6852.66,6913.22,0,0.3890410958904109,630.4000000000001,6882.9400000000005,0.19125842435008994
^SPX,2026-02-24 16:15:00,SPX,2026-07-17,6500.0,C,622.86,622.86,622.86,622.86,1,12,621.6,11,623.1,6852.66,6913.22,1543,0.3890410958904109,622.35,6882.9400000000005,0.19051435379390605
^SPX,2026-02-24 16:15:00,SPX,2026-07-17,6510.0,C,0.0,0.0,0.0,0.0,0,12,613.6,9,615.2,6852.66,6913.22,1,0.3890410958904109,614.4000000000001,6882.9400000000005,0.1898240765002718
^SPX,2026-02-24 16:15:00,SPX,2026-07-17,6520.0,C,0.0,0.0,0.0,0.0,0,13,605.7,9,607.2,6852.66,6913.22,0,0.3890410958904109,606.45,6882.9400000000005,0.1891131843502952
^SPX,2026-02-24 16:15:00,SPX,2026-07-17,6525.0,C,0.0,0.0,0.0,0.0,0,13,601.7,9,603.3,6852.66,6913.22,180,0.3890410958904109,602.5,6882.9400000000005,0.1887682137561763
^SPX,2026-02-24 16:15:00,SPX,2026-07-17,6530.0,C,0.0,0.0,0.0,0.0,0,13,597.8,9,599.3,6852.66,6913.22,0,0.3890410958904109,598.55,6882.9400000000005,0.18841800874451425
^SPX,2026-02-24 16:15:00,SPX,2026-07-17,6540.0,C,0.0,0.0,0.0,0.0,0,12,589.9,9,591.4,6852.66,6913.22,1,0.3890410958904109,590.65,6882.9400000000005,0.18770196348238694
^SPX,2026-02-24 16:15:00,SPX,2026-07-17,6550.0,C,587.8,587.8,587.8,587.8,250,13,582.1,2,583.5,6852.66,6913.22,1646,0.3890410958904109,582.8,6882.9400000000005,0.1870008574651119
^SPX,2026-02-24 16:15:00,SPX,2026-07-17,6560.0,C,0.0,0.0,0.0,0.0,0,12,574.2,9,575.8,6852.66,6913.22,60,0.3890410958904109,575.0,6882.9400000000005,0.18631405835586
^SPX,2026-02-24 16:15:00,SPX,2026-07-17,6570.0,C,0.0,0.0,0.0,0.0,0,13,566.5,9,568.0,6852.66,6913.22,0,0.3890410958904109,567.25,6882.9400000000005,0.1856409492801009
^SPX,2026-02-24 16:15:00,SPX,2026-07-17,6575.0,C,0.0,0.0,0.0,0.0,0,12,562.5,9,564.0,6852.66,6913.22,134,0.3890410958904109,563.25,6882.9400000000005,0.1852085283082601
^SPX,2026-02-24 16:15:00,SPX,2026-07-17,6580.0,C,0.0,0.0,0.0,0.0,0,10,558.7,9,560.2,6852.66,6913.22,1,0.3890410958904109,559.45,6882.9400000000005,0.184911041917072
^SPX,2026-02-24 16:15:00,SPX,2026-07-17,6590.0,C,0.0,0.0,0.0,0.0,0,12,551.0,9,552.4,6852.66,6913.22,1,0.3890410958904109,551.7,6882.9400000000005,0.18419458174024161
^SPX,2026-02-24 16:15:00,SPX,2026-07-17,6600.0,C,517.64,517.64,517.64,517.64,2,12,543.2,9,544.7,6852.66,6913.22,5379,0.3890410958904109,543.95,6882.9400000000005,0.18345649114304052
^SPX,2026-02-24 16:15:00,SPX,2026-07-17,6610.0,C,0.0,0.0,0.0,0.0,0,12,535.6,9,537.0,6852.66,6913.22,0,0.3890410958904109,536.3,6882.9400000000005,0.18276537690191602
^SPX,2026-02-24 16:15:00,SPX,2026-07-17,6620.0,C,0.0,0.0,0.0,0.0,0,12,527.9,9,529.4,6852.66,6913.22,0,0.3890410958904109,528.65,6882.9400000000005,0.1820519247514933
^SPX,2026-02-24 16:15:00,SPX,2026-07-17,6625.0,C,0.0,0.0,0.0,0.0,0,12,524.1,9,525.5,6852.66,6913.22,825,0.3890410958904109,524.8,6882.9400000000005,0.18166988861791455
^SPX,2026-02-24 16:15:00,SPX,2026-07-17,6630.0,C,0.0,0.0,0.0,0.0,0,13,520.3,9,521.7,6852.66,6913.22,0,0.3890410958904109,521.0,6882.9400000000005,0.18131622971286004
^SPX,2026-02-24 16:15:00,SPX,2026-07-17,6640.0,C,0.0,0.0,0.0,0.0,0,12,512.7,9,514.1,6852.66,6913.22,0,0.3890410958904109,513.4000000000001,6882.9400000000005,0.18059198085197195
^SPX,2026-02-24 16:15:00,SPX,2026-07-17,6650.0,C,0.0,0.0,0.0,0.0,0,13,505.1,12,506.5,6852.66,6913.22,1278,0.3890410958904109,505.8,6882.9400000000005,0.1798452219921629
^SPX,2026-02-24 16:15:00,SPX,2026-07-17,6660.0,C,0.0,0.0,0.0,0.0,0,12,497.6,9,499.0,6852.66,6913.22,0,0.3890410958904109,498.3,6882.9400000000005,0.17914242173150363
^SPX,2026-02-24 16:15:00,SPX,2026-07-17,6670.0,C,0.0,0.0,0.0,0.0,0,13,490.0,9,491.5,6852.66,6913.22,0,0.3890410958904109,490.75,6882.9400000000005,0.17838343364882028
^SPX,2026-02-24 16:15:00,SPX,2026-07-17,6675.0,C,0.0,0.0,0.0,0.0,0,12,486.3,9,487.8,6852.66,6913.22,466,0.3890410958904109,487.05,6882.9400000000005,0.17804477358160398
^SPX,2026-02-24 16:15:00,SPX,2026-07-17,6680.0,C,0.0,0.0,0.0,0.0,0,12,482.6,9,484.0,6852.66,6913.22,3,0.3890410958904109,483.3,6882.9400000000005,0.17766733499759307
^SPX,2026-02-24 16:15:00,SPX,2026-07-17,6690.0,C,0.0,0.0,0.0,0.0,0,14,475.1,9,476.6,6852.66,6913.22,1,0.3890410958904109,475.85,6882.9400000000005,0.17692778226490463
^SPX,2026-02-24 16:15:00,SPX,2026-07-17,6700.0,C,468.89,468.89,468.89,468.89,2,13,467.7,9,469.2,6852.66,6913.22,2721,0.3890410958904109,468.45,6882.9400000000005,0.1761972620808888
^SPX,2026-02-24 16:15:00,SPX,2026-07-17,6710.0,C,0.0,0.0,0.0,0.0,0,13,460.3,9,461.8,6852.66,6913.22,0,0.3890410958904109,461.05,6882.9400000000005,0.17544300330489393
^SPX,2026-02-24 16:15:00,SPX,2026-07-17,6720.0,C,0.0,0.0,0.0,0.0,0,12,453.0,9,454.5,6852.66,6913.22,1,0.3890410958904109,453.75,6882.9400000000005,0.1747292115616482
^SPX,2026-02-24 16:15:00,SPX,2026-07-17,6725.0,C,0.0,0.0,0.0,0.0,0,20,449.3,9,450.7,6852.66,6913.22,378,0.3890410958904109,450.0,6882.9400000000005,0.1742991595503622
^SPX,2026-02-24 16:15:00,SPX,2026-07-17,6730.0,C,444.47,444.47,443.34,443.34,2,19,445.7,9,447.1,6852.66,6913.22,1,0.3890410958904109,446.4,6882.9400000000005,0.1739591162829474
^SPX,2026-02-24 16:15:00,SPX,2026-07-17,6740.0,C,0.0,0.0,0.0,0.0,0,21,438.4,9,439.8,6852.66,6913.22,12,0.3890410958904109,439.1,6882.9400000000005,0.17319674191670373
^SPX,2026-02-24 16:15:00,SPX,2026-07-17,6750.0,C,0.0,0.0,0.0,0.0,0,22,431.2,10,432.6,6852.66,6913.22,787,0.3890410958904109,431.9,6882.9400000000005,0.17247319340914757
^SPX,2026-02-24 16:15:00,SPX,2026-07-17,6760.0,C,0.0,0.0,0.0,0.0,0,23,424.0,10,425.4,6852.66,6913.22,0,0.3890410958904109,424.7,6882.9400000000005,0.1717246359267353
^SPX,2026-02-24 16:15:00,SPX,2026-07-17,6770.0,C,0.0,0.0,0.0,0.0,0,23,416.9,18,418.4,6852.66,6913.22,1,0.3890410958904109,417.65,6882.9400000000005,0.17104493537959298
^SPX,2026-02-24 16:15:00,SPX,2026-07-17,6775.0,C,0.0,0.0,0.0,0.0,0,31,413.3,16,414.7,6852.66,6913.22,1281,0.3890410958904109,414.0,6882.9400000000005,0.1706173186798051
^SPX,2026-02-24 16:15:00,SPX,2026-07-17,6780.0,C,0.0,0.0,0.0,0.0,0,24,409.8,19,411.3,6852.66,6913.22,100,0.3890410958904109,410.55,6882.9400000000005,0.1703081668726233
^SPX,2026-02-24 16:15:00,SPX,2026-07-17,6790.0,C,0.0,0.0,0.0,0.0,0,23,402.7,11,404.1,6852.66,6913.22,3,0.3890410958904109,403.4,6882.9400000000005,0.16951474637952918
^SPX,2026-02-24 16:15:00,SPX,2026-07-17,6800.0,C,396.33,396.33,396.33,396.33,4,29,395.7,17,397.1,6852.66,6913.22,3027,0.3890410958904109,396.4,6882.9400000000005,0.1687885160589367
^SPX,2026-02-24 16:15:00,SPX,2026-07-17,6810.0,C,0.0,0.0,0.0,0.0,0,23,388.7,11,390.1,6852.66,6913.22,2,0.3890410958904109,389.4,6882.9400000000005,0.16803600303107338
^SPX,2026-02-24 16:15:00,SPX,2026-07-17,6820.0,C,0.0,0.0,0.0,0.0,0,24,381.8,11,383.1,6852.66,6913.22,2,0.3890410958904109,382.45000000000005,6882.9400000000005,0.1672877621713434
^SPX,2026-02-24 16:15:00,SPX,2026-07-17,6825.0,C,0.0,0.0,0.0,0.0,0,24,378.3,11,379.7,6852.66,6913.22,660,0.3890410958904109,379.0,6882.9400000000005,0.16691892363316368
^SPX,2026-02-24 16:15:00,SPX,2026-07-17,6830.0,C,0.0,0.0,0.0,0.0,0,23,374.9,11,376.2,6852.66,6913.22,12,0.3890410958904109,375.54999999999995,6882.9400000000005,0.16654334958917383
^SPX,2026-02-24 16:15:00,SPX,2026-07-17,6840.0,C,0.0,0.0,0.0,0.0,0,20,368.1,11,369.4,6852.66,6913.22,1,0.3890410958904109,368.75,6882.9400000000005,0.1658327009261469
^SPX,2026-02-24 16:15:00,SPX,2026-07-17,6850.0,C,0.0,0.0,0.0,0.0,0,30,361.3,17,362.6,6852.66,6913.22,1217,0.3890410958904109,361.95000000000005,6882.9400000000005,0.16509452549643133
^SPX,2026-02-24 16:15:00,SPX,2026-07-17,6860.0,C,356.1,356.1,356.1,356.1,1,20,354.5,11,355.8,6852.66,6913.22,10,0.3890410958904109,355.15,6882.9400000000005,0.16432873103243179
^SPX,2026-02-24 16:15:00,SPX,2026-07-17,6870.0,C,0.0,0.0,0.0,0.0,0,33,347.8,12,349.1,6852.66,6913.22,2,0.3890410958904109,348.45000000000005,6882.9400000000005,0.16359530759150803
^SPX,2026-02-24 16:15:00,SPX,2026-07-17,6875.0,C,0.0,0.0,0.0,0.0,0,34,344.4,12,345.8,6852.66,6913.22,273,0.3890410958904109,345.1,6882.9400000000005,0.16321800404031672
^SPX,2026-02-24 16:15:00,SPX,2026-07-17,6880.0,C,0.0,0.0,0.0,0.0,0,34,341.1,12,342.5,6852.66,6913.22,2,0.3890410958904109,341.8,6882.9400000000005,0.1628635753944409
^SPX,2026-02-24 16:15:00,SPX,2026-07-17,6890.0,C,325.0,325.0,325.0,325.0,1,34,334.5,12,335.9,6852.66,6913.22,3,0.3890410958904109,335.2,6882.9400000000005,0.16213312040553265
^SPX,2026-02-24 16:15:00,SPX,2026-07-17,6900.0,C,0.0,0.0,0.0,0.0,0,52,327.9,20,329.3,6852.66,6913.22,3883,0.3890410958904109,328.6,6882.9400000000005,0.1613737506025291
^SPX,2026-02-24 16:15:00,SPX,2026-07-17,6910.0,C,312.2,312.2,312.2,312.2,1,36,321.4,12,322.8,6852.66,6913.22,22,0.3890410958904109,322.1,6882.9400000000005,0.1606447010234576
^SPX,2026-02-24 16:15:00,SPX,2026-07-17,6920.0,C,0.0,0.0,0.0,0.0,0,35,315.0,12,316.3,6852.66,6913.22,15,0.3890410958904109,315.65,6882.9400000000005,0.159915699070064
^SPX,2026-02-24 16:15:00,SPX,2026-07-17,6925.0,C,313.96,313.96,313.96,313.96,10,56,311.8,20,313.1,6852.66,6913.22,1481,0.3890410958904109,312.45000000000005,6882.9400000000005,0.1595547885792586
^SPX,2026-02-24 16:15:00,SPX,2026-07-17,6930.0,C,0.0,0.0,0.0,0.0,0,40,308.6,13,309.9,6852.66,6913.22,8,0.3890410958904109,309.25,6882.9400000000005,0.15918634087089653
^SPX,2026-02-24 16:15:00,SPX,2026-07-17,6940.0,C,290.38,305.03,290.38,305.03,11,37,302.2,22,303.6,6852.66,6913.22,35,0.3890410958904109,302.9,6882.9400000000005,0.15845622374000753
^SPX,2026-02-24 16:15:00,SPX,2026-07-17,6950.0,C,298.2,299.7,297.8,299.3,139,67,295.9,30,297.2,6852.66,6913.22,1272,0.3890410958904109,296.54999999999995,6882.9400000000005,0.1576955095802939
^SPX,2026-02-24 16:15:00,SPX,2026-07-17,6960.0,C,0.0,0.0,0.0,0.0,0,44,289.7,20,291.0,6852.66,6913.22,70,0.3890410958904109,290.35,6882.9400000000005,0.1569921042854446
^SPX,2026-02-24 16:15:00,SPX,2026-07-17,6970.0,C,0.0,0.0,0.0,0.0,0,67,283.5,21,284.8,6852.66,6913.22,35,0.3890410958904109,284.15,6882.9400000000005,0.15625729705566996
^SPX,2026-02-24 16:15:00,SPX,2026-07-17,6975.0,C,280.42,280.42,280.42,280.42,50,66,280.4,36,281.8,6852.66,6913.22,579,0.3890410958904109,281.1,6882.9400000000005,0.15590735343941362
^SPX,2026-02-24 16:15:00,SPX,2026-07-17,6980.0,C,0.0,0.0,0.0,0.0,0,68,277.3,31,278.7,6852.66,6913.22,166,0.3890410958904109,278.0,6882.9400000000005,0.1555201197649599
^SPX,2026-02-24 16:15:00,SPX,2026-07-17,6990.0,C,0.0,0.0,0.0,0.0,0,67,271.3,21,272.6,6852.66,6913.22,25,0.3890410958904109,271.95000000000005,6882.9400000000005,0.1548094309425693
^SPX,2026-02-24 16:15:00,SPX,2026-07-17,7000.0,C,253.6,267.4,253.6,264.3,139,81,265.3,53,266.6,6852.66,6913.22,11594,0.3890410958904109,265.95000000000005,6882.9400000000005,0.15409550227814417
^SPX,2026-02-24 16:15:00,SPX,2026-07-17,7010.0,C,261.91,261.91,261.91,261.91,10,72,259.3,21,260.6,6852.66,6913.22,28,0.3890410958904109,259.95000000000005,6882.9400000000005,0.15334872403949001
^SPX,2026-02-24 16:15:00,SPX,2026-07-17,7020.0,C,0.0,0.0,0.0,0.0,0,52,253.4,31,254.8,6852.66,6913.22,10,0.3890410958904109,254.10000000000002,6882.9400000000005,0.1526563489244274
^SPX,2026-02-24 16:15:00,SPX,2026-07-17,7025.0,C,242.19,252.44,242.19,249.94,20,99,250.5,48,251.8,6852.66,6913.22,616,0.3890410958904109,251.15,6882.9400000000005,0.1522829673797298
^SPX,2026-02-24 16:15:00,SPX,2026-07-17,7030.0,C,0.0,0.0,0.0,0.0,0,51,247.6,37,248.9,6852.66,6913.22,48,0.3890410958904109,248.25,6882.9400000000005,0.15193032559994343
^SPX,2026-02-24 16:15:00,SPX,2026-07-17,7040.0,C,218.08,235.4,218.08,234.6,5,66,241.8,31,243.1,6852.66,6913.22,17,0.3890410958904109,242.45,6882.9400000000005,0.15119946347331228
^SPX,2026-02-24 16:15:00,SPX,2026-07-17,7050.0,C,229.6,240.0,229.6,240.0,251,49,236.2,29,237.3,6852.66,6913.22,1168,0.3890410958904109,236.75,6882.9400000000005,0.15049254969033599
^SPX,2026-02-24 16:15:00,SPX,2026-07-17,7060.0,C,226.5,227.8,226.5,226.7,5,53,230.5,22,231.7,6852.66,6913.22,158,0.3890410958904109,231.1,6882.9400000000005,0.14977999001302097
^SPX,2026-02-24 16:15:00,SPX,2026-07-17,7070.0,C,0.0,0.0,0.0,0.0,0,73,224.9,38,226.2,6852.66,6913.22,5,0.3890410958904109,225.55,6882.9400000000005,0.14909061296443787
^SPX,2026-02-24 16:15:00,SPX,2026-07-17,7075.0,C,0.0,0.0,0.0,0.0,0,75,222.1,33,223.4,6852.66,6913.22,1198,0.3890410958904109,222.75,6882.9400000000005,0.14871795223459675
^SPX,2026-02-24 16:15:00,SPX,2026-07-17,7080.0,C,213.8,219.0,213.8,219.0,2,48,219.4,22,220.6,6852.66,6913.22,29,0.3890410958904109,220.0,6882.9400000000005,0.14836556030273892
^SPX,2026-02-24 16:15:00,SPX,2026-07-17,7090.0,C,212.14,212.14,212.14,212.14,1,77,213.9,33,215.2,6852.66,6913.22,86,0.3890410958904109,214.55,6882.9400000000005,0.1476629220851763
^SPX,2026-02-24 16:15:00,SPX,2026-07-17,7100.0,C,192.1,193.4,191.5,193.4,11,77,208.6,30,209.8,6852.66,6913.22,2214,0.3890410958904109,209.2,6882.9400000000005,0.14698239586747872
^SPX,2026-02-24 16:15:00,SPX,2026-07-17,7110.0,C,195.0,205.4,195.0,205.4,2,56,203.3,36,204.5,6852.66,6913.22,39,0.3890410958904109,203.9,6882.9400000000005,0.14629431814262492
^SPX,2026-02-24 16:15:00,SPX,2026-07-17,7120.0,C,0.0,0.0,0.0,0.0,0,57,198.1,41,199.3,6852.66,6913.22,28,0.3890410958904109,198.7,6882.9400000000005,0.14562773787453678
^SPX,2026-02-24 16:15:00,SPX,2026-07-17,7125.0,C,0.0,0.0,0.0,0.0,0,59,195.5,41,196.8,6852.66,6913.22,203,0.3890410958904109,196.15,6882.9400000000005,0.14530981427424206
^SPX,2026-02-24 16:15:00,SPX,2026-07-17,7130.0,C,0.0,0.0,0.0,0.0,0,59,192.9,41,194.2,6852.66,6913.22,29,0.3890410958904109,193.55,6882.9400000000005,0.144952912149783
^SPX,2026-02-24 16:15:00,SPX,2026-07-17,7140.0,C,0.0,0.0,0.0,0.0,0,61,187.8,42,189.1,6852.66,6913.22,78,0.3890410958904109,188.45,6882.9400000000005,0.14426943067874537
^SPX,2026-02-24 16:15:00,SPX,2026-07-17,7150.0,C,162.8,163.5,162.8,163.5,10,89,182.9,56,184.0,6852.66,6913.22,1067,0.3890410958904109,183.45,6882.9400000000005,0.14360656512401296
^SPX,2026-02-24 16:15:00,SPX,2026-07-17,7160.0,C,0.0,0.0,0.0,0.0,0,62,177.9,38,179.1,6852.66,6913.22,35,0.3890410958904109,178.5,6882.9400000000005,0.14293437424301633
^SPX,2026-02-24 16:15:00,SPX,2026-07-17,7170.0,C,159.19,159.19,159.19,159.19,1,61,173.0,39,174.3,6852.66,6913.22,16,0.3890410958904109,173.65,6882.9400000000005,0.14228233115218716
^SPX,2026-02-24 16:15:00,SPX,2026-07-17,7175.0,C,172.9,173.6,168.8,169.2,19,83,170.6,66,171.8,6852.66,6913.22,369,0.3890410958904109,171.2,6882.9400000000005,0.14192638652851572
^SPX,2026-02-24 16:15:00,SPX,2026-07-17,7180.0,C,0.0,0.0,0.0,0.0,0,59,168.3,37,169.5,6852.66,6913.22,56,0.3890410958904109,168.9,6882.9400000000005,0.14165034243616212
^SPX,2026-02-24 16:15:00,SPX,2026-07-17,7190.0,C,0.0,0.0,0.0,0.0,0,60,163.6,41,164.7,6852.66,6913.22,62,0.3890410958904109,164.14999999999998,6882.9400000000005,0.14097806809241956
^SPX,2026-02-24 16:15:00,SPX,2026-07-17,7200.0,C,154.56,158.57,153.58,158.57,358,90,159.0,57,160.1,6852.66,6913.22,3516,0.3890410958904109,159.55,6882.9400000000005,0.1403555243271472
^SPX,2026-02-24 16:15:00,SPX,2026-07-17,7210.0,C,0.0,0.0,0.0,0.0,0,64,154.4,41,155.6,6852.66,6913.22,36,0.3890410958904109,155.0,6882.9400000000005,0.13972227011746852
^SPX,2026-02-24 16:15:00,SPX,2026-07-17,7220.0,C,146.3,149.23,146.3,148.42,12,68,149.9,40,151.1,6852.66,6913.22,28,0.3890410958904109,150.5,6882.9400000000005,0.13907788103328883
^SPX,2026-02-24 16:15:00,SPX,2026-07-17,7225.0,C,144.3,144.3,144.3,144.3,1,93,147.7,61,148.9,6852.66,6913.22,1824,0.3890410958904109,148.3,6882.9400000000005,0.13877054566194694
^SPX,2026-02-24 16:15:00,SPX,2026-07-17,7230.0,C,145.55,147.42,145.55,147.42,6,72,145.5,44,146.7,6852.66,6913.22,34,0.3890410958904109,146.1,6882.9400000000005,0.1384526762845561
^SPX,2026-02-24 16:15:00,SPX,2026-07-17,7240.0,C,131.29,136.07,131.29,136.07,8,72,141.2,43,142.4,6852.66,6913.22,45,0.3890410958904109,141.8,6882.9400000000005,0.13784674092960472
^SPX,2026-02-24 16:15:00,SPX,2026-07-17,7250.0,C,135.53,138.8,135.52,138.8,36,96,137.1,65,138.1,6852.66,6913.22,1791,0.3890410958904109,137.6,6882.9400000000005,0.13726021053049214
^SPX,2026-02-24 16:15:00,SPX,2026-07-17,7260.0,C,0.0,0.0,0.0,0.0,0,70,132.9,45,134.0,6852.66,6913.22,85,0.3890410958904109,133.45,6882.9400000000005,0.13666192208853217
^SPX,2026-02-24 16:15:00,SPX,2026-07-17,7270.0,C,129.52,129.52,129.52,129.52,10,78,128.8,49,130.0,6852.66,6913.22,36,0.3890410958904109,129.4,6882.9400000000005,0.13608302908299238
^SPX,2026-02-24 16:15:00,SPX,2026-07-17,7275.0,C,127.07,128.16,127.07,128.16,4,73,126.8,48,128.0,6852.66,6913.22,700,0.3890410958904109,127.4,6882.9400000000005,0.13579301347383194
^SPX,2026-02-24 16:15:00,SPX,2026-07-17,7280.0,C,0.0,0.0,0.0,0.0,0,74,124.8,70,126.0,6852.66,6913.22,26,0.3890410958904109,125.4,6882.9400000000005,0.135491986096315
^SPX,2026-02-24 16:15:00,SPX,2026-07-17,7290.0,C,0.0,0.0,0.0,0.0,0,78,120.9,67,122.1,6852.66,6913.22,48,0.3890410958904109,121.5,6882.9400000000005,0.13492042674720917
^SPX,2026-02-24 16:15:00,SPX,2026-07-17,7300.0,C,103.3,118.55,103.3,117.24,9,111,117.2,65,118.3,6852.66,6913.22,2449,0.3890410958904109,117.75,6882.9400000000005,0.13440101431376797
^SPX,2026-02-24 16:15:00,SPX,2026-07-17,7310.0,C,113.5,113.5,113.5,113.5,7,73,113.4,53,114.5,6852.66,6913.22,48,0.3890410958904109,113.95,6882.9400000000005,0.1338045979716045
^SPX,2026-02-24 16:15:00,SPX,2026-07-17,7320.0,C,111.24,111.24,111.24,111.24,1,82,109.7,74,110.9,6852.66,6913.22,62,0.3890410958904109,110.30000000000001,6882.9400000000005,0.13326062643651426
^SPX,2026-02-24 16:15:00,SPX,2026-07-17,7325.0,C,106.8,108.6,104.4,108.6,31,85,107.9,72,109.1,6852.66,6913.22,866,0.3890410958904109,108.5,6882.9400000000005,0.1329880800293382
^SPX,2026-02-24 16:15:00,SPX,2026-07-17,7330.0,C,0.0,0.0,0.0,0.0,0,77,106.2,58,107.3,6852.66,6913.22,58,0.3890410958904109,106.75,6882.9400000000005,0.13273728153666375
^SPX,2026-02-24 16:15:00,SPX,2026-07-17,7340.0,C,95.5,103.3,94.1,103.3,16,75,102.7,57,103.9,6852.66,6913.22,58,0.3890410958904109,103.30000000000001,6882.9400000000005,0.13223513854609076
^SPX,2026-02-24 16:15:00,SPX,2026-07-17,7350.0,C,89.9,100.25,89.9,100.2,128,72,99.4,92,100.4,6852.66,6913.22,1794,0.3890410958904109,99.9,6882.9400000000005,0.13172098482298
^SPX,2026-02-24 16:15:00,SPX,2026-07-17,7360.0,C,0.0,0.0,0.0,0.0,0,93,95.9,80,97.1,6852.66,6913.22,107,0.3890410958904109,96.5,6882.9400000000005,0.1311602515985502
^SPX,2026-02-24 16:15:00,SPX,2026-07-17,7375.0,C,85.23,92.95,85.23,92.25,125,173,91.1,111,92.2,6852.66,6913.22,1513,0.3890410958904109,91.65,6882.9400000000005,0.13040252716717918
^SPX,2026-02-24 16:15:00,SPX,2026-07-17,7400.0,C,77.99,84.6,77.99,83.35,258,81,83.6,84,84.4,6852.66,6913.22,3798,0.3890410958904109,84.0,6882.9400000000005,0.12920847142406228
^SPX,2026-02-24 16:15:00,SPX,2026-07-17,7425.0,C,70.42,76.9,70.42,76.74,19,121,76.3,87,77.4,6852.66,6913.22,1061,0.3890410958904109,76.85,6882.9400000000005,0.1280787490127829
^SPX,2026-02-24 16:15:00,SPX,2026-07-17,7450.0,C,70.66,70.66,70.66,70.66,6,140,69.7,96,70.5,6852.66,6913.22,3037,0.3890410958904109,70.1,6882.9400000000005,0.1269467959847897
^SPX,2026-02-24 16:15:00,SPX,2026-07-17,7475.0,C,64.49,64.49,63.2,63.2,11,132,63.4,97,64.5,6852.66,6913.22,475,0.3890410958904109,63.95,6882.9400000000005,0.12597623187609638
^SPX,2026-02-24 16:15:00,SPX,2026-07-17,7500.0,C,51.32,58.5,50.4,57.8,130,111,57.8,105,58.5,6852.66,6913.22,3009,0.3890410958904109,58.15,6882.9400000000005,0.12498523813830964
^SPX,2026-02-24 16:15:00,SPX,2026-07-17,7525.0,C,51.3,53.08,51.3,53.08,21,152,52.3,107,53.3,6852.66,6913.22,875,0.3890410958904109,52.8,6882.9400000000005,0.12406495580839597
^SPX,2026-02-24 16:15:00,SPX,2026-07-17,7550.0,C,46.6,46.6,46.6,46.6,2,169,47.5,173,48.4,6852.66,6913.22,2209,0.3890410958904109,47.95,6882.9400000000005,0.12327890225294813
^SPX,2026-02-24 16:15:00,SPX,2026-07-17,7575.0,C,43.7,43.7,42.7,42.9,15,270,42.9,165,43.8,6852.66,6913.22,643,0.3890410958904109,43.349999999999994,6882.9400000000005,0.12241900370380604
^SPX,2026-02-24 16:15:00,SPX,2026-07-17,7600.0,C,33.7,39.7,33.6,39.7,48,156,38.9,202,39.7,6852.66,6913.22,1530,0.3890410958904109,39.3,6882.9400000000005,0.12178464018541335
^SPX,2026-02-24 16:15:00,SPX,2026-07-17,7625.0,C,34.4,35.79,34.4,35.25,6,232,35.1,171,35.8,6852.66,6913.22,1211,0.3890410958904109,35.45,6882.9400000000005,0.12105609281029373
^SPX,2026-02-24 16:15:00,SPX,2026-07-17,7650.0,C,30.8,31.92,30.7,31.8,8,120,31.7,147,32.4,6852.66,6913.22,197,0.3890410958904109,32.05,6882.9400000000005,0.12050883479811317
^SPX,2026-02-24 16:15:00,SPX,2026-07-17,7675.0,C,27.8,27.8,27.8,27.8,3,237,28.4,192,29.3,6852.66,6913.22,145,0.3890410958904109,28.85,6882.9400000000005,0.11989507206951276
^SPX,2026-02-24 16:15:00,SPX,2026-07-17,7700.0,C,23.3,26.2,23.3,25.8,60,176,25.7,176,26.3,6852.66,6913.22,1575,0.3890410958904109,26.0,6882.9400000000005,0.11940541722540812
^SPX,2026-02-24 16:15:00,SPX,2026-07-17,7725.0,C,22.74,22.74,22.74,22.74,4,432,23.0,167,23.7,6852.66,6913.22,263,0.3890410958904109,23.35,6882.9400000000005,0.11888081044206451
^SPX,2026-02-24 16:15:00,SPX,2026-07-17,7750.0,C,18.25,21.15,18.25,21.15,7,144,20.8,253,21.4,6852.66,6913.22,1148,0.3890410958904109,21.1,6882.9400000000005,0.11861488380956225
^SPX,2026-02-24 16:15:00,SPX,2026-07-17,7775.0,C,17.1,17.1,17.1,17.1,2,360,18.6,259,19.3,6852.66,6913.22,174,0.3890410958904109,18.950000000000003,6882.9400000000005,0.11822515772136112
^SPX,2026-02-24 16:15:00,SPX,2026-07-17,7800.0,C,16.4,17.06,16.4,17.06,6,423,16.8,152,17.3,6852.66,6913.22,2249,0.3890410958904109,17.05,6882.9400000000005,0.11794575340389601
^SPX,2026-02-24 16:15:00,SPX,2026-07-17,7825.0,C,14.75,15.45,14.75,15.45,32,483,15.0,164,15.6,6852.66,6913.22,147,0.3890410958904109,15.3,6882.9400000000005,0.11764691670504127
^SPX,2026-02-24 16:15:00,SPX,2026-07-17,7850.0,C,13.8,14.0,13.7,13.9,21,406,13.5,271,14.1,6852.66,6913.22,270,0.3890410958904109,13.8,6882.9400000000005,0.11752889344623738
^SPX,2026-02-24 16:15:00,SPX,2026-07-17,7875.0,C,11.45,11.45,11.45,11.45,8,560,12.1,286,12.7,6852.66,6913.22,151,0.3890410958904109,12.399999999999999,6882.9400000000005,0.11735407376845787
^SPX,2026-02-24 16:15:00,SPX,2026-07-17,7900.0,C,10.65,11.2,10.65,11.2,21,230,11.0,559,11.5,6852.66,6913.22,4831,0.3890410958904109,11.25,6882.9400000000005,0.11744784626951747
^SPX,2026-02-24 16:15:00,SPX,2026-07-17,7950.0,C,8.5,9.1,8.5,9.1,3,754,8.8,154,9.3,6852.66,6913.22,363,0.3890410958904109,9.05,6882.9400000000005,0.11718298114328082
^SPX,2026-02-24 16:15:00,SPX,2026-07-17,8000.0,C,7.14,7.6,7.14,7.6,16,779,7.2,305,7.6,6852.66,6913.22,3272,0.3890410958904109,7.4,6882.9400000000005,0.1173879902508711
^SPX,2026-02-24 16:15:00,SPX,2026-07-17,8100.0,C,4.55,5.1,4.55,5.0,272,1075,4.8,591,5.2,6852.66,6913.22,1132,0.3890410958904109,5.0,6882.9400000000005,0.11818714484160087
^SPX,2026-02-24 16:15:00,SPX,2026-07-17,8200.0,C,3.2,3.44,3.2,3.43,8,750,3.3,514,3.6,6852.66,6913.22,1109,0.3890410958904109,3.45,6882.9400000000005,0.11949758991349763
^SPX,2026-02-24 16:15:00,SPX,2026-07-17,8300.0,C,0.0,0.0,0.0,0.0,0,414,2.3,1261,2.65,6852.66,6913.22,602,0.3890410958904109,2.4749999999999996,6882.9400000000005,0.12147899826259159
^SPX,2026-02-24 16:15:00,SPX,2026-07-17,8400.0,C,0.0,0.0,0.0,0.0,0,455,1.65,941,1.95,6852.66,6913.22,279,0.3890410958904109,1.7999999999999998,6882.9400000000005,0.12360798051914337
^SPX,2026-02-24 16:15:00,SPX,2026-07-17,8500.0,C,0.0,0.0,0.0,0.0,0,498,1.2,951,1.5,6852.66,6913.22,319,0.3890410958904109,1.35,6882.9400000000005,0.12610423715643657
^SPX,2026-02-24 16:15:00,SPX,2026-07-17,8600.0,C,1.0,1.03,0.97,0.97,192,1616,0.85,1229,1.15,6852.66,6913.22,641,0.3890410958904109,1.0,6882.9400000000005,0.12830422838530367
^SPX,2026-02-24 16:15:00,SPX,2026-07-17,8800.0,C,0.65,0.65,0.63,0.64,7,1164,0.5,807,0.8,6852.66,6913.22,698,0.3890410958904109,0.65,6882.9400000000005,0.13467299912827851
^SPX,2026-02-24 16:15:00,SPX,2026-07-17,9000.0,C,0.55,0.55,0.46,0.46,3,617,0.35,485,0.6,6852.66,6913.22,856,0.3890410958904109,0.475,6882.9400000000005,0.1420110743105518
^SPX,2026-02-24 16:15:00,SPX,2026-07-17,9200.0,C,0.0,0.0,0.0,0.0,0,1644,0.15,181,0.45,6852.66,6913.22,888,0.3890410958904109,0.3,6882.9400000000005,0.14687316011604887
^SPX,2026-02-24 16:15:00,SPX,2026-07-17,9400.0,C,0.0,0.0,0.0,0.0,0,1571,0.1,181,0.35,6852.66,6913.22,239,0.3890410958904109,0.22499999999999998,6882.9400000000005,0.15348940652389764
^SPX,2026-02-24 16:15:00,SPX,2026-07-17,9600.0,C,0.0,0.0,0.0,0.0,0,610,0.1,199,0.3,6852.66,6913.22,65,0.3890410958904109,0.2,6882.9400000000005,0.16183795971159312
^SPX,2026-02-24 16:15:00,SPX,2026-07-17,9800.0,C,0.25,0.25,0.25,0.25,26,184,0.1,416,0.3,6852.66,6913.22,40,0.3890410958904109,0.2,6882.9400000000005,0.1714072509703803
^SPX,2026-02-24 16:15:00,SPX,2026-07-17,10000.0,C,0.0,0.0,0.0,0.0,0,6,0.1,62,0.2,6852.66,6913.22,60,0.3890410958904109,0.15000000000000002,6882.9400000000005,0.17672295904961835
^SPX,2026-02-24 16:15:00,SPX,2026-07-17,10200.0,C,0.0,0.0,0.0,0.0,0,1,0.1,382,0.2,6852.66,6913.22,64,0.3890410958904109,0.15000000000000002,6882.9400000000005,0.18564604819627134
^SPX,2026-02-24 16:15:00,SPX,2026-07-17,10400.0,C,0.0,0.0,0.0,0.0,0,0,0.0,436,0.2,6852.66,6913.22,199,0.3890410958904109,0.1,6882.9400000000005,0.18864462354448475
^SPX,2026-02-24 16:15:00,SPX,2026-07-17,10800.0,C,0.0,0.0,0.0,0.0,0,0,0.0,428,0.15,6852.66,6913.22,11,0.3890410958904109,0.075,6882.9400000000005,0.20097736268734454
^SPX,2026-02-24 16:15:00,SPX,2026-07-17,11200.0,C,0.0,0.0,0.0,0.0,0,0,0.0,471,0.15,6852.66,6913.22,16,0.3890410958904109,0.075,6882.9400000000005,0.21639995895175562
^SPX,2026-02-24 16:15:00,SPX,2026-07-17,11600.0,C,0.0,0.0,0.0,0.0,0,0,0.0,490,0.15,6852.66,6913.22,0,0.3890410958904109,0.075,6882.9400000000005,0.23118228531008092
^SPX,2026-02-24 16:15:00,SPX,2026-07-17,12000.0,C,0.0,0.0,0.0,0.0,0,0,0.0,259,0.1,6852.66,6913.22,0,0.3890410958904109,0.05,6882.9400000000005,0.2389928912438559
^SPX,2026-02-24 16:15:00,SPX,2026-07-17,12400.0,C,0.0,0.0,0.0,0.0,0,0,0.0,272,0.1,6852.66,6913.22,1,0.3890410958904109,0.05,6882.9400000000005,0.252344414433364
^SPX,2026-02-24 16:15:00,SPX,2026-08-21,4925.0,C,0.0,0.0,0.0,0.0,0,2,2062.7,2,2067.1,6852.66,6913.22,0,0.4849315068493151,2064.8999999999996,6882.9400000000005,0.18565464337817103
^SPX,2026-02-24 16:15:00,SPX,2026-08-21,4950.0,C,0.0,0.0,0.0,0.0,0,2,2039.3,2,2042.8,6852.66,6913.22,0,0.4849315068493151,2041.05,6882.9400000000005,0.19627065780318445
^SPX,2026-02-24 16:15:00,SPX,2026-08-21,4975.0,C,0.0,0.0,0.0,0.0,0,2,2015.3,2,2019.7,6852.66,6913.22,0,0.4849315068493151,2017.5,6882.9400000000005,0.20620553916751663
^SPX,2026-02-24 16:15:00,SPX,2026-08-21,5000.0,C,0.0,0.0,0.0,0.0,0,2,1992.0,2,1995.5,6852.66,6913.22,18177,0.4849315068493151,1993.75,6882.9400000000005,0.2107842677950749
^SPX,2026-02-24 16:15:00,SPX,2026-08-21,5025.0,C,0.0,0.0,0.0,0.0,0,2,1968.2,2,1972.4,6852.66,6913.22,0,0.4849315068493151,1970.3000000000002,6882.9400000000005,0.2163914473452026
^SPX,2026-02-24 16:15:00,SPX,2026-08-21,5050.0,C,0.0,0.0,0.0,0.0,0,2,1944.9,2,1948.4,6852.66,6913.22,0,0.4849315068493151,1946.65,6882.9400000000005,0.21919343370622832
^SPX,2026-02-24 16:15:00,SPX,2026-08-21,5075.0,C,0.0,0.0,0.0,0.0,0,2,1921.0,2,1925.4,6852.66,6913.22,0,0.4849315068493151,1923.2,6882.9400000000005,0.22243338878778735
^SPX,2026-02-24 16:15:00,SPX,2026-08-21,5100.0,C,0.0,0.0,0.0,0.0,0,2,1897.9,2,1901.3,6852.66,6913.22,11,0.4849315068493151,1899.6,6882.9400000000005,0.2241239736118022
^SPX,2026-02-24 16:15:00,SPX,2026-08-21,5125.0,C,0.0,0.0,0.0,0.0,0,2,1874.2,2,1878.4,6852.66,6913.22,0,0.4849315068493151,1876.3000000000002,6882.9400000000005,0.2267526884411581
^SPX,2026-02-24 16:15:00,SPX,2026-08-21,5150.0,C,0.0,0.0,0.0,0.0,0,2,1851.0,2,1854.4,6852.66,6913.22,2,0.4849315068493151,1852.7,6882.9400000000005,0.22750705765358262
^SPX,2026-02-24 16:15:00,SPX,2026-08-21,5175.0,C,0.0,0.0,0.0,0.0,0,2,1827.4,2,1831.5,6852.66,6913.22,0,0.4849315068493151,1829.45,6882.9400000000005,0.2293395210492778
^SPX,2026-02-24 16:15:00,SPX,2026-08-21,5200.0,C,0.0,0.0,0.0,0.0,0,2,1804.2,2,1807.6,6852.66,6913.22,0,0.4849315068493151,1805.9,6882.9400000000005,0.22964302043406826
^SPX,2026-02-24 16:15:00,SPX,2026-08-21,5225.0,C,0.0,0.0,0.0,0.0,0,2,1780.7,2,1784.8,6852.66,6913.22,0,0.4849315068493151,1782.75,6882.9400000000005,0.23107354729450974
^SPX,2026-02-24 16:15:00,SPX,2026-08-21,5250.0,C,0.0,0.0,0.0,0.0,0,2,1757.6,2,1760.9,6852.66,6913.22,0,0.4849315068493151,1759.25,6882.9400000000005,0.23103117062505452
^SPX,2026-02-24 16:15:00,SPX,2026-08-21,5275.0,C,0.0,0.0,0.0,0.0,0,2,1734.0,2,1738.2,6852.66,6913.22,0,0.4849315068493151,1736.1,6882.9400000000005,0.23184863645412349
^SPX,2026-02-24 16:15:00,SPX,2026-08-21,5300.0,C,0.0,0.0,0.0,0.0,0,2,1711.1,2,1714.5,6852.66,6913.22,1,0.4849315068493151,1712.8,6882.9400000000005,0.23196569463897315
^SPX,2026-02-24 16:15:00,SPX,2026-08-21,5325.0,C,0.0,0.0,0.0,0.0,0,2,1687.6,2,1691.6,6852.66,6913.22,1,0.4849315068493151,1689.6,6882.9400000000005,0.23214941435019326
^SPX,2026-02-24 16:15:00,SPX,2026-08-21,5350.0,C,0.0,0.0,0.0,0.0,0,2,1664.9,2,1668.1,6852.66,6913.22,2,0.4849315068493151,1666.5,6882.9400000000005,0.23238082186929349
^SPX,2026-02-24 16:15:00,SPX,2026-08-21,5375.0,C,0.0,0.0,0.0,0.0,0,2,1641.5,2,1645.3,6852.66,6913.22,0,0.4849315068493151,1643.4,6882.9400000000005,0.23240518642691743
^SPX,2026-02-24 16:15:00,SPX,2026-08-21,5400.0,C,0.0,0.0,0.0,0.0,0,2,1618.6,2,1621.9,6852.66,6913.22,1,0.4849315068493151,1620.25,6882.9400000000005,0.2321303067293271
^SPX,2026-02-24 16:15:00,SPX,2026-08-21,5425.0,C,0.0,0.0,0.0,0.0,0,2,1595.4,2,1599.1,6852.66,6913.22,1,0.4849315068493151,1597.25,6882.9400000000005,0.23202556748337547
^SPX,2026-02-24 16:15:00,SPX,2026-08-21,5450.0,C,0.0,0.0,0.0,0.0,0,2,1572.6,2,1575.7,6852.66,6913.22,1,0.4849315068493151,1574.15,6882.9400000000005,0.2315415604176744
^SPX,2026-02-24 16:15:00,SPX,2026-08-21,5475.0,C,0.0,0.0,0.0,0.0,0,2,1549.5,2,1553.2,6852.66,6913.22,0,0.4849315068493151,1551.35,6882.9400000000005,0.23151868206001963
^SPX,2026-02-24 16:15:00,SPX,2026-08-21,5500.0,C,1532.76,1532.76,1532.76,1532.76,1,2,1526.8,2,1530.0,6852.66,6913.22,77,0.4849315068493151,1528.4,6882.9400000000005,0.23103382826241808
^SPX,2026-02-24 16:15:00,SPX,2026-08-21,5525.0,C,0.0,0.0,0.0,0.0,0,2,1503.7,2,1507.4,6852.66,6913.22,1,0.4849315068493151,1505.5500000000002,6882.9400000000005,0.23059557147709814
^SPX,2026-02-24 16:15:00,SPX,2026-08-21,5550.0,C,0.0,0.0,0.0,0.0,0,2,1481.3,2,1484.3,6852.66,6913.22,0,0.4849315068493151,1482.8,6882.9400000000005,0.23019356102512822
^SPX,2026-02-24 16:15:00,SPX,2026-08-21,5575.0,C,0.0,0.0,0.0,0.0,0,2,1458.3,2,1461.8,6852.66,6913.22,0,0.4849315068493151,1460.05,6882.9400000000005,0.2296491302272592
^SPX,2026-02-24 16:15:00,SPX,2026-08-21,5600.0,C,0.0,0.0,0.0,0.0,0,2,1435.9,2,1438.7,6852.66,6913.22,3,0.4849315068493151,1437.3000000000002,6882.9400000000005,0.22897321866419584
^SPX,2026-02-24 16:15:00,SPX,2026-08-21,5625.0,C,0.0,0.0,0.0,0.0,0,2,1412.8,2,1416.5,6852.66,6913.22,1,0.4849315068493151,1414.65,6882.9400000000005,0.2283331766616055
^SPX,2026-02-24 16:15:00,SPX,2026-08-21,5650.0,C,0.0,0.0,0.0,0.0,0,2,1390.7,2,1393.6,6852.66,6913.22,0,0.4849315068493151,1392.15,6882.9400000000005,0.22779718058207185
^SPX,2026-02-24 16:15:00,SPX,2026-08-21,5675.0,C,0.0,0.0,0.0,0.0,0,2,1367.7,2,1371.4,6852.66,6913.22,0,0.4849315068493151,1369.5500000000002,6882.9400000000005,0.22698300075781724
^SPX,2026-02-24 16:15:00,SPX,2026-08-21,5700.0,C,0.0,0.0,0.0,0.0,0,2,1345.6,2,1348.5,6852.66,6913.22,1,0.4849315068493151,1347.05,6882.9400000000005,0.22619843700213876
^SPX,2026-02-24 16:15:00,SPX,2026-08-21,5725.0,C,0.0,0.0,0.0,0.0,0,2,1322.9,2,1326.5,6852.66,6913.22,0,0.4849315068493151,1324.7,6882.9400000000005,0.22550566664707852
^SPX,2026-02-24 16:15:00,SPX,2026-08-21,5750.0,C,0.0,0.0,0.0,0.0,0,2,1300.8,2,1303.7,6852.66,6913.22,3,0.4849315068493151,1302.25,6882.9400000000005,0.22455922986503657
^SPX,2026-02-24 16:15:00,SPX,2026-08-21,5775.0,C,0.0,0.0,0.0,0.0,0,2,1278.3,2,1281.8,6852.66,6913.22,0,0.4849315068493151,1280.05,6882.9400000000005,0.22383075215540119
^SPX,2026-02-24 16:15:00,SPX,2026-08-21,5800.0,C,1254.57,1254.57,1254.57,1254.57,1,2,1256.5,2,1259.2,6852.66,6913.22,1502,0.4849315068493151,1257.85,6882.9400000000005,0.22298399079428372
^SPX,2026-02-24 16:15:00,SPX,2026-08-21,5825.0,C,0.0,0.0,0.0,0.0,0,2,1234.1,2,1237.4,6852.66,6913.22,1,0.4849315068493151,1235.75,6882.9400000000005,0.2221473059377524
^SPX,2026-02-24 16:15:00,SPX,2026-08-21,5850.0,C,0.0,0.0,0.0,0.0,0,2,1212.3,2,1214.9,6852.66,6913.22,1,0.4849315068493151,1213.6,6882.9400000000005,0.22113966550467834
^SPX,2026-02-24 16:15:00,SPX,2026-08-21,5875.0,C,0.0,0.0,0.0,0.0,0,2,1190.0,2,1193.2,6852.66,6913.22,17,0.4849315068493151,1191.6,6882.9400000000005,0.22020116181892566
^SPX,2026-02-24 16:15:00,SPX,2026-08-21,5900.0,C,1116.52,1116.52,1116.52,1116.52,1,2,1168.2,2,1171.0,6852.66,6913.22,23,0.4849315068493151,1169.6,6882.9400000000005,0.21915583973748679
^SPX,2026-02-24 16:15:00,SPX,2026-08-21,5925.0,C,1144.64,1144.64,1144.64,1144.64,1,2,1146.1,2,1149.4,6852.66,6913.22,12,0.4849315068493151,1147.75,6882.9400000000005,0.2181715267492624
^SPX,2026-02-24 16:15:00,SPX,2026-08-21,5950.0,C,0.0,0.0,0.0,0.0,0,2,1124.6,2,1127.3,6852.66,6913.22,25,0.4849315068493151,1125.9499999999998,6882.9400000000005,0.2171347890306785
^SPX,2026-02-24 16:15:00,SPX,2026-08-21,5975.0,C,0.0,0.0,0.0,0.0,0,2,1102.7,2,1106.0,6852.66,6913.22,5,0.4849315068493151,1104.35,6882.9400000000005,0.2162003230129066
^SPX,2026-02-24 16:15:00,SPX,2026-08-21,6000.0,C,1030.97,1086.66,1030.97,1086.66,2,2,1081.4,2,1083.9,6852.66,6913.22,18517,0.4849315068493151,1082.65,6882.9400000000005,0.21505749222093265
^SPX,2026-02-24 16:15:00,SPX,2026-08-21,6025.0,C,0.0,0.0,0.0,0.0,0,2,1059.5,2,1062.7,6852.66,6913.22,62,0.4849315068493151,1061.1,6882.9400000000005,0.21396222635579043
^SPX,2026-02-24 16:15:00,SPX,2026-08-21,6040.0,C,0.0,0.0,0.0,0.0,0,2,1046.6,2,1049.8,6852.66,6913.22,0,0.4849315068493151,1048.1999999999998,6882.9400000000005,0.2132848614267366
^SPX,2026-02-24 16:15:00,SPX,2026-08-21,6050.0,C,0.0,0.0,0.0,0.0,0,2,1038.3,2,1040.9,6852.66,6913.22,61,0.4849315068493151,1039.6,6882.9400000000005,0.21281300227763597
^SPX,2026-02-24 16:15:00,SPX,2026-08-21,6060.0,C,0.0,0.0,0.0,0.0,0,2,1029.6,2,1032.6,6852.66,6913.22,0,0.4849315068493151,1031.1,6882.9400000000005,0.21241919933558998
^SPX,2026-02-24 16:15:00,SPX,2026-08-21,6070.0,C,0.0,0.0,0.0,0.0,0,2,1021.1,2,1024.1,6852.66,6913.22,0,0.4849315068493151,1022.5999999999999,6882.9400000000005,0.2120079102105902
^SPX,2026-02-24 16:15:00,SPX,2026-08-21,6075.0,C,0.0,0.0,0.0,0.0,0,2,1016.8,2,1019.8,6852.66,6913.22,3,0.4849315068493151,1018.3,6882.9400000000005,0.21174953571679533
^SPX,2026-02-24 16:15:00,SPX,2026-08-21,6080.0,C,0.0,0.0,0.0,0.0,0,2,1012.4,2,1015.5,6852.66,6913.22,0,0.4849315068493151,1013.95,6882.9400000000005,0.2114412910907432
^SPX,2026-02-24 16:15:00,SPX,2026-08-21,6090.0,C,0.0,0.0,0.0,0.0,0,2,1003.9,2,1007.1,6852.66,6913.22,0,0.4849315068493151,1005.5,6882.9400000000005,0.21104292185459128
^SPX,2026-02-24 16:15:00,SPX,2026-08-21,6100.0,C,0.0,0.0,0.0,0.0,0,2,995.8,2,998.2,6852.66,6913.22,260,0.4849315068493151,997.0,6882.9400000000005,0.21058188484644433
^SPX,2026-02-24 16:15:00,SPX,2026-08-21,6110.0,C,0.0,0.0,0.0,0.0,0,2,986.9,2,990.0,6852.66,6913.22,0,0.4849315068493151,988.45,6882.9400000000005,0.21005977055225106
^SPX,2026-02-24 16:15:00,SPX,2026-08-21,6120.0,C,0.0,0.0,0.0,0.0,0,2,978.6,2,981.6,6852.66,6913.22,0,0.4849315068493151,980.1,6882.9400000000005,0.20969970859207454
^SPX,2026-02-24 16:15:00,SPX,2026-08-21,6125.0,C,0.0,0.0,0.0,0.0,0,2,974.2,2,977.3,6852.66,6913.22,1,0.4849315068493151,975.75,6882.9400000000005,0.20935841182416362
^SPX,2026-02-24 16:15:00,SPX,2026-08-21,6130.0,C,0.0,0.0,0.0,0.0,0,2,970.1,2,973.0,6852.66,6913.22,0,0.4849315068493151,971.55,6882.9400000000005,0.20914572989885172
^SPX,2026-02-24 16:15:00,SPX,2026-08-21,6140.0,C,0.0,0.0,0.0,0.0,0,2,961.7,2,964.6,6852.66,6913.22,0,0.4849315068493151,963.1500000000001,6882.9400000000005,0.2087074839377508
^SPX,2026-02-24 16:15:00,SPX,2026-08-21,6150.0,C,0.0,0.0,0.0,0.0,0,2,953.5,2,955.8,6852.66,6913.22,77,0.4849315068493151,954.65,6882.9400000000005,0.2081661104647735
^SPX,2026-02-24 16:15:00,SPX,2026-08-21,6160.0,C,0.0,0.0,0.0,0.0,0,2,944.7,2,947.7,6852.66,6913.22,0,0.4849315068493151,946.2,6882.9400000000005,0.2076523341962242
^SPX,2026-02-24 16:15:00,SPX,2026-08-21,6170.0,C,0.0,0.0,0.0,0.0,0,2,936.3,2,939.3,6852.66,6913.22,0,0.4849315068493151,937.8,6882.9400000000005,0.2071652166349033
^SPX,2026-02-24 16:15:00,SPX,2026-08-21,6175.0,C,0.0,0.0,0.0,0.0,0,2,932.1,2,935.1,6852.66,6913.22,72,0.4849315068493151,933.6,6882.9400000000005,0.2069155678022139
^SPX,2026-02-24 16:15:00,SPX,2026-08-21,6180.0,C,0.0,0.0,0.0,0.0,0,2,928.1,2,930.9,6852.66,6913.22,0,0.4849315068493151,929.5,6882.9400000000005,0.20674577198829414
^SPX,2026-02-24 16:15:00,SPX,2026-08-21,6190.0,C,0.0,0.0,0.0,0.0,0,2,919.7,2,922.5,6852.66,6913.22,0,0.4849315068493151,921.1,6882.9400000000005,0.2062257451082632
^SPX,2026-02-24 16:15:00,SPX,2026-08-21,6200.0,C,0.0,0.0,0.0,0.0,0,2,911.5,2,913.9,6852.66,6913.22,2488,0.4849315068493151,912.7,6882.9400000000005,0.2056899884341589
^SPX,2026-02-24 16:15:00,SPX,2026-08-21,6210.0,C,0.0,0.0,0.0,0.0,0,2,903.0,2,905.8,6852.66,6913.22,0,0.4849315068493151,904.4,6882.9400000000005,0.20522038623204264
^SPX,2026-02-24 16:15:00,SPX,2026-08-21,6220.0,C,0.0,0.0,0.0,0.0,0,2,894.7,2,897.5,6852.66,6913.22,0,0.4849315068493151,896.1,6882.9400000000005,0.20473405442652273
^SPX,2026-02-24 16:15:00,SPX,2026-08-21,6225.0,C,0.0,0.0,0.0,0.0,0,2,890.4,2,893.3,6852.66,6913.22,75,0.4849315068493151,891.8499999999999,6882.9400000000005,0.2044040847150492
^SPX,2026-02-24 16:15:00,SPX,2026-08-21,6230.0,C,0.0,0.0,0.0,0.0,0,2,886.4,2,889.1,6852.66,6913.22,0,0.4849315068493151,887.75,6882.9400000000005,0.20419110407827717
^SPX,2026-02-24 16:15:00,SPX,2026-08-21,6240.0,C,0.0,0.0,0.0,0.0,0,2,878.0,2,880.9,6852.66,6913.22,0,0.4849315068493151,879.45,6882.9400000000005,0.20367235262071076
^SPX,2026-02-24 16:15:00,SPX,2026-08-21,6250.0,C,0.0,0.0,0.0,0.0,0,2,870.0,2,872.3,6852.66,6913.22,235,0.4849315068493151,871.15,6882.9400000000005,0.20313753824695066
^SPX,2026-02-24 16:15:00,SPX,2026-08-21,6260.0,C,0.0,0.0,0.0,0.0,0,2,861.4,2,864.3,6852.66,6913.22,0,0.4849315068493151,862.8499999999999,6882.9400000000005,0.20258686391334052
^SPX,2026-02-24 16:15:00,SPX,2026-08-21,6270.0,C,0.0,0.0,0.0,0.0,0,2,853.3,2,856.0,6852.66,6913.22,0,0.4849315068493151,854.65,6882.9400000000005,0.20209811503792344
^SPX,2026-02-24 16:15:00,SPX,2026-08-21,6275.0,C,0.0,0.0,0.0,0.0,0,2,849.1,2,852.0,6852.66,6913.22,128,0.4849315068493151,850.55,6882.9400000000005,0.2018474419997848
^SPX,2026-02-24 16:15:00,SPX,2026-08-21,6280.0,C,0.0,0.0,0.0,0.0,0,2,845.1,2,847.8,6852.66,6913.22,0,0.4849315068493151,846.45,6882.9400000000005,0.20159260630270787
^SPX,2026-02-24 16:15:00,SPX,2026-08-21,6290.0,C,0.0,0.0,0.0,0.0,0,2,836.9,2,839.6,6852.66,6913.22,0,0.4849315068493151,838.25,6882.9400000000005,0.2010705519124193
^SPX,2026-02-24 16:15:00,SPX,2026-08-21,6300.0,C,0.0,0.0,0.0,0.0,0,2,828.8,2,830.9,6852.66,6913.22,1450,0.4849315068493151,829.8499999999999,6882.9400000000005,0.20038074999867247
^SPX,2026-02-24 16:15:00,SPX,2026-08-21,6310.0,C,0.0,0.0,0.0,0.0,0,2,820.5,2,823.2,6852.66,6913.22,0,0.4849315068493151,821.85,6882.9400000000005,0.19997760799517716
^SPX,2026-02-24 16:15:00,SPX,2026-08-21,6320.0,C,0.0,0.0,0.0,0.0,0,2,812.2,2,815.1,6852.66,6913.22,0,0.4849315068493151,813.6500000000001,6882.9400000000005,0.19940709315849117
^SPX,2026-02-24 16:15:00,SPX,2026-08-21,6325.0,C,809.46,809.46,809.46,809.46,1,2,808.2,2,811.0,6852.66,6913.22,1991,0.4849315068493151,809.6,6882.9400000000005,0.1991529976681642
^SPX,2026-02-24 16:15:00,SPX,2026-08-21,6330.0,C,0.0,0.0,0.0,0.0,0,2,804.2,2,806.9,6852.66,6913.22,0,0.4849315068493151,805.55,6882.9400000000005,0.1988946816881173
^SPX,2026-02-24 16:15:00,SPX,2026-08-21,6340.0,C,0.0,0.0,0.0,0.0,0,2,796.1,2,798.7,6852.66,6913.22,0,0.4849315068493151,797.4000000000001,6882.9400000000005,0.19832883067929397
^SPX,2026-02-24 16:15:00,SPX,2026-08-21,6350.0,C,789.23,789.23,789.23,789.23,1,2,788.1,2,790.4,6852.66,6913.22,2539,0.4849315068493151,789.25,6882.9400000000005,0.19774695273567738
^SPX,2026-02-24 16:15:00,SPX,2026-08-21,6360.0,C,782.85,782.85,782.85,782.85,1,2,779.9,2,782.5,6852.66,6913.22,0,0.4849315068493151,781.2,6882.9400000000005,0.1972214038774514
^SPX,2026-02-24 16:15:00,SPX,2026-08-21,6370.0,C,0.0,0.0,0.0,0.0,0,2,771.7,2,774.5,6852.66,6913.22,0,0.4849315068493151,773.1,6882.9400000000005,0.19664322996052866
^SPX,2026-02-24 16:15:00,SPX,2026-08-21,6375.0,C,0.0,0.0,0.0,0.0,0,2,767.7,2,770.5,6852.66,6913.22,1956,0.4849315068493151,769.1,6882.9400000000005,0.1963837839387818
^SPX,2026-02-24 16:15:00,SPX,2026-08-21,6380.0,C,0.0,0.0,0.0,0.0,0,2,763.7,2,766.5,6852.66,6913.22,0,0.4849315068493151,765.1,6882.9400000000005,0.19612006529647408
^SPX,2026-02-24 16:15:00,SPX,2026-08-21,6390.0,C,0.0,0.0,0.0,0.0,0,2,755.6,2,758.5,6852.66,6913.22,0,0.4849315068493151,757.05,6882.9400000000005,0.19554462032953607
^SPX,2026-02-24 16:15:00,SPX,2026-08-21,6400.0,C,0.0,0.0,0.0,0.0,0,1,748.0,1,749.8,6852.66,6913.22,5943,0.4849315068493151,748.9,6882.9400000000005,0.19488281931779108
^SPX,2026-02-24 16:15:00,SPX,2026-08-21,6410.0,C,0.0,0.0,0.0,0.0,0,1,740.0,1,741.9,6852.66,6913.22,0,0.4849315068493151,740.95,6882.9400000000005,0.1943449656094574
^SPX,2026-02-24 16:15:00,SPX,2026-08-21,6420.0,C,0.0,0.0,0.0,0.0,0,1,732.0,1,733.9,6852.66,6913.22,0,0.4849315068493151,732.95,6882.9400000000005,0.19375556109077627
^SPX,2026-02-24 16:15:00,SPX,2026-08-21,6425.0,C,0.0,0.0,0.0,0.0,0,1,728.2,1,729.9,6852.66,6913.22,1076,0.4849315068493151,729.05,6882.9400000000005,0.19352349157304333
^SPX,2026-02-24 16:15:00,SPX,2026-08-21,6430.0,C,0.0,0.0,0.0,0.0,0,1,724.1,1,725.9,6852.66,6913.22,0,0.4849315068493151,725.0,6882.9400000000005,0.19318404884812224
^SPX,2026-02-24 16:15:00,SPX,2026-08-21,6440.0,C,0.0,0.0,0.0,0.0,0,1,716.1,1,718.0,6852.66,6913.22,0,0.4849315068493151,717.05,6882.9400000000005,0.19259580938449133
^SPX,2026-02-24 16:15:00,SPX,2026-08-21,6450.0,C,0.0,0.0,0.0,0.0,0,2,708.3,1,710.1,6852.66,6913.22,8694,0.4849315068493151,709.2,6882.9400000000005,0.19205855515561465
^SPX,2026-02-24 16:15:00,SPX,2026-08-21,6460.0,C,0.0,0.0,0.0,0.0,0,11,700.5,12,702.2,6852.66,6913.22,0,0.4849315068493151,701.35,6882.9400000000005,0.19150390519401292
^SPX,2026-02-24 16:15:00,SPX,2026-08-21,6470.0,C,0.0,0.0,0.0,0.0,0,13,692.7,14,694.3,6852.66,6913.22,0,0.4849315068493151,693.5,6882.9400000000005,0.1909320120094531
^SPX,2026-02-24 16:15:00,SPX,2026-08-21,6475.0,C,0.0,0.0,0.0,0.0,0,12,688.7,10,690.4,6852.66,6913.22,1634,0.4849315068493151,689.55,6882.9400000000005,0.19062304431907387
^SPX,2026-02-24 16:15:00,SPX,2026-08-21,6480.0,C,0.0,0.0,0.0,0.0,0,9,684.8,10,686.5,6852.66,6913.22,0,0.4849315068493151,685.65,6882.9400000000005,0.1903430176833286
^SPX,2026-02-24 16:15:00,SPX,2026-08-21,6490.0,C,0.0,0.0,0.0,0.0,0,9,677.0,1,678.6,6852.66,6913.22,0,0.4849315068493151,677.8,6882.9400000000005,0.1897370541497731
^SPX,2026-02-24 16:15:00,SPX,2026-08-21,6500.0,C,0.0,0.0,0.0,0.0,0,13,669.2,10,670.8,6852.66,6913.22,4345,0.4849315068493151,670.0,6882.9400000000005,0.18914688823270934
^SPX,2026-02-24 16:15:00,SPX,2026-08-21,6510.0,C,0.0,0.0,0.0,0.0,0,12,661.4,1,663.0,6852.66,6913.22,0,0.4849315068493151,662.2,6882.9400000000005,0.1885395597176193
^SPX,2026-02-24 16:15:00,SPX,2026-08-21,6520.0,C,0.0,0.0,0.0,0.0,0,13,653.6,10,655.3,6852.66,6913.22,0,0.4849315068493151,654.45,6882.9400000000005,0.18794740313272262
^SPX,2026-02-24 16:15:00,SPX,2026-08-21,6525.0,C,0.0,0.0,0.0,0.0,0,13,649.7,10,651.4,6852.66,6913.22,325,0.4849315068493151,650.55,6882.9400000000005,0.1876287540804544
^SPX,2026-02-24 16:15:00,SPX,2026-08-21,6530.0,C,0.0,0.0,0.0,0.0,0,13,645.9,1,647.5,6852.66,6913.22,0,0.4849315068493151,646.7,6882.9400000000005,0.18733789449123994
^SPX,2026-02-24 16:15:00,SPX,2026-08-21,6540.0,C,0.0,0.0,0.0,0.0,0,14,638.1,10,639.8,6852.66,6913.22,0,0.4849315068493151,638.95,6882.9400000000005,0.18671114444371084
^SPX,2026-02-24 16:15:00,SPX,2026-08-21,6550.0,C,0.0,0.0,0.0,0.0,0,10,630.4,10,632.1,6852.66,6913.22,161,0.4849315068493151,631.25,6882.9400000000005,0.1860988614258698
^SPX,2026-02-24 16:15:00,SPX,2026-08-21,6560.0,C,0.0,0.0,0.0,0.0,0,9,622.8,10,624.5,6852.66,6913.22,0,0.4849315068493151,623.65,6882.9400000000005,0.18553195885950163
^SPX,2026-02-24 16:15:00,SPX,2026-08-21,6570.0,C,0.0,0.0,0.0,0.0,0,13,615.1,10,616.8,6852.66,6913.22,0,0.4849315068493151,615.95,6882.9400000000005,0.18488450905723453
^SPX,2026-02-24 16:15:00,SPX,2026-08-21,6575.0,C,0.0,0.0,0.0,0.0,0,13,611.3,10,613.0,6852.66,6913.22,154,0.4849315068493151,612.15,6882.9400000000005,0.1845854321885384
^SPX,2026-02-24 16:15:00,SPX,2026-08-21,6580.0,C,0.0,0.0,0.0,0.0,0,13,607.5,10,609.2,6852.66,6913.22,0,0.4849315068493151,608.35,6882.9400000000005,0.18428186470214403
^SPX,2026-02-24 16:15:00,SPX,2026-08-21,6590.0,C,0.0,0.0,0.0,0.0,0,13,599.9,10,601.6,6852.66,6913.22,0,0.4849315068493151,600.75,6882.9400000000005,0.18366130573103326
^SPX,2026-02-24 16:15:00,SPX,2026-08-21,6600.0,C,0.0,0.0,0.0,0.0,0,9,592.3,10,594.0,6852.66,6913.22,2480,0.4849315068493151,593.15,6882.9400000000005,0.18302292128983944
^SPX,2026-02-24 16:15:00,SPX,2026-08-21,6610.0,C,0.0,0.0,0.0,0.0,0,9,584.8,9,586.4,6852.66,6913.22,0,0.4849315068493151,585.5999999999999,6882.9400000000005,0.18239727394555877
^SPX,2026-02-24 16:15:00,SPX,2026-08-21,6620.0,C,0.0,0.0,0.0,0.0,0,14,577.2,10,578.9,6852.66,6913.22,0,0.4849315068493151,578.05,6882.9400000000005,0.18175360145716046
^SPX,2026-02-24 16:15:00,SPX,2026-08-21,6625.0,C,0.0,0.0,0.0,0.0,0,13,573.5,10,575.2,6852.66,6913.22,355,0.4849315068493151,574.35,6882.9400000000005,0.18147036259421803
^SPX,2026-02-24 16:15:00,SPX,2026-08-21,6630.0,C,0.0,0.0,0.0,0.0,0,14,569.7,10,571.4,6852.66,6913.22,0,0.4849315068493151,570.55,6882.9400000000005,0.18112211284185775
^SPX,2026-02-24 16:15:00,SPX,2026-08-21,6640.0,C,0.0,0.0,0.0,0.0,0,13,562.3,10,564.0,6852.66,6913.22,0,0.4849315068493151,563.15,6882.9400000000005,0.18053233665523927
^SPX,2026-02-24 16:15:00,SPX,2026-08-21,6650.0,C,0.0,0.0,0.0,0.0,0,14,554.8,10,556.5,6852.66,6913.22,607,0.4849315068493151,555.65,6882.9400000000005,0.17986412693723833
^SPX,2026-02-24 16:15:00,SPX,2026-08-21,6660.0,C,0.0,0.0,0.0,0.0,0,13,547.4,10,549.1,6852.66,6913.22,0,0.4849315068493151,548.25,6882.9400000000005,0.1792371010471397
^SPX,2026-02-24 16:15:00,SPX,2026-08-21,6670.0,C,0.0,0.0,0.0,0.0,0,14,540.0,10,541.7,6852.66,6913.22,1,0.4849315068493151,540.85,6882.9400000000005,0.17859138138141034
^SPX,2026-02-24 16:15:00,SPX,2026-08-21,6675.0,C,0.0,0.0,0.0,0.0,0,14,536.3,10,538.0,6852.66,6913.22,1082,0.4849315068493151,537.15,6882.9400000000005,0.1782615279599584
^SPX,2026-02-24 16:15:00,SPX,2026-08-21,6680.0,C,0.0,0.0,0.0,0.0,0,13,532.7,9,534.3,6852.66,6913.22,0,0.4849315068493151,533.5,6882.9400000000005,0.17795635485391417
^SPX,2026-02-24 16:15:00,SPX,2026-08-21,6690.0,C,0.0,0.0,0.0,0.0,0,14,525.3,10,527.0,6852.66,6913.22,0,0.4849315068493151,526.15,6882.9400000000005,0.17730242752544445
^SPX,2026-02-24 16:15:00,SPX,2026-08-21,6700.0,C,521.1,521.1,521.1,521.1,2,10,518.1,10,519.7,6852.66,6913.22,1100,0.4849315068493151,518.9000000000001,6882.9400000000005,0.17668771627670524
^SPX,2026-02-24 16:15:00,SPX,2026-08-21,6710.0,C,0.0,0.0,0.0,0.0,0,13,510.8,10,512.5,6852.66,6913.22,0,0.4849315068493151,511.65,6882.9400000000005,0.1760536018636527
^SPX,2026-02-24 16:15:00,SPX,2026-08-21,6720.0,C,0.0,0.0,0.0,0.0,0,16,503.6,9,505.0,6852.66,6913.22,0,0.4849315068493151,504.3,6882.9400000000005,0.1753426146285899
^SPX,2026-02-24 16:15:00,SPX,2026-08-21,6725.0,C,0.0,0.0,0.0,0.0,0,17,500.0,9,501.4,6852.66,6913.22,1091,0.4849315068493151,500.7,6882.9400000000005,0.17502310411589753
^SPX,2026-02-24 16:15:00,SPX,2026-08-21,6730.0,C,0.0,0.0,0.0,0.0,0,16,496.4,9,497.8,6852.66,6913.22,0,0.4849315068493151,497.1,6882.9400000000005,0.17469869271137511
^SPX,2026-02-24 16:15:00,SPX,2026-08-21,6740.0,C,0.0,0.0,0.0,0.0,0,23,489.2,10,490.6,6852.66,6913.22,0,0.4849315068493151,489.9,6882.9400000000005,0.17403517843309807
^SPX,2026-02-24 16:15:00,SPX,2026-08-21,6750.0,C,0.0,0.0,0.0,0.0,0,25,482.1,16,483.4,6852.66,6913.22,1450,0.4849315068493151,482.75,6882.9400000000005,0.17338044298592145
^SPX,2026-02-24 16:15:00,SPX,2026-08-21,6760.0,C,0.0,0.0,0.0,0.0,0,24,474.9,10,476.4,6852.66,6913.22,0,0.4849315068493151,475.65,6882.9400000000005,0.1727341106581891
^SPX,2026-02-24 16:15:00,SPX,2026-08-21,6770.0,C,0.0,0.0,0.0,0.0,0,18,467.9,10,469.3,6852.66,6913.22,0,0.4849315068493151,468.6,6882.9400000000005,0.17209581383571096
^SPX,2026-02-24 16:15:00,SPX,2026-08-21,6775.0,C,467.91,467.91,467.91,467.91,4,23,464.4,10,465.8,6852.66,6913.22,657,0.4849315068493151,465.1,6882.9400000000005,0.17178307185811706
^SPX,2026-02-24 16:15:00,SPX,2026-08-21,6780.0,C,0.0,0.0,0.0,0.0,0,19,460.9,20,462.5,6852.66,6913.22,2,0.4849315068493151,461.7,6882.9400000000005,0.1715211662830761
^SPX,2026-02-24 16:15:00,SPX,2026-08-21,6790.0,C,0.0,0.0,0.0,0.0,0,24,453.9,11,455.3,6852.66,6913.22,0,0.4849315068493151,454.6,6882.9400000000005,0.17081402491018374
^SPX,2026-02-24 16:15:00,SPX,2026-08-21,6800.0,C,411.96,446.51,411.96,446.35,3,30,447.0,17,448.3,6852.66,6913.22,3681,0.4849315068493151,447.65,6882.9400000000005,0.17017006225760176
^SPX,2026-02-24 16:15:00,SPX,2026-08-21,6810.0,C,0.0,0.0,0.0,0.0,0,25,439.9,11,441.4,6852.66,6913.22,0,0.4849315068493151,440.65,6882.9400000000005,0.1694776583589799
^SPX,2026-02-24 16:15:00,SPX,2026-08-21,6820.0,C,0.0,0.0,0.0,0.0,0,25,433.0,11,434.5,6852.66,6913.22,0,0.4849315068493151,433.75,6882.9400000000005,0.16881973932035627
^SPX,2026-02-24 16:15:00,SPX,2026-08-21,6825.0,C,427.2,427.2,427.2,427.2,1,25,429.6,11,431.1,6852.66,6913.22,319,0.4849315068493151,430.35,6882.9400000000005,0.1685103776882639
^SPX,2026-02-24 16:15:00,SPX,2026-08-21,6830.0,C,423.8,423.8,423.8,423.8,1,23,426.3,19,427.8,6852.66,6913.22,1,0.4849315068493151,427.05,6882.9400000000005,0.16825052955137385
^SPX,2026-02-24 16:15:00,SPX,2026-08-21,6840.0,C,417.47,422.3,417.47,418.79,4,23,419.5,19,421.0,6852.66,6913.22,0,0.4849315068493151,420.25,6882.9400000000005,0.16760474370762526
^SPX,2026-02-24 16:15:00,SPX,2026-08-21,6850.0,C,410.67,415.55,410.67,411.71,12,20,412.7,11,414.0,6852.66,6913.22,1022,0.4849315068493151,413.35,6882.9400000000005,0.1668829377730338
^SPX,2026-02-24 16:15:00,SPX,2026-08-21,6860.0,C,0.0,0.0,0.0,0.0,0,23,405.9,11,407.3,6852.66,6913.22,2,0.4849315068493151,406.6,6882.9400000000005,0.16622139672896796
^SPX,2026-02-24 16:15:00,SPX,2026-08-21,6870.0,C,378.6,401.8,378.6,397.3,9,21,399.2,11,400.6,6852.66,6913.22,9,0.4849315068493151,399.9,6882.9400000000005,0.16556510463603435
^SPX,2026-02-24 16:15:00,SPX,2026-08-21,6875.0,C,0.0,0.0,0.0,0.0,0,22,395.8,12,397.3,6852.66,6913.22,1393,0.4849315068493151,396.55,6882.9400000000005,0.1652286903168239
^SPX,2026-02-24 16:15:00,SPX,2026-08-21,6880.0,C,395.7,395.7,395.7,395.7,1,26,392.5,12,394.0,6852.66,6913.22,1,0.4849315068493151,393.25,6882.9400000000005,0.16491373842964457
^SPX,2026-02-24 16:15:00,SPX,2026-08-21,6890.0,C,389.05,389.05,389.05,389.05,1,21,386.0,20,387.5,6852.66,6913.22,0,0.4849315068493151,386.75,6882.9400000000005,0.16432079230340169
^SPX,2026-02-24 16:15:00,SPX,2026-08-21,6900.0,C,346.0,384.45,346.0,384.45,19,31,379.5,18,380.7,6852.66,6913.22,5537,0.4849315068493151,380.1,6882.9400000000005,0.16362451865565825
^SPX,2026-02-24 16:15:00,SPX,2026-08-21,6910.0,C,0.0,0.0,0.0,0.0,0,23,372.9,21,374.4,6852.66,6913.22,0,0.4849315068493151,373.65,6882.9400000000005,0.16301280215535993
^SPX,2026-02-24 16:15:00,SPX,2026-08-21,6920.0,C,0.0,0.0,0.0,0.0,0,24,366.3,21,367.9,6852.66,6913.22,0,0.4849315068493151,367.1,6882.9400000000005,0.16232457117364701
^SPX,2026-02-24 16:15:00,SPX,2026-08-21,6925.0,C,0.0,0.0,0.0,0.0,0,24,363.1,21,364.7,6852.66,6913.22,212,0.4849315068493151,363.9,6882.9400000000005,0.1620118318837866
^SPX,2026-02-24 16:15:00,SPX,2026-08-21,6930.0,C,0.0,0.0,0.0,0.0,0,23,360.0,12,361.3,6852.66,6913.22,0,0.4849315068493151,360.65,6882.9400000000005,0.16166661558669454
^SPX,2026-02-24 16:15:00,SPX,2026-08-21,6940.0,C,0.0,0.0,0.0,0.0,0,27,353.5,12,354.9,6852.66,6913.22,0,0.4849315068493151,354.2,6882.9400000000005,0.1609853121569453
^SPX,2026-02-24 16:15:00,SPX,2026-08-21,6950.0,C,342.82,342.82,342.27,342.27,2,35,347.3,19,348.5,6852.66,6913.22,4116,0.4849315068493151,347.9,6882.9400000000005,0.1603600443411474
^SPX,2026-02-24 16:15:00,SPX,2026-08-21,6960.0,C,0.0,0.0,0.0,0.0,0,22,340.9,35,342.5,6852.66,6913.22,0,0.4849315068493151,341.7,6882.9400000000005,0.15976373217536963
^SPX,2026-02-24 16:15:00,SPX,2026-08-21,6970.0,C,0.0,0.0,0.0,0.0,0,22,334.7,13,336.0,6852.66,6913.22,0,0.4849315068493151,335.35,6882.9400000000005,0.15906393672400368
^SPX,2026-02-24 16:15:00,SPX,2026-08-21,6975.0,C,331.79,331.79,331.79,331.79,68,35,331.6,19,332.9,6852.66,6913.22,576,0.4849315068493151,332.25,6882.9400000000005,0.15874456679179552
^SPX,2026-02-24 16:15:00,SPX,2026-08-21,6980.0,C,0.0,0.0,0.0,0.0,0,29,328.5,20,329.8,6852.66,6913.22,0,0.4849315068493151,329.15,6882.9400000000005,0.15841907352645723
^SPX,2026-02-24 16:15:00,SPX,2026-08-21,6990.0,C,0.0,0.0,0.0,0.0,0,32,322.3,42,323.9,6852.66,6913.22,1,0.4849315068493151,323.1,6882.9400000000005,0.15782858469393213
^SPX,2026-02-24 16:15:00,SPX,2026-08-21,7000.0,C,287.21,317.63,287.21,316.49,224,46,316.3,28,317.5,6852.66,6913.22,9809,0.4849315068493151,316.9,6882.9400000000005,0.15713428811629498
^SPX,2026-02-24 16:15:00,SPX,2026-08-21,7010.0,C,0.0,0.0,0.0,0.0,0,35,310.2,21,311.5,6852.66,6913.22,1,0.4849315068493151,310.85,6882.9400000000005,0.15649379747999578
^SPX,2026-02-24 16:15:00,SPX,2026-08-21,7020.0,C,0.0,0.0,0.0,0.0,0,31,304.2,21,305.5,6852.66,6913.22,16,0.4849315068493151,304.85,6882.9400000000005,0.15585419952610874
^SPX,2026-02-24 16:15:00,SPX,2026-08-21,7025.0,C,0.0,0.0,0.0,0.0,0,33,301.2,21,302.5,6852.66,6913.22,331,0.4849315068493151,301.85,6882.9400000000005,0.1555248202642826
^SPX,2026-02-24 16:15:00,SPX,2026-08-21,7030.0,C,0.0,0.0,0.0,0.0,0,34,298.2,21,299.5,6852.66,6913.22,11,0.4849315068493151,298.85,6882.9400000000005,0.15518901888386344
^SPX,2026-02-24 16:15:00,SPX,2026-08-21,7040.0,C,0.0,0.0,0.0,0.0,0,38,292.3,21,293.6,6852.66,6913.22,0,0.4849315068493151,292.95000000000005,6882.9400000000005,0.15455038868010057
^SPX,2026-02-24 16:15:00,SPX,2026-08-21,7050.0,C,278.5,287.6,278.5,287.6,2,37,286.5,21,287.8,6852.66,6913.22,785,0.4849315068493151,287.15,6882.9400000000005,0.1539379756558909
^SPX,2026-02-24 16:15:00,SPX,2026-08-21,7060.0,C,0.0,0.0,0.0,0.0,0,36,280.7,21,282.0,6852.66,6913.22,7,0.4849315068493151,281.35,6882.9400000000005,0.153299168094815
^SPX,2026-02-24 16:15:00,SPX,2026-08-21,7070.0,C,0.0,0.0,0.0,0.0,0,32,275.0,32,276.3,6852.66,6913.22,12,0.4849315068493151,275.65,6882.9400000000005,0.15268601657914577
^SPX,2026-02-24 16:15:00,SPX,2026-08-21,7075.0,C,0.0,0.0,0.0,0.0,0,34,272.1,21,273.4,6852.66,6913.22,533,0.4849315068493151,272.75,6882.9400000000005,0.1523432150230872
^SPX,2026-02-24 16:15:00,SPX,2026-08-21,7080.0,C,0.0,0.0,0.0,0.0,0,33,269.3,21,270.6,6852.66,6913.22,2,0.4849315068493151,269.95000000000005,6882.9400000000005,0.15204594790500287
^SPX,2026-02-24 16:15:00,SPX,2026-08-21,7090.0,C,0.0,0.0,0.0,0.0,0,32,263.7,32,265.0,6852.66,6913.22,1,0.4849315068493151,264.35,6882.9400000000005,0.1514309943165305
^SPX,2026-02-24 16:15:00,SPX,2026-08-21,7100.0,C,254.8,256.98,254.8,256.98,6,53,258.1,49,259.4,6852.66,6913.22,3335,0.4849315068493151,258.75,6882.9400000000005,0.15078858080596347
^SPX,2026-02-24 16:15:00,SPX,2026-08-21,7110.0,C,253.9,253.9,253.2,253.2,5,39,252.6,34,253.9,6852.66,6913.22,5,0.4849315068493151,253.25,6882.9400000000005,0.1501707594328127
^SPX,2026-02-24 16:15:00,SPX,2026-08-21,7120.0,C,0.0,0.0,0.0,0.0,0,35,247.1,22,248.4,6852.66,6913.22,1,0.4849315068493151,247.75,6882.9400000000005,0.14952491132929324
^SPX,2026-02-24 16:15:00,SPX,2026-08-21,7125.0,C,244.49,248.2,244.49,248.2,52,44,244.5,29,245.7,6852.66,6913.22,799,0.4849315068493151,245.1,6882.9400000000005,0.14924379878463748
^SPX,2026-02-24 16:15:00,SPX,2026-08-21,7130.0,C,0.0,0.0,0.0,0.0,0,33,241.8,22,243.0,6852.66,6913.22,0,0.4849315068493151,242.4,6882.9400000000005,0.14892937577557758
^SPX,2026-02-24 16:15:00,SPX,2026-08-21,7140.0,C,0.0,0.0,0.0,0.0,0,37,236.4,35,237.7,6852.66,6913.22,0,0.4849315068493151,237.05,6882.9400000000005,0.1483052823577696
^SPX,2026-02-24 16:15:00,SPX,2026-08-21,7150.0,C,0.0,0.0,0.0,0.0,0,40,231.2,23,232.4,6852.66,6913.22,695,0.4849315068493151,231.8,6882.9400000000005,0.1477048607112838
^SPX,2026-02-24 16:15:00,SPX,2026-08-21,7160.0,C,0.0,0.0,0.0,0.0,0,41,226.0,24,227.2,6852.66,6913.22,0,0.4849315068493151,226.6,6882.9400000000005,0.14710162889804573
^SPX,2026-02-24 16:15:00,SPX,2026-08-21,7170.0,C,219.2,222.7,219.2,222.5,8,37,220.8,35,222.1,6852.66,6913.22,7,0.4849315068493151,221.45,6882.9400000000005,0.1464953299406449
^SPX,2026-02-24 16:15:00,SPX,2026-08-21,7175.0,C,0.0,0.0,0.0,0.0,0,41,218.3,24,219.5,6852.66,6913.22,247,0.4849315068493151,218.9,6882.9400000000005,0.14619425124373026
^SPX,2026-02-24 16:15:00,SPX,2026-08-21,7180.0,C,217.0,217.0,216.4,216.4,4,36,215.8,37,217.0,6852.66,6913.22,0,0.4849315068493151,216.4,6882.9400000000005,0.14591214913953438
^SPX,2026-02-24 16:15:00,SPX,2026-08-21,7190.0,C,0.0,0.0,0.0,0.0,0,42,210.8,38,212.0,6852.66,6913.22,1,0.4849315068493151,211.4,6882.9400000000005,0.14532550074539002
^SPX,2026-02-24 16:15:00,SPX,2026-08-21,7200.0,C,207.83,207.83,206.35,206.35,9,64,205.8,56,207.0,6852.66,6913.22,1706,0.4849315068493151,206.4,6882.9400000000005,0.14470856093203313
^SPX,2026-02-24 16:15:00,SPX,2026-08-21,7210.0,C,0.0,0.0,0.0,0.0,0,43,200.9,37,202.2,6852.66,6913.22,0,0.4849315068493151,201.55,6882.9400000000005,0.1441408028196394
^SPX,2026-02-24 16:15:00,SPX,2026-08-21,7220.0,C,0.0,0.0,0.0,0.0,0,43,196.1,39,197.4,6852.66,6913.22,0,0.4849315068493151,196.75,6882.9400000000005,0.14356897487366346
^SPX,2026-02-24 16:15:00,SPX,2026-08-21,7225.0,C,191.78,191.78,191.78,191.78,20,57,193.8,56,195.0,6852.66,6913.22,1577,0.4849315068493151,194.4,6882.9400000000005,0.14329819335814373
^SPX,2026-02-24 16:15:00,SPX,2026-08-21,7230.0,C,187.4,192.0,185.9,192.0,3,38,191.4,39,192.6,6852.66,6913.22,8,0.4849315068493151,192.0,6882.9400000000005,0.142992835765472
^SPX,2026-02-24 16:15:00,SPX,2026-08-21,7240.0,C,0.0,0.0,0.0,0.0,0,44,186.7,40,187.9,6852.66,6913.22,0,0.4849315068493151,187.3,6882.9400000000005,0.14241213939502423
^SPX,2026-02-24 16:15:00,SPX,2026-08-21,7250.0,C,180.22,183.6,180.22,182.56,17,67,182.1,53,183.3,6852.66,6913.22,1481,0.4849315068493151,182.7,6882.9400000000005,0.1418536516720033
^SPX,2026-02-24 16:15:00,SPX,2026-08-21,7260.0,C,0.0,0.0,0.0,0.0,0,39,177.6,41,178.8,6852.66,6913.22,0,0.4849315068493151,178.2,6882.9400000000005,0.14131744519290604
^SPX,2026-02-24 16:15:00,SPX,2026-08-21,7275.0,C,171.12,171.12,171.12,171.12,3,40,170.9,42,172.1,6852.66,6913.22,1022,0.4849315068493151,171.5,6882.9400000000005,0.14048007863068532
^SPX,2026-02-24 16:15:00,SPX,2026-08-21,7300.0,C,161.55,162.04,161.55,162.04,4,75,160.1,64,161.2,6852.66,6913.22,2806,0.4849315068493151,160.64999999999998,6882.9400000000005,0.1390942163245802
^SPX,2026-02-24 16:15:00,SPX,2026-08-21,7325.0,C,144.6,151.0,144.6,149.36,17,45,149.8,46,150.9,6852.66,6913.22,717,0.4849315068493151,150.35000000000002,6882.9400000000005,0.13780526945280971
^SPX,2026-02-24 16:15:00,SPX,2026-08-21,7350.0,C,124.74,140.71,124.74,140.61,9,47,139.9,49,141.0,6852.66,6913.22,1102,0.4849315068493151,140.45,6882.9400000000005,0.1365302030448585
^SPX,2026-02-24 16:15:00,SPX,2026-08-21,7375.0,C,119.2,131.29,119.2,130.16,140,76,130.5,79,131.6,6852.66,6913.22,1118,0.4849315068493151,131.05,6882.9400000000005,0.13532626096024472
^SPX,2026-02-24 16:15:00,SPX,2026-08-21,7400.0,C,122.22,122.73,120.3,120.92,133,77,121.5,76,122.6,6852.66,6913.22,3278,0.4849315068493151,122.05,6882.9400000000005,0.1341374449716804
^SPX,2026-02-24 16:15:00,SPX,2026-08-21,7425.0,C,113.4,113.5,113.4,113.5,3,72,112.9,57,113.9,6852.66,6913.22,379,0.4849315068493151,113.4,6882.9400000000005,0.1329341492955735
^SPX,2026-02-24 16:15:00,SPX,2026-08-21,7450.0,C,97.81,105.4,97.81,105.4,4,87,104.9,77,105.8,6852.66,6913.22,1108,0.4849315068493151,105.35,6882.9400000000005,0.13187000105845803
^SPX,2026-02-24 16:15:00,SPX,2026-08-21,7475.0,C,96.55,96.92,96.55,96.92,14,92,97.1,65,98.3,6852.66,6913.22,251,0.4849315068493151,97.69999999999999,6882.9400000000005,0.1308293521472115
^SPX,2026-02-24 16:15:00,SPX,2026-08-21,7500.0,C,88.1,91.21,88.1,91.21,89,95,90.0,84,90.9,6852.66,6913.22,2370,0.4849315068493151,90.45,6882.9400000000005,0.12981570085127758
^SPX,2026-02-24 16:15:00,SPX,2026-08-21,7525.0,C,82.6,83.15,82.6,83.15,12,98,83.1,70,84.2,6852.66,6913.22,937,0.4849315068493151,83.65,6882.9400000000005,0.1288671488843638
^SPX,2026-02-24 16:15:00,SPX,2026-08-21,7550.0,C,77.51,77.51,77.51,77.51,1,70,76.8,70,77.6,6852.66,6913.22,729,0.4849315068493151,77.19999999999999,6882.9400000000005,0.12792347752428748
^SPX,2026-02-24 16:15:00,SPX,2026-08-21,7575.0,C,71.5,71.5,71.5,71.5,1,129,70.7,102,71.8,6852.66,6913.22,396,0.4849315068493151,71.25,6882.9400000000005,0.12709611551378602
^SPX,2026-02-24 16:15:00,SPX,2026-08-21,7600.0,C,64.0,66.0,64.0,65.25,15,194,65.1,104,66.0,6852.66,6913.22,2060,0.4849315068493151,65.55,6882.9400000000005,0.1262165023209332
^SPX,2026-02-24 16:15:00,SPX,2026-08-21,7625.0,C,60.6,60.6,60.6,60.6,1,117,59.9,55,60.7,6852.66,6913.22,291,0.4849315068493151,60.3,6882.9400000000005,0.12543769568673496
^SPX,2026-02-24 16:15:00,SPX,2026-08-21,7650.0,C,54.09,54.09,53.9,53.9,2,116,55.1,58,55.8,6852.66,6913.22,707,0.4849315068493151,55.45,6882.9400000000005,0.12473746629550567
^SPX,2026-02-24 16:15:00,SPX,2026-08-21,7675.0,C,0.0,0.0,0.0,0.0,0,124,50.5,118,51.5,6852.66,6913.22,478,0.4849315068493151,51.0,6882.9400000000005,0.12413217271517857
^SPX,2026-02-24 16:15:00,SPX,2026-08-21,7700.0,C,47.15,47.15,47.15,47.15,4,119,46.4,96,47.1,6852.66,6913.22,745,0.4849315068493151,46.75,6882.9400000000005,0.12346770145479803
^SPX,2026-02-24 16:15:00,SPX,2026-08-21,7725.0,C,0.0,0.0,0.0,0.0,0,176,42.4,101,43.2,6852.66,6913.22,186,0.4849315068493151,42.8,6882.9400000000005,0.12283477587895392
^SPX,2026-02-24 16:15:00,SPX,2026-08-21,7750.0,C,39.1,39.1,39.1,39.1,1,133,38.9,175,39.8,6852.66,6913.22,239,0.4849315068493151,39.349999999999994,6882.9400000000005,0.12243676812905921
^SPX,2026-02-24 16:15:00,SPX,2026-08-21,7775.0,C,0.0,0.0,0.0,0.0,0,188,35.5,166,36.4,6852.66,6913.22,52,0.4849315068493151,35.95,6882.9400000000005,0.12186854646458706
^SPX,2026-02-24 16:15:00,SPX,2026-08-21,7800.0,C,32.85,32.85,32.85,32.85,1,253,32.5,215,33.3,6852.66,6913.22,2509,0.4849315068493151,32.9,6882.9400000000005,0.1214281218127927
^SPX,2026-02-24 16:15:00,SPX,2026-08-21,7825.0,C,0.0,0.0,0.0,0.0,0,226,29.6,197,30.5,6852.66,6913.22,665,0.4849315068493151,30.05,6882.9400000000005,0.12098068902132177
^SPX,2026-02-24 16:15:00,SPX,2026-08-21,7850.0,C,27.4,27.4,27.4,27.4,2,170,27.1,131,27.7,6852.66,6913.22,799,0.4849315068493151,27.4,6882.9400000000005,0.12053585430914808
^SPX,2026-02-24 16:15:00,SPX,2026-08-21,7875.0,C,0.0,0.0,0.0,0.0,0,224,24.7,223,25.5,6852.66,6913.22,268,0.4849315068493151,25.1,6882.9400000000005,0.12028946592322708
^SPX,2026-02-24 16:15:00,SPX,2026-08-21,7900.0,C,0.0,0.0,0.0,0.0,0,284,22.6,205,23.2,6852.66,6913.22,4001,0.4849315068493151,22.9,6882.9400000000005,0.11996330282434492
^SPX,2026-02-24 16:15:00,SPX,2026-08-21,7950.0,C,0.0,0.0,0.0,0.0,0,187,18.8,86,19.3,6852.66,6913.22,237,0.4849315068493151,19.05,6882.9400000000005,0.11942533725406124
^SPX,2026-02-24 16:15:00,SPX,2026-08-21,8000.0,C,0.0,0.0,0.0,0.0,0,407,15.6,60,16.1,6852.66,6913.22,2459,0.4849315068493151,15.850000000000001,6882.9400000000005,0.11904380025761536
^SPX,2026-02-24 16:15:00,SPX,2026-08-21,8100.0,C,10.0,10.0,10.0,10.0,1,489,10.8,286,11.3,6852.66,6913.22,1461,0.4849315068493151,11.05,6882.9400000000005,0.11880037425619559
^SPX,2026-02-24 16:15:00,SPX,2026-08-21,8200.0,C,7.2,7.2,7.2,7.2,3,283,7.6,454,8.0,6852.66,6913.22,1910,0.4849315068493151,7.8,6882.9400000000005,0.11913922011329045
^SPX,2026-02-24 16:15:00,SPX,2026-08-21,8300.0,C,5.1,5.2,5.1,5.2,8,550,5.3,197,5.7,6852.66,6913.22,660,0.4849315068493151,5.5,6882.9400000000005,0.11964149599265178
^SPX,2026-02-24 16:15:00,SPX,2026-08-21,8400.0,C,0.0,0.0,0.0,0.0,0,554,3.8,399,4.2,6852.66,6913.22,902,0.4849315068493151,4.0,6882.9400000000005,0.12082026208299233
^SPX,2026-02-24 16:15:00,SPX,2026-08-21,8500.0,C,0.0,0.0,0.0,0.0,0,185,2.8,617,3.2,6852.66,6913.22,118,0.4849315068493151,3.0,6882.9400000000005,0.12252813947144457
^SPX,2026-02-24 16:15:00,SPX,2026-08-21,8600.0,C,2.14,2.14,2.14,2.14,2,337,2.05,583,2.4,6852.66,6913.22,468,0.4849315068493151,2.2249999999999996,6882.9400000000005,0.12400681955419807
^SPX,2026-02-24 16:15:00,SPX,2026-08-21,8800.0,C,0.0,0.0,0.0,0.0,0,821,1.15,1001,1.5,6852.66,6913.22,1081,0.4849315068493151,1.325,6882.9400000000005,0.1280005267101934
^SPX,2026-02-24 16:15:00,SPX,2026-08-21,9000.0,C,0.8,0.8,0.8,0.8,4,548,0.7,136,0.95,6852.66,6913.22,589,0.4849315068493151,0.825,6882.9400000000005,0.13227011250293913
^SPX,2026-02-24 16:15:00,SPX,2026-08-21,9200.0,C,0.0,0.0,0.0,0.0,0,698,0.45,1,0.7,6852.66,6913.22,326,0.4849315068493151,0.575,6882.9400000000005,0.1376529930834857
^SPX,2026-02-24 16:15:00,SPX,2026-08-21,9400.0,C,0.0,0.0,0.0,0.0,0,829,0.3,494,0.6,6852.66,6913.22,385,0.4849315068493151,0.44999999999999996,6882.9400000000005,0.1441120554819893
^SPX,2026-02-24 16:15:00,SPX,2026-08-21,9600.0,C,0.0,0.0,0.0,0.0,0,1047,0.2,742,0.5,6852.66,6913.22,3960,0.4849315068493151,0.35,6882.9400000000005,0.15005849296542498
^SPX,2026-02-24 16:15:00,SPX,2026-08-21,9800.0,C,0.0,0.0,0.0,0.0,0,717,0.15,182,0.4,6852.66,6913.22,570,0.4849315068493151,0.275,6882.9400000000005,0.15575043341804673
^SPX,2026-02-24 16:15:00,SPX,2026-08-21,10000.0,C,0.3,0.3,0.3,0.3,4,759,0.1,3,0.3,6852.66,6913.22,2160,0.4849315068493151,0.2,6882.9400000000005,0.16009875590581973
^SPX,2026-02-24 16:15:00,SPX,2026-08-21,10200.0,C,0.0,0.0,0.0,0.0,0,10,0.1,576,0.3,6852.66,6913.22,2226,0.4849315068493151,0.2,6882.9400000000005,0.1682506996423674
^SPX,2026-02-24 16:15:00,SPX,2026-08-21,10400.0,C,0.0,0.0,0.0,0.0,0,7,0.1,578,0.25,6852.66,6913.22,901,0.4849315068493151,0.175,6882.9400000000005,0.17438820734775456
^SPX,2026-02-24 16:15:00,SPX,2026-08-21,10600.0,C,0.0,0.0,0.0,0.0,0,3,0.1,375,0.25,6852.66,6913.22,145,0.4849315068493151,0.175,6882.9400000000005,0.1820883201360632
^SPX,2026-02-24 16:15:00,SPX,2026-08-21,10800.0,C,0.0,0.0,0.0,0.0,0,0,0.0,368,0.2,6852.66,6913.22,29,0.4849315068493151,0.1,6882.9400000000005,0.1819839414624166
^SPX,2026-02-24 16:15:00,SPX,2026-08-21,11200.0,C,0.0,0.0,0.0,0.0,0,0,0.0,431,0.2,6852.66,6913.22,0,0.4849315068493151,0.1,6882.9400000000005,0.19604493233369485
^SPX,2026-02-24 16:15:00,SPX,2026-08-21,11600.0,C,0.0,0.0,0.0,0.0,0,0,0.0,404,0.15,6852.66,6913.22,0,0.4849315068493151,0.075,6882.9400000000005,0.20544394663486237
^SPX,2026-02-24 16:15:00,SPX,2026-08-21,12000.0,C,0.0,0.0,0.0,0.0,0,0,0.0,439,0.15,6852.66,6913.22,1,0.4849315068493151,0.075,6882.9400000000005,0.21816731639498307
^SPX,2026-02-24 16:15:00,SPX,2026-08-21,12400.0,C,0.0,0.0,0.0,0.0,0,0,0.0,469,0.15,6852.66,6913.22,0,0.4849315068493151,0.075,6882.9400000000005,0.23040452984066903
^SPX,2026-02-24 16:15:00,SPX,2026-09-18,4950.0,C,0.0,0.0,0.0,0.0,0,2,2054.7,2,2058.4,6852.66,6913.22,3,0.5616438356164384,2056.55,6882.9400000000005,0.14250498559531188
^SPX,2026-02-24 16:15:00,SPX,2026-09-18,4975.0,C,0.0,0.0,0.0,0.0,0,2,2030.7,2,2035.5,6852.66,6913.22,1,0.5616438356164384,2033.1,6882.9400000000005,0.17709624106371008
^SPX,2026-02-24 16:15:00,SPX,2026-09-18,5000.0,C,0.0,0.0,0.0,0.0,0,2,2007.8,2,2011.5,6852.66,6913.22,26522,0.5616438356164384,2009.65,6882.9400000000005,0.18808382302556587
^SPX,2026-02-24 16:15:00,SPX,2026-09-18,5025.0,C,0.0,0.0,0.0,0.0,0,2,1984.2,2,1988.7,6852.66,6913.22,0,0.5616438356164384,1986.45,6882.9400000000005,0.1968998771698119
^SPX,2026-02-24 16:15:00,SPX,2026-09-18,5050.0,C,0.0,0.0,0.0,0.0,0,2,1961.3,2,1964.8,6852.66,6913.22,5,0.5616438356164384,1963.05,6882.9400000000005,0.2015223533555634
^SPX,2026-02-24 16:15:00,SPX,2026-09-18,5075.0,C,0.0,0.0,0.0,0.0,0,2,1937.6,2,1942.0,6852.66,6913.22,0,0.5616438356164384,1939.8,6882.9400000000005,0.20579140217249442
^SPX,2026-02-24 16:15:00,SPX,2026-09-18,5100.0,C,0.0,0.0,0.0,0.0,0,2,1914.7,2,1918.3,6852.66,6913.22,16,0.5616438356164384,1916.5,6882.9400000000005,0.20876199202201606
^SPX,2026-02-24 16:15:00,SPX,2026-09-18,5125.0,C,0.0,0.0,0.0,0.0,0,2,1891.1,2,1895.5,6852.66,6913.22,0,0.5616438356164384,1893.3,6882.9400000000005,0.21147437695172705
^SPX,2026-02-24 16:15:00,SPX,2026-09-18,5150.0,C,0.0,0.0,0.0,0.0,0,2,1868.2,2,1871.9,6852.66,6913.22,1,0.5616438356164384,1870.0500000000002,6882.9400000000005,0.21336600625501737
^SPX,2026-02-24 16:15:00,SPX,2026-09-18,5175.0,C,0.0,0.0,0.0,0.0,0,2,1844.8,2,1849.1,6852.66,6913.22,3,0.5616438356164384,1846.9499999999998,6882.9400000000005,0.21534936823802298
^SPX,2026-02-24 16:15:00,SPX,2026-09-18,5200.0,C,0.0,0.0,0.0,0.0,0,2,1821.9,2,1825.6,6852.66,6913.22,3,0.5616438356164384,1823.75,6882.9400000000005,0.21654253882965457
^SPX,2026-02-24 16:15:00,SPX,2026-09-18,5225.0,C,0.0,0.0,0.0,0.0,0,2,1798.6,2,1802.9,6852.66,6913.22,0,0.5616438356164384,1800.75,6882.9400000000005,0.21802900109773485
^SPX,2026-02-24 16:15:00,SPX,2026-09-18,5250.0,C,0.0,0.0,0.0,0.0,0,2,1775.9,2,1779.4,6852.66,6913.22,4,0.5616438356164384,1777.65,6882.9400000000005,0.21886722773616363
^SPX,2026-02-24 16:15:00,SPX,2026-09-18,5275.0,C,0.0,0.0,0.0,0.0,0,2,1752.6,2,1756.8,6852.66,6913.22,0,0.5616438356164384,1754.6999999999998,6882.9400000000005,0.21984175854199808
^SPX,2026-02-24 16:15:00,SPX,2026-09-18,5300.0,C,0.0,0.0,0.0,0.0,0,2,1730.0,2,1733.4,6852.66,6913.22,1,0.5616438356164384,1731.7,6882.9400000000005,0.22040903620825078
^SPX,2026-02-24 16:15:00,SPX,2026-09-18,5325.0,C,0.0,0.0,0.0,0.0,0,2,1706.6,2,1710.9,6852.66,6913.22,0,0.5616438356164384,1708.75,6882.9400000000005,0.2208666327465535
^SPX,2026-02-24 16:15:00,SPX,2026-09-18,5350.0,C,0.0,0.0,0.0,0.0,0,2,1684.1,2,1687.6,6852.66,6913.22,0,0.5616438356164384,1685.85,6882.9400000000005,0.221222902545743
^SPX,2026-02-24 16:15:00,SPX,2026-09-18,5375.0,C,0.0,0.0,0.0,0.0,0,2,1660.9,2,1665.1,6852.66,6913.22,0,0.5616438356164384,1663.0,6882.9400000000005,0.22148501392288733
^SPX,2026-02-24 16:15:00,SPX,2026-09-18,5400.0,C,0.0,0.0,0.0,0.0,0,2,1638.6,2,1641.9,6852.66,6913.22,506,0.5616438356164384,1640.25,6882.9400000000005,0.2217614552968886
^SPX,2026-02-24 16:15:00,SPX,2026-09-18,5425.0,C,0.0,0.0,0.0,0.0,0,2,1615.4,2,1619.6,6852.66,6913.22,1,0.5616438356164384,1617.5,6882.9400000000005,0.22184828241625879
^SPX,2026-02-24 16:15:00,SPX,2026-09-18,5450.0,C,0.0,0.0,0.0,0.0,0,2,1593.2,2,1596.3,6852.66,6913.22,3,0.5616438356164384,1594.75,6882.9400000000005,0.22176454047104982
^SPX,2026-02-24 16:15:00,SPX,2026-09-18,5475.0,C,0.0,0.0,0.0,0.0,0,2,1570.2,2,1574.1,6852.66,6913.22,0,0.5616438356164384,1572.15,6882.9400000000005,0.2217937980879446
^SPX,2026-02-24 16:15:00,SPX,2026-09-18,5500.0,C,1490.53,1490.53,1490.53,1490.53,1,2,1547.9,2,1551.1,6852.66,6913.22,32,0.5616438356164384,1549.5,6882.9400000000005,0.22157485118686382
^SPX,2026-02-24 16:15:00,SPX,2026-09-18,5525.0,C,0.0,0.0,0.0,0.0,0,2,1525.1,2,1528.8,6852.66,6913.22,5,0.5616438356164384,1526.9499999999998,6882.9400000000005,0.22137837419121345
^SPX,2026-02-24 16:15:00,SPX,2026-09-18,5550.0,C,0.0,0.0,0.0,0.0,0,2,1502.8,2,1506.0,6852.66,6913.22,1,0.5616438356164384,1504.4,6882.9400000000005,0.22103930997444976
^SPX,2026-02-24 16:15:00,SPX,2026-09-18,5575.0,C,0.0,0.0,0.0,0.0,0,2,1480.2,2,1483.7,6852.66,6913.22,0,0.5616438356164384,1481.95,6882.9400000000005,0.22072099199775763
^SPX,2026-02-24 16:15:00,SPX,2026-09-18,5600.0,C,0.0,0.0,0.0,0.0,0,2,1458.1,2,1460.9,6852.66,6913.22,58,0.5616438356164384,1459.5,6882.9400000000005,0.2202705659972287
^SPX,2026-02-24 16:15:00,SPX,2026-09-18,5625.0,C,0.0,0.0,0.0,0.0,0,2,1435.5,2,1439.2,6852.66,6913.22,0,0.5616438356164384,1437.35,6882.9400000000005,0.22012127699803694
^SPX,2026-02-24 16:15:00,SPX,2026-09-18,5650.0,C,0.0,0.0,0.0,0.0,0,2,1413.4,2,1416.5,6852.66,6913.22,72,0.5616438356164384,1414.95,6882.9400000000005,0.21948902979404317
^SPX,2026-02-24 16:15:00,SPX,2026-09-18,5675.0,C,0.0,0.0,0.0,0.0,0,2,1391.0,2,1394.7,6852.66,6913.22,70,0.5616438356164384,1392.85,6882.9400000000005,0.21914224062633364
^SPX,2026-02-24 16:15:00,SPX,2026-09-18,5700.0,C,0.0,0.0,0.0,0.0,0,2,1369.2,2,1372.1,6852.66,6913.22,11,0.5616438356164384,1370.65,6882.9400000000005,0.21854031462507206
^SPX,2026-02-24 16:15:00,SPX,2026-09-18,5725.0,C,0.0,0.0,0.0,0.0,0,2,1346.8,2,1350.4,6852.66,6913.22,3,0.5616438356164384,1348.6,6882.9400000000005,0.21801204089483583
^SPX,2026-02-24 16:15:00,SPX,2026-09-18,5750.0,C,0.0,0.0,0.0,0.0,0,2,1325.1,2,1327.8,6852.66,6913.22,6,0.5616438356164384,1326.4499999999998,6882.9400000000005,0.21724876641225777
^SPX,2026-02-24 16:15:00,SPX,2026-09-18,5775.0,C,0.0,0.0,0.0,0.0,0,2,1302.7,2,1306.3,6852.66,6913.22,4,0.5616438356164384,1304.5,6882.9400000000005,0.21661588472589974
^SPX,2026-02-24 16:15:00,SPX,2026-09-18,5800.0,C,0.0,0.0,0.0,0.0,0,2,1281.3,2,1284.1,6852.66,6913.22,55,0.5616438356164384,1282.6999999999998,6882.9400000000005,0.21604251133670777
^SPX,2026-02-24 16:15:00,SPX,2026-09-18,5825.0,C,0.0,0.0,0.0,0.0,0,2,1259.2,2,1262.7,6852.66,6913.22,6,0.5616438356164384,1260.95,6882.9400000000005,0.21541122375490102
^SPX,2026-02-24 16:15:00,SPX,2026-09-18,5850.0,C,0.0,0.0,0.0,0.0,0,2,1237.6,2,1240.5,6852.66,6913.22,43,0.5616438356164384,1239.05,6882.9400000000005,0.21451200776888546
^SPX,2026-02-24 16:15:00,SPX,2026-09-18,5875.0,C,0.0,0.0,0.0,0.0,0,2,1215.8,2,1219.2,6852.66,6913.22,7,0.5616438356164384,1217.5,6882.9400000000005,0.21387924479582132
^SPX,2026-02-24 16:15:00,SPX,2026-09-18,5900.0,C,1200.94,1200.94,1200.94,1200.94,1,2,1194.5,2,1197.2,6852.66,6913.22,102,0.5616438356164384,1195.85,6882.9400000000005,0.2130373751095117
^SPX,2026-02-24 16:15:00,SPX,2026-09-18,5925.0,C,0.0,0.0,0.0,0.0,0,2,1172.7,2,1176.1,6852.66,6913.22,5,0.5616438356164384,1174.4,6882.9400000000005,0.21229282685840273
^SPX,2026-02-24 16:15:00,SPX,2026-09-18,5950.0,C,0.0,0.0,0.0,0.0,0,2,1151.5,2,1154.2,6852.66,6913.22,54,0.5616438356164384,1152.85,6882.9400000000005,0.21135017653548369
^SPX,2026-02-24 16:15:00,SPX,2026-09-18,5975.0,C,0.0,0.0,0.0,0.0,0,2,1129.8,2,1133.2,6852.66,6913.22,2,0.5616438356164384,1131.5,6882.9400000000005,0.2104995677239219
^SPX,2026-02-24 16:15:00,SPX,2026-09-18,6000.0,C,1057.48,1057.48,1057.48,1057.48,1,2,1108.8,2,1111.5,6852.66,6913.22,33558,0.5616438356164384,1110.15,6882.9400000000005,0.2095508089242938
^SPX,2026-02-24 16:15:00,SPX,2026-09-18,6025.0,C,0.0,0.0,0.0,0.0,0,2,1087.3,2,1090.7,6852.66,6913.22,55,0.5616438356164384,1089.0,6882.9400000000005,0.20868464286414834
^SPX,2026-02-24 16:15:00,SPX,2026-09-18,6050.0,C,0.0,0.0,0.0,0.0,0,2,1066.6,2,1069.2,6852.66,6913.22,257,0.5616438356164384,1067.9,6882.9400000000005,0.20776347137929282
^SPX,2026-02-24 16:15:00,SPX,2026-09-18,6075.0,C,0.0,0.0,0.0,0.0,0,2,1045.3,2,1048.6,6852.66,6913.22,9,0.5616438356164384,1046.9499999999998,6882.9400000000005,0.2068725096221234
^SPX,2026-02-24 16:15:00,SPX,2026-09-18,6100.0,C,0.0,0.0,0.0,0.0,0,2,1024.5,2,1027.1,6852.66,6913.22,540,0.5616438356164384,1025.8,6882.9400000000005,0.20571982159175875
^SPX,2026-02-24 16:15:00,SPX,2026-09-18,6125.0,C,0.0,0.0,0.0,0.0,0,2,1003.4,2,1006.7,6852.66,6913.22,32,0.5616438356164384,1005.05,6882.9400000000005,0.20480186403267894
^SPX,2026-02-24 16:15:00,SPX,2026-09-18,6150.0,C,0.0,0.0,0.0,0.0,0,2,982.9,2,985.4,6852.66,6913.22,390,0.5616438356164384,984.15,6882.9400000000005,0.20366893158994956
^SPX,2026-02-24 16:15:00,SPX,2026-09-18,6175.0,C,0.0,0.0,0.0,0.0,0,2,962.1,2,965.1,6852.66,6913.22,186,0.5616438356164384,963.6,6882.9400000000005,0.20271637759871985
^SPX,2026-02-24 16:15:00,SPX,2026-09-18,6200.0,C,0.0,0.0,0.0,0.0,0,2,941.7,2,944.1,6852.66,6913.22,2364,0.5616438356164384,942.9000000000001,6882.9400000000005,0.2015542916755463
^SPX,2026-02-24 16:15:00,SPX,2026-09-18,6225.0,C,0.0,0.0,0.0,0.0,0,2,921.1,2,924.0,6852.66,6913.22,150,0.5616438356164384,922.55,6882.9400000000005,0.20056132679806726
^SPX,2026-02-24 16:15:00,SPX,2026-09-18,6250.0,C,0.0,0.0,0.0,0.0,0,2,900.8,2,903.3,6852.66,6913.22,220,0.5616438356164384,902.05,6882.9400000000005,0.1993638943440951
^SPX,2026-02-24 16:15:00,SPX,2026-09-18,6275.0,C,0.0,0.0,0.0,0.0,0,2,880.3,2,883.3,6852.66,6913.22,109,0.5616438356164384,881.8,6882.9400000000005,0.19825453829062434
^SPX,2026-02-24 16:15:00,SPX,2026-09-18,6300.0,C,0.0,0.0,0.0,0.0,0,2,860.5,2,862.8,6852.66,6913.22,2538,0.5616438356164384,861.65,6882.9400000000005,0.19712154792860245
^SPX,2026-02-24 16:15:00,SPX,2026-09-18,6325.0,C,840.85,840.85,840.85,840.85,1,2,840.2,2,843.0,6852.66,6913.22,620,0.5616438356164384,841.6,6882.9400000000005,0.19596372751744678
^SPX,2026-02-24 16:15:00,SPX,2026-09-18,6350.0,C,820.8,820.8,820.8,820.8,1,2,820.4,2,822.6,6852.66,6913.22,1246,0.5616438356164384,821.5,6882.9400000000005,0.1946796586486935
^SPX,2026-02-24 16:15:00,SPX,2026-09-18,6375.0,C,0.0,0.0,0.0,0.0,0,1,800.7,1,802.4,6852.66,6913.22,223,0.5616438356164384,801.55,6882.9400000000005,0.19340484868516059
^SPX,2026-02-24 16:15:00,SPX,2026-09-18,6400.0,C,0.0,0.0,0.0,0.0,0,1,781.0,1,782.6,6852.66,6913.22,3172,0.5616438356164384,781.8,6882.9400000000005,0.19216848337491552
^SPX,2026-02-24 16:15:00,SPX,2026-09-18,6425.0,C,0.0,0.0,0.0,0.0,0,1,761.3,1,763.0,6852.66,6913.22,47,0.5616438356164384,762.15,6882.9400000000005,0.19090259001677629
^SPX,2026-02-24 16:15:00,SPX,2026-09-18,6450.0,C,0.0,0.0,0.0,0.0,0,13,742.1,1,743.5,6852.66,6913.22,2950,0.5616438356164384,742.8,6882.9400000000005,0.18973073079340314
^SPX,2026-02-24 16:15:00,SPX,2026-09-18,6475.0,C,0.0,0.0,0.0,0.0,0,13,722.7,1,724.1,6852.66,6913.22,1318,0.5616438356164384,723.4000000000001,6882.9400000000005,0.1884310458486972
^SPX,2026-02-24 16:15:00,SPX,2026-09-18,6500.0,C,692.08,692.08,692.08,692.08,1,13,703.4,1,704.8,6852.66,6913.22,4597,0.5616438356164384,704.0999999999999,6882.9400000000005,0.18709754200639098
^SPX,2026-02-24 16:15:00,SPX,2026-09-18,6525.0,C,0.0,0.0,0.0,0.0,0,13,684.3,1,685.7,6852.66,6913.22,1819,0.5616438356164384,685.0,6882.9400000000005,0.18578854133690292
^SPX,2026-02-24 16:15:00,SPX,2026-09-18,6550.0,C,0.0,0.0,0.0,0.0,0,13,665.3,1,666.7,6852.66,6913.22,2820,0.5616438356164384,666.0,6882.9400000000005,0.1844416871765783
^SPX,2026-02-24 16:15:00,SPX,2026-09-18,6575.0,C,0.0,0.0,0.0,0.0,0,9,646.4,1,647.9,6852.66,6913.22,1897,0.5616438356164384,647.15,6882.9400000000005,0.18308476027406465
^SPX,2026-02-24 16:15:00,SPX,2026-09-18,6600.0,C,0.0,0.0,0.0,0.0,0,13,627.8,1,629.1,6852.66,6913.22,9011,0.5616438356164384,628.45,6882.9400000000005,0.18171542347383837
^SPX,2026-02-24 16:15:00,SPX,2026-09-18,6625.0,C,0.0,0.0,0.0,0.0,0,13,609.1,1,610.6,6852.66,6913.22,829,0.5616438356164384,609.85,6882.9400000000005,0.18030332092305593
^SPX,2026-02-24 16:15:00,SPX,2026-09-18,6650.0,C,0.0,0.0,0.0,0.0,0,13,590.8,1,592.2,6852.66,6913.22,2058,0.5616438356164384,591.5,6882.9400000000005,0.17893041146404315
^SPX,2026-02-24 16:15:00,SPX,2026-09-18,6675.0,C,574.96,574.98,574.95,574.95,5,13,572.5,1,573.9,6852.66,6913.22,567,0.5616438356164384,573.2,6882.9400000000005,0.17748290558047297
^SPX,2026-02-24 16:15:00,SPX,2026-09-18,6700.0,C,527.4,541.22,527.4,541.22,14,13,554.5,1,555.8,6852.66,6913.22,5650,0.5616438356164384,555.15,6882.9400000000005,0.17606873394858927
^SPX,2026-02-24 16:15:00,SPX,2026-09-18,6725.0,C,0.0,0.0,0.0,0.0,0,21,536.5,10,537.9,6852.66,6913.22,677,0.5616438356164384,537.2,6882.9400000000005,0.17460360887142737
^SPX,2026-02-24 16:15:00,SPX,2026-09-18,6750.0,C,0.0,0.0,0.0,0.0,0,24,518.8,17,520.2,6852.66,6913.22,2031,0.5616438356164384,519.5,6882.9400000000005,0.1731655128708734
^SPX,2026-02-24 16:15:00,SPX,2026-09-18,6775.0,C,0.0,0.0,0.0,0.0,0,23,501.3,11,502.7,6852.66,6913.22,438,0.5616438356164384,502.0,6882.9400000000005,0.17172438552298355
^SPX,2026-02-24 16:15:00,SPX,2026-09-18,6800.0,C,468.9,488.75,468.9,482.05,559,30,483.9,17,485.2,6852.66,6913.22,4846,0.5616438356164384,484.54999999999995,6882.9400000000005,0.1701995718370284
^SPX,2026-02-24 16:15:00,SPX,2026-09-18,6825.0,C,436.0,470.2,434.0,470.2,4,24,466.8,12,468.2,6852.66,6913.22,825,0.5616438356164384,467.5,6882.9400000000005,0.16876989135288972
^SPX,2026-02-24 16:15:00,SPX,2026-09-18,6850.0,C,451.1,453.2,450.2,450.2,5,30,449.9,18,451.3,6852.66,6913.22,3637,0.5616438356164384,450.6,6882.9400000000005,0.16730245651370418
^SPX,2026-02-24 16:15:00,SPX,2026-09-18,6875.0,C,424.76,424.76,424.76,424.76,120,29,433.2,17,434.6,6852.66,6913.22,709,0.5616438356164384,433.9,6882.9400000000005,0.1658202762481452
^SPX,2026-02-24 16:15:00,SPX,2026-09-18,6900.0,C,407.59,420.53,407.59,417.28,61,31,416.8,18,418.1,6852.66,6913.22,4966,0.5616438356164384,417.45000000000005,6882.9400000000005,0.1643455038723596
^SPX,2026-02-24 16:15:00,SPX,2026-09-18,6925.0,C,401.7,403.5,401.6,403.5,4,36,400.5,12,401.7,6852.66,6913.22,692,0.5616438356164384,401.1,6882.9400000000005,0.16280007328171828
^SPX,2026-02-24 16:15:00,SPX,2026-09-18,6950.0,C,385.6,387.5,385.6,387.5,2,32,384.6,20,385.8,6852.66,6913.22,1930,0.5616438356164384,385.20000000000005,6882.9400000000005,0.16135510210791953
^SPX,2026-02-24 16:15:00,SPX,2026-09-18,6975.0,C,368.7,371.7,368.49,368.49,57,20,368.9,21,370.1,6852.66,6913.22,1334,0.5616438356164384,369.5,6882.9400000000005,0.15988254105327565
^SPX,2026-02-24 16:15:00,SPX,2026-09-18,7000.0,C,334.72,355.9,330.0,353.09,455,36,353.4,20,354.5,6852.66,6913.22,33640,0.5616438356164384,353.95,6882.9400000000005,0.15835498670895518
^SPX,2026-02-24 16:15:00,SPX,2026-09-18,7025.0,C,326.79,326.79,320.7,320.7,500,30,338.3,30,339.3,6852.66,6913.22,1005,0.5616438356164384,338.8,6882.9400000000005,0.15689177226834622
^SPX,2026-02-24 16:15:00,SPX,2026-09-18,7050.0,C,324.77,324.77,321.5,321.5,3,33,323.4,31,324.4,6852.66,6913.22,4286,0.5616438356164384,323.9,6882.9400000000005,0.15541584236639502
^SPX,2026-02-24 16:15:00,SPX,2026-09-18,7075.0,C,307.21,312.75,306.23,312.75,600,45,308.8,28,309.8,6852.66,6913.22,572,0.5616438356164384,309.3,6882.9400000000005,0.15394824792465436
^SPX,2026-02-24 16:15:00,SPX,2026-09-18,7100.0,C,296.2,296.2,296.2,296.2,1,45,294.5,28,295.5,6852.66,6913.22,8030,0.5616438356164384,295.0,6882.9400000000005,0.15248560771392225
^SPX,2026-02-24 16:15:00,SPX,2026-09-18,7125.0,C,0.0,0.0,0.0,0.0,0,22,280.6,33,281.6,6852.66,6913.22,1501,0.5616438356164384,281.1,6882.9400000000005,0.1510732026611352
^SPX,2026-02-24 16:15:00,SPX,2026-09-18,7150.0,C,267.19,267.19,266.97,266.97,400,48,266.9,29,267.9,6852.66,6913.22,2412,0.5616438356164384,267.4,6882.9400000000005,0.14961058064267482
^SPX,2026-02-24 16:15:00,SPX,2026-09-18,7175.0,C,253.3,255.8,253.3,255.1,3,24,253.7,32,254.7,6852.66,6913.22,1913,0.5616438356164384,254.2,6882.9400000000005,0.1482406423354576
^SPX,2026-02-24 16:15:00,SPX,2026-09-18,7200.0,C,240.3,242.8,240.3,242.8,2,56,240.7,32,241.7,6852.66,6913.22,7253,0.5616438356164384,241.2,6882.9400000000005,0.14681422715484288
^SPX,2026-02-24 16:15:00,SPX,2026-09-18,7225.0,C,227.9,230.1,227.9,230.1,2,38,228.2,36,229.4,6852.66,6913.22,882,0.5616438356164384,228.8,6882.9400000000005,0.14552447711062705
^SPX,2026-02-24 16:15:00,SPX,2026-09-18,7250.0,C,208.58,217.9,208.58,217.9,102,50,216.0,35,217.0,6852.66,6913.22,2762,0.5616438356164384,216.5,6882.9400000000005,0.14412333039070613
^SPX,2026-02-24 16:15:00,SPX,2026-09-18,7275.0,C,204.8,205.9,204.8,205.9,2,41,204.2,25,205.2,6852.66,6913.22,828,0.5616438356164384,204.7,6882.9400000000005,0.14280538901378084
^SPX,2026-02-24 16:15:00,SPX,2026-09-18,7300.0,C,187.9,194.5,187.9,191.15,5,52,192.8,38,193.8,6852.66,6913.22,6493,0.5616438356164384,193.3,6882.9400000000005,0.14151977660931142
^SPX,2026-02-24 16:15:00,SPX,2026-09-18,7325.0,C,174.0,183.5,174.0,183.5,4,61,181.7,36,182.8,6852.66,6913.22,2318,0.5616438356164384,182.25,6882.9400000000005,0.14023975871286
^SPX,2026-02-24 16:15:00,SPX,2026-09-18,7350.0,C,163.8,172.9,163.8,170.0,406,63,171.1,37,172.1,6852.66,6913.22,1350,0.5616438356164384,171.6,6882.9400000000005,0.13898919324821307
^SPX,2026-02-24 16:15:00,SPX,2026-09-18,7375.0,C,158.9,161.74,158.9,159.55,126,66,160.9,40,161.9,6852.66,6913.22,628,0.5616438356164384,161.4,6882.9400000000005,0.13779342039392342
^SPX,2026-02-24 16:15:00,SPX,2026-09-18,7400.0,C,147.54,151.9,145.9,149.93,365,62,151.2,73,152.2,6852.66,6913.22,8304,0.5616438356164384,151.7,6882.9400000000005,0.13667970904588975
^SPX,2026-02-24 16:15:00,SPX,2026-09-18,7425.0,C,140.81,140.81,140.78,140.78,8,50,141.8,50,142.8,6852.66,6913.22,813,0.5616438356164384,142.3,6882.9400000000005,0.13554353293676902
^SPX,2026-02-24 16:15:00,SPX,2026-09-18,7450.0,C,130.2,132.0,130.2,132.0,402,86,132.8,73,133.8,6852.66,6913.22,2145,0.5616438356164384,133.3,6882.9400000000005,0.13443778520446767
^SPX,2026-02-24 16:15:00,SPX,2026-09-18,7475.0,C,121.8,124.59,120.07,124.01,29,84,124.3,72,125.3,6852.66,6913.22,393,0.5616438356164384,124.8,6882.9400000000005,0.13341955578746267
^SPX,2026-02-24 16:15:00,SPX,2026-09-18,7500.0,C,105.72,117.08,103.0,116.2,387,62,116.2,72,117.1,6852.66,6913.22,5280,0.5616438356164384,116.65,6882.9400000000005,0.13240907468620708
^SPX,2026-02-24 16:15:00,SPX,2026-09-18,7525.0,C,109.09,109.23,107.53,109.23,26,120,108.4,52,109.3,6852.66,6913.22,1995,0.5616438356164384,108.85,6882.9400000000005,0.1314075274100007
^SPX,2026-02-24 16:15:00,SPX,2026-09-18,7550.0,C,101.94,102.3,100.79,100.79,128,64,101.1,81,102.0,6852.66,6913.22,1368,0.5616438356164384,101.55,6882.9400000000005,0.13050596132430425
^SPX,2026-02-24 16:15:00,SPX,2026-09-18,7575.0,C,93.9,95.3,93.9,95.3,2,68,94.2,65,95.1,6852.66,6913.22,294,0.5616438356164384,94.65,6882.9400000000005,0.12965246721194676
^SPX,2026-02-24 16:15:00,SPX,2026-09-18,7600.0,C,88.5,89.2,87.45,87.45,18,123,87.6,91,88.5,6852.66,6913.22,7905,0.5616438356164384,88.05,6882.9400000000005,0.1287903345015395
^SPX,2026-02-24 16:15:00,SPX,2026-09-18,7625.0,C,81.3,82.4,81.3,82.4,2,93,81.4,71,82.3,6852.66,6913.22,434,0.5616438356164384,81.85,6882.9400000000005,0.12798610509132324
^SPX,2026-02-24 16:15:00,SPX,2026-09-18,7650.0,C,75.5,76.6,75.5,76.6,2,98,75.6,101,76.4,6852.66,6913.22,2894,0.5616438356164384,76.0,6882.9400000000005,0.12721486893391215
^SPX,2026-02-24 16:15:00,SPX,2026-09-18,7675.0,C,0.0,0.0,0.0,0.0,0,101,70.1,78,71.0,6852.66,6913.22,825,0.5616438356164384,70.55,6882.9400000000005,0.12651789035190425
^SPX,2026-02-24 16:15:00,SPX,2026-09-18,7700.0,C,64.9,65.9,64.7,65.15,14,171,64.9,72,65.7,6852.66,6913.22,3486,0.5616438356164384,65.30000000000001,6882.9400000000005,0.12576447011424408
^SPX,2026-02-24 16:15:00,SPX,2026-09-18,7725.0,C,0.0,0.0,0.0,0.0,0,119,60.1,86,61.0,6852.66,6913.22,706,0.5616438356164384,60.55,6882.9400000000005,0.12517456784259148
^SPX,2026-02-24 16:15:00,SPX,2026-09-18,7750.0,C,54.1,54.1,54.1,54.1,1,124,55.6,92,56.4,6852.66,6913.22,653,0.5616438356164384,56.0,6882.9400000000005,0.12454197522452912
^SPX,2026-02-24 16:15:00,SPX,2026-09-18,7775.0,C,0.0,0.0,0.0,0.0,0,125,51.4,100,52.2,6852.66,6913.22,176,0.5616438356164384,51.8,6882.9400000000005,0.12398667381244693
^SPX,2026-02-24 16:15:00,SPX,2026-09-18,7800.0,C,0.0,0.0,0.0,0.0,0,195,47.5,132,48.2,6852.66,6913.22,7065,0.5616438356164384,47.85,6882.9400000000005,0.12344137692284711
^SPX,2026-02-24 16:15:00,SPX,2026-09-18,7825.0,C,0.0,0.0,0.0,0.0,0,105,43.9,151,44.5,6852.66,6913.22,3135,0.5616438356164384,44.2,6882.9400000000005,0.12295702810752289
^SPX,2026-02-24 16:15:00,SPX,2026-09-18,7850.0,C,0.0,0.0,0.0,0.0,0,74,40.5,117,41.2,6852.66,6913.22,450,0.5616438356164384,40.85,6882.9400000000005,0.12254855979497928
^SPX,2026-02-24 16:15:00,SPX,2026-09-18,7875.0,C,0.0,0.0,0.0,0.0,0,112,37.3,129,38.0,6852.66,6913.22,110,0.5616438356164384,37.65,6882.9400000000005,0.12209242779978093
^SPX,2026-02-24 16:15:00,SPX,2026-09-18,7900.0,C,34.3,35.0,34.3,35.0,2,159,34.4,190,35.1,6852.66,6913.22,6199,0.5616438356164384,34.75,6882.9400000000005,0.12173727868639066
^SPX,2026-02-24 16:15:00,SPX,2026-09-18,7950.0,C,29.3,29.7,29.3,29.7,2,107,29.2,186,29.7,6852.66,6913.22,1600,0.5616438356164384,29.45,6882.9400000000005,0.12099138177601423
^SPX,2026-02-24 16:15:00,SPX,2026-09-18,8000.0,C,24.1,25.2,24.1,25.1,7,266,24.7,222,25.3,6852.66,6913.22,11334,0.5616438356164384,25.0,6882.9400000000005,0.12046521298477962
^SPX,2026-02-24 16:15:00,SPX,2026-09-18,8100.0,C,17.0,18.1,17.0,18.0,207,361,17.7,314,18.2,6852.66,6913.22,8292,0.5616438356164384,17.95,6882.9400000000005,0.11970421513188456
^SPX,2026-02-24 16:15:00,SPX,2026-09-18,8200.0,C,12.89,12.93,12.89,12.93,2,371,12.7,175,13.1,6852.66,6913.22,8035,0.5616438356164384,12.899999999999999,6882.9400000000005,0.11937644279225262
^SPX,2026-02-24 16:15:00,SPX,2026-09-18,8300.0,C,0.0,0.0,0.0,0.0,0,204,9.2,200,9.5,6852.66,6913.22,3272,0.5616438356164384,9.35,6882.9400000000005,0.11952367522506864
^SPX,2026-02-24 16:15:00,SPX,2026-09-18,8400.0,C,0.0,0.0,0.0,0.0,0,575,6.6,338,7.0,6852.66,6913.22,3979,0.5616438356164384,6.8,6882.9400000000005,0.11991965657359666
^SPX,2026-02-24 16:15:00,SPX,2026-09-18,8500.0,C,4.9,5.0,4.9,4.9,120,232,4.9,438,5.2,6852.66,6913.22,5424,0.5616438356164384,5.050000000000001,6882.9400000000005,0.12082036481491208
^SPX,2026-02-24 16:15:00,SPX,2026-09-18,8600.0,C,3.62,3.72,3.6,3.69,198,578,3.6,472,3.9,6852.66,6913.22,5913,0.5616438356164384,3.75,6882.9400000000005,0.12175625111701685
^SPX,2026-02-24 16:15:00,SPX,2026-09-18,8800.0,C,2.04,2.09,2.04,2.09,6,15,2.1,590,2.35,6852.66,6913.22,3979,0.5616438356164384,2.225,6882.9400000000005,0.12481253780969942
^SPX,2026-02-24 16:15:00,SPX,2026-09-18,9000.0,C,1.4,1.4,1.27,1.31,4,463,1.25,613,1.5,6852.66,6913.22,3023,0.5616438356164384,1.375,6882.9400000000005,0.12825966338300676
^SPX,2026-02-24 16:15:00,SPX,2026-09-18,9200.0,C,0.95,0.95,0.9,0.9,2,1077,0.75,136,1.0,6852.66,6913.22,3939,0.5616438356164384,0.875,6882.9400000000005,0.13183841071013647
^SPX,2026-02-24 16:15:00,SPX,2026-09-18,9400.0,C,0.0,0.0,0.0,0.0,0,706,0.55,917,0.8,6852.66,6913.22,3314,0.5616438356164384,0.675,6882.9400000000005,0.1376592580690095
^SPX,2026-02-24 16:15:00,SPX,2026-09-18,9600.0,C,0.5,0.5,0.5,0.5,2,703,0.35,638,0.65,6852.66,6913.22,79,0.5616438356164384,0.5,6882.9400000000005,0.14253430241688786
^SPX,2026-02-24 16:15:00,SPX,2026-09-18,9800.0,C,0.0,0.0,0.0,0.0,0,685,0.3,951,0.55,6852.66,6913.22,4556,0.5616438356164384,0.42500000000000004,6882.9400000000005,0.14885653753659187
^SPX,2026-02-24 16:15:00,SPX,2026-10-16,4925.0,C,0.0,0.0,0.0,0.0,0,2,2095.8,2,2100.6,6852.66,6913.22,0,0.6383561643835617,2098.2,6882.9400000000005,0.1680472180271592
^SPX,2026-02-24 16:15:00,SPX,2026-10-16,4950.0,C,0.0,0.0,0.0,0.0,0,2,2072.9,2,2076.9,6852.66,6913.22,0,0.6383561643835617,2074.9,6882.9400000000005,0.1811090487141874
^SPX,2026-02-24 16:15:00,SPX,2026-10-16,4975.0,C,0.0,0.0,0.0,0.0,0,2,2049.4,2,2054.2,6852.66,6913.22,20,0.6383561643835617,2051.8,6882.9400000000005,0.19026195351375355
^SPX,2026-02-24 16:15:00,SPX,2026-10-16,5000.0,C,0.0,0.0,0.0,0.0,0,2,2026.6,2,2030.4,6852.66,6913.22,108,0.6383561643835617,2028.5,6882.9400000000005,0.1950550659652329
^SPX,2026-02-24 16:15:00,SPX,2026-10-16,5025.0,C,0.0,0.0,0.0,0.0,0,2,2003.2,2,2007.9,6852.66,6913.22,0,0.6383561643835617,2005.5500000000002,6882.9400000000005,0.20051871497987245
^SPX,2026-02-24 16:15:00,SPX,2026-10-16,5050.0,C,0.0,0.0,0.0,0.0,0,2,1980.5,2,1984.2,6852.66,6913.22,0,0.6383561643835617,1982.35,6882.9400000000005,0.20344056259564874
^SPX,2026-02-24 16:15:00,SPX,2026-10-16,5075.0,C,0.0,0.0,0.0,0.0,0,2,1957.1,2,1961.7,6852.66,6913.22,0,0.6383561643835617,1959.4,6882.9400000000005,0.20673815346919883
^SPX,2026-02-24 16:15:00,SPX,2026-10-16,5100.0,C,0.0,0.0,0.0,0.0,0,2,1934.3,2,1938.1,6852.66,6913.22,0,0.6383561643835617,1936.1999999999998,6882.9400000000005,0.20837809893203355
^SPX,2026-02-24 16:15:00,SPX,2026-10-16,5125.0,C,0.0,0.0,0.0,0.0,0,2,1911.0,2,1915.7,6852.66,6913.22,0,0.6383561643835617,1913.35,6882.9400000000005,0.21082859981327026
^SPX,2026-02-24 16:15:00,SPX,2026-10-16,5150.0,C,0.0,0.0,0.0,0.0,0,2,1888.4,2,1892.1,6852.66,6913.22,0,0.6383561643835617,1890.25,6882.9400000000005,0.2119803321036256
^SPX,2026-02-24 16:15:00,SPX,2026-10-16,5175.0,C,0.0,0.0,0.0,0.0,0,2,1865.2,2,1869.8,6852.66,6913.22,0,0.6383561643835617,1867.5,6882.9400000000005,0.2138499282279107
^SPX,2026-02-24 16:15:00,SPX,2026-10-16,5200.0,C,0.0,0.0,0.0,0.0,0,2,1842.7,2,1846.4,6852.66,6913.22,1,0.6383561643835617,1844.5500000000002,6882.9400000000005,0.21478418782079078
^SPX,2026-02-24 16:15:00,SPX,2026-10-16,5225.0,C,0.0,0.0,0.0,0.0,0,2,1819.3,2,1824.1,6852.66,6913.22,0,0.6383561643835617,1821.6999999999998,6882.9400000000005,0.2157090056073905
^SPX,2026-02-24 16:15:00,SPX,2026-10-16,5250.0,C,0.0,0.0,0.0,0.0,0,2,1797.0,2,1800.6,6852.66,6913.22,0,0.6383561643835617,1798.8,6882.9400000000005,0.21625726826702357
^SPX,2026-02-24 16:15:00,SPX,2026-10-16,5275.0,C,0.0,0.0,0.0,0.0,0,2,1774.0,2,1778.3,6852.66,6913.22,1,0.6383561643835617,1776.15,6882.9400000000005,0.21715764290815767
^SPX,2026-02-24 16:15:00,SPX,2026-10-16,5300.0,C,0.0,0.0,0.0,0.0,0,2,1751.7,2,1755.1,6852.66,6913.22,0,0.6383561643835617,1753.4,6882.9400000000005,0.21759967738038
^SPX,2026-02-24 16:15:00,SPX,2026-10-16,5325.0,C,0.0,0.0,0.0,0.0,0,2,1728.5,2,1733.1,6852.66,6913.22,0,0.6383561643835617,1730.8,6882.9400000000005,0.2181501273356036
^SPX,2026-02-24 16:15:00,SPX,2026-10-16,5350.0,C,0.0,0.0,0.0,0.0,0,2,1706.3,2,1709.8,6852.66,6913.22,0,0.6383561643835617,1708.05,6882.9400000000005,0.21821001621654665
^SPX,2026-02-24 16:15:00,SPX,2026-10-16,5375.0,C,0.0,0.0,0.0,0.0,0,2,1683.5,2,1687.8,6852.66,6913.22,0,0.6383561643835617,1685.65,6882.9400000000005,0.2187568155731747
^SPX,2026-02-24 16:15:00,SPX,2026-10-16,5400.0,C,0.0,0.0,0.0,0.0,0,2,1661.2,2,1664.7,6852.66,6913.22,1,0.6383561643835617,1662.95,6882.9400000000005,0.218582381255808
^SPX,2026-02-24 16:15:00,SPX,2026-10-16,5425.0,C,0.0,0.0,0.0,0.0,0,2,1638.4,2,1642.8,6852.66,6913.22,0,0.6383561643835617,1640.6,6882.9400000000005,0.21886233232286711
^SPX,2026-02-24 16:15:00,SPX,2026-10-16,5450.0,C,0.0,0.0,0.0,0.0,0,2,1616.3,2,1619.7,6852.66,6913.22,0,0.6383561643835617,1618.0,6882.9400000000005,0.21857169052124623
^SPX,2026-02-24 16:15:00,SPX,2026-10-16,5475.0,C,0.0,0.0,0.0,0.0,0,2,1593.6,2,1597.9,6852.66,6913.22,0,0.6383561643835617,1595.75,6882.9400000000005,0.21869969095723307
^SPX,2026-02-24 16:15:00,SPX,2026-10-16,5500.0,C,0.0,0.0,0.0,0.0,0,2,1571.7,2,1575.1,6852.66,6913.22,14,0.6383561643835617,1573.4,6882.9400000000005,0.21852584521125984
^SPX,2026-02-24 16:15:00,SPX,2026-10-16,5525.0,C,0.0,0.0,0.0,0.0,0,2,1549.2,2,1553.3,6852.66,6913.22,5,0.6383561643835617,1551.25,6882.9400000000005,0.21850814064206678
^SPX,2026-02-24 16:15:00,SPX,2026-10-16,5550.0,C,0.0,0.0,0.0,0.0,0,2,1527.3,2,1530.6,6852.66,6913.22,1,0.6383561643835617,1528.9499999999998,6882.9400000000005,0.21814410148205388
^SPX,2026-02-24 16:15:00,SPX,2026-10-16,5575.0,C,0.0,0.0,0.0,0.0,0,2,1504.7,2,1508.8,6852.66,6913.22,1,0.6383561643835617,1506.75,6882.9400000000005,0.21779818932754327
^SPX,2026-02-24 16:15:00,SPX,2026-10-16,5600.0,C,0.0,0.0,0.0,0.0,0,2,1483.0,2,1486.2,6852.66,6913.22,2,0.6383561643835617,1484.6,6882.9400000000005,0.21740094984113198
^SPX,2026-02-24 16:15:00,SPX,2026-10-16,5625.0,C,0.0,0.0,0.0,0.0,0,2,1460.7,2,1464.6,6852.66,6913.22,0,0.6383561643835617,1462.65,6882.9400000000005,0.21714047712733622
^SPX,2026-02-24 16:15:00,SPX,2026-10-16,5650.0,C,0.0,0.0,0.0,0.0,0,2,1439.1,2,1442.3,6852.66,6913.22,0,0.6383561643835617,1440.6999999999998,6882.9400000000005,0.21675991378878637
^SPX,2026-02-24 16:15:00,SPX,2026-10-16,5675.0,C,0.0,0.0,0.0,0.0,0,2,1416.7,2,1420.8,6852.66,6913.22,0,0.6383561643835617,1418.75,6882.9400000000005,0.21626741761799648
^SPX,2026-02-24 16:15:00,SPX,2026-10-16,5700.0,C,0.0,0.0,0.0,0.0,0,2,1395.3,2,1398.4,6852.66,6913.22,0,0.6383561643835617,1396.85,6882.9400000000005,0.2157266171111548
^SPX,2026-02-24 16:15:00,SPX,2026-10-16,5725.0,C,0.0,0.0,0.0,0.0,0,2,1373.2,2,1377.0,6852.66,6913.22,0,0.6383561643835617,1375.1,6882.9400000000005,0.21524849603139617
^SPX,2026-02-24 16:15:00,SPX,2026-10-16,5750.0,C,0.0,0.0,0.0,0.0,0,2,1351.8,2,1354.8,6852.66,6913.22,0,0.6383561643835617,1353.3,6882.9400000000005,0.2146120883346265
^SPX,2026-02-24 16:15:00,SPX,2026-10-16,5775.0,C,0.0,0.0,0.0,0.0,0,2,1329.7,2,1333.6,6852.66,6913.22,0,0.6383561643835617,1331.65,6882.9400000000005,0.2140348295538016
^SPX,2026-02-24 16:15:00,SPX,2026-10-16,5800.0,C,0.0,0.0,0.0,0.0,0,2,1308.6,2,1311.6,6852.66,6913.22,2,0.6383561643835617,1310.1,6882.9400000000005,0.21345894494819448
^SPX,2026-02-24 16:15:00,SPX,2026-10-16,5825.0,C,0.0,0.0,0.0,0.0,0,2,1286.8,2,1290.5,6852.66,6913.22,0,0.6383561643835617,1288.65,6882.9400000000005,0.21288172258128785
^SPX,2026-02-24 16:15:00,SPX,2026-10-16,5850.0,C,0.0,0.0,0.0,0.0,0,2,1265.5,2,1268.5,6852.66,6913.22,1,0.6383561643835617,1267.0,6882.9400000000005,0.21201517140259174
^SPX,2026-02-24 16:15:00,SPX,2026-10-16,5875.0,C,0.0,0.0,0.0,0.0,0,2,1243.9,2,1247.6,6852.66,6913.22,0,0.6383561643835617,1245.75,6882.9400000000005,0.21143572818169434
^SPX,2026-02-24 16:15:00,SPX,2026-10-16,5900.0,C,0.0,0.0,0.0,0.0,0,2,1222.9,2,1225.9,6852.66,6913.22,6,0.6383561643835617,1224.4,6882.9400000000005,0.21066721097610672
^SPX,2026-02-24 16:15:00,SPX,2026-10-16,5925.0,C,0.0,0.0,0.0,0.0,0,2,1201.5,2,1205.1,6852.66,6913.22,0,0.6383561643835617,1203.3,6882.9400000000005,0.21002982859450586
^SPX,2026-02-24 16:15:00,SPX,2026-10-16,5950.0,C,0.0,0.0,0.0,0.0,0,2,1180.5,2,1183.5,6852.66,6913.22,10,0.6383561643835617,1182.0,6882.9400000000005,0.20912470240010045
^SPX,2026-02-24 16:15:00,SPX,2026-10-16,5975.0,C,0.0,0.0,0.0,0.0,0,2,1159.3,2,1162.8,6852.66,6913.22,1,0.6383561643835617,1161.05,6882.9400000000005,0.2084304124449128
^SPX,2026-02-24 16:15:00,SPX,2026-10-16,6000.0,C,0.0,0.0,0.0,0.0,0,2,1138.6,2,1141.4,6852.66,6913.22,1641,0.6383561643835617,1140.0,6882.9400000000005,0.2075609469417407
^SPX,2026-02-24 16:15:00,SPX,2026-10-16,6025.0,C,0.0,0.0,0.0,0.0,0,2,1117.3,2,1120.9,6852.66,6913.22,31,0.6383561643835617,1119.1,6882.9400000000005,0.20672640858584393
^SPX,2026-02-24 16:15:00,SPX,2026-10-16,6050.0,C,0.0,0.0,0.0,0.0,0,2,1096.9,2,1099.6,6852.66,6913.22,24,0.6383561643835617,1098.25,6882.9400000000005,0.20584390955245777
^SPX,2026-02-24 16:15:00,SPX,2026-10-16,6075.0,C,0.0,0.0,0.0,0.0,0,2,1075.9,2,1079.3,6852.66,6913.22,6,0.6383561643835617,1077.6,6882.9400000000005,0.20502940684315937
^SPX,2026-02-24 16:15:00,SPX,2026-10-16,6100.0,C,0.0,0.0,0.0,0.0,0,2,1055.5,2,1058.2,6852.66,6913.22,29,0.6383561643835617,1056.85,6882.9400000000005,0.20405133604403386
^SPX,2026-02-24 16:15:00,SPX,2026-10-16,6125.0,C,0.0,0.0,0.0,0.0,0,2,1034.7,2,1038.0,6852.66,6913.22,11,0.6383561643835617,1036.35,6882.9400000000005,0.2031749080072078
^SPX,2026-02-24 16:15:00,SPX,2026-10-16,6150.0,C,0.0,0.0,0.0,0.0,0,2,1014.5,2,1017.1,6852.66,6913.22,39,0.6383561643835617,1015.8,6882.9400000000005,0.20217591132077764
^SPX,2026-02-24 16:15:00,SPX,2026-10-16,6175.0,C,0.0,0.0,0.0,0.0,0,2,993.7,2,997.1,6852.66,6913.22,21,0.6383561643835617,995.4000000000001,6882.9400000000005,0.20120063423579623
^SPX,2026-02-24 16:15:00,SPX,2026-10-16,6200.0,C,0.0,0.0,0.0,0.0,0,2,973.8,2,976.4,6852.66,6913.22,76,0.6383561643835617,975.0999999999999,6882.9400000000005,0.2002110214865113
^SPX,2026-02-24 16:15:00,SPX,2026-10-16,6225.0,C,950.82,950.82,950.82,950.82,1,2,953.3,2,956.6,6852.66,6913.22,36,0.6383561643835617,954.95,6882.9400000000005,0.1992397161824174
^SPX,2026-02-24 16:15:00,SPX,2026-10-16,6250.0,C,930.73,930.73,930.73,930.73,1,2,933.6,2,936.1,6852.66,6913.22,22,0.6383561643835617,934.85,6882.9400000000005,0.19821707238268976
^SPX,2026-02-24 16:15:00,SPX,2026-10-16,6275.0,C,0.0,0.0,0.0,0.0,0,2,913.2,2,916.4,6852.66,6913.22,6,0.6383561643835617,914.8,6882.9400000000005,0.19714384948746294
^SPX,2026-02-24 16:15:00,SPX,2026-10-16,6300.0,C,0.0,0.0,0.0,0.0,0,2,893.7,2,896.1,6852.66,6913.22,14,0.6383561643835617,894.9000000000001,6882.9400000000005,0.19608483734938612
^SPX,2026-02-24 16:15:00,SPX,2026-10-16,6325.0,C,0.0,0.0,0.0,0.0,0,2,873.5,2,876.7,6852.66,6913.22,12,0.6383561643835617,875.1,6882.9400000000005,0.19500569731787332
^SPX,2026-02-24 16:15:00,SPX,2026-10-16,6350.0,C,0.0,0.0,0.0,0.0,0,1,854.3,1,856.3,6852.66,6913.22,11,0.6383561643835617,855.3,6882.9400000000005,0.1938434463549661
^SPX,2026-02-24 16:15:00,SPX,2026-10-16,6375.0,C,0.0,0.0,0.0,0.0,0,1,834.7,1,836.7,6852.66,6913.22,129,0.6383561643835617,835.7,6882.9400000000005,0.19272198209601682
^SPX,2026-02-24 16:15:00,SPX,2026-10-16,6400.0,C,0.0,0.0,0.0,0.0,0,2,815.3,1,817.2,6852.66,6913.22,351,0.6383561643835617,816.25,6882.9400000000005,0.19160723701736485
^SPX,2026-02-24 16:15:00,SPX,2026-10-16,6425.0,C,0.0,0.0,0.0,0.0,0,13,795.9,14,797.8,6852.66,6913.22,47,0.6383561643835617,796.8499999999999,6882.9400000000005,0.19043783033616926
^SPX,2026-02-24 16:15:00,SPX,2026-10-16,6450.0,C,0.0,0.0,0.0,0.0,0,9,776.7,10,778.6,6852.66,6913.22,83,0.6383561643835617,777.6500000000001,6882.9400000000005,0.18930126560991975
^SPX,2026-02-24 16:15:00,SPX,2026-10-16,6475.0,C,0.0,0.0,0.0,0.0,0,13,757.5,10,759.4,6852.66,6913.22,569,0.6383561643835617,758.45,6882.9400000000005,0.18807959778615224
^SPX,2026-02-24 16:15:00,SPX,2026-10-16,6500.0,C,0.0,0.0,0.0,0.0,0,13,738.6,10,740.4,6852.66,6913.22,466,0.6383561643835617,739.5,6882.9400000000005,0.18691525853204802
^SPX,2026-02-24 16:15:00,SPX,2026-10-16,6525.0,C,0.0,0.0,0.0,0.0,0,13,719.6,10,721.5,6852.66,6913.22,84,0.6383561643835617,720.55,6882.9400000000005,0.1856648305826436
^SPX,2026-02-24 16:15:00,SPX,2026-10-16,6550.0,C,700.32,700.4,698.87,698.87,8,9,700.8,10,702.7,6852.66,6913.22,837,0.6383561643835617,701.75,6882.9400000000005,0.18441186102356313
^SPX,2026-02-24 16:15:00,SPX,2026-10-16,6575.0,C,0.0,0.0,0.0,0.0,0,14,682.1,10,684.1,6852.66,6913.22,56,0.6383561643835617,683.1,6882.9400000000005,0.1831542355987592
^SPX,2026-02-24 16:15:00,SPX,2026-10-16,6600.0,C,664.83,664.83,664.5,664.5,4,13,663.7,10,665.6,6852.66,6913.22,4486,0.6383561643835617,664.6500000000001,6882.9400000000005,0.18191655088328648
^SPX,2026-02-24 16:15:00,SPX,2026-10-16,6625.0,C,0.0,0.0,0.0,0.0,0,9,645.4,10,647.2,6852.66,6913.22,684,0.6383561643835617,646.3,6882.9400000000005,0.1806431804612451
^SPX,2026-02-24 16:15:00,SPX,2026-10-16,6650.0,C,628.25,628.25,627.82,627.82,2,13,627.2,10,629.0,6852.66,6913.22,3398,0.6383561643835617,628.1,6882.9400000000005,0.17935917367237933
^SPX,2026-02-24 16:15:00,SPX,2026-10-16,6675.0,C,0.0,0.0,0.0,0.0,0,13,609.2,10,610.9,6852.66,6913.22,1339,0.6383561643835617,610.05,6882.9400000000005,0.17806261537234022
^SPX,2026-02-24 16:15:00,SPX,2026-10-16,6700.0,C,591.98,593.82,591.98,593.47,14,9,591.2,10,593.0,6852.66,6913.22,5604,0.6383561643835617,592.1,6882.9400000000005,0.17672622601532156
^SPX,2026-02-24 16:15:00,SPX,2026-10-16,6725.0,C,575.25,575.87,575.25,575.87,8,23,573.5,9,575.1,6852.66,6913.22,687,0.6383561643835617,574.3,6882.9400000000005,0.17537407370022096
^SPX,2026-02-24 16:15:00,SPX,2026-10-16,6750.0,C,554.57,557.6,554.57,557.6,72,23,555.9,10,557.5,6852.66,6913.22,1550,0.6383561643835617,556.7,6882.9400000000005,0.17402910077593317
^SPX,2026-02-24 16:15:00,SPX,2026-10-16,6775.0,C,538.73,538.73,538.52,538.52,3,23,538.4,18,540.1,6852.66,6913.22,1098,0.6383561643835617,539.25,6882.9400000000005,0.17266404501755778
^SPX,2026-02-24 16:15:00,SPX,2026-10-16,6800.0,C,521.47,521.57,521.47,521.57,2,31,521.2,27,523.0,6852.66,6913.22,1802,0.6383561643835617,522.1,6882.9400000000005,0.17135015121405447
^SPX,2026-02-24 16:15:00,SPX,2026-10-16,6825.0,C,0.0,0.0,0.0,0.0,0,24,504.1,19,505.9,6852.66,6913.22,842,0.6383561643835617,505.0,6882.9400000000005,0.1699627560616465
^SPX,2026-02-24 16:15:00,SPX,2026-10-16,6850.0,C,0.0,0.0,0.0,0.0,0,30,487.3,26,488.9,6852.66,6913.22,2414,0.6383561643835617,488.1,6882.9400000000005,0.16857312818895698
^SPX,2026-02-24 16:15:00,SPX,2026-10-16,6875.0,C,0.0,0.0,0.0,0.0,0,24,470.6,19,472.2,6852.66,6913.22,883,0.6383561643835617,471.4,6882.9400000000005,0.16717875047275138
^SPX,2026-02-24 16:15:00,SPX,2026-10-16,6900.0,C,0.0,0.0,0.0,0.0,0,31,454.2,18,455.7,6852.66,6913.22,1372,0.6383561643835617,454.95,6882.9400000000005,0.16580073283120692
^SPX,2026-02-24 16:15:00,SPX,2026-10-16,6925.0,C,0.0,0.0,0.0,0.0,0,23,437.9,33,439.6,6852.66,6913.22,686,0.6383561643835617,438.75,6882.9400000000005,0.16443612832604967
^SPX,2026-02-24 16:15:00,SPX,2026-10-16,6950.0,C,0.0,0.0,0.0,0.0,0,22,421.9,21,423.4,6852.66,6913.22,886,0.6383561643835617,422.65,6882.9400000000005,0.16301216865751786
^SPX,2026-02-24 16:15:00,SPX,2026-10-16,6975.0,C,405.37,405.37,405.37,405.37,56,36,406.0,45,407.7,6852.66,6913.22,195,0.6383561643835617,406.85,6882.9400000000005,0.16161992150509383
^SPX,2026-02-24 16:15:00,SPX,2026-10-16,7000.0,C,391.7,391.7,389.92,389.92,57,34,390.5,28,392.0,6852.66,6913.22,2425,0.6383561643835617,391.25,6882.9400000000005,0.1602100669605236
^SPX,2026-02-24 16:15:00,SPX,2026-10-16,7025.0,C,374.81,374.81,373.74,373.76,16,25,375.2,22,376.7,6852.66,6913.22,409,0.6383561643835617,375.95,6882.9400000000005,0.15882609054001914
^SPX,2026-02-24 16:15:00,SPX,2026-10-16,7050.0,C,0.0,0.0,0.0,0.0,0,33,360.1,29,361.6,6852.66,6913.22,971,0.6383561643835617,360.85,6882.9400000000005,0.15741919491482395
^SPX,2026-02-24 16:15:00,SPX,2026-10-16,7075.0,C,347.88,348.19,346.12,346.12,10,37,345.4,32,346.8,6852.66,6913.22,358,0.6383561643835617,346.1,6882.9400000000005,0.15605541254247215
^SPX,2026-02-24 16:15:00,SPX,2026-10-16,7100.0,C,311.32,311.32,308.79,308.79,2,55,330.8,63,332.3,6852.66,6913.22,2060,0.6383561643835617,331.55,6882.9400000000005,0.1546633484070145
^SPX,2026-02-24 16:15:00,SPX,2026-10-16,7125.0,C,317.42,317.42,317.11,317.11,4,34,316.6,31,318.0,6852.66,6913.22,429,0.6383561643835617,317.3,6882.9400000000005,0.15328601779004636
^SPX,2026-02-24 16:15:00,SPX,2026-10-16,7150.0,C,0.0,0.0,0.0,0.0,0,32,302.7,45,304.1,6852.66,6913.22,221,0.6383561643835617,303.4,6882.9400000000005,0.15194350856574082
^SPX,2026-02-24 16:15:00,SPX,2026-10-16,7175.0,C,289.58,290.39,289.58,290.36,8,34,289.0,46,290.4,6852.66,6913.22,611,0.6383561643835617,289.7,6882.9400000000005,0.1505648146047698
^SPX,2026-02-24 16:15:00,SPX,2026-10-16,7200.0,C,277.0,277.52,276.99,277.36,32,53,275.7,66,277.1,6852.66,6913.22,2415,0.6383561643835617,276.4,6882.9400000000005,0.14923861800549804
^SPX,2026-02-24 16:15:00,SPX,2026-10-16,7225.0,C,261.86,264.26,261.83,264.26,148,59,262.7,67,264.1,6852.66,6913.22,435,0.6383561643835617,263.4,6882.9400000000005,0.1479168980657088
^SPX,2026-02-24 16:15:00,SPX,2026-10-16,7250.0,C,227.1,250.22,227.1,250.18,10,51,250.1,50,251.3,6852.66,6913.22,2839,0.6383561643835617,250.7,6882.9400000000005,0.14659726936183548
^SPX,2026-02-24 16:15:00,SPX,2026-10-16,7275.0,C,237.93,238.03,237.93,238.03,4,40,237.7,52,239.1,6852.66,6913.22,488,0.6383561643835617,238.39999999999998,6882.9400000000005,0.14532363993899525
^SPX,2026-02-24 16:15:00,SPX,2026-10-16,7300.0,C,204.3,204.3,204.3,204.3,4,59,225.8,56,227.0,6852.66,6913.22,3990,0.6383561643835617,226.4,6882.9400000000005,0.1440479891870568
^SPX,2026-02-24 16:15:00,SPX,2026-10-16,7325.0,C,208.52,208.52,208.52,208.52,3,41,214.2,52,215.6,6852.66,6913.22,276,0.6383561643835617,214.89999999999998,6882.9400000000005,0.14286191876016335
^SPX,2026-02-24 16:15:00,SPX,2026-10-16,7350.0,C,0.0,0.0,0.0,0.0,0,41,203.0,57,204.3,6852.66,6913.22,785,0.6383561643835617,203.65,6882.9400000000005,0.14164748133175903
^SPX,2026-02-24 16:15:00,SPX,2026-10-16,7375.0,C,190.93,190.93,190.5,190.5,101,66,192.1,56,193.4,6852.66,6913.22,340,0.6383561643835617,192.75,6882.9400000000005,0.14044994678454334
^SPX,2026-02-24 16:15:00,SPX,2026-10-16,7400.0,C,180.2,181.01,180.2,181.01,98,71,181.6,84,183.0,6852.66,6913.22,4941,0.6383561643835617,182.3,6882.9400000000005,0.1393164889564222
^SPX,2026-02-24 16:15:00,SPX,2026-10-16,7425.0,C,171.49,171.49,170.56,170.56,5,50,171.5,64,172.9,6852.66,6913.22,365,0.6383561643835617,172.2,6882.9400000000005,0.13819917592853895
^SPX,2026-02-24 16:15:00,SPX,2026-10-16,7450.0,C,163.35,163.35,162.74,162.74,51,73,161.8,87,163.2,6852.66,6913.22,1666,0.6383561643835617,162.5,6882.9400000000005,0.1371223304454596
^SPX,2026-02-24 16:15:00,SPX,2026-10-16,7475.0,C,149.3,152.94,147.82,152.55,22,75,152.5,98,153.9,6852.66,6913.22,389,0.6383561643835617,153.2,6882.9400000000005,0.13608689140924657
^SPX,2026-02-24 16:15:00,SPX,2026-10-16,7500.0,C,132.76,144.51,131.42,143.0,22,44,143.6,88,144.9,6852.66,6913.22,2530,0.6383561643835617,144.25,6882.9400000000005,0.13506880639463661
^SPX,2026-02-24 16:15:00,SPX,2026-10-16,7525.0,C,0.0,0.0,0.0,0.0,0,53,135.0,74,136.4,6852.66,6913.22,367,0.6383561643835617,135.7,6882.9400000000005,0.13409474321032833
^SPX,2026-02-24 16:15:00,SPX,2026-10-16,7550.0,C,122.92,127.63,122.92,127.59,7,36,126.9,75,128.2,6852.66,6913.22,576,0.6383561643835617,127.55,6882.9400000000005,0.13316726175365054
^SPX,2026-02-24 16:15:00,SPX,2026-10-16,7575.0,C,0.0,0.0,0.0,0.0,0,62,119.0,83,120.4,6852.66,6913.22,414,0.6383561643835617,119.7,6882.9400000000005,0.13223563996818669
^SPX,2026-02-24 16:15:00,SPX,2026-10-16,7600.0,C,112.76,112.76,112.1,112.1,222,62,111.7,103,112.9,6852.66,6913.22,2424,0.6383561643835617,112.30000000000001,6882.9400000000005,0.1313831720499415
^SPX,2026-02-24 16:15:00,SPX,2026-10-16,7625.0,C,0.0,0.0,0.0,0.0,0,85,104.5,86,105.9,6852.66,6913.22,284,0.6383561643835617,105.2,6882.9400000000005,0.13053175167991887
^SPX,2026-02-24 16:15:00,SPX,2026-10-16,7650.0,C,95.36,98.93,95.36,98.85,26,97,97.9,109,99.1,6852.66,6913.22,1557,0.6383561643835617,98.5,6882.9400000000005,0.1297408490313814
^SPX,2026-02-24 16:15:00,SPX,2026-10-16,7675.0,C,91.76,92.43,91.75,92.3,12,77,91.5,93,92.8,6852.66,6913.22,381,0.6383561643835617,92.15,6882.9400000000005,0.1289873592416242
^SPX,2026-02-24 16:15:00,SPX,2026-10-16,7700.0,C,85.35,86.3,85.35,86.3,68,101,85.6,104,86.7,6852.66,6913.22,2141,0.6383561643835617,86.15,6882.9400000000005,0.12827664393302357
^SPX,2026-02-24 16:15:00,SPX,2026-10-16,7725.0,C,80.16,80.16,80.14,80.14,3,80,79.8,120,81.1,6852.66,6913.22,265,0.6383561643835617,80.44999999999999,6882.9400000000005,0.12758369750659362
^SPX,2026-02-24 16:15:00,SPX,2026-10-16,7750.0,C,74.84,74.89,74.84,74.89,2,51,74.6,105,75.7,6852.66,6913.22,974,0.6383561643835617,75.15,6882.9400000000005,0.12697781807090264
^SPX,2026-02-24 16:15:00,SPX,2026-10-16,7775.0,C,67.92,67.96,67.8,67.96,66,142,69.4,215,70.7,6852.66,6913.22,104,0.6383561643835617,70.05000000000001,6882.9400000000005,0.12633730399876877
^SPX,2026-02-24 16:15:00,SPX,2026-10-16,7800.0,C,59.86,63.12,59.86,63.12,1024,78,64.8,124,65.6,6852.66,6913.22,1638,0.6383561643835617,65.19999999999999,6882.9400000000005,0.1256969610877736
^SPX,2026-02-24 16:15:00,SPX,2026-10-16,7825.0,C,58.19,58.92,58.19,58.75,122,132,60.2,120,61.1,6852.66,6913.22,230,0.6383561643835617,60.650000000000006,6882.9400000000005,0.1250965276035248
^SPX,2026-02-24 16:15:00,SPX,2026-10-16,7850.0,C,0.0,0.0,0.0,0.0,0,62,56.1,96,56.9,6852.66,6913.22,255,0.6383561643835617,56.5,6882.9400000000005,0.12461859321997416
^SPX,2026-02-24 16:15:00,SPX,2026-10-16,7875.0,C,0.0,0.0,0.0,0.0,0,107,52.1,161,53.2,6852.66,6913.22,167,0.6383561643835617,52.650000000000006,6882.9400000000005,0.12420495338038486
^SPX,2026-02-24 16:15:00,SPX,2026-10-16,7900.0,C,44.55,44.55,44.05,44.05,2,40,48.5,145,49.4,6852.66,6913.22,388,0.6383561643835617,48.95,6882.9400000000005,0.12374891933881024
^SPX,2026-02-24 16:15:00,SPX,2026-10-16,7950.0,C,0.0,0.0,0.0,0.0,0,140,41.7,174,42.7,6852.66,6913.22,105,0.6383561643835617,42.2,6882.9400000000005,0.12288318262156275
^SPX,2026-02-24 16:15:00,SPX,2026-10-16,8000.0,C,36.35,36.35,36.35,36.35,1,189,35.9,172,36.6,6852.66,6913.22,1651,0.6383561643835617,36.25,6882.9400000000005,0.12207189752071748
^SPX,2026-02-24 16:15:00,SPX,2026-10-16,8100.0,C,26.02,26.02,26.0,26.01,66,207,26.5,199,27.2,6852.66,6913.22,1218,0.6383561643835617,26.85,6882.9400000000005,0.12102960495902489
^SPX,2026-02-24 16:15:00,SPX,2026-10-16,8200.0,C,18.99,19.22,18.99,19.2,146,113,19.6,156,20.1,6852.66,6913.22,1259,0.6383561643835617,19.85,6882.9400000000005,0.12038784081180279
^SPX,2026-02-24 16:15:00,SPX,2026-10-16,8300.0,C,14.31,14.34,14.31,14.34,2,121,14.5,178,15.0,6852.66,6913.22,249,0.6383561643835617,14.75,6882.9400000000005,0.12020829806161436
^SPX,2026-02-24 16:15:00,SPX,2026-10-16,8400.0,C,10.64,11.0,10.61,11.0,30,370,10.7,403,11.2,6852.66,6913.22,546,0.6383561643835617,10.95,6882.9400000000005,0.12023585654206385
^SPX,2026-02-24 16:15:00,SPX,2026-10-16,8500.0,C,0.0,0.0,0.0,0.0,0,223,8.0,262,8.4,6852.66,6913.22,774,0.6383561643835617,8.2,6882.9400000000005,0.12061349616643673
^SPX,2026-02-24 16:15:00,SPX,2026-10-16,8600.0,C,0.0,0.0,0.0,0.0,0,280,6.0,327,6.4,6852.66,6913.22,904,0.6383561643835617,6.2,6882.9400000000005,0.12127701959439338
^SPX,2026-02-24 16:15:00,SPX,2026-10-16,8800.0,C,0.0,0.0,0.0,0.0,0,559,3.4,582,3.9,6852.66,6913.22,249,0.6383561643835617,3.65,6882.9400000000005,0.12323890383219761
^SPX,2026-02-24 16:15:00,SPX,2026-10-16,9000.0,C,2.01,2.09,2.01,2.07,4,471,2.05,1,2.25,6852.66,6913.22,818,0.6383561643835617,2.15,6882.9400000000005,0.12520716864183626
^SPX,2026-02-24 16:15:00,SPX,2026-10-16,9200.0,C,0.0,0.0,0.0,0.0,0,271,1.25,1,1.4,6852.66,6913.22,95,0.6383561643835617,1.325,6882.9400000000005,0.1277679263619709
^SPX,2026-02-24 16:15:00,SPX,2026-10-16,9400.0,C,0.95,0.95,0.95,0.95,1,530,0.8,644,1.15,6852.66,6913.22,62,0.6383561643835617,0.975,6882.9400000000005,0.13254783206581736
^SPX,2026-02-24 16:15:00,SPX,2026-10-16,9600.0,C,0.0,0.0,0.0,0.0,0,736,0.55,758,0.9,6852.66,6913.22,758,0.6383561643835617,0.7250000000000001,6882.9400000000005,0.13710126671926728
^SPX,2026-02-24 16:15:00,SPX,2026-10-16,9800.0,C,0.0,0.0,0.0,0.0,0,729,0.4,802,0.75,6852.66,6913.22,332,0.6383561643835617,0.575,6882.9400000000005,0.1421716015651003
^SPX,2026-02-24 16:15:00,SPX,2026-10-16,10000.0,C,0.0,0.0,0.0,0.0,0,736,0.3,577,0.6,6852.66,6913.22,511,0.6383561643835617,0.44999999999999996,6882.9400000000005,0.14674397656842453
^SPX,2026-02-24 16:15:00,SPX,2026-10-16,10200.0,C,0.0,0.0,0.0,0.0,0,459,0.2,463,0.55,6852.66,6913.22,325,0.6383561643835617,0.375,6882.9400000000005,0.1518421521079885
^SPX,2026-02-24 16:15:00,SPX,2026-10-16,10400.0,C,0.0,0.0,0.0,0.0,0,465,0.15,474,0.5,6852.66,6913.22,512,0.6383561643835617,0.325,6882.9400000000005,0.15717847674135857
^SPX,2026-02-24 16:15:00,SPX,2026-10-16,10600.0,C,0.0,0.0,0.0,0.0,0,489,0.1,490,0.45,6852.66,6913.22,173,0.6383561643835617,0.275,6882.9400000000005,0.16194648363787262
^SPX,2026-02-24 16:15:00,SPX,2026-10-16,10800.0,C,0.3,0.3,0.3,0.3,1,305,0.1,491,0.4,6852.66,6913.22,112,0.6383561643835617,0.25,6882.9400000000005,0.16742766115669144
^SPX,2026-02-24 16:15:00,SPX,2026-10-16,11000.0,C,0.0,0.0,0.0,0.0,0,1,0.1,487,0.35,6852.66,6913.22,6,0.6383561643835617,0.22499999999999998,6882.9400000000005,0.17256356192930142
^SPX,2026-02-24 16:15:00,SPX,2026-10-16,11200.0,C,0.0,0.0,0.0,0.0,0,1,0.1,525,0.35,6852.66,6913.22,7,0.6383561643835617,0.22499999999999998,6882.9400000000005,0.17894541545817022
^SPX,2026-02-24 16:15:00,SPX,2026-10-16,11400.0,C,0.0,0.0,0.0,0.0,0,1,0.1,863,0.3,6852.66,6913.22,134,0.6383561643835617,0.2,6882.9400000000005,0.1835286299237635
^SPX,2026-02-24 16:15:00,SPX,2026-11-20,4950.0,C,0.0,0.0,0.0,0.0,0,2,2092.7,2,2096.8,6852.66,6913.22,0,0.7342465753424657,2094.75,6882.9400000000005,0.15887396308384538
^SPX,2026-02-24 16:15:00,SPX,2026-11-20,4975.0,C,0.0,0.0,0.0,0.0,0,7,2069.2,2,2074.3,6852.66,6913.22,0,0.7342465753424657,2071.75,6882.9400000000005,0.17193005529037486
^SPX,2026-02-24 16:15:00,SPX,2026-11-20,5000.0,C,0.0,0.0,0.0,0.0,0,2,2047.0,2,2050.9,6852.66,6913.22,57,0.7342465753424657,2048.95,6882.9400000000005,0.18083025359736637
^SPX,2026-02-24 16:15:00,SPX,2026-11-20,5025.0,C,0.0,0.0,0.0,0.0,0,7,2023.5,2,2028.6,6852.66,6913.22,0,0.7342465753424657,2026.05,6882.9400000000005,0.18628878792269266
^SPX,2026-02-24 16:15:00,SPX,2026-11-20,5050.0,C,0.0,0.0,0.0,0.0,0,2,2001.1,2,2005.4,6852.66,6913.22,0,0.7342465753424657,2003.25,6882.9400000000005,0.19078394027237178
^SPX,2026-02-24 16:15:00,SPX,2026-11-20,5075.0,C,0.0,0.0,0.0,0.0,0,7,1978.0,2,1983.0,6852.66,6913.22,0,0.7342465753424657,1980.5,6882.9400000000005,0.19441737182271993
^SPX,2026-02-24 16:15:00,SPX,2026-11-20,5100.0,C,0.0,0.0,0.0,0.0,0,2,1955.7,2,1959.7,6852.66,6913.22,1,0.7342465753424657,1957.7,6882.9400000000005,0.19708061043398128
^SPX,2026-02-24 16:15:00,SPX,2026-11-20,5125.0,C,0.0,0.0,0.0,0.0,0,7,1932.6,2,1937.5,6852.66,6913.22,0,0.7342465753424657,1935.05,6882.9400000000005,0.19965745093161086
^SPX,2026-02-24 16:15:00,SPX,2026-11-20,5150.0,C,0.0,0.0,0.0,0.0,0,2,1910.5,2,1914.3,6852.66,6913.22,0,0.7342465753424657,1912.4,6882.9400000000005,0.20170935144410246
^SPX,2026-02-24 16:15:00,SPX,2026-11-20,5175.0,C,0.0,0.0,0.0,0.0,0,7,1887.3,2,1892.2,6852.66,6913.22,0,0.7342465753424657,1889.75,6882.9400000000005,0.2033411952318567
^SPX,2026-02-24 16:15:00,SPX,2026-11-20,5200.0,C,0.0,0.0,0.0,0.0,0,2,1865.3,2,1869.1,6852.66,6913.22,0,0.7342465753424657,1867.1999999999998,6882.9400000000005,0.20487322559193105
^SPX,2026-02-24 16:15:00,SPX,2026-11-20,5225.0,C,0.0,0.0,0.0,0.0,0,2,1842.3,2,1847.0,6852.66,6913.22,0,0.7342465753424657,1844.65,6882.9400000000005,0.20608187785473034
^SPX,2026-02-24 16:15:00,SPX,2026-11-20,5250.0,C,0.0,0.0,0.0,0.0,0,2,1820.3,2,1824.2,6852.66,6913.22,1,0.7342465753424657,1822.25,6882.9400000000005,0.20733806600488494
^SPX,2026-02-24 16:15:00,SPX,2026-11-20,5275.0,C,0.0,0.0,0.0,0.0,0,2,1797.4,2,1802.0,6852.66,6913.22,0,0.7342465753424657,1799.7,6882.9400000000005,0.20801656900520854
^SPX,2026-02-24 16:15:00,SPX,2026-11-20,5300.0,C,0.0,0.0,0.0,0.0,0,2,1775.3,2,1779.2,6852.66,6913.22,1,0.7342465753424657,1777.25,6882.9400000000005,0.2086813673957726
^SPX,2026-02-24 16:15:00,SPX,2026-11-20,5325.0,C,0.0,0.0,0.0,0.0,0,2,1752.6,2,1757.3,6852.66,6913.22,0,0.7342465753424657,1754.9499999999998,6882.9400000000005,0.20941789041251913
^SPX,2026-02-24 16:15:00,SPX,2026-11-20,5350.0,C,0.0,0.0,0.0,0.0,0,2,1730.9,2,1734.5,6852.66,6913.22,0,0.7342465753424657,1732.7,6882.9400000000005,0.21003578761148936
^SPX,2026-02-24 16:15:00,SPX,2026-11-20,5375.0,C,0.0,0.0,0.0,0.0,0,2,1708.1,2,1712.7,6852.66,6913.22,0,0.7342465753424657,1710.4,6882.9400000000005,0.21038121244865024
^SPX,2026-02-24 16:15:00,SPX,2026-11-20,5400.0,C,0.0,0.0,0.0,0.0,0,2,1686.5,2,1690.0,6852.66,6913.22,7,0.7342465753424657,1688.25,6882.9400000000005,0.21079919026356886
^SPX,2026-02-24 16:15:00,SPX,2026-11-20,5425.0,C,0.0,0.0,0.0,0.0,0,2,1663.8,2,1668.3,6852.66,6913.22,0,0.7342465753424657,1666.05,6882.9400000000005,0.21097458992729767
^SPX,2026-02-24 16:15:00,SPX,2026-11-20,5450.0,C,0.0,0.0,0.0,0.0,0,2,1642.1,2,1645.9,6852.66,6913.22,0,0.7342465753424657,1644.0,6882.9400000000005,0.21122089318443737
^SPX,2026-02-24 16:15:00,SPX,2026-11-20,5475.0,C,0.0,0.0,0.0,0.0,0,2,1619.7,2,1624.2,6852.66,6913.22,0,0.7342465753424657,1621.95,6882.9400000000005,0.21131763062918318
^SPX,2026-02-24 16:15:00,SPX,2026-11-20,5500.0,C,0.0,0.0,0.0,0.0,0,2,1598.1,2,1601.7,6852.66,6913.22,6,0.7342465753424657,1599.9,6882.9400000000005,0.21127777600501374
^SPX,2026-02-24 16:15:00,SPX,2026-11-20,5525.0,C,0.0,0.0,0.0,0.0,0,2,1575.8,2,1580.1,6852.66,6913.22,0,0.7342465753424657,1577.9499999999998,6882.9400000000005,0.21124092283358314
^SPX,2026-02-24 16:15:00,SPX,2026-11-20,5550.0,C,0.0,0.0,0.0,0.0,0,2,1554.5,2,1558.0,6852.66,6913.22,2,0.7342465753424657,1556.25,6882.9400000000005,0.21138882701529535
^SPX,2026-02-24 16:15:00,SPX,2026-11-20,5575.0,C,0.0,0.0,0.0,0.0,0,2,1532.2,2,1536.4,6852.66,6913.22,0,0.7342465753424657,1534.3000000000002,6882.9400000000005,0.2111016641321843
^SPX,2026-02-24 16:15:00,SPX,2026-11-20,5600.0,C,0.0,0.0,0.0,0.0,0,2,1510.8,2,1514.3,6852.66,6913.22,2,0.7342465753424657,1512.55,6882.9400000000005,0.2109393905332912
^SPX,2026-02-24 16:15:00,SPX,2026-11-20,5625.0,C,0.0,0.0,0.0,0.0,0,2,1488.8,2,1492.9,6852.66,6913.22,0,0.7342465753424657,1490.85,6882.9400000000005,0.2107192808565955
^SPX,2026-02-24 16:15:00,SPX,2026-11-20,5650.0,C,0.0,0.0,0.0,0.0,0,2,1467.5,2,1470.9,6852.66,6913.22,0,0.7342465753424657,1469.2,6882.9400000000005,0.21044389721533519
^SPX,2026-02-24 16:15:00,SPX,2026-11-20,5675.0,C,0.0,0.0,0.0,0.0,0,2,1445.6,2,1449.7,6852.66,6913.22,0,0.7342465753424657,1447.65,6882.9400000000005,0.21016806032837262
^SPX,2026-02-24 16:15:00,SPX,2026-11-20,5700.0,C,0.0,0.0,0.0,0.0,0,2,1424.6,2,1427.8,6852.66,6913.22,7,0.7342465753424657,1426.1999999999998,6882.9400000000005,0.20988915974505878
^SPX,2026-02-24 16:15:00,SPX,2026-11-20,5725.0,C,0.0,0.0,0.0,0.0,0,2,1402.7,2,1406.8,6852.66,6913.22,0,0.7342465753424657,1404.75,6882.9400000000005,0.2095059907508569
^SPX,2026-02-24 16:15:00,SPX,2026-11-20,5750.0,C,0.0,0.0,0.0,0.0,0,2,1381.8,2,1385.0,6852.66,6913.22,0,0.7342465753424657,1383.4,6882.9400000000005,0.20912104621035288
^SPX,2026-02-24 16:15:00,SPX,2026-11-20,5775.0,C,0.0,0.0,0.0,0.0,0,2,1360.0,2,1364.2,6852.66,6913.22,0,0.7342465753424657,1362.1,6882.9400000000005,0.2086853641865817
^SPX,2026-02-24 16:15:00,SPX,2026-11-20,5800.0,C,0.0,0.0,0.0,0.0,0,2,1339.3,2,1342.5,6852.66,6913.22,0,0.7342465753424657,1340.9,6882.9400000000005,0.2082462216556366
^SPX,2026-02-24 16:15:00,SPX,2026-11-20,5825.0,C,0.0,0.0,0.0,0.0,0,2,1317.7,2,1321.7,6852.66,6913.22,0,0.7342465753424657,1319.7,6882.9400000000005,0.20771306530310824
^SPX,2026-02-24 16:15:00,SPX,2026-11-20,5850.0,C,0.0,0.0,0.0,0.0,0,2,1297.0,2,1300.3,6852.66,6913.22,0,0.7342465753424657,1298.65,6882.9400000000005,0.20722044714938626
^SPX,2026-02-24 16:15:00,SPX,2026-11-20,5875.0,C,0.0,0.0,0.0,0.0,0,2,1275.4,2,1279.5,6852.66,6913.22,0,0.7342465753424657,1277.45,6882.9400000000005,0.20651059204122862
^SPX,2026-02-24 16:15:00,SPX,2026-11-20,5900.0,C,0.0,0.0,0.0,0.0,0,2,1255.0,2,1258.2,6852.66,6913.22,2,0.7342465753424657,1256.6,6882.9400000000005,0.20600820229253083
^SPX,2026-02-24 16:15:00,SPX,2026-11-20,5925.0,C,0.0,0.0,0.0,0.0,0,2,1233.9,2,1237.7,6852.66,6913.22,0,0.7342465753424657,1235.8000000000002,6882.9400000000005,0.20545577095353043
^SPX,2026-02-24 16:15:00,SPX,2026-11-20,5950.0,C,0.0,0.0,0.0,0.0,0,2,1213.4,2,1216.7,6852.66,6913.22,52,0.7342465753424657,1215.0500000000002,6882.9400000000005,0.2048548402950628
^SPX,2026-02-24 16:15:00,SPX,2026-11-20,5975.0,C,0.0,0.0,0.0,0.0,0,2,1192.4,2,1196.3,6852.66,6913.22,0,0.7342465753424657,1194.35,6882.9400000000005,0.20420680055018578
^SPX,2026-02-24 16:15:00,SPX,2026-11-20,6000.0,C,1168.94,1168.94,1168.94,1168.94,5,2,1172.2,2,1175.2,6852.66,6913.22,2587,0.7342465753424657,1173.7,6882.9400000000005,0.20351290392398869
^SPX,2026-02-24 16:15:00,SPX,2026-11-20,6025.0,C,0.0,0.0,0.0,0.0,0,2,1151.3,2,1155.0,6852.66,6913.22,408,0.7342465753424657,1153.15,6882.9400000000005,0.20281089143674544
^SPX,2026-02-24 16:15:00,SPX,2026-11-20,6050.0,C,0.0,0.0,0.0,0.0,0,2,1131.2,2,1134.3,6852.66,6913.22,2,0.7342465753424657,1132.75,6882.9400000000005,0.20213527931445546
^SPX,2026-02-24 16:15:00,SPX,2026-11-20,6075.0,C,0.0,0.0,0.0,0.0,0,2,1110.4,2,1114.1,6852.66,6913.22,3,0.7342465753424657,1112.25,6882.9400000000005,0.20130718354094063
^SPX,2026-02-24 16:15:00,SPX,2026-11-20,6100.0,C,0.0,0.0,0.0,0.0,0,2,1090.4,2,1093.4,6852.66,6913.22,15,0.7342465753424657,1091.9,6882.9400000000005,0.20050598831536784
^SPX,2026-02-24 16:15:00,SPX,2026-11-20,6125.0,C,0.0,0.0,0.0,0.0,0,2,1070.0,2,1073.5,6852.66,6913.22,8,0.7342465753424657,1071.75,6882.9400000000005,0.19976203285111335
^SPX,2026-02-24 16:15:00,SPX,2026-11-20,6150.0,C,0.0,0.0,0.0,0.0,0,2,1050.2,2,1053.1,6852.66,6913.22,19,0.7342465753424657,1051.65,6882.9400000000005,0.1989710955529525
^SPX,2026-02-24 16:15:00,SPX,2026-11-20,6175.0,C,1029.6,1029.6,1029.6,1029.6,1,2,1029.8,2,1033.3,6852.66,6913.22,27,0.7342465753424657,1031.55,6882.9400000000005,0.19810172891388578
^SPX,2026-02-24 16:15:00,SPX,2026-11-20,6200.0,C,1009.65,1009.65,1009.65,1009.65,1,2,1010.1,2,1013.1,6852.66,6913.22,44,0.7342465753424657,1011.6,6882.9400000000005,0.1972520212315577
^SPX,2026-02-24 16:15:00,SPX,2026-11-20,6225.0,C,0.0,0.0,0.0,0.0,0,41,990.5,2,993.5,6852.66,6913.22,80,0.7342465753424657,992.0,6882.9400000000005,0.19654407113296768
^SPX,2026-02-24 16:15:00,SPX,2026-11-20,6250.0,C,0.0,0.0,0.0,0.0,0,2,970.7,2,973.4,6852.66,6913.22,6,0.7342465753424657,972.05,6882.9400000000005,0.1955392736697259
^SPX,2026-02-24 16:15:00,SPX,2026-11-20,6275.0,C,0.0,0.0,0.0,0.0,0,2,950.7,2,954.0,6852.66,6913.22,5,0.7342465753424657,952.35,6882.9400000000005,0.19461306491995048
^SPX,2026-02-24 16:15:00,SPX,2026-11-20,6300.0,C,0.0,0.0,0.0,0.0,0,2,931.5,2,934.1,6852.66,6913.22,12,0.7342465753424657,932.8,6882.9400000000005,0.193700490521578
^SPX,2026-02-24 16:15:00,SPX,2026-11-20,6325.0,C,0.0,0.0,0.0,0.0,0,1,912.3,1,914.6,6852.66,6913.22,4,0.7342465753424657,913.45,6882.9400000000005,0.19282831190679833
^SPX,2026-02-24 16:15:00,SPX,2026-11-20,6350.0,C,0.0,0.0,0.0,0.0,0,1,893.2,1,895.2,6852.66,6913.22,10,0.7342465753424657,894.2,6882.9400000000005,0.19193556002995
^SPX,2026-02-24 16:15:00,SPX,2026-11-20,6375.0,C,0.0,0.0,0.0,0.0,0,1,873.9,1,876.0,6852.66,6913.22,25,0.7342465753424657,874.95,6882.9400000000005,0.19096516825758814
^SPX,2026-02-24 16:15:00,SPX,2026-11-20,6400.0,C,0.0,0.0,0.0,0.0,0,1,854.6,2,856.7,6852.66,6913.22,1007,0.7342465753424657,855.6500000000001,6882.9400000000005,0.18989131523048725
^SPX,2026-02-24 16:15:00,SPX,2026-11-20,6425.0,C,0.0,0.0,0.0,0.0,0,1,835.7,1,837.8,6852.66,6913.22,8,0.7342465753424657,836.75,6882.9400000000005,0.18896313280054916
^SPX,2026-02-24 16:15:00,SPX,2026-11-20,6450.0,C,0.0,0.0,0.0,0.0,0,1,816.6,2,818.7,6852.66,6913.22,72,0.7342465753424657,817.6500000000001,6882.9400000000005,0.1878491168758468
^SPX,2026-02-24 16:15:00,SPX,2026-11-20,6475.0,C,0.0,0.0,0.0,0.0,0,1,797.7,1,800.0,6852.66,6913.22,5,0.7342465753424657,798.85,6882.9400000000005,0.18682120982777536
^SPX,2026-02-24 16:15:00,SPX,2026-11-20,6500.0,C,0.0,0.0,0.0,0.0,0,1,779.2,12,781.2,6852.66,6913.22,2147,0.7342465753424657,780.2,6882.9400000000005,0.18579549257401834
^SPX,2026-02-24 16:15:00,SPX,2026-11-20,6525.0,C,0.0,0.0,0.0,0.0,0,1,760.6,1,762.7,6852.66,6913.22,914,0.7342465753424657,761.6500000000001,6882.9400000000005,0.18474433752016264
^SPX,2026-02-24 16:15:00,SPX,2026-11-20,6550.0,C,0.0,0.0,0.0,0.0,0,1,742.1,13,744.2,6852.66,6913.22,122,0.7342465753424657,743.1500000000001,6882.9400000000005,0.18364155361592044
^SPX,2026-02-24 16:15:00,SPX,2026-11-20,6575.0,C,0.0,0.0,0.0,0.0,0,1,723.8,1,725.8,6852.66,6913.22,850,0.7342465753424657,724.8,6882.9400000000005,0.18253774908017065
^SPX,2026-02-24 16:15:00,SPX,2026-11-20,6600.0,C,702.33,705.49,702.0,705.0,154,1,705.5,12,707.5,6852.66,6913.22,1739,0.7342465753424657,706.5,6882.9400000000005,0.1813814869119157
^SPX,2026-02-24 16:15:00,SPX,2026-11-20,6625.0,C,686.73,688.65,686.73,688.45,4,1,687.4,1,689.5,6852.66,6913.22,118,0.7342465753424657,688.45,6882.9400000000005,0.18027115576173186
^SPX,2026-02-24 16:15:00,SPX,2026-11-20,6650.0,C,668.75,670.57,668.39,670.35,82,13,669.3,1,671.5,6852.66,6913.22,1671,0.7342465753424657,670.4,6882.9400000000005,0.17908195771097796
^SPX,2026-02-24 16:15:00,SPX,2026-11-20,6675.0,C,651.35,651.42,650.82,650.83,4,1,651.6,1,653.7,6852.66,6913.22,1315,0.7342465753424657,652.6500000000001,6882.9400000000005,0.1779588245335426
^SPX,2026-02-24 16:15:00,SPX,2026-11-20,6700.0,C,0.0,0.0,0.0,0.0,0,20,634.1,9,635.8,6852.66,6913.22,3659,0.7342465753424657,634.95,6882.9400000000005,0.17677902585881264
^SPX,2026-02-24 16:15:00,SPX,2026-11-20,6725.0,C,0.0,0.0,0.0,0.0,0,23,616.5,9,618.3,6852.66,6913.22,2265,0.7342465753424657,617.4,6882.9400000000005,0.17558954140855618
^SPX,2026-02-24 16:15:00,SPX,2026-11-20,6750.0,C,0.0,0.0,0.0,0.0,0,23,599.0,18,600.9,6852.66,6913.22,2630,0.7342465753424657,599.95,6882.9400000000005,0.1743655383097696
^SPX,2026-02-24 16:15:00,SPX,2026-11-20,6775.0,C,0.0,0.0,0.0,0.0,0,29,581.8,26,583.8,6852.66,6913.22,1881,0.7342465753424657,582.8,6882.9400000000005,0.17319833821884945
^SPX,2026-02-24 16:15:00,SPX,2026-11-20,6800.0,C,0.0,0.0,0.0,0.0,0,27,564.7,18,566.5,6852.66,6913.22,3740,0.7342465753424657,565.6,6882.9400000000005,0.17192458725363458
^SPX,2026-02-24 16:15:00,SPX,2026-11-20,6825.0,C,524.7,543.7,524.7,540.2,6,32,547.8,18,549.5,6852.66,6913.22,1584,0.7342465753424657,548.65,6882.9400000000005,0.1706810531368872
^SPX,2026-02-24 16:15:00,SPX,2026-11-20,6850.0,C,0.0,0.0,0.0,0.0,0,31,531.1,18,532.8,6852.66,6913.22,1269,0.7342465753424657,531.95,6882.9400000000005,0.16946500996873928
^SPX,2026-02-24 16:15:00,SPX,2026-11-20,6875.0,C,0.0,0.0,0.0,0.0,0,25,514.5,11,516.2,6852.66,6913.22,616,0.7342465753424657,515.35,6882.9400000000005,0.16820698650608534
^SPX,2026-02-24 16:15:00,SPX,2026-11-20,6900.0,C,0.0,0.0,0.0,0.0,0,32,498.1,18,499.8,6852.66,6913.22,1526,0.7342465753424657,498.95000000000005,6882.9400000000005,0.16695020687681197
^SPX,2026-02-24 16:15:00,SPX,2026-11-20,6925.0,C,0.0,0.0,0.0,0.0,0,34,481.9,20,483.6,6852.66,6913.22,300,0.7342465753424657,482.75,6882.9400000000005,0.16569264062836453
^SPX,2026-02-24 16:15:00,SPX,2026-11-20,6950.0,C,0.0,0.0,0.0,0.0,0,26,466.0,21,467.6,6852.66,6913.22,1136,0.7342465753424657,466.8,6882.9400000000005,0.16445413933284056
^SPX,2026-02-24 16:15:00,SPX,2026-11-20,6975.0,C,449.84,449.84,449.84,449.84,72,40,450.2,28,451.8,6852.66,6913.22,113,0.7342465753424657,451.0,6882.9400000000005,0.1631889018813769
^SPX,2026-02-24 16:15:00,SPX,2026-11-20,7000.0,C,436.16,436.16,432.67,432.67,121,36,434.6,30,436.1,6852.66,6913.22,4084,0.7342465753424657,435.35,6882.9400000000005,0.16189532822553832
^SPX,2026-02-24 16:15:00,SPX,2026-11-20,7025.0,C,420.76,420.76,420.25,420.25,44,36,419.2,29,420.9,6852.66,6913.22,299,0.7342465753424657,420.04999999999995,6882.9400000000005,0.16065784543678605
^SPX,2026-02-24 16:15:00,SPX,2026-11-20,7050.0,C,0.0,0.0,0.0,0.0,0,32,404.1,30,405.7,6852.66,6913.22,3120,0.7342465753424657,404.9,6882.9400000000005,0.159387932645611
^SPX,2026-02-24 16:15:00,SPX,2026-11-20,7075.0,C,386.65,389.21,386.55,388.83,308,41,389.2,40,390.8,6852.66,6913.22,959,0.7342465753424657,390.0,6882.9400000000005,0.15812664102371593
^SPX,2026-02-24 16:15:00,SPX,2026-11-20,7100.0,C,360.15,378.42,359.43,378.42,124,44,374.5,42,376.0,6852.66,6913.22,830,0.7342465753424657,375.25,6882.9400000000005,0.1568291912116161
^SPX,2026-02-24 16:15:00,SPX,2026-11-20,7125.0,C,359.6,360.85,359.28,360.72,164,32,360.1,42,361.5,6852.66,6913.22,718,0.7342465753424657,360.8,6882.9400000000005,0.15555757748055482
^SPX,2026-02-24 16:15:00,SPX,2026-11-20,7150.0,C,345.75,345.75,345.31,345.34,8,22,345.9,32,347.4,6852.66,6913.22,741,0.7342465753424657,346.65,6882.9400000000005,0.1543095858515657
^SPX,2026-02-24 16:15:00,SPX,2026-11-20,7175.0,C,0.0,0.0,0.0,0.0,0,33,331.9,33,333.5,6852.66,6913.22,535,0.7342465753424657,332.7,6882.9400000000005,0.15304061994157722
^SPX,2026-02-24 16:15:00,SPX,2026-11-20,7200.0,C,317.33,317.59,317.33,317.59,2,34,318.3,45,319.8,6852.66,6913.22,2150,0.7342465753424657,319.05,6882.9400000000005,0.15179116687076
^SPX,2026-02-24 16:15:00,SPX,2026-11-20,7225.0,C,0.0,0.0,0.0,0.0,0,23,304.9,35,306.3,6852.66,6913.22,601,0.7342465753424657,305.6,6882.9400000000005,0.1505166869607972
^SPX,2026-02-24 16:15:00,SPX,2026-11-20,7250.0,C,0.0,0.0,0.0,0.0,0,36,291.8,36,293.3,6852.66,6913.22,883,0.7342465753424657,292.55,6882.9400000000005,0.14930035307806155
^SPX,2026-02-24 16:15:00,SPX,2026-11-20,7275.0,C,0.0,0.0,0.0,0.0,0,36,279.0,36,280.5,6852.66,6913.22,81,0.7342465753424657,279.75,6882.9400000000005,0.1480764828280927
^SPX,2026-02-24 16:15:00,SPX,2026-11-20,7300.0,C,0.0,0.0,0.0,0.0,0,61,266.5,52,268.1,6852.66,6913.22,2836,0.7342465753424657,267.3,6882.9400000000005,0.14688607882622443
^SPX,2026-02-24 16:15:00,SPX,2026-11-20,7325.0,C,255.12,255.65,255.12,255.65,56,37,254.4,49,255.7,6852.66,6913.22,284,0.7342465753424657,255.05,6882.9400000000005,0.14566308229325736
^SPX,2026-02-24 16:15:00,SPX,2026-11-20,7350.0,C,0.0,0.0,0.0,0.0,0,68,242.5,49,244.1,6852.66,6913.22,1175,0.7342465753424657,243.3,6882.9400000000005,0.14453536541717643
^SPX,2026-02-24 16:15:00,SPX,2026-11-20,7375.0,C,229.62,229.62,229.62,229.62,124,71,231.0,52,232.6,6852.66,6913.22,397,0.7342465753424657,231.8,6882.9400000000005,0.1433939259079654
^SPX,2026-02-24 16:15:00,SPX,2026-11-20,7400.0,C,218.62,219.37,218.62,219.37,125,37,219.9,53,221.2,6852.66,6913.22,3594,0.7342465753424657,220.55,6882.9400000000005,0.1422370429842652
^SPX,2026-02-24 16:15:00,SPX,2026-11-20,7425.0,C,0.0,0.0,0.0,0.0,0,27,209.1,45,210.6,6852.66,6913.22,244,0.7342465753424657,209.85,6882.9400000000005,0.14119603502004596
^SPX,2026-02-24 16:15:00,SPX,2026-11-20,7450.0,C,196.08,196.11,195.96,195.96,3,63,198.6,58,200.1,6852.66,6913.22,1239,0.7342465753424657,199.35,6882.9400000000005,0.1401161351972939
^SPX,2026-02-24 16:15:00,SPX,2026-11-20,7475.0,C,181.04,188.9,181.04,188.9,65,40,188.5,60,190.0,6852.66,6913.22,323,0.7342465753424657,189.25,6882.9400000000005,0.1390857219689156
^SPX,2026-02-24 16:15:00,SPX,2026-11-20,7500.0,C,169.56,178.66,169.23,178.66,138,68,178.7,62,180.2,6852.66,6913.22,3816,0.7342465753424657,179.45,6882.9400000000005,0.13805981140579018
^SPX,2026-02-24 16:15:00,SPX,2026-11-20,7525.0,C,170.29,170.29,168.3,169.58,43,69,169.3,64,170.8,6852.66,6913.22,617,0.7342465753424657,170.05,6882.9400000000005,0.13708430735428465
^SPX,2026-02-24 16:15:00,SPX,2026-11-20,7550.0,C,159.27,159.52,159.17,159.52,110,91,160.2,67,161.7,6852.66,6913.22,786,0.7342465753424657,160.95,6882.9400000000005,0.13611374393220987
^SPX,2026-02-24 16:15:00,SPX,2026-11-20,7575.0,C,151.62,152.17,151.62,152.17,6,70,151.5,56,153.0,6852.66,6913.22,287,0.7342465753424657,152.25,6882.9400000000005,0.13519586458753988
^SPX,2026-02-24 16:15:00,SPX,2026-11-20,7600.0,C,144.94,144.94,143.07,144.32,94,95,143.2,72,144.7,6852.66,6913.22,2413,0.7342465753424657,143.95,6882.9400000000005,0.13433316535834855
^SPX,2026-02-24 16:15:00,SPX,2026-11-20,7625.0,C,136.4,136.4,135.25,135.3,6,74,135.2,59,136.7,6852.66,6913.22,306,0.7342465753424657,135.95,6882.9400000000005,0.13347934401917996
^SPX,2026-02-24 16:15:00,SPX,2026-11-20,7650.0,C,124.48,127.33,124.48,127.33,7,73,127.6,63,129.0,6852.66,6913.22,496,0.7342465753424657,128.3,6882.9400000000005,0.13266058594067526
^SPX,2026-02-24 16:15:00,SPX,2026-11-20,7675.0,C,117.34,120.04,117.34,120.04,5,59,120.3,63,121.7,6852.66,6913.22,250,0.7342465753424657,121.0,6882.9400000000005,0.13187970137937916
^SPX,2026-02-24 16:15:00,SPX,2026-11-20,7700.0,C,113.7,113.7,113.7,113.7,1,82,113.3,65,114.7,6852.66,6913.22,627,0.7342465753424657,114.0,6882.9400000000005,0.13111385667177766
^SPX,2026-02-24 16:15:00,SPX,2026-11-20,7725.0,C,0.0,0.0,0.0,0.0,0,84,106.6,68,108.0,6852.66,6913.22,626,0.7342465753424657,107.3,6882.9400000000005,0.1303653169346143
^SPX,2026-02-24 16:15:00,SPX,2026-11-20,7750.0,C,0.0,0.0,0.0,0.0,0,88,100.3,70,101.7,6852.66,6913.22,225,0.7342465753424657,101.0,6882.9400000000005,0.12969166762131548
^SPX,2026-02-24 16:15:00,SPX,2026-11-20,7775.0,C,0.0,0.0,0.0,0.0,0,93,94.3,94,95.7,6852.66,6913.22,284,0.7342465753424657,95.0,6882.9400000000005,0.12904396922486794
^SPX,2026-02-24 16:15:00,SPX,2026-11-20,7800.0,C,88.93,89.78,88.93,89.78,1201,109,88.6,136,90.0,6852.66,6913.22,2247,0.7342465753424657,89.3,6882.9400000000005,0.12842631804169607
^SPX,2026-02-24 16:15:00,SPX,2026-11-20,7825.0,C,0.0,0.0,0.0,0.0,0,83,83.2,103,84.5,6852.66,6913.22,148,0.7342465753424657,83.85,6882.9400000000005,0.12781386983679896
^SPX,2026-02-24 16:15:00,SPX,2026-11-20,7850.0,C,75.14,78.55,75.14,78.5,122,107,78.1,144,79.4,6852.66,6913.22,364,0.7342465753424657,78.75,6882.9400000000005,0.12727055277721327
^SPX,2026-02-24 16:15:00,SPX,2026-11-20,7875.0,C,0.0,0.0,0.0,0.0,0,90,73.2,112,74.5,6852.66,6913.22,51,0.7342465753424657,73.85,6882.9400000000005,0.12671124181702878
^SPX,2026-02-24 16:15:00,SPX,2026-11-20,7900.0,C,64.27,69.27,64.15,69.27,124,120,68.7,120,69.6,6852.66,6913.22,1759,0.7342465753424657,69.15,6882.9400000000005,0.12613756164366813
^SPX,2026-02-24 16:15:00,SPX,2026-11-20,7950.0,C,57.21,60.8,57.21,60.8,7,99,60.2,128,61.4,6852.66,6913.22,111,0.7342465753424657,60.8,6882.9400000000005,0.1252649317101411
^SPX,2026-02-24 16:15:00,SPX,2026-11-20,8000.0,C,0.0,0.0,0.0,0.0,0,107,52.7,141,53.8,6852.66,6913.22,600,0.7342465753424657,53.25,6882.9400000000005,0.12440666036652769
^SPX,2026-02-24 16:15:00,SPX,2026-11-20,8100.0,C,39.2,39.2,39.2,39.2,1,155,40.1,184,41.2,6852.66,6913.22,569,0.7342465753424657,40.650000000000006,6882.9400000000005,0.12298150570657787
^SPX,2026-02-24 16:15:00,SPX,2026-11-20,8200.0,C,0.0,0.0,0.0,0.0,0,182,30.5,144,31.3,6852.66,6913.22,664,0.7342465753424657,30.9,6882.9400000000005,0.12193244469443083
^SPX,2026-02-24 16:15:00,SPX,2026-11-20,8300.0,C,22.49,23.6,22.49,23.5,122,302,23.2,86,23.8,6852.66,6913.22,330,0.7342465753424657,23.5,6882.9400000000005,0.12129695865902862
^SPX,2026-02-24 16:15:00,SPX,2026-11-20,8400.0,C,18.04,18.04,18.04,18.04,2,248,17.6,212,18.3,6852.66,6913.22,103,0.7342465753424657,17.950000000000003,6882.9400000000005,0.12106751775997922
^SPX,2026-02-24 16:15:00,SPX,2026-11-20,8500.0,C,12.5,12.5,12.5,12.5,1,296,13.4,61,14.0,6852.66,6913.22,367,0.7342465753424657,13.7,6882.9400000000005,0.12102465853895226
^SPX,2026-02-24 16:15:00,SPX,2026-11-20,8600.0,C,10.27,10.68,10.27,10.59,8,290,10.3,72,10.8,6852.66,6913.22,759,0.7342465753424657,10.55,6882.9400000000005,0.12133194902871199
^SPX,2026-02-24 16:15:00,SPX,2026-11-20,8800.0,C,0.0,0.0,0.0,0.0,0,312,6.2,516,6.7,6852.66,6913.22,771,0.7342465753424657,6.45,6882.9400000000005,0.12278185773163841
^SPX,2026-02-24 16:15:00,SPX,2026-11-20,9000.0,C,3.8,3.85,3.8,3.85,4,378,3.8,519,4.2,6852.66,6913.22,290,0.7342465753424657,4.0,6882.9400000000005,0.12456557270182597
^SPX,2026-02-24 16:15:00,SPX,2026-11-20,9200.0,C,0.0,0.0,0.0,0.0,0,350,2.35,522,2.7,6852.66,6913.22,106,0.7342465753424657,2.5250000000000004,6882.9400000000005,0.1266101770883925
^SPX,2026-02-24 16:15:00,SPX,2026-11-20,9400.0,C,0.0,0.0,0.0,0.0,0,548,1.45,413,1.8,6852.66,6913.22,17,0.7342465753424657,1.625,6882.9400000000005,0.12884941163621652
^SPX,2026-02-24 16:15:00,SPX,2026-12-18,4975.0,C,0.0,0.0,0.0,0.0,0,7,2083.8,2,2089.3,6852.66,6913.22,2,0.810958904109589,2086.55,6882.9400000000005,0.13628673988925435
^SPX,2026-02-24 16:15:00,SPX,2026-12-18,5000.0,C,0.0,0.0,0.0,0.0,0,2,2061.8,2,2066.0,6852.66,6913.22,89944,0.810958904109589,2063.9,6882.9400000000005,0.15969892053052148
^SPX,2026-02-24 16:15:00,SPX,2026-12-18,5025.0,C,0.0,0.0,0.0,0.0,0,7,2038.6,2,2043.9,6852.66,6913.22,15,0.810958904109589,2041.25,6882.9400000000005,0.1696378074008587
^SPX,2026-02-24 16:15:00,SPX,2026-12-18,5050.0,C,0.0,0.0,0.0,0.0,0,2,2016.6,2,2020.7,6852.66,6913.22,92,0.810958904109589,2018.65,6882.9400000000005,0.1763196840190214
^SPX,2026-02-24 16:15:00,SPX,2026-12-18,5075.0,C,0.0,0.0,0.0,0.0,0,7,1993.4,2,1998.7,6852.66,6913.22,31,0.810958904109589,1996.0500000000002,6882.9400000000005,0.18113257701069968
^SPX,2026-02-24 16:15:00,SPX,2026-12-18,5100.0,C,0.0,0.0,0.0,0.0,0,2,1971.5,2,1975.6,6852.66,6913.22,3307,0.810958904109589,1973.55,6882.9400000000005,0.1851601829770725
^SPX,2026-02-24 16:15:00,SPX,2026-12-18,5125.0,C,0.0,0.0,0.0,0.0,0,7,1948.4,2,1953.6,6852.66,6913.22,333,0.810958904109589,1951.0,6882.9400000000005,0.18814122318645657
^SPX,2026-02-24 16:15:00,SPX,2026-12-18,5150.0,C,0.0,0.0,0.0,0.0,0,2,1926.6,2,1930.6,6852.66,6913.22,188,0.810958904109589,1928.6,6882.9400000000005,0.19094395184192764
^SPX,2026-02-24 16:15:00,SPX,2026-12-18,5175.0,C,0.0,0.0,0.0,0.0,0,7,1903.6,2,1908.8,6852.66,6913.22,31,0.810958904109589,1906.1999999999998,6882.9400000000005,0.19319132318762802
^SPX,2026-02-24 16:15:00,SPX,2026-12-18,5200.0,C,0.0,0.0,0.0,0.0,0,2,1881.8,2,1886.0,6852.66,6913.22,3093,0.810958904109589,1883.9,6882.9400000000005,0.1952409659825256
^SPX,2026-02-24 16:15:00,SPX,2026-12-18,5225.0,C,0.0,0.0,0.0,0.0,0,8,1858.9,2,1864.1,6852.66,6913.22,51,0.810958904109589,1861.5,6882.9400000000005,0.19667242650304328
^SPX,2026-02-24 16:15:00,SPX,2026-12-18,5250.0,C,0.0,0.0,0.0,0.0,0,2,1837.3,2,1841.2,6852.66,6913.22,476,0.810958904109589,1839.25,6882.9400000000005,0.1981199896425513
^SPX,2026-02-24 16:15:00,SPX,2026-12-18,5275.0,C,0.0,0.0,0.0,0.0,0,8,1814.4,2,1819.5,6852.66,6913.22,2,0.810958904109589,1816.95,6882.9400000000005,0.19917735853007754
^SPX,2026-02-24 16:15:00,SPX,2026-12-18,5300.0,C,0.0,0.0,0.0,0.0,0,2,1792.9,2,1796.8,6852.66,6913.22,3990,0.810958904109589,1794.85,6882.9400000000005,0.20036412346245075
^SPX,2026-02-24 16:15:00,SPX,2026-12-18,5325.0,C,0.0,0.0,0.0,0.0,0,2,1770.2,2,1775.2,6852.66,6913.22,2,0.810958904109589,1772.7,6882.9400000000005,0.20121501624117485
^SPX,2026-02-24 16:15:00,SPX,2026-12-18,5350.0,C,0.0,0.0,0.0,0.0,0,2,1748.7,2,1752.5,6852.66,6913.22,831,0.810958904109589,1750.6,6882.9400000000005,0.20194005840638335
^SPX,2026-02-24 16:15:00,SPX,2026-12-18,5375.0,C,0.0,0.0,0.0,0.0,0,2,1726.1,2,1731.0,6852.66,6913.22,1,0.810958904109589,1728.55,6882.9400000000005,0.2025511828301253
^SPX,2026-02-24 16:15:00,SPX,2026-12-18,5400.0,C,1654.8,1654.8,1648.0,1648.0,9,2,1704.6,2,1708.5,6852.66,6913.22,2522,0.810958904109589,1706.55,6882.9400000000005,0.20305842840308674
^SPX,2026-02-24 16:15:00,SPX,2026-12-18,5425.0,C,0.0,0.0,0.0,0.0,0,2,1682.3,2,1687.0,6852.66,6913.22,5,0.810958904109589,1684.65,6882.9400000000005,0.20354185318320236
^SPX,2026-02-24 16:15:00,SPX,2026-12-18,5450.0,C,0.0,0.0,0.0,0.0,0,2,1661.0,2,1664.7,6852.66,6913.22,180,0.810958904109589,1662.85,6882.9400000000005,0.20399959492146966
^SPX,2026-02-24 16:15:00,SPX,2026-12-18,5475.0,C,0.0,0.0,0.0,0.0,0,2,1638.6,2,1643.4,6852.66,6913.22,7,0.810958904109589,1641.0,6882.9400000000005,0.20423348273885458
^SPX,2026-02-24 16:15:00,SPX,2026-12-18,5500.0,C,1608.71,1609.24,1608.71,1609.24,2,2,1617.5,2,1621.1,6852.66,6913.22,6439,0.810958904109589,1619.3,6882.9400000000005,0.2045179756621581
^SPX,2026-02-24 16:15:00,SPX,2026-12-18,5525.0,C,0.0,0.0,0.0,0.0,0,2,1595.3,2,1599.8,6852.66,6913.22,7,0.810958904109589,1597.55,6882.9400000000005,0.2046008136245831
^SPX,2026-02-24 16:15:00,SPX,2026-12-18,5550.0,C,0.0,0.0,0.0,0.0,0,2,1574.1,2,1577.9,6852.66,6913.22,610,0.810958904109589,1576.0,6882.9400000000005,0.20479287553353878
^SPX,2026-02-24 16:15:00,SPX,2026-12-18,5575.0,C,0.0,0.0,0.0,0.0,0,2,1552.1,2,1556.6,6852.66,6913.22,581,0.810958904109589,1554.35,6882.9400000000005,0.20474073390013958
^SPX,2026-02-24 16:15:00,SPX,2026-12-18,5600.0,C,0.0,0.0,0.0,0.0,0,2,1531.1,2,1534.8,6852.66,6913.22,4336,0.810958904109589,1532.9499999999998,6882.9400000000005,0.20484781134489952
^SPX,2026-02-24 16:15:00,SPX,2026-12-18,5625.0,C,0.0,0.0,0.0,0.0,0,2,1509.1,2,1513.6,6852.66,6913.22,307,0.810958904109589,1511.35,6882.9400000000005,0.20462079023628846
^SPX,2026-02-24 16:15:00,SPX,2026-12-18,5650.0,C,0.0,0.0,0.0,0.0,0,2,1488.2,2,1491.8,6852.66,6913.22,1400,0.810958904109589,1490.0,6882.9400000000005,0.2045484522130025
^SPX,2026-02-24 16:15:00,SPX,2026-12-18,5675.0,C,0.0,0.0,0.0,0.0,0,2,1466.5,2,1470.8,6852.66,6913.22,35,0.810958904109589,1468.65,6882.9400000000005,0.20436628011772762
^SPX,2026-02-24 16:15:00,SPX,2026-12-18,5700.0,C,0.0,0.0,0.0,0.0,0,2,1445.8,2,1449.2,6852.66,6913.22,3663,0.810958904109589,1447.5,6882.9400000000005,0.20427383880481256
^SPX,2026-02-24 16:15:00,SPX,2026-12-18,5725.0,C,0.0,0.0,0.0,0.0,0,2,1424.1,2,1428.4,6852.66,6913.22,58,0.810958904109589,1426.25,6882.9400000000005,0.2039809735675957
^SPX,2026-02-24 16:15:00,SPX,2026-12-18,5750.0,C,0.0,0.0,0.0,0.0,0,2,1403.5,2,1406.8,6852.66,6913.22,1429,0.810958904109589,1405.15,6882.9400000000005,0.20372904541850606
^SPX,2026-02-24 16:15:00,SPX,2026-12-18,5775.0,C,0.0,0.0,0.0,0.0,0,2,1381.9,2,1386.2,6852.66,6913.22,224,0.810958904109589,1384.0500000000002,6882.9400000000005,0.20338017863160693
^SPX,2026-02-24 16:15:00,SPX,2026-12-18,5800.0,C,0.0,0.0,0.0,0.0,0,2,1361.4,2,1364.8,6852.66,6913.22,6939,0.810958904109589,1363.1,6882.9400000000005,0.2030688065943584
^SPX,2026-02-24 16:15:00,SPX,2026-12-18,5825.0,C,0.0,0.0,0.0,0.0,0,2,1340.1,2,1344.3,6852.66,6913.22,18,0.810958904109589,1342.1999999999998,6882.9400000000005,0.20270632105016656
^SPX,2026-02-24 16:15:00,SPX,2026-12-18,5850.0,C,0.0,0.0,0.0,0.0,0,2,1319.7,2,1323.0,6852.66,6913.22,598,0.810958904109589,1321.35,6882.9400000000005,0.20229462551820127
^SPX,2026-02-24 16:15:00,SPX,2026-12-18,5875.0,C,0.0,0.0,0.0,0.0,0,2,1298.5,2,1302.6,6852.66,6913.22,171,0.810958904109589,1300.55,6882.9400000000005,0.2018354395197605
^SPX,2026-02-24 16:15:00,SPX,2026-12-18,5900.0,C,0.0,0.0,0.0,0.0,0,2,1278.3,2,1281.7,6852.66,6913.22,3560,0.810958904109589,1280.0,6882.9400000000005,0.20148547917218987
^SPX,2026-02-24 16:15:00,SPX,2026-12-18,5925.0,C,0.0,0.0,0.0,0.0,0,2,1257.2,2,1261.3,6852.66,6913.22,29,0.810958904109589,1259.25,6882.9400000000005,0.20089435063665373
^SPX,2026-02-24 16:15:00,SPX,2026-12-18,5950.0,C,0.0,0.0,0.0,0.0,0,2,1237.0,2,1240.5,6852.66,6913.22,723,0.810958904109589,1238.75,6882.9400000000005,0.20040993124289616
^SPX,2026-02-24 16:15:00,SPX,2026-12-18,5975.0,C,0.0,0.0,0.0,0.0,0,2,1216.3,2,1220.3,6852.66,6913.22,119,0.810958904109589,1218.3,6882.9400000000005,0.1998785947707686
^SPX,2026-02-24 16:15:00,SPX,2026-12-18,6000.0,C,1149.66,1200.85,1149.66,1197.3,36,2,1196.2,2,1199.5,6852.66,6913.22,94462,0.810958904109589,1197.85,6882.9400000000005,0.19926633777630703
^SPX,2026-02-24 16:15:00,SPX,2026-12-18,6025.0,C,0.0,0.0,0.0,0.0,0,2,1175.6,2,1179.5,6852.66,6913.22,405,0.810958904109589,1177.55,6882.9400000000005,0.19868058362517377
^SPX,2026-02-24 16:15:00,SPX,2026-12-18,6050.0,C,0.0,0.0,0.0,0.0,0,2,1155.7,2,1158.9,6852.66,6913.22,1272,0.810958904109589,1157.3000000000002,6882.9400000000005,0.19805020793623174
^SPX,2026-02-24 16:15:00,SPX,2026-12-18,6075.0,C,0.0,0.0,0.0,0.0,0,2,1135.2,2,1139.1,6852.66,6913.22,44,0.810958904109589,1137.15,6882.9400000000005,0.19740955563393872
^SPX,2026-02-24 16:15:00,SPX,2026-12-18,6100.0,C,0.0,0.0,0.0,0.0,0,2,1115.5,2,1118.7,6852.66,6913.22,3706,0.810958904109589,1117.1,6882.9400000000005,0.1967576546234228
^SPX,2026-02-24 16:15:00,SPX,2026-12-18,6125.0,C,1097.59,1097.59,1097.59,1097.59,3,2,1095.3,2,1099.1,6852.66,6913.22,18,0.810958904109589,1097.1999999999998,6882.9400000000005,0.19612551810168483
^SPX,2026-02-24 16:15:00,SPX,2026-12-18,6150.0,C,1077.67,1077.67,1077.67,1077.67,3,2,1075.8,2,1078.8,6852.66,6913.22,633,0.810958904109589,1077.3,6882.9400000000005,0.19541653751175156
^SPX,2026-02-24 16:15:00,SPX,2026-12-18,6175.0,C,0.0,0.0,0.0,0.0,0,2,1055.6,2,1059.4,6852.66,6913.22,195,0.810958904109589,1057.5,6882.9400000000005,0.19469494922286262
^SPX,2026-02-24 16:15:00,SPX,2026-12-18,6200.0,C,1040.67,1040.67,1039.9,1039.9,21,2,1036.3,2,1039.3,6852.66,6913.22,8918,0.810958904109589,1037.8,6882.9400000000005,0.19395992949191967
^SPX,2026-02-24 16:15:00,SPX,2026-12-18,6225.0,C,0.0,0.0,0.0,0.0,0,2,1016.2,2,1019.9,6852.66,6913.22,1092,0.810958904109589,1018.05,6882.9400000000005,0.19312179517534417
^SPX,2026-02-24 16:15:00,SPX,2026-12-18,6250.0,C,0.0,0.0,0.0,0.0,0,2,997.2,2,1000.1,6852.66,6913.22,698,0.810958904109589,998.6500000000001,6882.9400000000005,0.1924173959126649
^SPX,2026-02-24 16:15:00,SPX,2026-12-18,6275.0,C,0.0,0.0,0.0,0.0,0,2,977.3,2,981.0,6852.66,6913.22,51,0.810958904109589,979.15,6882.9400000000005,0.1915807941123415
^SPX,2026-02-24 16:15:00,SPX,2026-12-18,6300.0,C,0.0,0.0,0.0,0.0,0,1,959.2,1,961.0,6852.66,6913.22,4671,0.810958904109589,960.1,6882.9400000000005,0.19092673716079467
^SPX,2026-02-24 16:15:00,SPX,2026-12-18,6325.0,C,0.0,0.0,0.0,0.0,0,1,940.1,1,941.8,6852.66,6913.22,121,0.810958904109589,940.95,6882.9400000000005,0.19014029433990945
^SPX,2026-02-24 16:15:00,SPX,2026-12-18,6350.0,C,0.0,0.0,0.0,0.0,0,1,920.8,1,922.7,6852.66,6913.22,922,0.810958904109589,921.75,6882.9400000000005,0.18925363618208288
^SPX,2026-02-24 16:15:00,SPX,2026-12-18,6375.0,C,0.0,0.0,0.0,0.0,0,1,901.8,1,903.6,6852.66,6913.22,54,0.810958904109589,902.7,6882.9400000000005,0.18837725883663925
^SPX,2026-02-24 16:15:00,SPX,2026-12-18,6400.0,C,0.0,0.0,0.0,0.0,0,1,883.0,1,884.7,6852.66,6913.22,5892,0.810958904109589,883.85,6882.9400000000005,0.18753565704073438
^SPX,2026-02-24 16:15:00,SPX,2026-12-18,6425.0,C,0.0,0.0,0.0,0.0,0,1,864.0,1,865.9,6852.66,6913.22,286,0.810958904109589,864.95,6882.9400000000005,0.18659568695064113
^SPX,2026-02-24 16:15:00,SPX,2026-12-18,6450.0,C,0.0,0.0,0.0,0.0,0,1,845.3,1,847.1,6852.66,6913.22,942,0.810958904109589,846.2,6882.9400000000005,0.18566278094947078
^SPX,2026-02-24 16:15:00,SPX,2026-12-18,6475.0,C,0.0,0.0,0.0,0.0,0,1,826.7,1,828.5,6852.66,6913.22,385,0.810958904109589,827.6,6882.9400000000005,0.18473517760743446
^SPX,2026-02-24 16:15:00,SPX,2026-12-18,6500.0,C,801.05,801.05,801.05,801.05,1,1,808.2,1,810.0,6852.66,6913.22,10472,0.810958904109589,809.1,6882.9400000000005,0.1837862386924089
^SPX,2026-02-24 16:15:00,SPX,2026-12-18,6525.0,C,0.0,0.0,0.0,0.0,0,1,789.8,1,791.6,6852.66,6913.22,141,0.810958904109589,790.7,6882.9400000000005,0.18281535440038177
^SPX,2026-02-24 16:15:00,SPX,2026-12-18,6550.0,C,0.0,0.0,0.0,0.0,0,1,771.5,1,773.3,6852.66,6913.22,1382,0.810958904109589,772.4,6882.9400000000005,0.18182190575273363
^SPX,2026-02-24 16:15:00,SPX,2026-12-18,6575.0,C,0.0,0.0,0.0,0.0,0,1,753.3,1,755.2,6852.66,6913.22,136,0.810958904109589,754.25,6882.9400000000005,0.1808292780690001
^SPX,2026-02-24 16:15:00,SPX,2026-12-18,6600.0,C,0.0,0.0,0.0,0.0,0,1,735.4,1,737.1,6852.66,6913.22,7267,0.810958904109589,736.25,6882.9400000000005,0.17983595620915616
^SPX,2026-02-24 16:15:00,SPX,2026-12-18,6625.0,C,0.0,0.0,0.0,0.0,0,1,717.5,1,719.2,6852.66,6913.22,271,0.810958904109589,718.35,6882.9400000000005,0.17881703142340064
^SPX,2026-02-24 16:15:00,SPX,2026-12-18,6650.0,C,0.0,0.0,0.0,0.0,0,1,699.7,1,701.4,6852.66,6913.22,2397,0.810958904109589,700.55,6882.9400000000005,0.17777188876874223
^SPX,2026-02-24 16:15:00,SPX,2026-12-18,6675.0,C,0.0,0.0,0.0,0.0,0,1,681.9,1,683.7,6852.66,6913.22,657,0.810958904109589,682.8,6882.9400000000005,0.1766769525247761
^SPX,2026-02-24 16:15:00,SPX,2026-12-18,6700.0,C,0.0,0.0,0.0,0.0,0,21,664.5,9,666.0,6852.66,6913.22,7899,0.810958904109589,665.25,6882.9400000000005,0.17560034341049346
^SPX,2026-02-24 16:15:00,SPX,2026-12-18,6725.0,C,636.19,641.28,636.19,637.7,8,21,647.2,10,648.8,6852.66,6913.22,861,0.810958904109589,648.0,6882.9400000000005,0.17458485893908238
^SPX,2026-02-24 16:15:00,SPX,2026-12-18,6750.0,C,0.0,0.0,0.0,0.0,0,18,629.9,10,631.5,6852.66,6913.22,4595,0.810958904109589,630.7,6882.9400000000005,0.17347146532039168
^SPX,2026-02-24 16:15:00,SPX,2026-12-18,6775.0,C,0.0,0.0,0.0,0.0,0,23,612.8,10,614.4,6852.66,6913.22,1144,0.810958904109589,613.5999999999999,6882.9400000000005,0.1723715748154029
^SPX,2026-02-24 16:15:00,SPX,2026-12-18,6800.0,C,598.9,599.9,593.8,593.8,17,30,595.9,18,597.4,6852.66,6913.22,18236,0.810958904109589,596.65,6882.9400000000005,0.17126139331251913
^SPX,2026-02-24 16:15:00,SPX,2026-12-18,6825.0,C,0.0,0.0,0.0,0.0,0,30,579.1,11,580.6,6852.66,6913.22,3207,0.810958904109589,579.85,6882.9400000000005,0.17013959742253407
^SPX,2026-02-24 16:15:00,SPX,2026-12-18,6850.0,C,0.0,0.0,0.0,0.0,0,31,562.5,18,563.9,6852.66,6913.22,13938,0.810958904109589,563.2,6882.9400000000005,0.16900486818384614
^SPX,2026-02-24 16:15:00,SPX,2026-12-18,6875.0,C,537.1,549.05,537.1,546.83,67,26,546.0,11,547.4,6852.66,6913.22,2282,0.810958904109589,546.7,6882.9400000000005,0.16785588490107264
^SPX,2026-02-24 16:15:00,SPX,2026-12-18,6900.0,C,531.0,532.24,527.97,529.35,38,30,529.7,11,531.1,6852.66,6913.22,12071,0.810958904109589,530.4000000000001,6882.9400000000005,0.16671248029298522
^SPX,2026-02-24 16:15:00,SPX,2026-12-18,6925.0,C,0.0,0.0,0.0,0.0,0,27,513.6,19,515.0,6852.66,6913.22,3631,0.810958904109589,514.3,6882.9400000000005,0.16557288510160542
^SPX,2026-02-24 16:15:00,SPX,2026-12-18,6950.0,C,496.0,496.0,496.0,496.0,1,19,497.7,19,498.9,6852.66,6913.22,5019,0.810958904109589,498.29999999999995,6882.9400000000005,0.16439359703376016
^SPX,2026-02-24 16:15:00,SPX,2026-12-18,6975.0,C,481.52,481.52,481.52,481.52,59,13,481.9,12,483.3,6852.66,6913.22,265,0.810958904109589,482.6,6882.9400000000005,0.16325672267404928
^SPX,2026-02-24 16:15:00,SPX,2026-12-18,7000.0,C,435.07,468.3,435.07,466.65,88,19,466.4,19,467.5,6852.66,6913.22,86063,0.810958904109589,466.95,6882.9400000000005,0.16205658585977648
^SPX,2026-02-24 16:15:00,SPX,2026-12-18,7025.0,C,441.83,445.58,441.83,442.36,5,14,451.0,13,452.2,6852.66,6913.22,855,0.810958904109589,451.6,6882.9400000000005,0.1608952437428943
^SPX,2026-02-24 16:15:00,SPX,2026-12-18,7050.0,C,415.8,430.9,411.43,430.9,5,21,435.8,20,437.0,6852.66,6913.22,2926,0.810958904109589,436.4,6882.9400000000005,0.15970903133296585
^SPX,2026-02-24 16:15:00,SPX,2026-12-18,7075.0,C,423.28,423.74,421.9,421.9,7,14,420.9,13,422.0,6852.66,6913.22,744,0.810958904109589,421.45,6882.9400000000005,0.1585373356371124
^SPX,2026-02-24 16:15:00,SPX,2026-12-18,7100.0,C,388.4,408.83,388.4,406.89,35,16,406.2,27,407.3,6852.66,6913.22,5633,0.810958904109589,406.75,6882.9400000000005,0.157378294964441
^SPX,2026-02-24 16:15:00,SPX,2026-12-18,7125.0,C,0.0,0.0,0.0,0.0,0,18,391.6,28,392.8,6852.66,6913.22,1974,0.810958904109589,392.20000000000005,6882.9400000000005,0.15618953000504918
^SPX,2026-02-24 16:15:00,SPX,2026-12-18,7150.0,C,373.22,381.45,373.22,381.45,450,1,377.4,18,378.4,6852.66,6913.22,5585,0.810958904109589,377.9,6882.9400000000005,0.15501003646943648
^SPX,2026-02-24 16:15:00,SPX,2026-12-18,7175.0,C,0.0,0.0,0.0,0.0,0,19,363.3,28,364.4,6852.66,6913.22,2349,0.810958904109589,363.85,6882.9400000000005,0.15383805544319135
^SPX,2026-02-24 16:15:00,SPX,2026-12-18,7200.0,C,350.6,351.0,350.6,350.9,6,18,349.5,28,350.5,6852.66,6913.22,14791,0.810958904109589,350.0,6882.9400000000005,0.15265165301529734
^SPX,2026-02-24 16:15:00,SPX,2026-12-18,7225.0,C,0.0,0.0,0.0,0.0,0,18,335.9,18,337.0,6852.66,6913.22,2848,0.810958904109589,336.45,6882.9400000000005,0.15148959323325728
^SPX,2026-02-24 16:15:00,SPX,2026-12-18,7250.0,C,298.0,321.4,295.2,321.4,29,1,322.7,29,323.7,6852.66,6913.22,6546,0.810958904109589,323.2,6882.9400000000005,0.15035024578680323
^SPX,2026-02-24 16:15:00,SPX,2026-12-18,7275.0,C,0.0,0.0,0.0,0.0,0,30,309.6,42,310.7,6852.66,6913.22,2411,0.810958904109589,310.15,6882.9400000000005,0.14919154406627638
^SPX,2026-02-24 16:15:00,SPX,2026-12-18,7300.0,C,290.7,298.0,290.7,297.7,7,12,296.9,30,297.9,6852.66,6913.22,4177,0.810958904109589,297.4,6882.9400000000005,0.14805244027171902
^SPX,2026-02-24 16:15:00,SPX,2026-12-18,7325.0,C,0.0,0.0,0.0,0.0,0,50,284.2,44,285.5,6852.66,6913.22,7294,0.810958904109589,284.85,6882.9400000000005,0.14689076880841126
^SPX,2026-02-24 16:15:00,SPX,2026-12-18,7350.0,C,0.0,0.0,0.0,0.0,0,13,272.3,45,273.3,6852.66,6913.22,5629,0.810958904109589,272.8,6882.9400000000005,0.14582757308073693
^SPX,2026-02-24 16:15:00,SPX,2026-12-18,7375.0,C,259.47,259.47,259.47,259.47,105,25,260.4,49,261.5,6852.66,6913.22,597,0.810958904109589,260.95,6882.9400000000005,0.1447393465550626
^SPX,2026-02-24 16:15:00,SPX,2026-12-18,7400.0,C,234.36,249.7,234.36,247.94,121,25,248.9,46,249.9,6852.66,6913.22,12465,0.810958904109589,249.4,6882.9400000000005,0.1436657916806337
^SPX,2026-02-24 16:15:00,SPX,2026-12-18,7425.0,C,0.0,0.0,0.0,0.0,0,28,237.6,39,238.7,6852.66,6913.22,1111,0.810958904109589,238.14999999999998,6882.9400000000005,0.14260594169365448
^SPX,2026-02-24 16:15:00,SPX,2026-12-18,7450.0,C,211.61,213.1,210.45,210.45,9,28,226.7,47,227.7,6852.66,6913.22,2634,0.810958904109589,227.2,6882.9400000000005,0.1415589384748689
^SPX,2026-02-24 16:15:00,SPX,2026-12-18,7475.0,C,215.37,215.37,215.37,215.37,2,30,216.1,42,217.1,6852.66,6913.22,662,0.810958904109589,216.6,6882.9400000000005,0.14054518903109328
^SPX,2026-02-24 16:15:00,SPX,2026-12-18,7500.0,C,188.6,207.41,188.6,207.41,34,30,205.9,57,206.9,6852.66,6913.22,14190,0.810958904109589,206.4,6882.9400000000005,0.13958600937013332
^SPX,2026-02-24 16:15:00,SPX,2026-12-18,7525.0,C,0.0,0.0,0.0,0.0,0,32,195.9,45,196.9,6852.66,6913.22,596,0.810958904109589,196.4,6882.9400000000005,0.1385959977917994
^SPX,2026-02-24 16:15:00,SPX,2026-12-18,7550.0,C,187.88,187.88,187.88,187.88,2,42,186.3,61,187.3,6852.66,6913.22,1930,0.810958904109589,186.8,6882.9400000000005,0.13766079076271612
^SPX,2026-02-24 16:15:00,SPX,2026-12-18,7575.0,C,178.83,178.83,178.83,178.83,2,17,177.1,15,178.0,6852.66,6913.22,445,0.810958904109589,177.55,6882.9400000000005,0.1367597611453891
^SPX,2026-02-24 16:15:00,SPX,2026-12-18,7600.0,C,163.1,169.9,163.1,169.12,45,45,168.1,65,169.1,6852.66,6913.22,9392,0.810958904109589,168.6,6882.9400000000005,0.13587157069774197
^SPX,2026-02-24 16:15:00,SPX,2026-12-18,7625.0,C,0.0,0.0,0.0,0.0,0,48,159.5,63,160.5,6852.66,6913.22,1594,0.810958904109589,160.0,6882.9400000000005,0.13501934306977423
^SPX,2026-02-24 16:15:00,SPX,2026-12-18,7650.0,C,0.0,0.0,0.0,0.0,0,37,151.3,35,152.2,6852.66,6913.22,1672,0.810958904109589,151.75,6882.9400000000005,0.13420475755388137
^SPX,2026-02-24 16:15:00,SPX,2026-12-18,7675.0,C,0.0,0.0,0.0,0.0,0,38,143.3,55,144.3,6852.66,6913.22,960,0.810958904109589,143.8,6882.9400000000005,0.13340647086591556
^SPX,2026-02-24 16:15:00,SPX,2026-12-18,7700.0,C,129.15,136.3,129.15,135.0,67,52,135.7,77,136.7,6852.66,6913.22,7281,0.810958904109589,136.2,6882.9400000000005,0.13264962711317146
^SPX,2026-02-24 16:15:00,SPX,2026-12-18,7725.0,C,122.85,128.2,122.85,128.2,430,53,128.4,79,129.4,6852.66,6913.22,1978,0.810958904109589,128.9,6882.9400000000005,0.13191287451203795
^SPX,2026-02-24 16:15:00,SPX,2026-12-18,7750.0,C,113.2,118.29,113.2,118.29,196,41,121.5,73,122.4,6852.66,6913.22,3443,0.810958904109589,121.95,6882.9400000000005,0.1312230080618412
^SPX,2026-02-24 16:15:00,SPX,2026-12-18,7775.0,C,0.0,0.0,0.0,0.0,0,21,114.8,41,115.7,6852.66,6913.22,486,0.810958904109589,115.25,6882.9400000000005,0.13053344723697421
^SPX,2026-02-24 16:15:00,SPX,2026-12-18,7800.0,C,99.73,109.5,99.57,109.5,23,69,108.4,56,109.3,6852.66,6913.22,12168,0.810958904109589,108.85,6882.9400000000005,0.1298713184398579
^SPX,2026-02-24 16:15:00,SPX,2026-12-18,7825.0,C,103.88,103.88,103.88,103.88,1,73,102.3,92,103.3,6852.66,6913.22,1588,0.810958904109589,102.8,6882.9400000000005,0.1292663456115695
^SPX,2026-02-24 16:15:00,SPX,2026-12-18,7850.0,C,89.9,96.8,89.9,96.4,49,104,96.5,95,97.5,6852.66,6913.22,2943,0.810958904109589,97.0,6882.9400000000005,0.12867021034697226
^SPX,2026-02-24 16:15:00,SPX,2026-12-18,7875.0,C,0.0,0.0,0.0,0.0,0,84,91.0,75,92.0,6852.66,6913.22,325,0.810958904109589,91.5,6882.9400000000005,0.12811317762003227
^SPX,2026-02-24 16:15:00,SPX,2026-12-18,7900.0,C,77.2,86.1,77.2,85.5,18,109,85.8,103,86.7,6852.66,6913.22,13279,0.810958904109589,86.25,6882.9400000000005,0.12757195463843377
^SPX,2026-02-24 16:15:00,SPX,2026-12-18,7950.0,C,0.0,0.0,0.0,0.0,0,94,76.1,85,77.0,6852.66,6913.22,1049,0.810958904109589,76.55,6882.9400000000005,0.12658173429633784
^SPX,2026-02-24 16:15:00,SPX,2026-12-18,8000.0,C,61.7,68.4,61.7,67.6,77,135,67.3,124,68.2,6852.66,6913.22,18657,0.810958904109589,67.75,6882.9400000000005,0.125644958609612
^SPX,2026-02-24 16:15:00,SPX,2026-12-18,8050.0,C,60.48,60.48,60.48,60.48,1,108,59.5,98,60.3,6852.66,6913.22,133,0.810958904109589,59.9,6882.9400000000005,0.12483014551250414
^SPX,2026-02-24 16:15:00,SPX,2026-12-18,8100.0,C,49.94,53.35,49.25,52.55,21,60,52.5,89,53.2,6852.66,6913.22,4386,0.810958904109589,52.85,6882.9400000000005,0.12408136774083638
^SPX,2026-02-24 16:15:00,SPX,2026-12-18,8150.0,C,0.0,0.0,0.0,0.0,0,5,46.3,114,47.0,6852.66,6913.22,733,0.810958904109589,46.65,6882.9400000000005,0.12348148879444333
^SPX,2026-02-24 16:15:00,SPX,2026-12-18,8200.0,C,40.0,41.5,39.9,40.85,64,60,40.8,76,41.3,6852.66,6913.22,8700,0.810958904109589,41.05,6882.9400000000005,0.12288943276630437
^SPX,2026-02-24 16:15:00,SPX,2026-12-18,8300.0,C,29.94,32.2,29.65,31.75,40,120,31.6,194,32.2,6852.66,6913.22,7021,0.810958904109589,31.900000000000002,6882.9400000000005,0.12212639938706861
^SPX,2026-02-24 16:15:00,SPX,2026-12-18,8400.0,C,24.7,24.7,24.7,24.7,6,92,24.5,372,25.1,6852.66,6913.22,9250,0.810958904109589,24.8,6882.9400000000005,0.12168388617568858
^SPX,2026-02-24 16:15:00,SPX,2026-12-18,8500.0,C,18.7,19.4,18.7,19.3,110,319,19.0,189,19.5,6852.66,6913.22,12145,0.810958904109589,19.25,6882.9400000000005,0.12143370262002467
^SPX,2026-02-24 16:15:00,SPX,2026-12-18,8600.0,C,14.99,15.1,14.99,15.1,9,343,14.8,202,15.3,6852.66,6913.22,7496,0.810958904109589,15.05,6882.9400000000005,0.12153733454354937
^SPX,2026-02-24 16:15:00,SPX,2026-12-18,8700.0,C,11.9,11.9,11.9,11.9,5,210,11.6,198,12.1,6852.66,6913.22,337,0.810958904109589,11.85,6882.9400000000005,0.12191432644898913
^SPX,2026-02-24 16:15:00,SPX,2026-12-18,8800.0,C,9.4,9.4,9.4,9.4,5,397,9.1,79,9.5,6852.66,6913.22,11417,0.810958904109589,9.3,6882.9400000000005,0.12229425272913537
^SPX,2026-02-24 16:15:00,SPX,2026-12-18,8900.0,C,7.2,7.5,7.2,7.5,6,216,7.3,212,7.6,6852.66,6913.22,112,0.810958904109589,7.449999999999999,6882.9400000000005,0.12313403631624152
^SPX,2026-02-24 16:15:00,SPX,2026-12-18,9000.0,C,5.9,5.9,5.9,5.9,7,206,5.8,347,6.1,6852.66,6913.22,40209,0.810958904109589,5.949999999999999,6882.9400000000005,0.12392127568406605
^SPX,2026-02-24 16:15:00,SPX,2026-12-18,9200.0,C,3.7,3.8,3.7,3.8,16,620,3.6,739,4.0,6852.66,6913.22,20538,0.810958904109589,3.8,6882.9400000000005,0.12552416521848536
^SPX,2026-02-24 16:15:00,SPX,2026-12-18,9400.0,C,2.45,2.45,2.45,2.45,9,650,2.3,389,2.6,6852.66,6913.22,4925,0.810958904109589,2.45,6882.9400000000005,0.12725428874005834
^SPX,2026-02-24 16:15:00,SPX,2026-12-18,9600.0,C,1.65,1.65,1.65,1.65,9,583,1.5,1,1.7,6852.66,6913.22,2059,0.810958904109589,1.6,6882.9400000000005,0.12910864931745863
^SPX,2026-02-24 16:15:00,SPX,2026-12-18,9800.0,C,1.1,1.1,1.1,1.1,8,457,1.0,413,1.3,6852.66,6913.22,521,0.810958904109589,1.15,6882.9400000000005,0.13217396887289384
^SPX,2026-02-24 16:15:00,SPX,2026-12-18,10000.0,C,0.9,0.9,0.9,0.9,10,673,0.7,1007,1.05,6852.66,6913.22,34514,0.810958904109589,0.875,6882.9400000000005,0.13577579982240684
^SPX,2026-02-24 16:15:00,SPX,2026-12-18,10200.0,C,0.75,0.75,0.75,0.75,8,379,0.5,432,0.85,6852.66,6913.22,458,0.810958904109589,0.675,6882.9400000000005,0.13931237991607273
^SPX,2026-02-24 16:15:00,SPX,2026-12-18,10400.0,C,0.65,0.65,0.6,0.6,7,437,0.35,443,0.75,6852.66,6913.22,313,0.810958904109589,0.55,6882.9400000000005,0.14332340878624025
^SPX,2026-02-24 16:15:00,SPX,2026-12-18,10600.0,C,0.55,0.55,0.5,0.5,7,463,0.3,460,0.65,6852.66,6913.22,589,0.810958904109589,0.475,6882.9400000000005,0.14785314186523962
^SPX,2026-02-24 16:15:00,SPX,2026-12-18,10800.0,C,0.45,0.45,0.4,0.4,7,460,0.25,465,0.6,6852.66,6913.22,500,0.810958904109589,0.425,6882.9400000000005,0.15262413516485615
^SPX,2026-02-24 16:15:00,SPX,2026-12-18,11000.0,C,0.4,0.4,0.4,0.4,7,463,0.2,428,0.5,6852.66,6913.22,782,0.810958904109589,0.35,6882.9400000000005,0.1561112329627607
^SPX,2026-02-24 16:15:00,SPX,2026-12-18,11200.0,C,0.35,0.35,0.35,0.35,6,472,0.15,436,0.45,6852.66,6913.22,27,0.810958904109589,0.3,6882.9400000000005,0.15992920466533977
^SPX,2026-02-24 16:15:00,SPX,2026-12-18,11400.0,C,0.3,0.3,0.3,0.3,12,496,0.1,438,0.4,6852.66,6913.22,78,0.810958904109589,0.25,6882.9400000000005,0.16320865098501888
^SPX,2026-02-24 16:15:00,SPX,2026-12-18,12000.0,C,0.1,0.15,0.1,0.15,9,0,0.0,17,0.15,6852.66,6913.22,14486,0.810958904109589,0.075,6882.9400000000005,0.16445518764969672
^SPX,2026-02-24 16:15:00,SPX,2027-01-15,4925.0,C,0.0,0.0,0.0,0.0,0,2,2148.5,2,2154.6,6852.66,6913.22,0,0.8876712328767123,2151.55,6882.9400000000005,0.14578815418642121
^SPX,2026-02-24 16:15:00,SPX,2027-01-15,4950.0,C,0.0,0.0,0.0,0.0,0,2,2126.3,2,2131.2,6852.66,6913.22,0,0.8876712328767123,2128.75,6882.9400000000005,0.15979380700872067
^SPX,2026-02-24 16:15:00,SPX,2027-01-15,4975.0,C,0.0,0.0,0.0,0.0,0,2,2103.4,2,2109.4,6852.66,6913.22,0,0.8876712328767123,2106.4,6882.9400000000005,0.1703227566575048
^SPX,2026-02-24 16:15:00,SPX,2027-01-15,5000.0,C,0.0,0.0,0.0,0.0,0,2,2081.5,2,2086.0,6852.66,6913.22,573,0.8876712328767123,2083.75,6882.9400000000005,0.17569305415908182
^SPX,2026-02-24 16:15:00,SPX,2027-01-15,5025.0,C,0.0,0.0,0.0,0.0,0,2,2058.5,2,2064.0,6852.66,6913.22,0,0.8876712328767123,2061.25,6882.9400000000005,0.18029795059009837
^SPX,2026-02-24 16:15:00,SPX,2027-01-15,5050.0,C,0.0,0.0,0.0,0.0,0,2,2036.4,2,2041.1,6852.66,6913.22,30,0.8876712328767123,2038.75,6882.9400000000005,0.18383128582698752
^SPX,2026-02-24 16:15:00,SPX,2027-01-15,5075.0,C,0.0,0.0,0.0,0.0,0,2,2013.7,2,2019.4,6852.66,6913.22,1,0.8876712328767123,2016.5500000000002,6882.9400000000005,0.18754959220555983
^SPX,2026-02-24 16:15:00,SPX,2027-01-15,5100.0,C,0.0,0.0,0.0,0.0,0,2,1991.9,2,1996.3,6852.66,6913.22,3,0.8876712328767123,1994.1,6882.9400000000005,0.18982181939321466
^SPX,2026-02-24 16:15:00,SPX,2027-01-15,5125.0,C,0.0,0.0,0.0,0.0,0,2,1969.0,2,1974.6,6852.66,6913.22,0,0.8876712328767123,1971.8,6882.9400000000005,0.19203125079515612
^SPX,2026-02-24 16:15:00,SPX,2027-01-15,5150.0,C,0.0,0.0,0.0,0.0,0,2,1947.3,2,1951.7,6852.66,6913.22,3,0.8876712328767123,1949.5,6882.9400000000005,0.19382064849448424
^SPX,2026-02-24 16:15:00,SPX,2027-01-15,5175.0,C,0.0,0.0,0.0,0.0,0,2,1924.6,2,1930.1,6852.66,6913.22,0,0.8876712328767123,1927.35,6882.9400000000005,0.19559165005617732
^SPX,2026-02-24 16:15:00,SPX,2027-01-15,5200.0,C,0.0,0.0,0.0,0.0,0,2,1902.8,2,1907.3,6852.66,6913.22,3,0.8876712328767123,1905.05,6882.9400000000005,0.19672746831773955
^SPX,2026-02-24 16:15:00,SPX,2027-01-15,5225.0,C,0.0,0.0,0.0,0.0,0,2,1880.3,2,1885.7,6852.66,6913.22,0,0.8876712328767123,1883.0,6882.9400000000005,0.19809567046954044
^SPX,2026-02-24 16:15:00,SPX,2027-01-15,5250.0,C,0.0,0.0,0.0,0.0,0,2,1858.5,2,1863.1,6852.66,6913.22,0,0.8876712328767123,1860.8,6882.9400000000005,0.19893025633765896
^SPX,2026-02-24 16:15:00,SPX,2027-01-15,5275.0,C,0.0,0.0,0.0,0.0,0,2,1836.1,2,1841.6,6852.66,6913.22,1,0.8876712328767123,1838.85,6882.9400000000005,0.19998778664222758
^SPX,2026-02-24 16:15:00,SPX,2027-01-15,5300.0,C,0.0,0.0,0.0,0.0,0,2,1814.7,2,1819.0,6852.66,6913.22,1,0.8876712328767123,1816.85,6882.9400000000005,0.20074486403710198
^SPX,2026-02-24 16:15:00,SPX,2027-01-15,5325.0,C,0.0,0.0,0.0,0.0,0,2,1792.2,2,1797.6,6852.66,6913.22,2,0.8876712328767123,1794.9,6882.9400000000005,0.20139206482370897
^SPX,2026-02-24 16:15:00,SPX,2027-01-15,5350.0,C,0.0,0.0,0.0,0.0,0,2,1770.9,2,1775.1,6852.66,6913.22,0,0.8876712328767123,1773.0,6882.9400000000005,0.20193908457699555
^SPX,2026-02-24 16:15:00,SPX,2027-01-15,5375.0,C,0.0,0.0,0.0,0.0,0,2,1748.6,2,1753.9,6852.66,6913.22,2,0.8876712328767123,1751.25,6882.9400000000005,0.20253345402574185
^SPX,2026-02-24 16:15:00,SPX,2027-01-15,5400.0,C,0.0,0.0,0.0,0.0,0,2,1727.2,2,1731.4,6852.66,6913.22,4,0.8876712328767123,1729.3000000000002,6882.9400000000005,0.20269761103398923
^SPX,2026-02-24 16:15:00,SPX,2027-01-15,5425.0,C,0.0,0.0,0.0,0.0,0,2,1705.1,2,1710.3,6852.66,6913.22,1,0.8876712328767123,1707.6999999999998,6882.9400000000005,0.20318408286194936
^SPX,2026-02-24 16:15:00,SPX,2027-01-15,5450.0,C,0.0,0.0,0.0,0.0,0,2,1683.9,2,1688.0,6852.66,6913.22,0,0.8876712328767123,1685.95,6882.9400000000005,0.2033357239756707
^SPX,2026-02-24 16:15:00,SPX,2027-01-15,5475.0,C,0.0,0.0,0.0,0.0,0,2,1661.8,2,1667.0,6852.66,6913.22,0,0.8876712328767123,1664.4,6882.9400000000005,0.2036015274139932
^SPX,2026-02-24 16:15:00,SPX,2027-01-15,5500.0,C,0.0,0.0,0.0,0.0,0,2,1640.8,2,1644.9,6852.66,6913.22,55,0.8876712328767123,1642.85,6882.9400000000005,0.2037372638549732
^SPX,2026-02-24 16:15:00,SPX,2027-01-15,5525.0,C,0.0,0.0,0.0,0.0,0,2,1618.8,2,1623.9,6852.66,6913.22,0,0.8876712328767123,1621.35,6882.9400000000005,0.20380859711834312
^SPX,2026-02-24 16:15:00,SPX,2027-01-15,5550.0,C,0.0,0.0,0.0,0.0,0,2,1597.9,2,1601.9,6852.66,6913.22,4,0.8876712328767123,1599.9,6882.9400000000005,0.2038191336108925
^SPX,2026-02-24 16:15:00,SPX,2027-01-15,5575.0,C,0.0,0.0,0.0,0.0,0,2,1576.1,2,1581.0,6852.66,6913.22,0,0.8876712328767123,1578.55,6882.9400000000005,0.20382369968287053
^SPX,2026-02-24 16:15:00,SPX,2027-01-15,5600.0,C,0.0,0.0,0.0,0.0,0,2,1555.1,2,1559.2,6852.66,6913.22,5,0.8876712328767123,1557.15,6882.9400000000005,0.20367032136779845
^SPX,2026-02-24 16:15:00,SPX,2027-01-15,5625.0,C,0.0,0.0,0.0,0.0,0,2,1533.5,2,1538.4,6852.66,6913.22,0,0.8876712328767123,1535.95,6882.9400000000005,0.20361341376727896
^SPX,2026-02-24 16:15:00,SPX,2027-01-15,5650.0,C,0.0,0.0,0.0,0.0,0,2,1512.7,2,1516.6,6852.66,6913.22,0,0.8876712328767123,1514.65,6882.9400000000005,0.2033597850173672
^SPX,2026-02-24 16:15:00,SPX,2027-01-15,5675.0,C,0.0,0.0,0.0,0.0,0,2,1491.3,2,1496.1,6852.66,6913.22,0,0.8876712328767123,1493.6999999999998,6882.9400000000005,0.20333557916720824
^SPX,2026-02-24 16:15:00,SPX,2027-01-15,5700.0,C,0.0,0.0,0.0,0.0,0,2,1470.6,2,1474.4,6852.66,6913.22,0,0.8876712328767123,1472.5,6882.9400000000005,0.20298632281767526
^SPX,2026-02-24 16:15:00,SPX,2027-01-15,5725.0,C,0.0,0.0,0.0,0.0,0,2,1449.3,2,1453.9,6852.66,6913.22,0,0.8876712328767123,1451.6,6882.9400000000005,0.20281191929616263
^SPX,2026-02-24 16:15:00,SPX,2027-01-15,5750.0,C,0.0,0.0,0.0,0.0,0,2,1428.7,2,1432.4,6852.66,6913.22,21,0.8876712328767123,1430.5500000000002,6882.9400000000005,0.20241783385954562
^SPX,2026-02-24 16:15:00,SPX,2027-01-15,5775.0,C,0.0,0.0,0.0,0.0,0,2,1407.5,2,1412.2,6852.66,6913.22,2,0.8876712328767123,1409.85,6882.9400000000005,0.2022291761974653
^SPX,2026-02-24 16:15:00,SPX,2027-01-15,5800.0,C,0.0,0.0,0.0,0.0,0,2,1387.2,2,1390.7,6852.66,6913.22,5,0.8876712328767123,1388.95,6882.9400000000005,0.20178902039814076
^SPX,2026-02-24 16:15:00,SPX,2027-01-15,5825.0,C,0.0,0.0,0.0,0.0,0,2,1366.0,2,1370.6,6852.66,6913.22,3,0.8876712328767123,1368.3,6882.9400000000005,0.20146498180496783
^SPX,2026-02-24 16:15:00,SPX,2027-01-15,5850.0,C,0.0,0.0,0.0,0.0,0,2,1345.8,2,1349.4,6852.66,6913.22,27,0.8876712328767123,1347.6,6882.9400000000005,0.2010187130568162
^SPX,2026-02-24 16:15:00,SPX,2027-01-15,5875.0,C,0.0,0.0,0.0,0.0,0,2,1324.9,2,1329.4,6852.66,6913.22,1,0.8876712328767123,1327.15,6882.9400000000005,0.20068011467270114
^SPX,2026-02-24 16:15:00,SPX,2027-01-15,5900.0,C,0.0,0.0,0.0,0.0,0,2,1304.6,2,1308.3,6852.66,6913.22,7,0.8876712328767123,1306.4499999999998,6882.9400000000005,0.2000770525056284
^SPX,2026-02-24 16:15:00,SPX,2027-01-15,5925.0,C,0.0,0.0,0.0,0.0,0,2,1283.9,2,1288.4,6852.66,6913.22,0,0.8876712328767123,1286.15,6882.9400000000005,0.199687273618836
^SPX,2026-02-24 16:15:00,SPX,2027-01-15,5950.0,C,0.0,0.0,0.0,0.0,0,2,1263.9,2,1267.4,6852.66,6913.22,5,0.8876712328767123,1265.65,6882.9400000000005,0.19907841682556834
^SPX,2026-02-24 16:15:00,SPX,2027-01-15,5975.0,C,0.0,0.0,0.0,0.0,0,2,1243.3,2,1247.7,6852.66,6913.22,10,0.8876712328767123,1245.5,6882.9400000000005,0.19863703246946326
^SPX,2026-02-24 16:15:00,SPX,2027-01-15,6000.0,C,0.0,0.0,0.0,0.0,0,2,1223.4,2,1227.0,6852.66,6913.22,9246,0.8876712328767123,1225.2,6882.9400000000005,0.19801820621329902
^SPX,2026-02-24 16:15:00,SPX,2027-01-15,6025.0,C,0.0,0.0,0.0,0.0,0,2,1203.1,2,1207.4,6852.66,6913.22,54,0.8876712328767123,1205.25,6882.9400000000005,0.19755754382395269
^SPX,2026-02-24 16:15:00,SPX,2027-01-15,6050.0,C,0.0,0.0,0.0,0.0,0,2,1183.4,2,1186.7,6852.66,6913.22,1,0.8876712328767123,1185.0500000000002,6882.9400000000005,0.1968605352033232
^SPX,2026-02-24 16:15:00,SPX,2027-01-15,6075.0,C,1167.75,1167.75,1167.75,1167.75,2,2,1163.1,2,1167.4,6852.66,6913.22,0,0.8876712328767123,1165.25,6882.9400000000005,0.19634713313215713
^SPX,2026-02-24 16:15:00,SPX,2027-01-15,6100.0,C,1145.94,1147.7,1145.94,1147.7,4,2,1143.4,2,1146.9,6852.66,6913.22,13,0.8876712328767123,1145.15,6882.9400000000005,0.19557490804003808
^SPX,2026-02-24 16:15:00,SPX,2027-01-15,6125.0,C,0.0,0.0,0.0,0.0,0,2,1123.4,2,1127.6,6852.66,6913.22,11,0.8876712328767123,1125.5,6882.9400000000005,0.19500974228794948
^SPX,2026-02-24 16:15:00,SPX,2027-01-15,6150.0,C,0.0,0.0,0.0,0.0,0,2,1103.9,2,1107.3,6852.66,6913.22,3,0.8876712328767123,1105.6,6882.9400000000005,0.19422402750212253
^SPX,2026-02-24 16:15:00,SPX,2027-01-15,6175.0,C,0.0,0.0,0.0,0.0,0,2,1084.1,2,1088.2,6852.66,6913.22,1,0.8876712328767123,1086.15,6882.9400000000005,0.1936358277017559
^SPX,2026-02-24 16:15:00,SPX,2027-01-15,6200.0,C,0.0,0.0,0.0,0.0,0,2,1064.9,2,1068.1,6852.66,6913.22,37,0.8876712328767123,1066.5,6882.9400000000005,0.19286159106652145
^SPX,2026-02-24 16:15:00,SPX,2027-01-15,6225.0,C,0.0,0.0,0.0,0.0,0,2,1045.1,2,1049.2,6852.66,6913.22,2,0.8876712328767123,1047.15,6882.9400000000005,0.19219075543412614
^SPX,2026-02-24 16:15:00,SPX,2027-01-15,6250.0,C,0.0,0.0,0.0,0.0,0,2,1026.1,2,1029.3,6852.66,6913.22,4,0.8876712328767123,1027.6999999999998,6882.9400000000005,0.19139562316643574
^SPX,2026-02-24 16:15:00,SPX,2027-01-15,6275.0,C,0.0,0.0,0.0,0.0,0,2,1006.5,2,1010.5,6852.66,6913.22,35,0.8876712328767123,1008.5,6882.9400000000005,0.1906714300589538
^SPX,2026-02-24 16:15:00,SPX,2027-01-15,6300.0,C,0.0,0.0,0.0,0.0,0,1,988.2,1,990.6,6852.66,6913.22,86,0.8876712328767123,989.4000000000001,6882.9400000000005,0.18993318398399428
^SPX,2026-02-24 16:15:00,SPX,2027-01-15,6325.0,C,0.0,0.0,0.0,0.0,0,1,969.1,1,971.5,6852.66,6913.22,2,0.8876712328767123,970.3,6882.9400000000005,0.18912757653500478
^SPX,2026-02-24 16:15:00,SPX,2027-01-15,6350.0,C,953.7,953.7,953.7,953.7,1,1,950.1,1,952.5,6852.66,6913.22,7,0.8876712328767123,951.3,6882.9400000000005,0.18830833719608175
^SPX,2026-02-24 16:15:00,SPX,2027-01-15,6375.0,C,0.0,0.0,0.0,0.0,0,1,931.2,1,933.6,6852.66,6913.22,5,0.8876712328767123,932.4000000000001,6882.9400000000005,0.1874748098026603
^SPX,2026-02-24 16:15:00,SPX,2027-01-15,6400.0,C,0.0,0.0,0.0,0.0,0,1,912.5,1,914.9,6852.66,6913.22,35,0.8876712328767123,913.7,6882.9400000000005,0.1866767645419493
^SPX,2026-02-24 16:15:00,SPX,2027-01-15,6425.0,C,886.44,886.44,886.44,886.44,1,1,893.8,1,896.2,6852.66,6913.22,11,0.8876712328767123,895.0,6882.9400000000005,0.18581204759221234
^SPX,2026-02-24 16:15:00,SPX,2027-01-15,6450.0,C,0.0,0.0,0.0,0.0,0,1,875.2,1,877.6,6852.66,6913.22,12,0.8876712328767123,876.4000000000001,6882.9400000000005,0.18493118900466102
^SPX,2026-02-24 16:15:00,SPX,2027-01-15,6475.0,C,860.1,860.1,860.1,860.1,1,1,856.7,1,859.1,6852.66,6913.22,28,0.8876712328767123,857.9000000000001,6882.9400000000005,0.18403357935706574
^SPX,2026-02-24 16:15:00,SPX,2027-01-15,6500.0,C,0.0,0.0,0.0,0.0,0,1,838.3,1,840.7,6852.66,6913.22,846,0.8876712328767123,839.5,6882.9400000000005,0.18311861337531693
^SPX,2026-02-24 16:15:00,SPX,2027-01-15,6525.0,C,0.0,0.0,0.0,0.0,0,1,820.1,1,822.5,6852.66,6913.22,153,0.8876712328767123,821.3,6882.9400000000005,0.18223281386971396
^SPX,2026-02-24 16:15:00,SPX,2027-01-15,6550.0,C,0.0,0.0,0.0,0.0,0,1,801.9,1,804.3,6852.66,6913.22,46,0.8876712328767123,803.0999999999999,6882.9400000000005,0.18128074126244328
^SPX,2026-02-24 16:15:00,SPX,2027-01-15,6575.0,C,0.0,0.0,0.0,0.0,0,1,783.8,1,786.2,6852.66,6913.22,33,0.8876712328767123,785.0,6882.9400000000005,0.18030951548614255
^SPX,2026-02-24 16:15:00,SPX,2027-01-15,6600.0,C,0.0,0.0,0.0,0.0,0,14,765.9,12,768.3,6852.66,6913.22,184,0.8876712328767123,767.0999999999999,6882.9400000000005,0.1793639719881178
^SPX,2026-02-24 16:15:00,SPX,2027-01-15,6625.0,C,0.0,0.0,0.0,0.0,0,1,748.1,1,750.5,6852.66,6913.22,44,0.8876712328767123,749.3,6882.9400000000005,0.17839700299393382
^SPX,2026-02-24 16:15:00,SPX,2027-01-15,6650.0,C,0.0,0.0,0.0,0.0,0,13,730.4,1,732.8,6852.66,6913.22,75,0.8876712328767123,731.5999999999999,6882.9400000000005,0.17740803195588356
^SPX,2026-02-24 16:15:00,SPX,2027-01-15,6675.0,C,706.43,706.43,706.43,706.43,1,1,712.8,1,715.2,6852.66,6913.22,54,0.8876712328767123,714.0,6882.9400000000005,0.1763964638537386
^SPX,2026-02-24 16:15:00,SPX,2027-01-15,6700.0,C,0.0,0.0,0.0,0.0,0,12,695.4,1,697.7,6852.66,6913.22,545,0.8876712328767123,696.55,6882.9400000000005,0.1753834466687997
^SPX,2026-02-24 16:15:00,SPX,2027-01-15,6725.0,C,0.0,0.0,0.0,0.0,0,22,678.1,17,680.2,6852.66,6913.22,118,0.8876712328767123,679.1500000000001,6882.9400000000005,0.17432459673666628
^SPX,2026-02-24 16:15:00,SPX,2027-01-15,6750.0,C,0.0,0.0,0.0,0.0,0,24,660.9,18,663.0,6852.66,6913.22,2282,0.8876712328767123,661.95,6882.9400000000005,0.17328392591469394
^SPX,2026-02-24 16:15:00,SPX,2027-01-15,6775.0,C,644.4,644.4,644.4,644.4,8,23,643.9,10,645.9,6852.66,6913.22,78,0.8876712328767123,644.9,6882.9400000000005,0.17223841660316522
^SPX,2026-02-24 16:15:00,SPX,2027-01-15,6800.0,C,0.0,0.0,0.0,0.0,0,23,627.0,18,629.0,6852.66,6913.22,2723,0.8876712328767123,628.0,6882.9400000000005,0.17118683898642922
^SPX,2026-02-24 16:15:00,SPX,2027-01-15,6825.0,C,0.0,0.0,0.0,0.0,0,23,610.3,11,612.2,6852.66,6913.22,428,0.8876712328767123,611.25,6882.9400000000005,0.17012798190599704
^SPX,2026-02-24 16:15:00,SPX,2027-01-15,6850.0,C,0.0,0.0,0.0,0.0,0,31,593.7,27,595.6,6852.66,6913.22,4011,0.8876712328767123,594.6500000000001,6882.9400000000005,0.16906064807371418
^SPX,2026-02-24 16:15:00,SPX,2027-01-15,6875.0,C,0.0,0.0,0.0,0.0,0,24,577.2,19,579.2,6852.66,6913.22,251,0.8876712328767123,578.2,6882.9400000000005,0.16798364920887382
^SPX,2026-02-24 16:15:00,SPX,2027-01-15,6900.0,C,0.0,0.0,0.0,0.0,0,31,561.0,19,562.8,6852.66,6913.22,5543,0.8876712328767123,561.9,6882.9400000000005,0.16689580106885438
^SPX,2026-02-24 16:15:00,SPX,2027-01-15,6925.0,C,0.0,0.0,0.0,0.0,0,31,544.8,27,546.7,6852.66,6913.22,2633,0.8876712328767123,545.75,6882.9400000000005,0.1657959183382855
^SPX,2026-02-24 16:15:00,SPX,2027-01-15,6950.0,C,0.0,0.0,0.0,0.0,0,34,528.9,29,530.7,6852.66,6913.22,5837,0.8876712328767123,529.8,6882.9400000000005,0.16470286735473408
^SPX,2026-02-24 16:15:00,SPX,2027-01-15,6975.0,C,0.0,0.0,0.0,0.0,0,33,513.1,29,515.0,6852.66,6913.22,2170,0.8876712328767123,514.05,6882.9400000000005,0.16361509184975126
^SPX,2026-02-24 16:15:00,SPX,2027-01-15,7000.0,C,466.8,501.0,463.0,501.0,105,34,497.6,29,499.4,6852.66,6913.22,12412,0.8876712328767123,498.5,6882.9400000000005,0.16253107645494683
^SPX,2026-02-24 16:15:00,SPX,2027-01-15,7025.0,C,484.6,484.6,484.6,484.6,2,26,482.1,21,484.0,6852.66,6913.22,298,0.8876712328767123,483.05,6882.9400000000005,0.16140987238660673
^SPX,2026-02-24 16:15:00,SPX,2027-01-15,7050.0,C,469.1,469.1,469.1,469.1,1,26,466.9,22,468.8,6852.66,6913.22,417,0.8876712328767123,467.85,6882.9400000000005,0.16030949831918453
^SPX,2026-02-24 16:15:00,SPX,2027-01-15,7075.0,C,0.0,0.0,0.0,0.0,0,27,451.8,23,453.7,6852.66,6913.22,164,0.8876712328767123,452.75,6882.9400000000005,0.15916952944163532
^SPX,2026-02-24 16:15:00,SPX,2027-01-15,7100.0,C,435.88,438.2,435.88,438.2,16,36,437.0,31,438.7,6852.66,6913.22,744,0.8876712328767123,437.85,6882.9400000000005,0.1580279382655577
^SPX,2026-02-24 16:15:00,SPX,2027-01-15,7125.0,C,424.7,424.7,424.7,424.7,1,29,422.3,24,424.2,6852.66,6913.22,361,0.8876712328767123,423.25,6882.9400000000005,0.15692212938744932
^SPX,2026-02-24 16:15:00,SPX,2027-01-15,7150.0,C,0.0,0.0,0.0,0.0,0,36,407.9,31,409.8,6852.66,6913.22,141,0.8876712328767123,408.85,6882.9400000000005,0.15581154974610906
^SPX,2026-02-24 16:15:00,SPX,2027-01-15,7175.0,C,0.0,0.0,0.0,0.0,0,37,393.7,32,395.6,6852.66,6913.22,241,0.8876712328767123,394.65,6882.9400000000005,0.1546947854249912
^SPX,2026-02-24 16:15:00,SPX,2027-01-15,7200.0,C,0.0,0.0,0.0,0.0,0,49,379.7,42,381.3,6852.66,6913.22,1807,0.8876712328767123,380.5,6882.9400000000005,0.15351239661914376
^SPX,2026-02-24 16:15:00,SPX,2027-01-15,7225.0,C,0.0,0.0,0.0,0.0,0,22,366.0,32,367.8,6852.66,6913.22,195,0.8876712328767123,366.9,6882.9400000000005,0.15245634088381602
^SPX,2026-02-24 16:15:00,SPX,2027-01-15,7250.0,C,0.0,0.0,0.0,0.0,0,21,352.5,34,354.0,6852.66,6913.22,569,0.8876712328767123,353.25,6882.9400000000005,0.15129312034945505
^SPX,2026-02-24 16:15:00,SPX,2027-01-15,7275.0,C,0.0,0.0,0.0,0.0,0,33,339.2,34,341.0,6852.66,6913.22,114,0.8876712328767123,340.1,6882.9400000000005,0.15023396557875235
^SPX,2026-02-24 16:15:00,SPX,2027-01-15,7300.0,C,0.0,0.0,0.0,0.0,0,34,326.2,35,327.9,6852.66,6913.22,958,0.8876712328767123,327.04999999999995,6882.9400000000005,0.1491228488412648
^SPX,2026-02-24 16:15:00,SPX,2027-01-15,7325.0,C,0.0,0.0,0.0,0.0,0,41,313.4,36,315.2,6852.66,6913.22,327,0.8876712328767123,314.29999999999995,6882.9400000000005,0.14803579728936325
^SPX,2026-02-24 16:15:00,SPX,2027-01-15,7350.0,C,286.7,286.7,286.7,286.7,4,41,300.9,37,302.7,6852.66,6913.22,989,0.8876712328767123,301.79999999999995,6882.9400000000005,0.1469521794968802
^SPX,2026-02-24 16:15:00,SPX,2027-01-15,7375.0,C,0.0,0.0,0.0,0.0,0,41,288.7,37,290.5,6852.66,6913.22,230,0.8876712328767123,289.6,6882.9400000000005,0.1458902603980024
^SPX,2026-02-24 16:15:00,SPX,2027-01-15,7400.0,C,261.81,277.6,261.81,277.6,9,56,276.8,48,278.6,6852.66,6913.22,4294,0.8876712328767123,277.70000000000005,6882.9400000000005,0.14484905144135501
^SPX,2026-02-24 16:15:00,SPX,2027-01-15,7425.0,C,0.0,0.0,0.0,0.0,0,43,265.2,38,266.9,6852.66,6913.22,242,0.8876712328767123,266.04999999999995,6882.9400000000005,0.14380797375097046
^SPX,2026-02-24 16:15:00,SPX,2027-01-15,7450.0,C,238.16,238.16,237.98,237.98,2,57,253.9,49,255.4,6852.66,6913.22,1821,0.8876712328767123,254.65,6882.9400000000005,0.1427659292645792
^SPX,2026-02-24 16:15:00,SPX,2027-01-15,7475.0,C,0.0,0.0,0.0,0.0,0,44,242.9,41,244.5,6852.66,6913.22,369,0.8876712328767123,243.7,6882.9400000000005,0.14180163911853017
^SPX,2026-02-24 16:15:00,SPX,2027-01-15,7500.0,C,217.11,233.44,216.31,233.42,16,61,232.1,53,233.8,6852.66,6913.22,5339,0.8876712328767123,232.95,6882.9400000000005,0.14081533016727077
^SPX,2026-02-24 16:15:00,SPX,2027-01-15,7525.0,C,0.0,0.0,0.0,0.0,0,50,221.7,44,223.4,6852.66,6913.22,185,0.8876712328767123,222.55,6882.9400000000005,0.13986646864703986
^SPX,2026-02-24 16:15:00,SPX,2027-01-15,7550.0,C,198.82,206.84,196.99,206.82,10,50,211.6,44,213.2,6852.66,6913.22,540,0.8876712328767123,212.39999999999998,6882.9400000000005,0.1389144088822425
^SPX,2026-02-24 16:15:00,SPX,2027-01-15,7575.0,C,0.0,0.0,0.0,0.0,0,53,201.8,47,203.4,6852.66,6913.22,755,0.8876712328767123,202.60000000000002,6882.9400000000005,0.13799974367154894
^SPX,2026-02-24 16:15:00,SPX,2027-01-15,7600.0,C,193.07,193.07,193.07,193.07,6,71,192.3,62,193.9,6852.66,6913.22,2496,0.8876712328767123,193.10000000000002,6882.9400000000005,0.13710226086511113
^SPX,2026-02-24 16:15:00,SPX,2027-01-15,7625.0,C,185.29,185.29,185.29,185.29,1,54,183.2,49,184.8,6852.66,6913.22,330,0.8876712328767123,184.0,6882.9400000000005,0.1362644364781586
^SPX,2026-02-24 16:15:00,SPX,2027-01-15,7650.0,C,0.0,0.0,0.0,0.0,0,54,174.5,50,175.8,6852.66,6913.22,149,0.8876712328767123,175.15,6882.9400000000005,0.13542409263247737
^SPX,2026-02-24 16:15:00,SPX,2027-01-15,7675.0,C,0.0,0.0,0.0,0.0,0,52,165.9,34,167.2,6852.66,6913.22,317,0.8876712328767123,166.55,6882.9400000000005,0.1345810837061786
^SPX,2026-02-24 16:15:00,SPX,2027-01-15,7700.0,C,145.3,145.3,145.3,145.3,1,77,157.8,46,159.0,6852.66,6913.22,1363,0.8876712328767123,158.4,6882.9400000000005,0.1338233795638034
^SPX,2026-02-24 16:15:00,SPX,2027-01-15,7725.0,C,147.4,147.4,147.4,147.4,2,54,149.8,55,151.3,6852.66,6913.22,44,0.8876712328767123,150.55,6882.9400000000005,0.1330880552355028
^SPX,2026-02-24 16:15:00,SPX,2027-01-15,7750.0,C,134.1,134.1,134.1,134.1,2,62,142.3,37,143.5,6852.66,6913.22,341,0.8876712328767123,142.9,6882.9400000000005,0.13233121635658088
^SPX,2026-02-24 16:15:00,SPX,2027-01-15,7775.0,C,0.0,0.0,0.0,0.0,0,59,134.9,58,136.4,6852.66,6913.22,559,0.8876712328767123,135.65,6882.9400000000005,0.13164479847843577
^SPX,2026-02-24 16:15:00,SPX,2027-01-15,7800.0,C,124.76,124.82,124.76,124.82,2,79,128.0,81,129.4,6852.66,6913.22,1638,0.8876712328767123,128.7,6882.9400000000005,0.13098627310713828
^SPX,2026-02-24 16:15:00,SPX,2027-01-15,7825.0,C,0.0,0.0,0.0,0.0,0,66,121.3,63,122.7,6852.66,6913.22,823,0.8876712328767123,122.0,6882.9400000000005,0.13033418557943902
^SPX,2026-02-24 16:15:00,SPX,2027-01-15,7850.0,C,106.16,106.7,106.16,106.7,6,68,114.9,63,116.3,6852.66,6913.22,508,0.8876712328767123,115.6,6882.9400000000005,0.12971450725690065
^SPX,2026-02-24 16:15:00,SPX,2027-01-15,7875.0,C,0.0,0.0,0.0,0.0,0,71,108.8,65,110.1,6852.66,6913.22,185,0.8876712328767123,109.44999999999999,6882.9400000000005,0.12910553193198882
^SPX,2026-02-24 16:15:00,SPX,2027-01-15,7900.0,C,95.2,95.2,95.2,95.2,1,70,103.0,70,104.3,6852.66,6913.22,839,0.8876712328767123,103.65,6882.9400000000005,0.12856050015148685
^SPX,2026-02-24 16:15:00,SPX,2027-01-15,7950.0,C,0.0,0.0,0.0,0.0,0,76,92.1,74,93.4,6852.66,6913.22,880,0.8876712328767123,92.75,6882.9400000000005,0.12749962722914016
^SPX,2026-02-24 16:15:00,SPX,2027-01-15,8000.0,C,78.35,83.0,77.05,82.24,25,116,82.2,108,83.6,6852.66,6913.22,4707,0.8876712328767123,82.9,6882.9400000000005,0.12656123919155604
^SPX,2026-02-24 16:15:00,SPX,2027-01-15,8050.0,C,0.0,0.0,0.0,0.0,0,91,73.3,87,74.4,6852.66,6913.22,195,0.8876712328767123,73.85,6882.9400000000005,0.12563482503449258
^SPX,2026-02-24 16:15:00,SPX,2027-01-15,8100.0,C,62.1,63.9,60.7,63.9,4,99,65.2,98,66.3,6852.66,6913.22,419,0.8876712328767123,65.75,6882.9400000000005,0.12483709282752081
^SPX,2026-02-24 16:15:00,SPX,2027-01-15,8150.0,C,54.1,54.1,54.1,54.1,1,106,58.0,101,59.0,6852.66,6913.22,56,0.8876712328767123,58.5,6882.9400000000005,0.12414794576423877
^SPX,2026-02-24 16:15:00,SPX,2027-01-15,8200.0,C,51.6,51.6,51.6,51.6,1,117,51.4,69,52.3,6852.66,6913.22,691,0.8876712328767123,51.849999999999994,6882.9400000000005,0.12343593298645443
^SPX,2026-02-24 16:15:00,SPX,2027-01-15,8300.0,C,0.0,0.0,0.0,0.0,0,136,40.4,127,41.3,6852.66,6913.22,270,0.8876712328767123,40.849999999999994,6882.9400000000005,0.12244567985285656
^SPX,2026-02-24 16:15:00,SPX,2027-01-15,8400.0,C,31.0,31.0,31.0,31.0,1,154,31.8,152,32.6,6852.66,6913.22,912,0.8876712328767123,32.2,6882.9400000000005,0.12181111078883052
^SPX,2026-02-24 16:15:00,SPX,2027-01-15,8500.0,C,0.0,0.0,0.0,0.0,0,156,25.0,157,25.7,6852.66,6913.22,624,0.8876712328767123,25.35,6882.9400000000005,0.12139955648975619
^SPX,2026-02-24 16:15:00,SPX,2027-01-15,8600.0,C,20.1,20.1,20.1,20.1,2,304,19.8,190,20.4,6852.66,6913.22,7872,0.8876712328767123,20.1,6882.9400000000005,0.12137299908254916
^SPX,2026-02-24 16:15:00,SPX,2027-01-15,8700.0,C,15.0,15.9,15.0,15.9,102,182,15.6,109,16.2,6852.66,6913.22,90,0.8876712328767123,15.899999999999999,6882.9400000000005,0.12142277831485046
^SPX,2026-02-24 16:15:00,SPX,2027-01-15,8800.0,C,12.8,12.8,12.8,12.8,1,368,12.4,266,13.0,6852.66,6913.22,1380,0.8876712328767123,12.7,6882.9400000000005,0.12179608376186532
^SPX,2026-02-24 16:15:00,SPX,2027-01-15,8900.0,C,0.0,0.0,0.0,0.0,0,257,9.9,92,10.4,6852.66,6913.22,244,0.8876712328767123,10.15,6882.9400000000005,0.12224072218272668
^SPX,2026-02-24 16:15:00,SPX,2027-01-15,9000.0,C,7.65,7.97,7.6,7.97,9,394,8.0,333,8.5,6852.66,6913.22,1648,0.8876712328767123,8.25,6882.9400000000005,0.12306140438591369
^SPX,2026-02-24 16:15:00,SPX,2027-01-15,9200.0,C,0.0,0.0,0.0,0.0,0,365,5.2,75,5.6,6852.66,6913.22,157,0.8876712328767123,5.4,6882.9400000000005,0.12452929514109248
^SPX,2026-02-24 16:15:00,SPX,2027-01-15,9400.0,C,0.0,0.0,0.0,0.0,0,444,3.4,408,3.9,6852.66,6913.22,357,0.8876712328767123,3.65,6882.9400000000005,0.12652588292520225
^SPX,2026-02-24 16:15:00,SPX,2027-01-15,9600.0,C,0.0,0.0,0.0,0.0,0,377,2.3,316,2.7,6852.66,6913.22,1193,0.8876712328767123,2.5,6882.9400000000005,0.1286252165382779
^SPX,2026-02-24 16:15:00,SPX,2027-01-15,9800.0,C,0.0,0.0,0.0,0.0,0,560,1.55,1,1.8,6852.66,6913.22,416,0.8876712328767123,1.675,6882.9400000000005,0.1302813449327521
^SPX,2026-02-24 16:15:00,SPX,2027-01-15,10000.0,C,1.25,1.25,1.25,1.25,1,669,1.05,1,1.35,6852.66,6913.22,1414,0.8876712328767123,1.2000000000000002,6882.9400000000005,0.13277564388098903
^SPX,2026-02-24 16:15:00,SPX,2027-01-15,10200.0,C,0.0,0.0,0.0,0.0,0,194,0.7,194,1.35,6852.66,6913.22,828,0.8876712328767123,1.025,6882.9400000000005,0.1374691194126992
^SPX,2026-02-24 16:15:00,SPX,2027-01-15,10400.0,C,0.0,0.0,0.0,0.0,0,94,0.55,196,1.1,6852.66,6913.22,31,0.8876712328767123,0.8250000000000001,6882.9400000000005,0.14109610476128107
^SPX,2026-02-24 16:15:00,SPX,2027-01-15,10600.0,C,0.0,0.0,0.0,0.0,0,285,0.45,565,1.0,6852.66,6913.22,256,0.8876712328767123,0.725,6882.9400000000005,0.1456853751603583
^SPX,2026-02-24 16:15:00,SPX,2027-01-15,10800.0,C,0.0,0.0,0.0,0.0,0,194,0.35,196,0.95,6852.66,6913.22,570,0.8876712328767123,0.6499999999999999,6882.9400000000005,0.15033109057775998
^SPX,2026-02-24 16:15:00,SPX,2027-01-15,11000.0,C,0.54,0.54,0.47,0.47,2,194,0.25,194,0.85,6852.66,6913.22,711,0.8876712328767123,0.55,6882.9400000000005,0.15398491498823075
^SPX,2026-02-24 16:15:00,SPX,2027-01-15,11200.0,C,0.0,0.0,0.0,0.0,0,194,0.15,194,0.8,6852.66,6913.22,258,0.8876712328767123,0.47500000000000003,6882.9400000000005,0.15773006946213425
^SPX,2026-02-24 16:15:00,SPX,2027-01-15,11400.0,C,0.0,0.0,0.0,0.0,0,651,0.15,10,0.4,6852.66,6913.22,1626,0.8876712328767123,0.275,6882.9400000000005,0.15612679273470795
^SPX,2026-02-24 16:15:00,SPX,2027-02-19,4975.0,C,0.0,0.0,0.0,0.0,0,2,2121.5,2,2128.0,6852.66,6913.22,0,0.9835616438356164,2124.75,6882.9400000000005,0.14586713793685646
^SPX,2026-02-24 16:15:00,SPX,2027-02-19,5000.0,C,0.0,0.0,0.0,0.0,0,2,2099.9,2,2105.1,6852.66,6913.22,7,0.9835616438356164,2102.5,6882.9400000000005,0.15804812305621557
^SPX,2026-02-24 16:15:00,SPX,2027-02-19,5025.0,C,0.0,0.0,0.0,0.0,0,2,2077.0,2,2083.5,6852.66,6913.22,0,0.9835616438356164,2080.25,6882.9400000000005,0.1653598449227859
^SPX,2026-02-24 16:15:00,SPX,2027-02-19,5050.0,C,0.0,0.0,0.0,0.0,0,2,2055.5,2,2060.6,6852.66,6913.22,0,0.9835616438356164,2058.05,6882.9400000000005,0.17072969982379518
^SPX,2026-02-24 16:15:00,SPX,2027-02-19,5075.0,C,0.0,0.0,0.0,0.0,0,2,2032.6,2,2039.0,6852.66,6913.22,0,0.9835616438356164,2035.8,6882.9400000000005,0.17461991192970572
^SPX,2026-02-24 16:15:00,SPX,2027-02-19,5100.0,C,0.0,0.0,0.0,0.0,0,2,2011.2,2,2016.3,6852.66,6913.22,0,0.9835616438356164,2013.75,6882.9400000000005,0.17825941386857416
^SPX,2026-02-24 16:15:00,SPX,2027-02-19,5125.0,C,0.0,0.0,0.0,0.0,0,2,1988.4,2,1994.8,6852.66,6913.22,0,0.9835616438356164,1991.6,6882.9400000000005,0.18090522364482908
^SPX,2026-02-24 16:15:00,SPX,2027-02-19,5150.0,C,0.0,0.0,0.0,0.0,0,2,1967.1,2,1972.1,6852.66,6913.22,0,0.9835616438356164,1969.6,6882.9400000000005,0.18340174440252402
^SPX,2026-02-24 16:15:00,SPX,2027-02-19,5175.0,C,0.0,0.0,0.0,0.0,0,2,1944.3,2,1950.7,6852.66,6913.22,0,0.9835616438356164,1947.5,6882.9400000000005,0.18522292534569296
^SPX,2026-02-24 16:15:00,SPX,2027-02-19,5200.0,C,1868.9,1868.9,1868.9,1868.9,1,2,1923.2,2,1928.2,6852.66,6913.22,1,0.9835616438356164,1925.7,6882.9400000000005,0.18730720539667509
^SPX,2026-02-24 16:15:00,SPX,2027-02-19,5225.0,C,0.0,0.0,0.0,0.0,0,2,1900.5,2,1906.9,6852.66,6913.22,0,0.9835616438356164,1903.7,6882.9400000000005,0.18865390710380478
^SPX,2026-02-24 16:15:00,SPX,2027-02-19,5250.0,C,0.0,0.0,0.0,0.0,0,2,1879.4,2,1884.5,6852.66,6913.22,0,0.9835616438356164,1881.95,6882.9400000000005,0.1901791614096822
^SPX,2026-02-24 16:15:00,SPX,2027-02-19,5275.0,C,0.0,0.0,0.0,0.0,0,2,1856.9,2,1863.2,6852.66,6913.22,0,0.9835616438356164,1860.0500000000002,6882.9400000000005,0.1911850164951736
^SPX,2026-02-24 16:15:00,SPX,2027-02-19,5300.0,C,0.0,0.0,0.0,0.0,0,2,1835.9,2,1840.9,6852.66,6913.22,0,0.9835616438356164,1838.4,6882.9400000000005,0.19237061916161965
^SPX,2026-02-24 16:15:00,SPX,2027-02-19,5325.0,C,0.0,0.0,0.0,0.0,0,2,1813.4,2,1819.8,6852.66,6913.22,0,0.9835616438356164,1816.6,6882.9400000000005,0.19311248352756055
^SPX,2026-02-24 16:15:00,SPX,2027-02-19,5350.0,C,0.0,0.0,0.0,0.0,0,2,1792.7,2,1797.5,6852.66,6913.22,0,0.9835616438356164,1795.1,6882.9400000000005,0.19409975121248169
^SPX,2026-02-24 16:15:00,SPX,2027-02-19,5375.0,C,0.0,0.0,0.0,0.0,0,2,1770.2,2,1776.5,6852.66,6913.22,0,0.9835616438356164,1773.35,6882.9400000000005,0.19455885830646588
^SPX,2026-02-24 16:15:00,SPX,2027-02-19,5400.0,C,0.0,0.0,0.0,0.0,0,2,1749.5,2,1754.3,6852.66,6913.22,0,0.9835616438356164,1751.9,6882.9400000000005,0.19525688903083477
^SPX,2026-02-24 16:15:00,SPX,2027-02-19,5425.0,C,0.0,0.0,0.0,0.0,0,2,1727.3,2,1733.5,6852.66,6913.22,0,0.9835616438356164,1730.4,6882.9400000000005,0.1957313569226452
^SPX,2026-02-24 16:15:00,SPX,2027-02-19,5450.0,C,0.0,0.0,0.0,0.0,0,2,1706.8,2,1711.5,6852.66,6913.22,0,0.9835616438356164,1709.15,6882.9400000000005,0.19635740636300414
^SPX,2026-02-24 16:15:00,SPX,2027-02-19,5475.0,C,0.0,0.0,0.0,0.0,0,2,1684.6,2,1690.7,6852.66,6913.22,0,0.9835616438356164,1687.65,6882.9400000000005,0.19655011184983068
^SPX,2026-02-24 16:15:00,SPX,2027-02-19,5500.0,C,0.0,0.0,0.0,0.0,0,2,1664.1,2,1668.8,6852.66,6913.22,3,0.9835616438356164,1666.4499999999998,6882.9400000000005,0.19695166179094079
^SPX,2026-02-24 16:15:00,SPX,2027-02-19,5525.0,C,0.0,0.0,0.0,0.0,0,2,1642.2,2,1648.1,6852.66,6913.22,0,0.9835616438356164,1645.15,6882.9400000000005,0.1971176689643657
^SPX,2026-02-24 16:15:00,SPX,2027-02-19,5550.0,C,0.0,0.0,0.0,0.0,0,2,1621.8,2,1626.4,6852.66,6913.22,0,0.9835616438356164,1624.1,6882.9400000000005,0.19742368661759993
^SPX,2026-02-24 16:15:00,SPX,2027-02-19,5575.0,C,0.0,0.0,0.0,0.0,0,2,1600.1,2,1605.8,6852.66,6913.22,0,0.9835616438356164,1602.9499999999998,6882.9400000000005,0.197510818024668
^SPX,2026-02-24 16:15:00,SPX,2027-02-19,5600.0,C,0.0,0.0,0.0,0.0,0,2,1579.7,2,1584.1,6852.66,6913.22,0,0.9835616438356164,1581.9,6882.9400000000005,0.197586967014771
^SPX,2026-02-24 16:15:00,SPX,2027-02-19,5625.0,C,0.0,0.0,0.0,0.0,0,2,1558.1,2,1563.7,6852.66,6913.22,0,0.9835616438356164,1560.9,6882.9400000000005,0.1976049498779457
^SPX,2026-02-24 16:15:00,SPX,2027-02-19,5650.0,C,0.0,0.0,0.0,0.0,0,2,1537.8,2,1542.1,6852.66,6913.22,0,0.9835616438356164,1539.9499999999998,6882.9400000000005,0.19756778959257315
^SPX,2026-02-24 16:15:00,SPX,2027-02-19,5675.0,C,0.0,0.0,0.0,0.0,0,2,1516.4,2,1521.8,6852.66,6913.22,0,0.9835616438356164,1519.1,6882.9400000000005,0.19752145021226228
^SPX,2026-02-24 16:15:00,SPX,2027-02-19,5700.0,C,0.0,0.0,0.0,0.0,0,2,1496.2,2,1500.4,6852.66,6913.22,0,0.9835616438356164,1498.3000000000002,6882.9400000000005,0.19742270062553308
^SPX,2026-02-24 16:15:00,SPX,2027-02-19,5725.0,C,0.0,0.0,0.0,0.0,0,2,1474.9,2,1480.2,6852.66,6913.22,0,0.9835616438356164,1477.5500000000002,6882.9400000000005,0.19727394837183712
^SPX,2026-02-24 16:15:00,SPX,2027-02-19,5750.0,C,0.0,0.0,0.0,0.0,0,2,1455.0,2,1459.0,6852.66,6913.22,0,0.9835616438356164,1457.0,6882.9400000000005,0.19719678055900783
^SPX,2026-02-24 16:15:00,SPX,2027-02-19,5775.0,C,0.0,0.0,0.0,0.0,0,2,1433.7,2,1438.9,6852.66,6913.22,0,0.9835616438356164,1436.3000000000002,6882.9400000000005,0.19691250642334032
^SPX,2026-02-24 16:15:00,SPX,2027-02-19,5800.0,C,0.0,0.0,0.0,0.0,0,2,1413.9,2,1417.8,6852.66,6913.22,0,0.9835616438356164,1415.85,6882.9400000000005,0.19673749039445423
^SPX,2026-02-24 16:15:00,SPX,2027-02-19,5825.0,C,0.0,0.0,0.0,0.0,0,2,1392.8,2,1397.8,6852.66,6913.22,0,0.9835616438356164,1395.3,6882.9400000000005,0.19640393553509322
^SPX,2026-02-24 16:15:00,SPX,2027-02-19,5850.0,C,0.0,0.0,0.0,0.0,0,2,1372.9,2,1377.0,6852.66,6913.22,0,0.9835616438356164,1374.95,6882.9400000000005,0.19613767411054284
^SPX,2026-02-24 16:15:00,SPX,2027-02-19,5875.0,C,0.0,0.0,0.0,0.0,0,2,1352.0,2,1357.2,6852.66,6913.22,6,0.9835616438356164,1354.6,6882.9400000000005,0.1957918135790515
^SPX,2026-02-24 16:15:00,SPX,2027-02-19,5900.0,C,0.0,0.0,0.0,0.0,0,2,1332.4,2,1336.4,6852.66,6913.22,1,0.9835616438356164,1334.4,6882.9400000000005,0.19547346005868016
^SPX,2026-02-24 16:15:00,SPX,2027-02-19,5925.0,C,0.0,0.0,0.0,0.0,0,2,1311.7,2,1316.7,6852.66,6913.22,1,0.9835616438356164,1314.2,6882.9400000000005,0.19507850354998033
^SPX,2026-02-24 16:15:00,SPX,2027-02-19,5950.0,C,0.0,0.0,0.0,0.0,0,2,1292.1,2,1296.0,6852.66,6913.22,4,0.9835616438356164,1294.05,6882.9400000000005,0.1946434202951047
^SPX,2026-02-24 16:15:00,SPX,2027-02-19,5975.0,C,0.0,0.0,0.0,0.0,0,2,1271.6,2,1276.4,6852.66,6913.22,0,0.9835616438356164,1274.0,6882.9400000000005,0.19420161460297014
^SPX,2026-02-24 16:15:00,SPX,2027-02-19,6000.0,C,1225.07,1253.73,1225.07,1253.73,12,2,1252.2,2,1256.0,6852.66,6913.22,53,0.9835616438356164,1254.1,6882.9400000000005,0.19378375007761192
^SPX,2026-02-24 16:15:00,SPX,2027-02-19,6025.0,C,0.0,0.0,0.0,0.0,0,2,1231.8,2,1236.5,6852.66,6913.22,1,0.9835616438356164,1234.15,6882.9400000000005,0.1932633983283773
^SPX,2026-02-24 16:15:00,SPX,2027-02-19,6050.0,C,0.0,0.0,0.0,0.0,0,2,1212.6,2,1216.3,6852.66,6913.22,0,0.9835616438356164,1214.4499999999998,6882.9400000000005,0.19282726261416583
^SPX,2026-02-24 16:15:00,SPX,2027-02-19,6075.0,C,0.0,0.0,0.0,0.0,0,2,1192.3,2,1197.0,6852.66,6913.22,0,0.9835616438356164,1194.65,6882.9400000000005,0.19226107485763141
^SPX,2026-02-24 16:15:00,SPX,2027-02-19,6100.0,C,0.0,0.0,0.0,0.0,0,2,1173.2,2,1176.8,6852.66,6913.22,0,0.9835616438356164,1175.0,6882.9400000000005,0.19171686115239475
^SPX,2026-02-24 16:15:00,SPX,2027-02-19,6125.0,C,0.0,0.0,0.0,0.0,0,2,1153.1,2,1157.7,6852.66,6913.22,0,0.9835616438356164,1155.4,6882.9400000000005,0.1911349057043812
^SPX,2026-02-24 16:15:00,SPX,2027-02-19,6150.0,C,0.0,0.0,0.0,0.0,0,2,1134.2,2,1137.8,6852.66,6913.22,5,0.9835616438356164,1136.0,6882.9400000000005,0.1906004978365265
^SPX,2026-02-24 16:15:00,SPX,2027-02-19,6175.0,C,0.0,0.0,0.0,0.0,0,2,1114.3,2,1118.8,6852.66,6913.22,0,0.9835616438356164,1116.55,6882.9400000000005,0.18997170400304692
^SPX,2026-02-24 16:15:00,SPX,2027-02-19,6200.0,C,0.0,0.0,0.0,0.0,0,2,1095.5,2,1099.0,6852.66,6913.22,1,0.9835616438356164,1097.25,6882.9400000000005,0.18936095910358927
^SPX,2026-02-24 16:15:00,SPX,2027-02-19,6225.0,C,0.0,0.0,0.0,0.0,0,2,1075.7,2,1080.2,6852.66,6913.22,1,0.9835616438356164,1077.95,6882.9400000000005,0.18868601937002558
^SPX,2026-02-24 16:15:00,SPX,2027-02-19,6250.0,C,0.0,0.0,0.0,0.0,0,2,1057.1,2,1060.6,6852.66,6913.22,10,0.9835616438356164,1058.85,6882.9400000000005,0.18805410210978588
^SPX,2026-02-24 16:15:00,SPX,2027-02-19,6275.0,C,0.0,0.0,0.0,0.0,0,1,1039.5,1,1042.1,6852.66,6913.22,15,0.9835616438356164,1040.8,6882.9400000000005,0.1879016507133969
^SPX,2026-02-24 16:15:00,SPX,2027-02-19,6300.0,C,0.0,0.0,0.0,0.0,0,1,1020.6,1,1023.1,6852.66,6913.22,4,0.9835616438356164,1021.85,6882.9400000000005,0.18721226121834314
^SPX,2026-02-24 16:15:00,SPX,2027-02-19,6325.0,C,0.0,0.0,0.0,0.0,0,1,1001.7,1,1004.3,6852.66,6913.22,0,0.9835616438356164,1003.0,6882.9400000000005,0.1865109555662267
^SPX,2026-02-24 16:15:00,SPX,2027-02-19,6350.0,C,0.0,0.0,0.0,0.0,0,1,983.0,1,985.5,6852.66,6913.22,0,0.9835616438356164,984.25,6882.9400000000005,0.1857971795840917
^SPX,2026-02-24 16:15:00,SPX,2027-02-19,6375.0,C,0.0,0.0,0.0,0.0,0,1,964.3,1,966.8,6852.66,6913.22,3,0.9835616438356164,965.55,6882.9400000000005,0.18504606199975163
^SPX,2026-02-24 16:15:00,SPX,2027-02-19,6400.0,C,0.0,0.0,0.0,0.0,0,1,945.7,1,948.2,6852.66,6913.22,40,0.9835616438356164,946.95,6882.9400000000005,0.18428210124527206
^SPX,2026-02-24 16:15:00,SPX,2027-02-19,6425.0,C,0.0,0.0,0.0,0.0,0,1,927.2,1,929.7,6852.66,6913.22,0,0.9835616438356164,928.45,6882.9400000000005,0.18350475025434138
^SPX,2026-02-24 16:15:00,SPX,2027-02-19,6450.0,C,0.0,0.0,0.0,0.0,0,1,908.8,1,911.3,6852.66,6913.22,0,0.9835616438356164,910.05,6882.9400000000005,0.1827134735044261
^SPX,2026-02-24 16:15:00,SPX,2027-02-19,6475.0,C,0.0,0.0,0.0,0.0,0,1,890.5,1,893.0,6852.66,6913.22,4,0.9835616438356164,891.75,6882.9400000000005,0.18190774439207757
^SPX,2026-02-24 16:15:00,SPX,2027-02-19,6500.0,C,861.26,873.37,859.38,871.69,13,1,872.3,1,874.8,6852.66,6913.22,97,0.9835616438356164,873.55,6882.9400000000005,0.1810870426995376
^SPX,2026-02-24 16:15:00,SPX,2027-02-19,6525.0,C,848.9,848.9,848.9,848.9,7,1,854.2,1,856.7,6852.66,6913.22,2,0.9835616438356164,855.45,6882.9400000000005,0.18025085213902775
^SPX,2026-02-24 16:15:00,SPX,2027-02-19,6550.0,C,0.0,0.0,0.0,0.0,0,1,836.2,1,838.7,6852.66,6913.22,2,0.9835616438356164,837.45,6882.9400000000005,0.17939865795600124
^SPX,2026-02-24 16:15:00,SPX,2027-02-19,6575.0,C,0.0,0.0,0.0,0.0,0,1,818.3,1,820.8,6852.66,6913.22,1,0.9835616438356164,819.55,6882.9400000000005,0.17852994457552293
^SPX,2026-02-24 16:15:00,SPX,2027-02-19,6600.0,C,790.02,799.92,788.08,799.92,3,1,800.5,1,803.0,6852.66,6913.22,1,0.9835616438356164,801.75,6882.9400000000005,0.17764419327235484
^SPX,2026-02-24 16:15:00,SPX,2027-02-19,6625.0,C,0.0,0.0,0.0,0.0,0,1,782.9,1,785.4,6852.66,6913.22,2,0.9835616438356164,784.15,6882.9400000000005,0.17678378702435174
^SPX,2026-02-24 16:15:00,SPX,2027-02-19,6650.0,C,0.0,0.0,0.0,0.0,0,1,765.3,1,767.8,6852.66,6913.22,3,0.9835616438356164,766.55,6882.9400000000005,0.17586192115087773
^SPX,2026-02-24 16:15:00,SPX,2027-02-19,6675.0,C,719.81,720.46,718.86,720.46,7,1,747.9,1,750.4,6852.66,6913.22,0,0.9835616438356164,749.15,6882.9400000000005,0.17496344609141629
^SPX,2026-02-24 16:15:00,SPX,2027-02-19,6700.0,C,725.2,725.8,725.2,725.8,2,1,730.6,1,733.0,6852.66,6913.22,57,0.9835616438356164,731.8,6882.9400000000005,0.1740241639491973
^SPX,2026-02-24 16:15:00,SPX,2027-02-19,6725.0,C,0.0,0.0,0.0,0.0,0,22,713.4,9,715.5,6852.66,6913.22,26,0.9835616438356164,714.45,6882.9400000000005,0.1730235712398374
^SPX,2026-02-24 16:15:00,SPX,2027-02-19,6750.0,C,0.0,0.0,0.0,0.0,0,21,696.4,9,698.3,6852.66,6913.22,182,0.9835616438356164,697.3499999999999,6882.9400000000005,0.17206426033530065
^SPX,2026-02-24 16:15:00,SPX,2027-02-19,6775.0,C,652.58,653.18,651.73,653.18,7,23,679.5,10,681.5,6852.66,6913.22,99,0.9835616438356164,680.5,6882.9400000000005,0.17114394399429603
^SPX,2026-02-24 16:15:00,SPX,2027-02-19,6800.0,C,0.0,0.0,0.0,0.0,0,22,662.7,10,664.6,6852.66,6913.22,1368,0.9835616438356164,663.6500000000001,6882.9400000000005,0.17016026379378282
^SPX,2026-02-24 16:15:00,SPX,2027-02-19,6825.0,C,648.68,648.68,648.68,648.68,1293,32,646.0,20,648.0,6852.66,6913.22,3194,0.9835616438356164,647.0,6882.9400000000005,0.1691931881061584
^SPX,2026-02-24 16:15:00,SPX,2027-02-19,6850.0,C,608.7,632.17,608.7,632.17,112,28,629.5,20,631.4,6852.66,6913.22,3163,0.9835616438356164,630.45,6882.9400000000005,0.1682017268339393
^SPX,2026-02-24 16:15:00,SPX,2027-02-19,6875.0,C,615.63,615.63,615.63,615.63,1293,28,613.1,20,615.1,6852.66,6913.22,2476,0.9835616438356164,614.1,6882.9400000000005,0.16722442147355548
^SPX,2026-02-24 16:15:00,SPX,2027-02-19,6900.0,C,588.91,598.7,588.91,598.27,321,28,596.9,20,598.8,6852.66,6913.22,3476,0.9835616438356164,597.8499999999999,6882.9400000000005,0.1662209443529141
^SPX,2026-02-24 16:15:00,SPX,2027-02-19,6925.0,C,0.0,0.0,0.0,0.0,0,23,580.8,11,582.8,6852.66,6913.22,272,0.9835616438356164,581.8,6882.9400000000005,0.16522926227961734
^SPX,2026-02-24 16:15:00,SPX,2027-02-19,6950.0,C,0.0,0.0,0.0,0.0,0,28,564.9,20,566.8,6852.66,6913.22,2538,0.9835616438356164,565.8499999999999,6882.9400000000005,0.16420962654122515
^SPX,2026-02-24 16:15:00,SPX,2027-02-19,6975.0,C,0.0,0.0,0.0,0.0,0,26,549.2,21,551.1,6852.66,6913.22,108,0.9835616438356164,550.1500000000001,6882.9400000000005,0.16321853510787926
^SPX,2026-02-24 16:15:00,SPX,2027-02-19,7000.0,C,514.03,533.99,514.03,533.99,12,35,533.6,30,535.5,6852.66,6913.22,2705,0.9835616438356164,534.55,6882.9400000000005,0.16219746623793713
^SPX,2026-02-24 16:15:00,SPX,2027-02-19,7025.0,C,520.8,520.8,520.8,520.8,1,26,518.1,21,520.1,6852.66,6913.22,29,0.9835616438356164,519.1,6882.9400000000005,0.16116456939901147
^SPX,2026-02-24 16:15:00,SPX,2027-02-19,7050.0,C,495.41,495.41,495.41,495.41,7,26,503.0,21,504.9,6852.66,6913.22,70,0.9835616438356164,503.95,6882.9400000000005,0.160175088646602
^SPX,2026-02-24 16:15:00,SPX,2027-02-19,7075.0,C,0.0,0.0,0.0,0.0,0,27,487.8,22,489.8,6852.66,6913.22,451,0.9835616438356164,488.8,6882.9400000000005,0.15911518214334575
^SPX,2026-02-24 16:15:00,SPX,2027-02-19,7100.0,C,474.05,474.05,474.05,474.05,300,37,473.0,31,474.9,6852.66,6913.22,38,0.9835616438356164,473.95,6882.9400000000005,0.1580961417083898
^SPX,2026-02-24 16:15:00,SPX,2027-02-19,7125.0,C,0.0,0.0,0.0,0.0,0,27,458.3,23,460.3,6852.66,6913.22,23,0.9835616438356164,459.3,6882.9400000000005,0.15707921925230883
^SPX,2026-02-24 16:15:00,SPX,2027-02-19,7150.0,C,0.0,0.0,0.0,0.0,0,29,443.8,24,445.5,6852.66,6913.22,14,0.9835616438356164,444.65,6882.9400000000005,0.15598925757250978
^SPX,2026-02-24 16:15:00,SPX,2027-02-19,7175.0,C,0.0,0.0,0.0,0.0,0,35,429.5,31,431.4,6852.66,6913.22,71,0.9835616438356164,430.45,6882.9400000000005,0.15499159116265587
^SPX,2026-02-24 16:15:00,SPX,2027-02-19,7200.0,C,414.63,414.94,414.63,414.94,2,22,415.5,32,417.1,6852.66,6913.22,1147,0.9835616438356164,416.3,6882.9400000000005,0.15393714550937693
^SPX,2026-02-24 16:15:00,SPX,2027-02-19,7225.0,C,0.0,0.0,0.0,0.0,0,22,401.6,32,403.4,6852.66,6913.22,172,0.9835616438356164,402.5,6882.9400000000005,0.15293530822772564
^SPX,2026-02-24 16:15:00,SPX,2027-02-19,7250.0,C,0.0,0.0,0.0,0.0,0,38,387.9,32,389.6,6852.66,6913.22,472,0.9835616438356164,388.75,6882.9400000000005,0.15187452795867723
^SPX,2026-02-24 16:15:00,SPX,2027-02-19,7275.0,C,370.95,370.95,370.95,370.95,7,34,374.5,45,376.3,6852.66,6913.22,8,0.9835616438356164,375.4,6882.9400000000005,0.15088225384508377
^SPX,2026-02-24 16:15:00,SPX,2027-02-19,7300.0,C,0.0,0.0,0.0,0.0,0,22,361.3,34,363.0,6852.66,6913.22,277,0.9835616438356164,362.15,6882.9400000000005,0.1498471334980794
^SPX,2026-02-24 16:15:00,SPX,2027-02-19,7325.0,C,0.0,0.0,0.0,0.0,0,22,348.3,35,350.0,6852.66,6913.22,579,0.9835616438356164,349.15,6882.9400000000005,0.14882311509875512
^SPX,2026-02-24 16:15:00,SPX,2027-02-19,7350.0,C,0.0,0.0,0.0,0.0,0,24,335.6,35,337.2,6852.66,6913.22,408,0.9835616438356164,336.4,6882.9400000000005,0.14780910104779563
^SPX,2026-02-24 16:15:00,SPX,2027-02-19,7375.0,C,0.0,0.0,0.0,0.0,0,24,323.1,34,324.8,6852.66,6913.22,129,0.9835616438356164,323.95000000000005,6882.9400000000005,0.14682249150149312
^SPX,2026-02-24 16:15:00,SPX,2027-02-19,7400.0,C,311.5,311.5,311.5,311.5,2,33,310.9,49,312.5,6852.66,6913.22,1567,0.9835616438356164,311.7,6882.9400000000005,0.14582544154878502
^SPX,2026-02-24 16:15:00,SPX,2027-02-19,7425.0,C,0.0,0.0,0.0,0.0,0,42,298.8,38,300.6,6852.66,6913.22,25,0.9835616438356164,299.70000000000005,6882.9400000000005,0.14483540660941463
^SPX,2026-02-24 16:15:00,SPX,2027-02-19,7450.0,C,0.0,0.0,0.0,0.0,0,34,287.3,49,288.8,6852.66,6913.22,1626,0.9835616438356164,288.05,6882.9400000000005,0.14388875403060225
^SPX,2026-02-24 16:15:00,SPX,2027-02-19,7475.0,C,0.0,0.0,0.0,0.0,0,41,275.7,39,277.4,6852.66,6913.22,88,0.9835616438356164,276.54999999999995,6882.9400000000005,0.1429102432513063
^SPX,2026-02-24 16:15:00,SPX,2027-02-19,7500.0,C,265.87,265.87,264.79,264.79,85,34,264.7,49,266.2,6852.66,6913.22,2112,0.9835616438356164,265.45,6882.9400000000005,0.14199266859962678
^SPX,2026-02-24 16:15:00,SPX,2027-02-19,7525.0,C,0.0,0.0,0.0,0.0,0,28,253.8,40,255.4,6852.66,6913.22,14,0.9835616438356164,254.60000000000002,6882.9400000000005,0.14107946028269822
^SPX,2026-02-24 16:15:00,SPX,2027-02-19,7550.0,C,244.51,244.51,244.51,244.51,110,37,243.3,54,244.7,6852.66,6913.22,1250,0.9835616438356164,244.0,6882.9400000000005,0.1401700112563073
^SPX,2026-02-24 16:15:00,SPX,2027-02-19,7575.0,C,0.0,0.0,0.0,0.0,0,16,233.0,29,234.4,6852.66,6913.22,48,0.9835616438356164,233.7,6882.9400000000005,0.13928299197697605
^SPX,2026-02-24 16:15:00,SPX,2027-02-19,7600.0,C,0.0,0.0,0.0,0.0,0,30,223.0,42,224.4,6852.66,6913.22,91,0.9835616438356164,223.7,6882.9400000000005,0.13841838560484412
^SPX,2026-02-24 16:15:00,SPX,2027-02-19,7625.0,C,0.0,0.0,0.0,0.0,0,17,213.3,32,214.7,6852.66,6913.22,52,0.9835616438356164,214.0,6882.9400000000005,0.13757632739114553
^SPX,2026-02-24 16:15:00,SPX,2027-02-19,7650.0,C,0.0,0.0,0.0,0.0,0,32,203.9,30,205.2,6852.66,6913.22,2,0.9835616438356164,204.55,6882.9400000000005,0.13673734196535114
^SPX,2026-02-24 16:15:00,SPX,2027-02-19,7675.0,C,0.0,0.0,0.0,0.0,0,15,194.8,15,196.1,6852.66,6913.22,2,0.9835616438356164,195.45,6882.9400000000005,0.13594122827131333
^SPX,2026-02-24 16:15:00,SPX,2027-02-19,7700.0,C,0.0,0.0,0.0,0.0,0,54,185.9,32,187.3,6852.66,6913.22,295,0.9835616438356164,186.60000000000002,6882.9400000000005,0.1351488434009554
^SPX,2026-02-24 16:15:00,SPX,2027-02-19,7725.0,C,0.0,0.0,0.0,0.0,0,40,177.4,34,178.9,6852.66,6913.22,35,0.9835616438356164,178.15,6882.9400000000005,0.13442171283748566
^SPX,2026-02-24 16:15:00,SPX,2027-02-19,7750.0,C,0.0,0.0,0.0,0.0,0,56,169.2,34,170.5,6852.66,6913.22,214,0.9835616438356164,169.85,6882.9400000000005,0.13365873487761323
^SPX,2026-02-24 16:15:00,SPX,2027-02-19,7775.0,C,0.0,0.0,0.0,0.0,0,43,161.3,17,162.6,6852.66,6913.22,0,0.9835616438356164,161.95,6882.9400000000005,0.13296385621049117
^SPX,2026-02-24 16:15:00,SPX,2027-02-19,7800.0,C,149.96,150.07,149.96,150.07,2,62,153.6,36,154.9,6852.66,6913.22,41,0.9835616438356164,154.25,6882.9400000000005,0.13225495330091425
^SPX,2026-02-24 16:15:00,SPX,2027-02-19,7825.0,C,0.0,0.0,0.0,0.0,0,45,146.3,37,147.5,6852.66,6913.22,532,0.9835616438356164,146.9,6882.9400000000005,0.13159693997662447
^SPX,2026-02-24 16:15:00,SPX,2027-02-19,7850.0,C,0.0,0.0,0.0,0.0,0,41,139.2,38,140.4,6852.66,6913.22,25,0.9835616438356164,139.8,6882.9400000000005,0.13094877157612253
^SPX,2026-02-24 16:15:00,SPX,2027-02-19,7875.0,C,0.0,0.0,0.0,0.0,0,41,132.4,39,133.6,6852.66,6913.22,1,0.9835616438356164,133.0,6882.9400000000005,0.13033414025001444
^SPX,2026-02-24 16:15:00,SPX,2027-02-19,7900.0,C,0.0,0.0,0.0,0.0,0,25,125.9,40,127.0,6852.66,6913.22,4,0.9835616438356164,126.45,6882.9400000000005,0.12973285741595472
^SPX,2026-02-24 16:15:00,SPX,2027-02-19,7925.0,C,117.33,117.33,117.33,117.33,230,58,119.6,54,120.8,6852.66,6913.22,487,0.9835616438356164,120.19999999999999,6882.9400000000005,0.12916998352667716
^SPX,2026-02-24 16:15:00,SPX,2027-02-19,7950.0,C,0.0,0.0,0.0,0.0,0,71,113.6,43,114.8,6852.66,6913.22,108,0.9835616438356164,114.19999999999999,6882.9400000000005,0.1286251520785688
^SPX,2026-02-24 16:15:00,SPX,2027-02-19,8000.0,C,0.0,0.0,0.0,0.0,0,77,102.3,47,103.5,6852.66,6913.22,514,0.9835616438356164,102.9,6882.9400000000005,0.12757466894847647
^SPX,2026-02-24 16:15:00,SPX,2027-02-19,8050.0,C,0.0,0.0,0.0,0.0,0,85,92.0,50,93.2,6852.66,6913.22,18,0.9835616438356164,92.6,6882.9400000000005,0.12662706747286684
^SPX,2026-02-24 16:15:00,SPX,2027-02-19,8100.0,C,0.0,0.0,0.0,0.0,0,94,82.7,54,83.8,6852.66,6913.22,150,0.9835616438356164,83.25,6882.9400000000005,0.1257842192938034
^SPX,2026-02-24 16:15:00,SPX,2027-02-19,8150.0,C,0.0,0.0,0.0,0.0,0,100,74.1,58,75.3,6852.66,6913.22,20,0.9835616438356164,74.69999999999999,6882.9400000000005,0.12499260775869478
^SPX,2026-02-24 16:15:00,SPX,2027-02-19,8200.0,C,0.0,0.0,0.0,0.0,0,109,66.4,62,67.5,6852.66,6913.22,2,0.9835616438356164,66.95,6882.9400000000005,0.12427869587496512
^SPX,2026-02-24 16:15:00,SPX,2027-02-19,8250.0,C,0.0,0.0,0.0,0.0,0,86,59.5,66,60.5,6852.66,6913.22,204,0.9835616438356164,60.0,6882.9400000000005,0.12367583455662468
^SPX,2026-02-24 16:15:00,SPX,2027-02-19,8300.0,C,53.78,53.78,53.78,53.78,2,94,53.2,70,54.1,6852.66,6913.22,103,0.9835616438356164,53.650000000000006,6882.9400000000005,0.12308982391916318
^SPX,2026-02-24 16:15:00,SPX,2027-02-19,8400.0,C,42.94,42.94,42.94,42.94,4,98,42.5,126,43.4,6852.66,6913.22,32,0.9835616438356164,42.95,6882.9400000000005,0.12223310214715498
^SPX,2026-02-24 16:15:00,SPX,2027-02-19,8500.0,C,0.0,0.0,0.0,0.0,0,150,33.9,81,34.6,6852.66,6913.22,762,0.9835616438356164,34.25,6882.9400000000005,0.1215444268501716
^SPX,2026-02-24 16:15:00,SPX,2027-02-19,8600.0,C,0.0,0.0,0.0,0.0,0,167,27.0,158,27.8,6852.66,6913.22,30,0.9835616438356164,27.4,6882.9400000000005,0.12118559836138086
^SPX,2026-02-24 16:15:00,SPX,2027-02-19,8700.0,C,0.0,0.0,0.0,0.0,0,164,21.7,176,22.4,6852.66,6913.22,13,0.9835616438356164,22.049999999999997,6882.9400000000005,0.12115368444159529
^SPX,2026-02-24 16:15:00,SPX,2027-02-19,8800.0,C,0.0,0.0,0.0,0.0,0,188,17.4,107,18.1,6852.66,6913.22,57,0.9835616438356164,17.75,6882.9400000000005,0.12124547024082877
^SPX,2026-02-24 16:15:00,SPX,2027-02-19,8900.0,C,0.0,0.0,0.0,0.0,0,190,14.1,120,14.7,6852.66,6913.22,8,0.9835616438356164,14.399999999999999,6882.9400000000005,0.12160284544343353
^SPX,2026-02-24 16:15:00,SPX,2027-02-19,9000.0,C,0.0,0.0,0.0,0.0,0,202,11.5,129,12.0,6852.66,6913.22,42,0.9835616438356164,11.75,6882.9400000000005,0.12213418783777602
^SPX,2026-02-24 16:15:00,SPX,2027-02-19,9200.0,C,0.0,0.0,0.0,0.0,0,229,7.7,142,8.2,6852.66,6913.22,4,0.9835616438356164,7.949999999999999,6882.9400000000005,0.12357699537925043
^SPX,2026-02-24 16:15:00,SPX,2027-02-19,9400.0,C,0.0,0.0,0.0,0.0,0,268,5.2,149,5.7,6852.66,6913.22,3,0.9835616438356164,5.45,6882.9400000000005,0.12525002037750785
^SPX,2026-02-24 16:15:00,SPX,2027-02-19,9600.0,C,0.0,0.0,0.0,0.0,0,262,3.6,265,4.1,6852.66,6913.22,2,0.9835616438356164,3.8499999999999996,6882.9400000000005,0.1273607851973726
^SPX,2026-02-24 16:15:00,SPX,2027-02-19,9800.0,C,2.65,2.65,2.65,2.65,1,253,2.55,180,2.95,6852.66,6913.22,2,0.9835616438356164,2.75,6882.9400000000005,0.1295163273076184
^SPX,2026-02-24 16:15:00,SPX,2027-02-19,10000.0,C,1.8,1.82,1.77,1.82,4,277,1.8,288,2.2,6852.66,6913.22,426,0.9835616438356164,2.0,6882.9400000000005,0.13180243478821121
^SPX,2026-02-24 16:15:00,SPX,2027-02-19,10200.0,C,0.0,0.0,0.0,0.0,0,109,1.25,149,1.65,6852.66,6913.22,0,0.9835616438356164,1.45,6882.9400000000005,0.13389315216758632
^SPX,2026-02-24 16:15:00,SPX,2027-02-19,10400.0,C,0.0,0.0,0.0,0.0,0,94,0.85,1,1.2,6852.66,6913.22,11,0.9835616438356164,1.025,6882.9400000000005,0.13551016455834153
^SPX,2026-02-24 16:15:00,SPX,2027-02-19,10600.0,C,0.0,0.0,0.0,0.0,0,94,0.7,1,1.1,6852.66,6913.22,1,0.9835616438356164,0.9,6882.9400000000005,0.13989039951571738
^SPX,2026-02-24 16:15:00,SPX,2027-02-19,10800.0,C,0.7,0.71,0.7,0.71,8,94,0.55,1,0.85,6852.66,6913.22,3,0.9835616438356164,0.7,6882.9400000000005,0.14244279350776431
^SPX,2026-02-24 16:15:00,SPX,2027-02-19,11000.0,C,0.59,0.67,0.59,0.67,2,94,0.45,1,0.75,6852.66,6913.22,3,0.9835616438356164,0.6,6882.9400000000005,0.14609795887881083
^SPX,2026-02-24 16:15:00,SPX,2027-02-19,11200.0,C,0.0,0.0,0.0,0.0,0,94,0.35,1,0.75,6852.66,6913.22,4,0.9835616438356164,0.55,6882.9400000000005,0.15045368040528526
^SPX,2026-02-24 16:15:00,SPX,2027-02-19,11400.0,C,0.0,0.0,0.0,0.0,0,134,0.25,1,0.65,6852.66,6913.22,1,0.9835616438356164,0.45,6882.9400000000005,0.15314850974444855
^SPX,2026-02-24 16:15:00,SPX,2027-02-19,11600.0,C,0.0,0.0,0.0,0.0,0,156,0.2,1,0.65,6852.66,6913.22,11,0.9835616438356164,0.42500000000000004,6882.9400000000005,0.15756444506582534
^SPX,2026-02-24 16:15:00,SPX,2027-02-19,11800.0,C,0.0,0.0,0.0,0.0,0,134,0.15,136,0.65,6852.66,6913.22,2,0.9835616438356164,0.4,6882.9400000000005,0.16179626078896725
^SPX,2026-02-24 16:15:00,SPX,2027-02-19,12000.0,C,0.0,0.0,0.0,0.0,0,156,0.1,137,0.65,6852.66,6913.22,3,0.9835616438356164,0.375,6882.9400000000005,0.16584281373376059
^SPX,2026-02-24 16:15:00,SPX,2027-03-19,5000.0,C,0.0,0.0,0.0,0.0,0,2,2113.6,2,2119.6,6852.66,6913.22,9,1.0602739726027397,2116.6,6882.9400000000005,0.12996718167169133
^SPX,2026-02-24 16:15:00,SPX,2027-03-19,5025.0,C,0.0,0.0,0.0,0.0,0,2,2090.7,2,2098.4,6852.66,6913.22,0,1.0602739726027397,2094.55,6882.9400000000005,0.1476011704616712
^SPX,2026-02-24 16:15:00,SPX,2027-03-19,5050.0,C,0.0,0.0,0.0,0.0,0,2,2069.6,2,2075.6,6852.66,6913.22,0,1.0602739726027397,2072.6,6882.9400000000005,0.15684984874286595
^SPX,2026-02-24 16:15:00,SPX,2027-03-19,5075.0,C,0.0,0.0,0.0,0.0,0,2,2046.6,2,2054.3,6852.66,6913.22,0,1.0602739726027397,2050.45,6882.9400000000005,0.1622425099393035
^SPX,2026-02-24 16:15:00,SPX,2027-03-19,5100.0,C,0.0,0.0,0.0,0.0,0,2,2025.6,2,2031.6,6852.66,6913.22,0,1.0602739726027397,2028.6,6882.9400000000005,0.16725839063796108
^SPX,2026-02-24 16:15:00,SPX,2027-03-19,5125.0,C,0.0,0.0,0.0,0.0,0,2,2002.8,2,2010.2,6852.66,6913.22,0,1.0602739726027397,2006.5,6882.9400000000005,0.1704238874554066
^SPX,2026-02-24 16:15:00,SPX,2027-03-19,5150.0,C,0.0,0.0,0.0,0.0,0,2,1981.9,2,1987.9,6852.66,6913.22,0,1.0602739726027397,1984.9,6882.9400000000005,0.1742071127702832
^SPX,2026-02-24 16:15:00,SPX,2027-03-19,5175.0,C,0.0,0.0,0.0,0.0,0,2,1959.2,2,1966.9,6852.66,6913.22,0,1.0602739726027397,1963.0500000000002,6882.9400000000005,0.1767039678599013
^SPX,2026-02-24 16:15:00,SPX,2027-03-19,5200.0,C,0.0,0.0,0.0,0.0,0,2,1938.4,2,1944.3,6852.66,6913.22,0,1.0602739726027397,1941.35,6882.9400000000005,0.179053928301238
^SPX,2026-02-24 16:15:00,SPX,2027-03-19,5225.0,C,0.0,0.0,0.0,0.0,0,2,1915.8,2,1923.4,6852.66,6913.22,0,1.0602739726027397,1919.6,6882.9400000000005,0.18089764614038417
^SPX,2026-02-24 16:15:00,SPX,2027-03-19,5250.0,C,0.0,0.0,0.0,0.0,0,2,1895.1,2,1901.0,6852.66,6913.22,0,1.0602739726027397,1898.05,6882.9400000000005,0.18276697138741418
^SPX,2026-02-24 16:15:00,SPX,2027-03-19,5275.0,C,0.0,0.0,0.0,0.0,0,2,1872.5,2,1880.1,6852.66,6913.22,0,1.0602739726027397,1876.3,6882.9400000000005,0.18399202409835322
^SPX,2026-02-24 16:15:00,SPX,2027-03-19,5300.0,C,0.0,0.0,0.0,0.0,0,2,1851.9,2,1857.8,6852.66,6913.22,0,1.0602739726027397,1854.85,6882.9400000000005,0.1854488184801609
^SPX,2026-02-24 16:15:00,SPX,2027-03-19,5325.0,C,0.0,0.0,0.0,0.0,0,2,1829.5,2,1837.1,6852.66,6913.22,0,1.0602739726027397,1833.3,6882.9400000000005,0.18650966399793725
^SPX,2026-02-24 16:15:00,SPX,2027-03-19,5350.0,C,0.0,0.0,0.0,0.0,0,2,1809.0,2,1814.9,6852.66,6913.22,0,1.0602739726027397,1811.95,6882.9400000000005,0.1876431418560791
^SPX,2026-02-24 16:15:00,SPX,2027-03-19,5375.0,C,0.0,0.0,0.0,0.0,0,2,1786.8,2,1794.2,6852.66,6913.22,0,1.0602739726027397,1790.5,6882.9400000000005,0.18844043979590816
^SPX,2026-02-24 16:15:00,SPX,2027-03-19,5400.0,C,0.0,0.0,0.0,0.0,0,2,1766.4,2,1772.2,6852.66,6913.22,0,1.0602739726027397,1769.3000000000002,6882.9400000000005,0.18937982244796825
^SPX,2026-02-24 16:15:00,SPX,2027-03-19,5425.0,C,0.0,0.0,0.0,0.0,0,2,1744.3,2,1751.5,6852.66,6913.22,0,1.0602739726027397,1747.9,6882.9400000000005,0.18990185560485176
^SPX,2026-02-24 16:15:00,SPX,2027-03-19,5450.0,C,0.0,0.0,0.0,0.0,0,2,1724.1,2,1729.7,6852.66,6913.22,0,1.0602739726027397,1726.9,6882.9400000000005,0.19073984464805377
^SPX,2026-02-24 16:15:00,SPX,2027-03-19,5475.0,C,0.0,0.0,0.0,0.0,0,2,1702.1,2,1709.2,6852.66,6913.22,0,1.0602739726027397,1705.65,6882.9400000000005,0.19114020670994863
^SPX,2026-02-24 16:15:00,SPX,2027-03-19,5500.0,C,1651.93,1651.93,1651.93,1651.93,1,2,1681.9,2,1687.4,6852.66,6913.22,5,1.0602739726027397,1684.65,6882.9400000000005,0.1916765080119729
^SPX,2026-02-24 16:15:00,SPX,2027-03-19,5525.0,C,0.0,0.0,0.0,0.0,0,2,1660.1,2,1667.0,6852.66,6913.22,0,1.0602739726027397,1663.55,6882.9400000000005,0.19197567600330492
^SPX,2026-02-24 16:15:00,SPX,2027-03-19,5550.0,C,0.0,0.0,0.0,0.0,0,2,1640.0,2,1645.3,6852.66,6913.22,0,1.0602739726027397,1642.65,6882.9400000000005,0.19235359497328045
^SPX,2026-02-24 16:15:00,SPX,2027-03-19,5575.0,C,0.0,0.0,0.0,0.0,0,2,1618.3,2,1625.0,6852.66,6913.22,0,1.0602739726027397,1621.65,6882.9400000000005,0.19251591271839105
^SPX,2026-02-24 16:15:00,SPX,2027-03-19,5600.0,C,0.0,0.0,0.0,0.0,0,2,1598.4,2,1603.6,6852.66,6913.22,3,1.0602739726027397,1601.0,6882.9400000000005,0.19289302135151246
^SPX,2026-02-24 16:15:00,SPX,2027-03-19,5625.0,C,0.0,0.0,0.0,0.0,0,2,1576.8,2,1583.3,6852.66,6913.22,0,1.0602739726027397,1580.05,6882.9400000000005,0.19288643600823605
^SPX,2026-02-24 16:15:00,SPX,2027-03-19,5650.0,C,0.0,0.0,0.0,0.0,0,2,1556.9,2,1562.0,6852.66,6913.22,0,1.0602739726027397,1559.45,6882.9400000000005,0.1930874684146327
^SPX,2026-02-24 16:15:00,SPX,2027-03-19,5675.0,C,0.0,0.0,0.0,0.0,0,2,1535.6,2,1541.9,6852.66,6913.22,0,1.0602739726027397,1538.75,6882.9400000000005,0.1931004887585306
^SPX,2026-02-24 16:15:00,SPX,2027-03-19,5700.0,C,0.0,0.0,0.0,0.0,0,2,1515.8,2,1520.7,6852.66,6913.22,0,1.0602739726027397,1518.25,6882.9400000000005,0.1931827390441779
^SPX,2026-02-24 16:15:00,SPX,2027-03-19,5725.0,C,0.0,0.0,0.0,0.0,0,2,1494.5,2,1500.7,6852.66,6913.22,0,1.0602739726027397,1497.6,6882.9400000000005,0.19305091819061274
^SPX,2026-02-24 16:15:00,SPX,2027-03-19,5750.0,C,0.0,0.0,0.0,0.0,0,2,1474.8,2,1479.6,6852.66,6913.22,0,1.0602739726027397,1477.1999999999998,6882.9400000000005,0.19302725641639643
^SPX,2026-02-24 16:15:00,SPX,2027-03-19,5775.0,C,0.0,0.0,0.0,0.0,0,2,1453.7,2,1459.8,6852.66,6913.22,0,1.0602739726027397,1456.75,6882.9400000000005,0.19287753219562223
^SPX,2026-02-24 16:15:00,SPX,2027-03-19,5800.0,C,0.0,0.0,0.0,0.0,0,2,1434.2,2,1438.8,6852.66,6913.22,3,1.0602739726027397,1436.5,6882.9400000000005,0.19279181853879615
^SPX,2026-02-24 16:15:00,SPX,2027-03-19,5825.0,C,0.0,0.0,0.0,0.0,0,2,1413.2,2,1419.2,6852.66,6913.22,0,1.0602739726027397,1416.2,6882.9400000000005,0.19258625427901307
^SPX,2026-02-24 16:15:00,SPX,2027-03-19,5850.0,C,0.0,0.0,0.0,0.0,0,2,1393.8,2,1398.3,6852.66,6913.22,0,1.0602739726027397,1396.05,6882.9400000000005,0.19240669643427993
^SPX,2026-02-24 16:15:00,SPX,2027-03-19,5875.0,C,0.0,0.0,0.0,0.0,0,2,1373.0,2,1378.8,6852.66,6913.22,0,1.0602739726027397,1375.9,6882.9400000000005,0.1921482975486951
^SPX,2026-02-24 16:15:00,SPX,2027-03-19,5900.0,C,1352.76,1352.76,1352.76,1352.76,4,2,1353.6,2,1358.2,6852.66,6913.22,4,1.0602739726027397,1355.9,6882.9400000000005,0.19191439547993844
^SPX,2026-02-24 16:15:00,SPX,2027-03-19,5925.0,C,0.0,0.0,0.0,0.0,0,2,1332.9,2,1338.9,6852.66,6913.22,0,1.0602739726027397,1335.9,6882.9400000000005,0.19160490438824318
^SPX,2026-02-24 16:15:00,SPX,2027-03-19,5950.0,C,0.0,0.0,0.0,0.0,0,2,1313.7,2,1318.3,6852.66,6913.22,18,1.0602739726027397,1316.0,6882.9400000000005,0.1912868061816158
^SPX,2026-02-24 16:15:00,SPX,2027-03-19,5975.0,C,0.0,0.0,0.0,0.0,0,2,1293.2,2,1299.1,6852.66,6913.22,0,1.0602739726027397,1296.15,6882.9400000000005,0.19092837301637924
^SPX,2026-02-24 16:15:00,SPX,2027-03-19,6000.0,C,1264.53,1276.12,1264.53,1273.53,12,2,1274.1,2,1278.6,6852.66,6913.22,24007,1.0602739726027397,1276.35,6882.9400000000005,0.1905308675198272
^SPX,2026-02-24 16:15:00,SPX,2027-03-19,6025.0,C,0.0,0.0,0.0,0.0,0,2,1253.8,2,1259.5,6852.66,6913.22,0,1.0602739726027397,1256.65,6882.9400000000005,0.1901252418398754
^SPX,2026-02-24 16:15:00,SPX,2027-03-19,6050.0,C,0.0,0.0,0.0,0.0,0,2,1234.9,2,1239.2,6852.66,6913.22,0,1.0602739726027397,1237.0500000000002,6882.9400000000005,0.18971081697317488
^SPX,2026-02-24 16:15:00,SPX,2027-03-19,6075.0,C,0.0,0.0,0.0,0.0,0,2,1214.7,2,1220.3,6852.66,6913.22,0,1.0602739726027397,1217.5,6882.9400000000005,0.18925829980551012
^SPX,2026-02-24 16:15:00,SPX,2027-03-19,6100.0,C,0.0,0.0,0.0,0.0,0,2,1196.0,2,1200.2,6852.66,6913.22,9,1.0602739726027397,1198.1,6882.9400000000005,0.1888249779755889
^SPX,2026-02-24 16:15:00,SPX,2027-03-19,6125.0,C,0.0,0.0,0.0,0.0,0,2,1175.9,2,1181.4,6852.66,6913.22,1,1.0602739726027397,1178.65,6882.9400000000005,0.18829821360319998
^SPX,2026-02-24 16:15:00,SPX,2027-03-19,6150.0,C,0.0,0.0,0.0,0.0,0,2,1157.3,2,1161.5,6852.66,6913.22,0,1.0602739726027397,1159.4,6882.9400000000005,0.1878176031931331
^SPX,2026-02-24 16:15:00,SPX,2027-03-19,6175.0,C,0.0,0.0,0.0,0.0,0,2,1137.4,2,1142.9,6852.66,6913.22,0,1.0602739726027397,1140.15,6882.9400000000005,0.18727300531470795
^SPX,2026-02-24 16:15:00,SPX,2027-03-19,6200.0,C,0.0,0.0,0.0,0.0,0,2,1119.0,2,1123.1,6852.66,6913.22,4,1.0602739726027397,1121.05,6882.9400000000005,0.18674530011874824
^SPX,2026-02-24 16:15:00,SPX,2027-03-19,6225.0,C,0.0,0.0,0.0,0.0,0,2,1099.3,2,1104.7,6852.66,6913.22,1,1.0602739726027397,1102.0,6882.9400000000005,0.18618104124326496
^SPX,2026-02-24 16:15:00,SPX,2027-03-19,6250.0,C,0.0,0.0,0.0,0.0,0,2,1081.0,2,1085.1,6852.66,6913.22,12,1.0602739726027397,1083.05,6882.9400000000005,0.18560636605712125
^SPX,2026-02-24 16:15:00,SPX,2027-03-19,6275.0,C,0.0,0.0,0.0,0.0,0,1,1064.0,1,1066.3,6852.66,6913.22,0,1.0602739726027397,1065.15,6882.9400000000005,0.1854950255160521
^SPX,2026-02-24 16:15:00,SPX,2027-03-19,6300.0,C,0.0,0.0,0.0,0.0,0,1,1045.2,1,1047.5,6852.66,6913.22,35,1.0602739726027397,1046.35,6882.9400000000005,0.1848661781490333
^SPX,2026-02-24 16:15:00,SPX,2027-03-19,6325.0,C,0.0,0.0,0.0,0.0,0,1,1026.5,1,1028.8,6852.66,6913.22,3,1.0602739726027397,1027.65,6882.9400000000005,0.1842264649601352
^SPX,2026-02-24 16:15:00,SPX,2027-03-19,6350.0,C,1001.3,1001.3,1001.3,1001.3,1,1,1007.9,1,1010.2,6852.66,6913.22,2,1.0602739726027397,1009.05,6882.9400000000005,0.18357538870456971
^SPX,2026-02-24 16:15:00,SPX,2027-03-19,6375.0,C,0.0,0.0,0.0,0.0,0,1,989.4,1,991.7,6852.66,6913.22,2,1.0602739726027397,990.55,6882.9400000000005,0.1829124698946576
^SPX,2026-02-24 16:15:00,SPX,2027-03-19,6400.0,C,0.0,0.0,0.0,0.0,0,1,971.0,1,973.3,6852.66,6913.22,32,1.0602739726027397,972.15,6882.9400000000005,0.18223724419435802
^SPX,2026-02-24 16:15:00,SPX,2027-03-19,6425.0,C,0.0,0.0,0.0,0.0,0,1,952.7,1,955.0,6852.66,6913.22,0,1.0602739726027397,953.85,6882.9400000000005,0.18154925995202525
^SPX,2026-02-24 16:15:00,SPX,2027-03-19,6450.0,C,0.0,0.0,0.0,0.0,0,1,934.2,1,936.7,6852.66,6913.22,0,1.0602739726027397,935.45,6882.9400000000005,0.18075780873824412
^SPX,2026-02-24 16:15:00,SPX,2027-03-19,6475.0,C,0.0,0.0,0.0,0.0,0,1,916.3,1,918.6,6852.66,6913.22,0,1.0602739726027397,917.45,6882.9400000000005,0.18008870869330562
^SPX,2026-02-24 16:15:00,SPX,2027-03-19,6500.0,C,867.49,900.74,867.49,900.74,4,1,898.3,1,900.5,6852.66,6913.22,68,1.0602739726027397,899.4,6882.9400000000005,0.17933839392896087
^SPX,2026-02-24 16:15:00,SPX,2027-03-19,6525.0,C,0.0,0.0,0.0,0.0,0,1,880.3,1,882.6,6852.66,6913.22,0,1.0602739726027397,881.45,6882.9400000000005,0.17857411126591693
^SPX,2026-02-24 16:15:00,SPX,2027-03-19,6550.0,C,0.0,0.0,0.0,0.0,0,1,862.5,1,864.7,6852.66,6913.22,2,1.0602739726027397,863.6,6882.9400000000005,0.17779540887128314
^SPX,2026-02-24 16:15:00,SPX,2027-03-19,6575.0,C,0.0,0.0,0.0,0.0,0,1,844.7,1,847.0,6852.66,6913.22,0,1.0602739726027397,845.85,6882.9400000000005,0.17700183607982414
^SPX,2026-02-24 16:15:00,SPX,2027-03-19,6600.0,C,783.8,827.53,783.8,826.86,8,1,827.1,1,829.3,6852.66,6913.22,105,1.0602739726027397,828.2,6882.9400000000005,0.17619294139587124
^SPX,2026-02-24 16:15:00,SPX,2027-03-19,6625.0,C,0.0,0.0,0.0,0.0,0,1,809.3,1,811.8,6852.66,6913.22,0,1.0602739726027397,810.55,6882.9400000000005,0.1753267569388101
^SPX,2026-02-24 16:15:00,SPX,2027-03-19,6650.0,C,0.0,0.0,0.0,0.0,0,1,792.1,1,794.4,6852.66,6913.22,2,1.0602739726027397,793.25,6882.9400000000005,0.17454790098348985
^SPX,2026-02-24 16:15:00,SPX,2027-03-19,6675.0,C,0.0,0.0,0.0,0.0,0,1,774.8,1,777.0,6852.66,6913.22,1,1.0602739726027397,775.9,6882.9400000000005,0.17369008341561434
^SPX,2026-02-24 16:15:00,SPX,2027-03-19,6700.0,C,0.0,0.0,0.0,0.0,0,1,757.6,1,759.8,6852.66,6913.22,79,1.0602739726027397,758.7,6882.9400000000005,0.1728352232326738
^SPX,2026-02-24 16:15:00,SPX,2027-03-19,6725.0,C,0.0,0.0,0.0,0.0,0,8,740.6,7,742.6,6852.66,6913.22,4,1.0602739726027397,741.6,6882.9400000000005,0.17196232450755428
^SPX,2026-02-24 16:15:00,SPX,2027-03-19,6750.0,C,0.0,0.0,0.0,0.0,0,21,723.6,9,725.4,6852.66,6913.22,27,1.0602739726027397,724.5,6882.9400000000005,0.17103142213724418
^SPX,2026-02-24 16:15:00,SPX,2027-03-19,6775.0,C,0.0,0.0,0.0,0.0,0,21,706.8,8,708.7,6852.66,6913.22,41,1.0602739726027397,707.75,6882.9400000000005,0.17018007333840085
^SPX,2026-02-24 16:15:00,SPX,2027-03-19,6800.0,C,690.73,691.96,690.69,691.96,56,25,690.1,10,691.9,6852.66,6913.22,485,1.0602739726027397,691.0,6882.9400000000005,0.16926938917994036
^SPX,2026-02-24 16:15:00,SPX,2027-03-19,6825.0,C,0.0,0.0,0.0,0.0,0,24,673.5,11,675.5,6852.66,6913.22,3,1.0602739726027397,674.5,6882.9400000000005,0.1683960785420925
^SPX,2026-02-24 16:15:00,SPX,2027-03-19,6850.0,C,0.0,0.0,0.0,0.0,0,20,657.1,11,658.8,6852.66,6913.22,918,1.0602739726027397,657.95,6882.9400000000005,0.16744372138120384
^SPX,2026-02-24 16:15:00,SPX,2027-03-19,6875.0,C,0.0,0.0,0.0,0.0,0,24,640.8,11,642.7,6852.66,6913.22,1,1.0602739726027397,641.75,6882.9400000000005,0.16656467631282787
^SPX,2026-02-24 16:15:00,SPX,2027-03-19,6900.0,C,595.04,623.12,595.04,623.12,36,34,624.7,21,626.4,6852.66,6913.22,2246,1.0602739726027397,625.55,6882.9400000000005,0.16562467610973938
^SPX,2026-02-24 16:15:00,SPX,2027-03-19,6925.0,C,0.0,0.0,0.0,0.0,0,25,608.7,11,610.6,6852.66,6913.22,6,1.0602739726027397,609.6500000000001,6882.9400000000005,0.16473605335318425
^SPX,2026-02-24 16:15:00,SPX,2027-03-19,6950.0,C,0.0,0.0,0.0,0.0,0,24,592.9,11,594.5,6852.66,6913.22,229,1.0602739726027397,593.7,6882.9400000000005,0.16376690278995118
^SPX,2026-02-24 16:15:00,SPX,2027-03-19,6975.0,C,578.51,579.49,578.51,579.49,4,26,577.2,12,578.9,6852.66,6913.22,9,1.0602739726027397,578.05,6882.9400000000005,0.16284680369631757
^SPX,2026-02-24 16:15:00,SPX,2027-03-19,7000.0,C,533.35,562.14,533.35,561.94,166,23,561.7,22,563.3,6852.66,6913.22,26821,1.0602739726027397,562.5,6882.9400000000005,0.16190052096809204
^SPX,2026-02-24 16:15:00,SPX,2027-03-19,7025.0,C,0.0,0.0,0.0,0.0,0,13,546.3,12,548.0,6852.66,6913.22,20,1.0602739726027397,547.15,6882.9400000000005,0.1609639413442344
^SPX,2026-02-24 16:15:00,SPX,2027-03-19,7050.0,C,524.8,524.8,524.8,524.8,1,13,531.1,12,532.8,6852.66,6913.22,109,1.0602739726027397,531.95,6882.9400000000005,0.16001774797479557
^SPX,2026-02-24 16:15:00,SPX,2027-03-19,7075.0,C,518.4,518.4,516.18,516.18,6,12,516.1,20,518.0,6852.66,6913.22,357,1.0602739726027397,517.05,6882.9400000000005,0.1591152377520288
^SPX,2026-02-24 16:15:00,SPX,2027-03-19,7100.0,C,470.64,503.7,470.64,503.3,23,11,501.3,21,502.9,6852.66,6913.22,207,1.0602739726027397,502.1,6882.9400000000005,0.15812894924882226
^SPX,2026-02-24 16:15:00,SPX,2027-03-19,7125.0,C,0.0,0.0,0.0,0.0,0,12,486.6,11,488.2,6852.66,6913.22,82,1.0602739726027397,487.4,6882.9400000000005,0.15716636213440688
^SPX,2026-02-24 16:15:00,SPX,2027-03-19,7150.0,C,466.98,466.98,466.98,466.98,151,22,472.1,21,473.6,6852.66,6913.22,160,1.0602739726027397,472.85,6882.9400000000005,0.15619046028901387
^SPX,2026-02-24 16:15:00,SPX,2027-03-19,7175.0,C,0.0,0.0,0.0,0.0,0,12,457.8,21,459.3,6852.66,6913.22,75,1.0602739726027397,458.55,6882.9400000000005,0.15523594376667502
^SPX,2026-02-24 16:15:00,SPX,2027-03-19,7200.0,C,0.0,0.0,0.0,0.0,0,12,443.7,21,445.2,6852.66,6913.22,479,1.0602739726027397,444.45,6882.9400000000005,0.15428385135411948
^SPX,2026-02-24 16:15:00,SPX,2027-03-19,7225.0,C,0.0,0.0,0.0,0.0,0,12,429.8,21,431.3,6852.66,6913.22,28,1.0602739726027397,430.55,6882.9400000000005,0.15333316196778565
^SPX,2026-02-24 16:15:00,SPX,2027-03-19,7250.0,C,0.0,0.0,0.0,0.0,0,12,416.1,22,417.5,6852.66,6913.22,488,1.0602739726027397,416.8,6882.9400000000005,0.15236516627512825
^SPX,2026-02-24 16:15:00,SPX,2027-03-19,7275.0,C,0.0,0.0,0.0,0.0,0,12,402.5,22,404.0,6852.66,6913.22,25,1.0602739726027397,403.25,6882.9400000000005,0.15139661732733192
^SPX,2026-02-24 16:15:00,SPX,2027-03-19,7300.0,C,0.0,0.0,0.0,0.0,0,39,388.9,33,390.6,6852.66,6913.22,315,1.0602739726027397,389.75,6882.9400000000005,0.15037346119679756
^SPX,2026-02-24 16:15:00,SPX,2027-03-19,7325.0,C,378.03,378.03,378.03,378.03,100,12,376.2,33,377.6,6852.66,6913.22,773,1.0602739726027397,376.9,6882.9400000000005,0.14950692110343594
^SPX,2026-02-24 16:15:00,SPX,2027-03-19,7350.0,C,359.34,359.34,359.34,359.34,1,12,363.3,22,364.7,6852.66,6913.22,536,1.0602739726027397,364.0,6882.9400000000005,0.14854846581209816
^SPX,2026-02-24 16:15:00,SPX,2027-03-19,7375.0,C,0.0,0.0,0.0,0.0,0,13,350.7,23,352.1,6852.66,6913.22,67,1.0602739726027397,351.4,6882.9400000000005,0.14762099833308032
^SPX,2026-02-24 16:15:00,SPX,2027-03-19,7400.0,C,0.0,0.0,0.0,0.0,0,13,338.3,23,339.7,6852.66,6913.22,112,1.0602739726027397,339.0,6882.9400000000005,0.14668824520116866
^SPX,2026-02-24 16:15:00,SPX,2027-03-19,7425.0,C,0.0,0.0,0.0,0.0,0,13,326.2,30,327.5,6852.66,6913.22,23,1.0602739726027397,326.85,6882.9400000000005,0.14576709774313446
^SPX,2026-02-24 16:15:00,SPX,2027-03-19,7450.0,C,315.02,315.74,315.02,315.74,2,13,314.3,30,315.6,6852.66,6913.22,109,1.0602739726027397,314.95000000000005,6882.9400000000005,0.1448568050788006
^SPX,2026-02-24 16:15:00,SPX,2027-03-19,7475.0,C,0.0,0.0,0.0,0.0,0,13,302.6,34,303.8,6852.66,6913.22,5068,1.0602739726027397,303.20000000000005,6882.9400000000005,0.143920844814114
^SPX,2026-02-24 16:15:00,SPX,2027-03-19,7500.0,C,0.0,0.0,0.0,0.0,0,13,291.2,34,292.4,6852.66,6913.22,5367,1.0602739726027397,291.79999999999995,6882.9400000000005,0.14303008027721084
^SPX,2026-02-24 16:15:00,SPX,2027-03-19,7525.0,C,0.0,0.0,0.0,0.0,0,13,280.1,25,281.4,6852.66,6913.22,236,1.0602739726027397,280.75,6882.9400000000005,0.14218438690575902
^SPX,2026-02-24 16:15:00,SPX,2027-03-19,7550.0,C,254.27,269.58,254.09,269.2,8,15,269.2,26,270.5,6852.66,6913.22,51,1.0602739726027397,269.85,6882.9400000000005,0.14131112530474907
^SPX,2026-02-24 16:15:00,SPX,2027-03-19,7575.0,C,0.0,0.0,0.0,0.0,0,15,258.6,26,259.9,6852.66,6913.22,8,1.0602739726027397,259.25,6882.9400000000005,0.14046410021295863
^SPX,2026-02-24 16:15:00,SPX,2027-03-19,7600.0,C,0.0,0.0,0.0,0.0,0,15,248.3,27,249.5,6852.66,6913.22,507,1.0602739726027397,248.9,6882.9400000000005,0.13962486363966775
^SPX,2026-02-24 16:15:00,SPX,2027-03-19,7625.0,C,0.0,0.0,0.0,0.0,0,16,238.2,14,239.4,6852.66,6913.22,4,1.0602739726027397,238.8,6882.9400000000005,0.13879310919757212
^SPX,2026-02-24 16:15:00,SPX,2027-03-19,7650.0,C,0.0,0.0,0.0,0.0,0,16,228.4,14,229.6,6852.66,6913.22,158,1.0602739726027397,229.0,6882.9400000000005,0.13798731227192473
^SPX,2026-02-24 16:15:00,SPX,2027-03-19,7675.0,C,0.0,0.0,0.0,0.0,0,17,218.9,15,220.1,6852.66,6913.22,19,1.0602739726027397,219.5,6882.9400000000005,0.13720781192861353
^SPX,2026-02-24 16:15:00,SPX,2027-03-19,7700.0,C,0.0,0.0,0.0,0.0,0,17,209.7,15,210.9,6852.66,6913.22,845,1.0602739726027397,210.3,6882.9400000000005,0.13645511315625147
^SPX,2026-02-24 16:15:00,SPX,2027-03-19,7725.0,C,0.0,0.0,0.0,0.0,0,2,200.8,15,201.9,6852.66,6913.22,28,1.0602739726027397,201.35000000000002,6882.9400000000005,0.13571062681260854
^SPX,2026-02-24 16:15:00,SPX,2027-03-19,7750.0,C,0.0,0.0,0.0,0.0,0,18,192.1,16,193.3,6852.66,6913.22,924,1.0602739726027397,192.7,6882.9400000000005,0.13499406083607984
^SPX,2026-02-24 16:15:00,SPX,2027-03-19,7800.0,C,176.36,176.36,176.36,176.36,150,19,175.6,28,176.8,6852.66,6913.22,474,1.0602739726027397,176.2,6882.9400000000005,0.13360904973504847
^SPX,2026-02-24 16:15:00,SPX,2027-03-19,7850.0,C,154.2,161.38,154.0,159.8,17,2,160.2,28,161.3,6852.66,6913.22,674,1.0602739726027397,160.75,6882.9400000000005,0.1322870663533569
^SPX,2026-02-24 16:15:00,SPX,2027-03-19,7900.0,C,145.85,145.85,144.9,145.7,14,20,145.8,50,146.8,6852.66,6913.22,1671,1.0602739726027397,146.3,6882.9400000000005,0.13101562470586678
^SPX,2026-02-24 16:15:00,SPX,2027-03-19,7950.0,C,0.0,0.0,0.0,0.0,0,21,132.5,53,133.5,6852.66,6913.22,1481,1.0602739726027397,133.0,6882.9400000000005,0.1298700901793851
^SPX,2026-02-24 16:15:00,SPX,2027-03-19,8000.0,C,120.3,120.3,120.3,120.3,4,3,120.3,43,121.2,6852.66,6913.22,1026,1.0602739726027397,120.75,6882.9400000000005,0.1288252616009766
^SPX,2026-02-24 16:15:00,SPX,2027-03-19,8050.0,C,0.0,0.0,0.0,0.0,0,28,108.9,45,109.9,6852.66,6913.22,939,1.0602739726027397,109.4,6882.9400000000005,0.12783065806212146
^SPX,2026-02-24 16:15:00,SPX,2027-03-19,8100.0,C,0.0,0.0,0.0,0.0,0,53,98.5,49,99.5,6852.66,6913.22,42,1.0602739726027397,99.0,6882.9400000000005,0.12692759516387025
^SPX,2026-02-24 16:15:00,SPX,2027-03-19,8200.0,C,0.0,0.0,0.0,0.0,0,36,80.3,56,81.2,6852.66,6913.22,981,1.0602739726027397,80.75,6882.9400000000005,0.12533781400980826
^SPX,2026-02-24 16:15:00,SPX,2027-03-19,8300.0,C,0.0,0.0,0.0,0.0,0,5,65.2,64,66.0,6852.66,6913.22,185,1.0602739726027397,65.6,6882.9400000000005,0.12403959048085386
^SPX,2026-02-24 16:15:00,SPX,2027-03-19,8400.0,C,0.0,0.0,0.0,0.0,0,5,52.7,71,53.5,6852.66,6913.22,196,1.0602739726027397,53.1,6882.9400000000005,0.12298658730291195
^SPX,2026-02-24 16:15:00,SPX,2027-03-19,8500.0,C,42.81,42.81,42.81,42.81,100,5,42.6,175,43.3,6852.66,6913.22,2127,1.0602739726027397,42.95,6882.9400000000005,0.12222137995108279
^SPX,2026-02-24 16:15:00,SPX,2027-03-19,8600.0,C,0.0,0.0,0.0,0.0,0,92,34.4,163,35.2,6852.66,6913.22,606,1.0602739726027397,34.8,6882.9400000000005,0.12175476807890866
^SPX,2026-02-24 16:15:00,SPX,2027-03-19,8700.0,C,0.0,0.0,0.0,0.0,0,97,27.8,171,28.6,6852.66,6913.22,108,1.0602739726027397,28.200000000000003,6882.9400000000005,0.12147784751697847
^SPX,2026-02-24 16:15:00,SPX,2027-03-19,8800.0,C,21.92,21.92,21.92,21.92,97,102,22.6,170,23.2,6852.66,6913.22,431,1.0602739726027397,22.9,6882.9400000000005,0.12140191376059732
^SPX,2026-02-24 16:15:00,SPX,2027-03-19,9000.0,C,0.0,0.0,0.0,0.0,0,341,15.1,215,15.6,6852.66,6913.22,1342,1.0602739726027397,15.35,6882.9400000000005,0.12192634131604445
^SPX,2026-02-24 16:15:00,SPX,2027-03-19,9200.0,C,0.0,0.0,0.0,0.0,0,222,10.3,134,10.8,6852.66,6913.22,245,1.0602739726027397,10.55,6882.9400000000005,0.12316465400357521
^SPX,2026-02-24 16:15:00,SPX,2027-03-19,9400.0,C,7.0,7.0,7.0,7.0,1,250,7.1,146,7.6,6852.66,6913.22,230,1.0602739726027397,7.35,6882.9400000000005,0.12468667484231125
^SPX,2026-02-24 16:15:00,SPX,2027-03-19,9600.0,C,0.0,0.0,0.0,0.0,0,109,5.1,255,5.5,6852.66,6913.22,86,1.0602739726027397,5.3,6882.9400000000005,0.12677361150421387
^SPX,2026-02-24 16:15:00,SPX,2027-03-19,9800.0,C,3.7,3.8,3.6,3.8,13,238,3.6,293,4.0,6852.66,6913.22,121,1.0602739726027397,3.8,6882.9400000000005,0.12863819208740357
^SPX,2026-02-24 16:15:00,SPX,2027-03-19,10000.0,C,0.0,0.0,0.0,0.0,0,243,2.65,281,3.0,6852.66,6913.22,223,1.0602739726027397,2.825,6882.9400000000005,0.1309641398698451
^SPX,2026-02-24 16:15:00,SPX,2027-03-19,10200.0,C,0.0,0.0,0.0,0.0,0,109,1.95,149,2.3,6852.66,6913.22,27,1.0602739726027397,2.125,6882.9400000000005,0.1333112592369213
^SPX,2026-02-24 16:15:00,SPX,2027-03-19,10400.0,C,1.42,1.42,1.39,1.39,2,109,1.4,149,1.8,6852.66,6913.22,7,1.0602739726027397,1.6,6882.9400000000005,0.13551717510806993
^SPX,2026-02-24 16:15:00,SPX,2027-03-19,10600.0,C,0.0,0.0,0.0,0.0,0,94,0.95,134,1.5,6852.66,6913.22,5,1.0602739726027397,1.225,6882.9400000000005,0.1378149524895992
^SPX,2026-02-24 16:15:00,SPX,2027-03-19,10800.0,C,0.0,0.0,0.0,0.0,0,94,0.8,1,1.2,6852.66,6913.22,4,1.0602739726027397,1.0,6882.9400000000005,0.14084119184015942
^SPX,2026-02-24 16:15:00,SPX,2027-03-19,11000.0,C,0.0,0.0,0.0,0.0,0,94,0.65,1,0.95,6852.66,6913.22,7,1.0602739726027397,0.8,6882.9400000000005,0.14342069156098652
^SPX,2026-02-24 16:15:00,SPX,2027-03-19,11200.0,C,0.0,0.0,0.0,0.0,0,94,0.55,1,0.85,6852.66,6913.22,2,1.0602739726027397,0.7,6882.9400000000005,0.14703716167338093
^SPX,2026-02-24 16:15:00,SPX,2027-03-19,11400.0,C,0.61,0.62,0.61,0.62,4,94,0.45,1,0.75,6852.66,6913.22,3,1.0602739726027397,0.6,6882.9400000000005,0.15021220183764972
^SPX,2026-02-24 16:15:00,SPX,2027-03-19,11600.0,C,0.0,0.0,0.0,0.0,0,94,0.35,1,0.7,6852.66,6913.22,0,1.0602739726027397,0.5249999999999999,6882.9400000000005,0.1535066805603624
^SPX,2026-02-24 16:15:00,SPX,2027-03-19,11800.0,C,0.0,0.0,0.0,0.0,0,156,0.3,2,0.65,6852.66,6913.22,28,1.0602739726027397,0.475,6882.9400000000005,0.157097989877802
^SPX,2026-02-24 16:15:00,SPX,2027-06-17,5050.0,C,0.0,0.0,0.0,0.0,0,2,2119.6,2,2127.0,6852.66,6913.22,1,1.3068493150684932,2123.3,6882.9400000000005,0.1310461793540698
^SPX,2026-02-24 16:15:00,SPX,2027-06-17,5075.0,C,0.0,0.0,0.0,0.0,0,2,2097.3,2,2106.8,6852.66,6913.22,3,1.3068493150684932,2102.05,6882.9400000000005,0.14296310107555335
^SPX,2026-02-24 16:15:00,SPX,2027-06-17,5100.0,C,0.0,0.0,0.0,0.0,0,2,2077.1,2,2084.1,6852.66,6913.22,2,1.3068493150684932,2080.6,6882.9400000000005,0.14955484007734568
^SPX,2026-02-24 16:15:00,SPX,2027-06-17,5125.0,C,0.0,0.0,0.0,0.0,0,2,2054.8,2,2063.8,6852.66,6913.22,1,1.3068493150684932,2059.3,6882.9400000000005,0.15478134620138415
^SPX,2026-02-24 16:15:00,SPX,2027-06-17,5150.0,C,0.0,0.0,0.0,0.0,0,2,2034.6,2,2041.5,6852.66,6913.22,1,1.3068493150684932,2038.05,6882.9400000000005,0.15892630912057043
^SPX,2026-02-24 16:15:00,SPX,2027-06-17,5175.0,C,0.0,0.0,0.0,0.0,0,2,2012.4,2,2021.3,6852.66,6913.22,1,1.3068493150684932,2016.85,6882.9400000000005,0.16234136836671043
^SPX,2026-02-24 16:15:00,SPX,2027-06-17,5200.0,C,0.0,0.0,0.0,0.0,0,2,1992.2,2,1999.4,6852.66,6913.22,3,1.3068493150684932,1995.8000000000002,6882.9400000000005,0.16541380020666285
^SPX,2026-02-24 16:15:00,SPX,2027-06-17,5225.0,C,0.0,0.0,0.0,0.0,0,2,1970.2,2,1979.0,6852.66,6913.22,0,1.3068493150684932,1974.6,6882.9400000000005,0.16769743444963145
^SPX,2026-02-24 16:15:00,SPX,2027-06-17,5250.0,C,0.0,0.0,0.0,0.0,0,2,1950.1,2,1956.8,6852.66,6913.22,7,1.3068493150684932,1953.4499999999998,6882.9400000000005,0.16968462917145827
^SPX,2026-02-24 16:15:00,SPX,2027-06-17,5275.0,C,0.0,0.0,0.0,0.0,0,2,1928.3,2,1936.9,6852.66,6913.22,0,1.3068493150684932,1932.6,6882.9400000000005,0.17179708672735303
^SPX,2026-02-24 16:15:00,SPX,2027-06-17,5300.0,C,0.0,0.0,0.0,0.0,0,2,1908.2,2,1914.8,6852.66,6913.22,3,1.3068493150684932,1911.5,6882.9400000000005,0.17323812544273504
^SPX,2026-02-24 16:15:00,SPX,2027-06-17,5325.0,C,0.0,0.0,0.0,0.0,0,2,1886.4,2,1894.9,6852.66,6913.22,0,1.3068493150684932,1890.65,6882.9400000000005,0.17477289524544953
^SPX,2026-02-24 16:15:00,SPX,2027-06-17,5350.0,C,0.0,0.0,0.0,0.0,0,2,1866.5,2,1873.0,6852.66,6913.22,0,1.3068493150684932,1869.75,6882.9400000000005,0.17600927348136688
^SPX,2026-02-24 16:15:00,SPX,2027-06-17,5375.0,C,0.0,0.0,0.0,0.0,0,2,1844.8,2,1853.2,6852.66,6913.22,0,1.3068493150684932,1849.0,6882.9400000000005,0.17722185398583423
^SPX,2026-02-24 16:15:00,SPX,2027-06-17,5400.0,C,0.0,0.0,0.0,0.0,0,2,1825.0,2,1831.4,6852.66,6913.22,4,1.3068493150684932,1828.2,6882.9400000000005,0.1781867334013678
^SPX,2026-02-24 16:15:00,SPX,2027-06-17,5425.0,C,0.0,0.0,0.0,0.0,0,2,1803.4,2,1811.7,6852.66,6913.22,0,1.3068493150684932,1807.5500000000002,6882.9400000000005,0.17914603690932804
^SPX,2026-02-24 16:15:00,SPX,2027-06-17,5450.0,C,0.0,0.0,0.0,0.0,0,2,1783.6,2,1790.4,6852.66,6913.22,0,1.3068493150684932,1787.0,6882.9400000000005,0.18004585078398339
^SPX,2026-02-24 16:15:00,SPX,2027-06-17,5475.0,C,0.0,0.0,0.0,0.0,0,2,1762.3,2,1770.5,6852.66,6913.22,0,1.3068493150684932,1766.4,6882.9400000000005,0.18074405887176367
^SPX,2026-02-24 16:15:00,SPX,2027-06-17,5500.0,C,1746.36,1746.36,1746.36,1746.36,2,2,1742.6,2,1748.9,6852.66,6913.22,235,1.3068493150684932,1745.75,6882.9400000000005,0.18126111680800594
^SPX,2026-02-24 16:15:00,SPX,2027-06-17,5525.0,C,0.0,0.0,0.0,0.0,0,2,1721.3,2,1729.4,6852.66,6913.22,1,1.3068493150684932,1725.35,6882.9400000000005,0.18188535415760793
^SPX,2026-02-24 16:15:00,SPX,2027-06-17,5550.0,C,0.0,0.0,0.0,0.0,0,2,1701.7,2,1708.3,6852.66,6913.22,1,1.3068493150684932,1705.0,6882.9400000000005,0.1824285976433184
^SPX,2026-02-24 16:15:00,SPX,2027-06-17,5575.0,C,0.0,0.0,0.0,0.0,0,2,1680.6,2,1688.6,6852.66,6913.22,2,1.3068493150684932,1684.6,6882.9400000000005,0.1828127128819118
^SPX,2026-02-24 16:15:00,SPX,2027-06-17,5600.0,C,0.0,0.0,0.0,0.0,0,2,1661.2,2,1667.3,6852.66,6913.22,7,1.3068493150684932,1664.25,6882.9400000000005,0.18313258474450717
^SPX,2026-02-24 16:15:00,SPX,2027-06-17,5625.0,C,0.0,0.0,0.0,0.0,0,2,1640.2,2,1648.0,6852.66,6913.22,0,1.3068493150684932,1644.1,6882.9400000000005,0.18351076061809146
^SPX,2026-02-24 16:15:00,SPX,2027-06-17,5650.0,C,0.0,0.0,0.0,0.0,0,2,1620.8,2,1627.2,6852.66,6913.22,5,1.3068493150684932,1624.0,6882.9400000000005,0.18382527441108917
^SPX,2026-02-24 16:15:00,SPX,2027-06-17,5675.0,C,0.0,0.0,0.0,0.0,0,2,1599.9,2,1607.6,6852.66,6913.22,1,1.3068493150684932,1603.75,6882.9400000000005,0.18393130682782283
^SPX,2026-02-24 16:15:00,SPX,2027-06-17,5700.0,C,0.0,0.0,0.0,0.0,0,2,1580.7,2,1587.0,6852.66,6913.22,17,1.3068493150684932,1583.85,6882.9400000000005,0.18420630062289672
^SPX,2026-02-24 16:15:00,SPX,2027-06-17,5725.0,C,0.0,0.0,0.0,0.0,0,2,1560.0,2,1567.5,6852.66,6913.22,0,1.3068493150684932,1563.75,6882.9400000000005,0.18424810728008745
^SPX,2026-02-24 16:15:00,SPX,2027-06-17,5750.0,C,0.0,0.0,0.0,0.0,0,2,1540.9,2,1546.7,6852.66,6913.22,46,1.3068493150684932,1543.8000000000002,6882.9400000000005,0.18431346577705313
^SPX,2026-02-24 16:15:00,SPX,2027-06-17,5775.0,C,0.0,0.0,0.0,0.0,0,2,1520.2,2,1527.7,6852.66,6913.22,1,1.3068493150684932,1523.95,6882.9400000000005,0.18436586547120595
^SPX,2026-02-24 16:15:00,SPX,2027-06-17,5800.0,C,0.0,0.0,0.0,0.0,0,2,1501.3,2,1507.0,6852.66,6913.22,54,1.3068493150684932,1504.15,6882.9400000000005,0.18437241417561842
^SPX,2026-02-24 16:15:00,SPX,2027-06-17,5825.0,C,0.0,0.0,0.0,0.0,0,2,1480.8,2,1488.1,6852.66,6913.22,0,1.3068493150684932,1484.4499999999998,6882.9400000000005,0.1843670100795692
^SPX,2026-02-24 16:15:00,SPX,2027-06-17,5850.0,C,0.0,0.0,0.0,0.0,0,2,1461.9,2,1467.9,6852.66,6913.22,6,1.3068493150684932,1464.9,6882.9400000000005,0.18438040226282132
^SPX,2026-02-24 16:15:00,SPX,2027-06-17,5875.0,C,0.0,0.0,0.0,0.0,0,2,1441.6,2,1448.8,6852.66,6913.22,3,1.3068493150684932,1445.1999999999998,6882.9400000000005,0.18422799991771452
^SPX,2026-02-24 16:15:00,SPX,2027-06-17,5900.0,C,1421.79,1421.79,1421.79,1421.79,1,2,1422.8,2,1428.4,6852.66,6913.22,239,1.3068493150684932,1425.6,6882.9400000000005,0.18406817638910145
^SPX,2026-02-24 16:15:00,SPX,2027-06-17,5925.0,C,0.0,0.0,0.0,0.0,0,2,1402.6,2,1409.8,6852.66,6913.22,7,1.3068493150684932,1406.1999999999998,6882.9400000000005,0.1839585649772639
^SPX,2026-02-24 16:15:00,SPX,2027-06-17,5950.0,C,0.0,0.0,0.0,0.0,0,2,1384.0,2,1389.5,6852.66,6913.22,5,1.3068493150684932,1386.75,6882.9400000000005,0.18375261735636123
^SPX,2026-02-24 16:15:00,SPX,2027-06-17,5975.0,C,0.0,0.0,0.0,0.0,0,2,1364.0,2,1371.0,6852.66,6913.22,6,1.3068493150684932,1367.5,6882.9400000000005,0.1835947889200143
^SPX,2026-02-24 16:15:00,SPX,2027-06-17,6000.0,C,0.0,0.0,0.0,0.0,0,2,1345.5,2,1350.9,6852.66,6913.22,36089,1.3068493150684932,1348.2,6882.9400000000005,0.18334448816041243
^SPX,2026-02-24 16:15:00,SPX,2027-06-17,6025.0,C,0.0,0.0,0.0,0.0,0,2,1325.7,2,1332.5,6852.66,6913.22,12,1.3068493150684932,1329.1,6882.9400000000005,0.18314034845368443
^SPX,2026-02-24 16:15:00,SPX,2027-06-17,6050.0,C,0.0,0.0,0.0,0.0,0,2,1307.2,2,1312.9,6852.66,6913.22,9,1.3068493150684932,1310.0500000000002,6882.9400000000005,0.1828998840180858
^SPX,2026-02-24 16:15:00,SPX,2027-06-17,6075.0,C,0.0,0.0,0.0,0.0,0,2,1287.5,2,1294.5,6852.66,6913.22,2,1.3068493150684932,1291.0,6882.9400000000005,0.182598397506407
^SPX,2026-02-24 16:15:00,SPX,2027-06-17,6100.0,C,0.0,0.0,0.0,0.0,0,2,1269.2,2,1274.6,6852.66,6913.22,493,1.3068493150684932,1271.9,6882.9400000000005,0.18221291660030658
^SPX,2026-02-24 16:15:00,SPX,2027-06-17,6125.0,C,0.0,0.0,0.0,0.0,0,2,1249.7,2,1256.6,6852.66,6913.22,24,1.3068493150684932,1253.15,6882.9400000000005,0.18194667217013538
^SPX,2026-02-24 16:15:00,SPX,2027-06-17,6150.0,C,0.0,0.0,0.0,0.0,0,2,1231.5,2,1237.1,6852.66,6913.22,6,1.3068493150684932,1234.3,6882.9400000000005,0.1815719610454804
^SPX,2026-02-24 16:15:00,SPX,2027-06-17,6175.0,C,0.0,0.0,0.0,0.0,0,2,1212.1,2,1218.9,6852.66,6913.22,6,1.3068493150684932,1215.5,6882.9400000000005,0.1811657967034786
^SPX,2026-02-24 16:15:00,SPX,2027-06-17,6200.0,C,0.0,0.0,0.0,0.0,0,2,1194.2,2,1199.4,6852.66,6913.22,251,1.3068493150684932,1196.8000000000002,6882.9400000000005,0.18075267218612012
^SPX,2026-02-24 16:15:00,SPX,2027-06-17,6225.0,C,0.0,0.0,0.0,0.0,0,2,1174.9,2,1181.7,6852.66,6913.22,5,1.3068493150684932,1178.3000000000002,6882.9400000000005,0.1803788955382931
^SPX,2026-02-24 16:15:00,SPX,2027-06-17,6250.0,C,1135.0,1135.0,1135.0,1135.0,4,1,1158.1,1,1161.3,6852.66,6913.22,378,1.3068493150684932,1159.6999999999998,6882.9400000000005,0.17990383815004599
^SPX,2026-02-24 16:15:00,SPX,2027-06-17,6275.0,C,0.0,0.0,0.0,0.0,0,1,1139.7,1,1142.9,6852.66,6913.22,27,1.3068493150684932,1141.3000000000002,6882.9400000000005,0.17946733946109614
^SPX,2026-02-24 16:15:00,SPX,2027-06-17,6300.0,C,0.0,0.0,0.0,0.0,0,1,1121.4,1,1124.6,6852.66,6913.22,1566,1.3068493150684932,1123.0,6882.9400000000005,0.1790222971059728
^SPX,2026-02-24 16:15:00,SPX,2027-06-17,6325.0,C,0.0,0.0,0.0,0.0,0,1,1103.2,1,1106.4,6852.66,6913.22,38,1.3068493150684932,1104.8000000000002,6882.9400000000005,0.17856836830885336
^SPX,2026-02-24 16:15:00,SPX,2027-06-17,6350.0,C,0.0,0.0,0.0,0.0,0,1,1085.0,1,1088.2,6852.66,6913.22,200,1.3068493150684932,1086.6,6882.9400000000005,0.1780618223820064
^SPX,2026-02-24 16:15:00,SPX,2027-06-17,6375.0,C,0.0,0.0,0.0,0.0,0,1,1066.9,1,1070.2,6852.66,6913.22,4,1.3068493150684932,1068.5500000000002,6882.9400000000005,0.1775683483229816
^SPX,2026-02-24 16:15:00,SPX,2027-06-17,6400.0,C,0.0,0.0,0.0,0.0,0,1,1049.0,1,1052.2,6852.66,6913.22,378,1.3068493150684932,1050.6,6882.9400000000005,0.17706560396831023
^SPX,2026-02-24 16:15:00,SPX,2027-06-17,6425.0,C,0.0,0.0,0.0,0.0,0,1,1031.1,1,1034.3,6852.66,6913.22,11,1.3068493150684932,1032.6999999999998,6882.9400000000005,0.1765324270408973
^SPX,2026-02-24 16:15:00,SPX,2027-06-17,6450.0,C,0.0,0.0,0.0,0.0,0,1,1013.2,1,1016.4,6852.66,6913.22,66,1.3068493150684932,1014.8,6882.9400000000005,0.17594872469701145
^SPX,2026-02-24 16:15:00,SPX,2027-06-17,6475.0,C,0.0,0.0,0.0,0.0,0,1,995.5,1,998.7,6852.66,6913.22,74,1.3068493150684932,997.1,6882.9400000000005,0.17539700294774865
^SPX,2026-02-24 16:15:00,SPX,2027-06-17,6500.0,C,980.21,980.21,980.21,980.21,2,1,977.9,1,981.1,6852.66,6913.22,1012,1.3068493150684932,979.5,6882.9400000000005,0.1748352533585398
^SPX,2026-02-24 16:15:00,SPX,2027-06-17,6525.0,C,0.0,0.0,0.0,0.0,0,1,960.3,1,963.5,6852.66,6913.22,26,1.3068493150684932,961.9,6882.9400000000005,0.17422348031419513
^SPX,2026-02-24 16:15:00,SPX,2027-06-17,6550.0,C,0.0,0.0,0.0,0.0,0,1,942.8,1,946.0,6852.66,6913.22,26,1.3068493150684932,944.4,6882.9400000000005,0.17360197769590904
^SPX,2026-02-24 16:15:00,SPX,2027-06-17,6575.0,C,0.0,0.0,0.0,0.0,0,1,925.5,1,928.6,6852.66,6913.22,19,1.3068493150684932,927.05,6882.9400000000005,0.17298979350211227
^SPX,2026-02-24 16:15:00,SPX,2027-06-17,6600.0,C,0.0,0.0,0.0,0.0,0,1,908.2,1,911.4,6852.66,6913.22,1000,1.3068493150684932,909.8,6882.9400000000005,0.17236676445903729
^SPX,2026-02-24 16:15:00,SPX,2027-06-17,6625.0,C,0.0,0.0,0.0,0.0,0,1,891.0,1,894.2,6852.66,6913.22,5,1.3068493150684932,892.6,6882.9400000000005,0.17171359201380293
^SPX,2026-02-24 16:15:00,SPX,2027-06-17,6650.0,C,0.0,0.0,0.0,0.0,0,1,873.9,1,877.1,6852.66,6913.22,221,1.3068493150684932,875.5,6882.9400000000005,0.17104933505749664
^SPX,2026-02-24 16:15:00,SPX,2027-06-17,6675.0,C,0.0,0.0,0.0,0.0,0,1,856.9,1,860.1,6852.66,6913.22,73,1.3068493150684932,858.5,6882.9400000000005,0.1703736571662374
^SPX,2026-02-24 16:15:00,SPX,2027-06-17,6700.0,C,0.0,0.0,0.0,0.0,0,1,840.1,1,843.2,6852.66,6913.22,652,1.3068493150684932,841.6500000000001,6882.9400000000005,0.1697046406856513
^SPX,2026-02-24 16:15:00,SPX,2027-06-17,6725.0,C,0.0,0.0,0.0,0.0,0,1,823.3,1,826.4,6852.66,6913.22,76,1.3068493150684932,824.8499999999999,6882.9400000000005,0.16900493689602047
^SPX,2026-02-24 16:15:00,SPX,2027-06-17,6750.0,C,0.0,0.0,0.0,0.0,0,21,806.8,9,809.4,6852.66,6913.22,194,1.3068493150684932,808.0999999999999,6882.9400000000005,0.16827472582832875
^SPX,2026-02-24 16:15:00,SPX,2027-06-17,6775.0,C,0.0,0.0,0.0,0.0,0,23,790.2,9,792.9,6852.66,6913.22,5,1.3068493150684932,791.55,6882.9400000000005,0.16756789970666042
^SPX,2026-02-24 16:15:00,SPX,2027-06-17,6800.0,C,746.3,775.09,746.2,774.74,210,24,773.8,10,776.5,6852.66,6913.22,1126,1.3068493150684932,775.15,6882.9400000000005,0.1668654039892736
^SPX,2026-02-24 16:15:00,SPX,2027-06-17,6825.0,C,0.0,0.0,0.0,0.0,0,20,757.5,10,760.1,6852.66,6913.22,5,1.3068493150684932,758.8,6882.9400000000005,0.1661312248402285
^SPX,2026-02-24 16:15:00,SPX,2027-06-17,6850.0,C,0.0,0.0,0.0,0.0,0,23,741.3,11,744.0,6852.66,6913.22,682,1.3068493150684932,742.65,6882.9400000000005,0.16541789325182474
^SPX,2026-02-24 16:15:00,SPX,2027-06-17,6875.0,C,0.0,0.0,0.0,0.0,0,23,725.2,11,727.9,6852.66,6913.22,288,1.3068493150684932,726.55,6882.9400000000005,0.16467221863148143
^SPX,2026-02-24 16:15:00,SPX,2027-06-17,6900.0,C,697.4,711.93,697.4,711.91,47,23,709.3,11,711.9,6852.66,6913.22,2181,1.3068493150684932,710.5999999999999,6882.9400000000005,0.16392868969972274
^SPX,2026-02-24 16:15:00,SPX,2027-06-17,6925.0,C,0.0,0.0,0.0,0.0,0,23,693.5,11,696.1,6852.66,6913.22,7,1.3068493150684932,694.8,6882.9400000000005,0.16318658267425928
^SPX,2026-02-24 16:15:00,SPX,2027-06-17,6950.0,C,0.0,0.0,0.0,0.0,0,25,677.8,11,680.4,6852.66,6913.22,510,1.3068493150684932,679.0999999999999,6882.9400000000005,0.16242821776316058
^SPX,2026-02-24 16:15:00,SPX,2027-06-17,6975.0,C,0.0,0.0,0.0,0.0,0,23,662.3,11,664.9,6852.66,6913.22,10,1.3068493150684932,663.5999999999999,6882.9400000000005,0.16168698095219622
^SPX,2026-02-24 16:15:00,SPX,2027-06-17,7000.0,C,643.3,643.3,643.3,643.3,100,24,646.8,11,649.5,6852.66,6913.22,39796,1.3068493150684932,648.15,6882.9400000000005,0.16091158559971494
^SPX,2026-02-24 16:15:00,SPX,2027-06-17,7025.0,C,0.0,0.0,0.0,0.0,0,25,631.6,21,634.2,6852.66,6913.22,1,1.3068493150684932,632.9000000000001,6882.9400000000005,0.16015197480102714
^SPX,2026-02-24 16:15:00,SPX,2027-06-17,7050.0,C,0.0,0.0,0.0,0.0,0,26,616.4,21,619.1,6852.66,6913.22,384,1.3068493150684932,617.75,6882.9400000000005,0.15937405551054892
^SPX,2026-02-24 16:15:00,SPX,2027-06-17,7075.0,C,0.0,0.0,0.0,0.0,0,25,601.5,21,604.0,6852.66,6913.22,3,1.3068493150684932,602.75,6882.9400000000005,0.1585939394879877
^SPX,2026-02-24 16:15:00,SPX,2027-06-17,7100.0,C,0.0,0.0,0.0,0.0,0,26,586.6,21,589.2,6852.66,6913.22,1739,1.3068493150684932,587.9000000000001,6882.9400000000005,0.15781098443397304
^SPX,2026-02-24 16:15:00,SPX,2027-06-17,7125.0,C,0.0,0.0,0.0,0.0,0,25,572.0,21,574.5,6852.66,6913.22,471,1.3068493150684932,573.25,6882.9400000000005,0.15704089329844947
^SPX,2026-02-24 16:15:00,SPX,2027-06-17,7150.0,C,0.0,0.0,0.0,0.0,0,27,557.5,22,560.0,6852.66,6913.22,59,1.3068493150684932,558.75,6882.9400000000005,0.15626656817894777
^SPX,2026-02-24 16:15:00,SPX,2027-06-17,7175.0,C,0.0,0.0,0.0,0.0,0,26,543.1,22,545.6,6852.66,6913.22,158,1.3068493150684932,544.35,6882.9400000000005,0.1554712003424784
^SPX,2026-02-24 16:15:00,SPX,2027-06-17,7200.0,C,522.47,528.2,522.47,528.2,501,22,528.9,22,531.4,6852.66,6913.22,3195,1.3068493150684932,530.15,6882.9400000000005,0.15468665891206637
^SPX,2026-02-24 16:15:00,SPX,2027-06-17,7225.0,C,0.0,0.0,0.0,0.0,0,29,514.8,23,517.3,6852.66,6913.22,115,1.3068493150684932,516.05,6882.9400000000005,0.15387997775053266
^SPX,2026-02-24 16:15:00,SPX,2027-06-17,7250.0,C,0.0,0.0,0.0,0.0,0,29,501.0,23,503.4,6852.66,6913.22,275,1.3068493150684932,502.2,6882.9400000000005,0.153098859957748
^SPX,2026-02-24 16:15:00,SPX,2027-06-17,7275.0,C,0.0,0.0,0.0,0.0,0,29,487.2,24,489.7,6852.66,6913.22,11,1.3068493150684932,488.45,6882.9400000000005,0.1522944036611123
^SPX,2026-02-24 16:15:00,SPX,2027-06-17,7300.0,C,0.0,0.0,0.0,0.0,0,29,473.7,24,476.2,6852.66,6913.22,1662,1.3068493150684932,474.95,6882.9400000000005,0.1515140801325191
^SPX,2026-02-24 16:15:00,SPX,2027-06-17,7325.0,C,0.0,0.0,0.0,0.0,0,35,460.4,31,462.8,6852.66,6913.22,1,1.3068493150684932,461.6,6882.9400000000005,0.15072520185206928
^SPX,2026-02-24 16:15:00,SPX,2027-06-17,7350.0,C,0.0,0.0,0.0,0.0,0,37,447.2,32,449.6,6852.66,6913.22,538,1.3068493150684932,448.4,6882.9400000000005,0.14992718632194232
^SPX,2026-02-24 16:15:00,SPX,2027-06-17,7375.0,C,0.0,0.0,0.0,0.0,0,38,434.2,33,436.6,6852.66,6913.22,26,1.3068493150684932,435.4,6882.9400000000005,0.14913537382384298
^SPX,2026-02-24 16:15:00,SPX,2027-06-17,7400.0,C,0.0,0.0,0.0,0.0,0,38,421.4,33,423.8,6852.66,6913.22,2070,1.3068493150684932,422.6,6882.9400000000005,0.14834914336886268
^SPX,2026-02-24 16:15:00,SPX,2027-06-17,7425.0,C,0.0,0.0,0.0,0.0,0,28,408.8,23,411.2,6852.66,6913.22,23,1.3068493150684932,410.0,6882.9400000000005,0.14756789963035064
^SPX,2026-02-24 16:15:00,SPX,2027-06-17,7450.0,C,0.0,0.0,0.0,0.0,0,22,396.4,33,398.8,6852.66,6913.22,593,1.3068493150684932,397.6,6882.9400000000005,0.1467910718036088
^SPX,2026-02-24 16:15:00,SPX,2027-06-17,7475.0,C,0.0,0.0,0.0,0.0,0,13,384.2,29,386.5,6852.66,6913.22,41,1.3068493150684932,385.35,6882.9400000000005,0.1460021567307929
^SPX,2026-02-24 16:15:00,SPX,2027-06-17,7500.0,C,0.0,0.0,0.0,0.0,0,24,372.2,35,374.5,6852.66,6913.22,2666,1.3068493150684932,373.35,6882.9400000000005,0.14523251753582467
^SPX,2026-02-24 16:15:00,SPX,2027-06-17,7525.0,C,0.0,0.0,0.0,0.0,0,13,360.4,25,362.7,6852.66,6913.22,21,1.3068493150684932,361.54999999999995,6882.9400000000005,0.14446571097940622
^SPX,2026-02-24 16:15:00,SPX,2027-06-17,7550.0,C,0.0,0.0,0.0,0.0,0,24,348.8,36,351.1,6852.66,6913.22,25,1.3068493150684932,349.95000000000005,6882.9400000000005,0.1437012540036176
^SPX,2026-02-24 16:15:00,SPX,2027-06-17,7575.0,C,0.0,0.0,0.0,0.0,0,13,337.5,24,339.7,6852.66,6913.22,29,1.3068493150684932,338.6,6882.9400000000005,0.14295477940210638
^SPX,2026-02-24 16:15:00,SPX,2027-06-17,7600.0,C,326.18,326.18,325.94,325.94,2,25,326.3,37,328.5,6852.66,6913.22,1443,1.3068493150684932,327.4,6882.9400000000005,0.14219370572755397
^SPX,2026-02-24 16:15:00,SPX,2027-06-17,7625.0,C,0.0,0.0,0.0,0.0,0,13,315.4,32,317.6,6852.66,6913.22,3,1.3068493150684932,316.5,6882.9400000000005,0.14146608539983094
^SPX,2026-02-24 16:15:00,SPX,2027-06-17,7650.0,C,0.0,0.0,0.0,0.0,0,13,304.7,31,306.7,6852.66,6913.22,100,1.3068493150684932,305.7,6882.9400000000005,0.14070679733649033
^SPX,2026-02-24 16:15:00,SPX,2027-06-17,7675.0,C,0.0,0.0,0.0,0.0,0,15,294.2,32,296.4,6852.66,6913.22,66,1.3068493150684932,295.29999999999995,6882.9400000000005,0.14001322281110826
^SPX,2026-02-24 16:15:00,SPX,2027-06-17,7700.0,C,0.0,0.0,0.0,0.0,0,15,284.0,33,286.1,6852.66,6913.22,490,1.3068493150684932,285.05,6882.9400000000005,0.13930378390736775
^SPX,2026-02-24 16:15:00,SPX,2027-06-17,7725.0,C,0.0,0.0,0.0,0.0,0,15,274.0,27,275.9,6852.66,6913.22,15,1.3068493150684932,274.95,6882.9400000000005,0.13857794138402912
^SPX,2026-02-24 16:15:00,SPX,2027-06-17,7750.0,C,0.0,0.0,0.0,0.0,0,16,264.2,28,266.2,6852.66,6913.22,43,1.3068493150684932,265.2,6882.9400000000005,0.13790178184924873
^SPX,2026-02-24 16:15:00,SPX,2027-06-17,7775.0,C,0.0,0.0,0.0,0.0,0,16,254.6,29,256.6,6852.66,6913.22,33,1.3068493150684932,255.60000000000002,6882.9400000000005,0.137208982713812
^SPX,2026-02-24 16:15:00,SPX,2027-06-17,7800.0,C,245.5,245.5,245.5,245.5,1,17,245.3,30,247.4,6852.66,6913.22,1179,1.3068493150684932,246.35000000000002,6882.9400000000005,0.136566669745108
^SPX,2026-02-24 16:15:00,SPX,2027-06-17,7825.0,C,0.0,0.0,0.0,0.0,0,36,236.2,31,238.2,6852.66,6913.22,26,1.3068493150684932,237.2,6882.9400000000005,0.1358906877063607
^SPX,2026-02-24 16:15:00,SPX,2027-06-17,7850.0,C,0.0,0.0,0.0,0.0,0,37,227.4,31,229.4,6852.66,6913.22,447,1.3068493150684932,228.4,6882.9400000000005,0.1352661335437588
^SPX,2026-02-24 16:15:00,SPX,2027-06-17,7875.0,C,0.0,0.0,0.0,0.0,0,36,218.8,31,220.8,6852.66,6913.22,20,1.3068493150684932,219.8,6882.9400000000005,0.13464231222700607
^SPX,2026-02-24 16:15:00,SPX,2027-06-17,7900.0,C,0.0,0.0,0.0,0.0,0,37,210.4,16,212.4,6852.66,6913.22,236,1.3068493150684932,211.4,6882.9400000000005,0.13401930814538562
^SPX,2026-02-24 16:15:00,SPX,2027-06-17,7950.0,C,0.0,0.0,0.0,0.0,0,40,194.4,17,196.3,6852.66,6913.22,85,1.3068493150684932,195.35000000000002,6882.9400000000005,0.13283007108306788
^SPX,2026-02-24 16:15:00,SPX,2027-06-17,8000.0,C,0.0,0.0,0.0,0.0,0,39,179.4,17,181.2,6852.66,6913.22,3988,1.3068493150684932,180.3,6882.9400000000005,0.13172226969895431
^SPX,2026-02-24 16:15:00,SPX,2027-06-17,8050.0,C,0.0,0.0,0.0,0.0,0,44,165.2,18,167.1,6852.66,6913.22,38,1.3068493150684932,166.14999999999998,6882.9400000000005,0.1306670195499211
^SPX,2026-02-24 16:15:00,SPX,2027-06-17,8100.0,C,151.98,151.98,151.84,151.84,2,46,151.9,18,153.8,6852.66,6913.22,2506,1.3068493150684932,152.85000000000002,6882.9400000000005,0.1296529555610826
^SPX,2026-02-24 16:15:00,SPX,2027-06-17,8150.0,C,0.0,0.0,0.0,0.0,0,44,139.5,40,141.2,6852.66,6913.22,747,1.3068493150684932,140.35,6882.9400000000005,0.12866841862652967
^SPX,2026-02-24 16:15:00,SPX,2027-06-17,8200.0,C,0.0,0.0,0.0,0.0,0,48,127.9,43,129.6,6852.66,6913.22,1208,1.3068493150684932,128.75,6882.9400000000005,0.12776322094752413
^SPX,2026-02-24 16:15:00,SPX,2027-06-17,8300.0,C,0.0,0.0,0.0,0.0,0,54,107.2,48,108.7,6852.66,6913.22,598,1.3068493150684932,107.95,6882.9400000000005,0.1261207969455409
^SPX,2026-02-24 16:15:00,SPX,2027-06-17,8400.0,C,0.0,0.0,0.0,0.0,0,96,89.4,55,90.9,6852.66,6913.22,973,1.3068493150684932,90.15,6882.9400000000005,0.12471120043300192
^SPX,2026-02-24 16:15:00,SPX,2027-06-17,8500.0,C,0.0,0.0,0.0,0.0,0,44,74.5,63,75.8,6852.66,6913.22,296,1.3068493150684932,75.15,6882.9400000000005,0.12357985912732831
^SPX,2026-02-24 16:15:00,SPX,2027-06-17,8600.0,C,0.0,0.0,0.0,0.0,0,49,61.9,70,63.1,6852.66,6913.22,711,1.3068493150684932,62.5,6882.9400000000005,0.12265163318757814
^SPX,2026-02-24 16:15:00,SPX,2027-06-17,8700.0,C,0.0,0.0,0.0,0.0,0,129,51.3,124,52.5,6852.66,6913.22,655,1.3068493150684932,51.9,6882.9400000000005,0.12191446059115427
^SPX,2026-02-24 16:15:00,SPX,2027-06-17,8800.0,C,42.73,42.73,42.73,42.73,1,141,42.5,79,43.5,6852.66,6913.22,553,1.3068493150684932,43.0,6882.9400000000005,0.12130830616219819
^SPX,2026-02-24 16:15:00,SPX,2027-06-17,8900.0,C,0.0,0.0,0.0,0.0,0,164,35.3,153,36.2,6852.66,6913.22,3137,1.3068493150684932,35.75,6882.9400000000005,0.12097428417554816
^SPX,2026-02-24 16:15:00,SPX,2027-06-17,9000.0,C,0.0,0.0,0.0,0.0,0,155,29.4,162,30.2,6852.66,6913.22,5335,1.3068493150684932,29.799999999999997,6882.9400000000005,0.12083679823870586
^SPX,2026-02-24 16:15:00,SPX,2027-06-17,9200.0,C,0.0,0.0,0.0,0.0,0,176,20.6,96,21.3,6852.66,6913.22,3770,1.3068493150684932,20.950000000000003,6882.9400000000005,0.12110703937823898
^SPX,2026-02-24 16:15:00,SPX,2027-06-17,9400.0,C,0.0,0.0,0.0,0.0,0,212,14.6,120,15.3,6852.66,6913.22,678,1.3068493150684932,14.95,6882.9400000000005,0.12189693288984184
^SPX,2026-02-24 16:15:00,SPX,2027-06-17,9600.0,C,0.0,0.0,0.0,0.0,0,233,10.6,136,11.3,6852.66,6913.22,1238,1.3068493150684932,10.95,6882.9400000000005,0.12327807645078981
^SPX,2026-02-24 16:15:00,SPX,2027-06-17,9800.0,C,0.0,0.0,0.0,0.0,0,246,7.9,55,8.4,6852.66,6913.22,300,1.3068493150684932,8.15,6882.9400000000005,0.12491899630027288
^SPX,2026-02-24 16:15:00,SPX,2027-06-17,10000.0,C,0.0,0.0,0.0,0.0,0,249,5.9,55,6.4,6852.66,6913.22,549,1.3068493150684932,6.15,6882.9400000000005,0.12671858863989163
^SPX,2026-02-24 16:15:00,SPX,2027-06-17,10200.0,C,0.0,0.0,0.0,0.0,0,149,4.4,55,4.9,6852.66,6913.22,536,1.3068493150684932,4.65,6882.9400000000005,0.12844367982587873
^SPX,2026-02-24 16:15:00,SPX,2027-06-17,10400.0,C,3.66,3.69,3.66,3.69,2,150,3.3,149,3.9,6852.66,6913.22,188,1.3068493150684932,3.5999999999999996,6882.9400000000005,0.13044626192405506
^SPX,2026-02-24 16:15:00,SPX,2027-06-17,10600.0,C,0.0,0.0,0.0,0.0,0,109,2.55,149,3.1,6852.66,6913.22,1,1.3068493150684932,2.825,6882.9400000000005,0.13253047827623296
^SPX,2026-02-24 16:15:00,SPX,2027-06-17,10800.0,C,0.0,0.0,0.0,0.0,0,109,1.95,55,2.4,6852.66,6913.22,31,1.3068493150684932,2.175,6882.9400000000005,0.13419917190307465
^SPX,2026-02-24 16:15:00,SPX,2027-06-17,11000.0,C,0.0,0.0,0.0,0.0,0,109,1.5,55,1.95,6852.66,6913.22,43,1.3068493150684932,1.725,6882.9400000000005,0.13619535239209113
^SPX,2026-02-24 16:15:00,SPX,2027-06-17,11200.0,C,0.0,0.0,0.0,0.0,0,134,1.1,134,1.85,6852.66,6913.22,2,1.3068493150684932,1.475,6882.9400000000005,0.1391325829510149
^SPX,2026-02-24 16:15:00,SPX,2027-06-17,11400.0,C,1.28,1.28,1.27,1.27,4,94,0.95,134,1.65,6852.66,6913.22,33,1.3068493150684932,1.2999999999999998,6882.9400000000005,0.14234344337940605
^SPX,2026-02-24 16:15:00,SPX,2027-12-17,5150.0,C,0.0,0.0,0.0,0.0,0,2,2131.9,2,2144.3,6852.66,6913.22,115,1.808219178082192,2138.1000000000004,6882.9400000000005,0.11676683156620474
^SPX,2026-02-24 16:15:00,SPX,2027-12-17,5200.0,C,0.0,0.0,0.0,0.0,0,2,2091.6,2,2103.9,6852.66,6913.22,2174,1.808219178082192,2097.75,6882.9400000000005,0.13366000844404638
^SPX,2026-02-24 16:15:00,SPX,2027-12-17,5250.0,C,0.0,0.0,0.0,0.0,0,2,2051.5,2,2063.7,6852.66,6913.22,187,1.808219178082192,2057.6,6882.9400000000005,0.14266724048880136
^SPX,2026-02-24 16:15:00,SPX,2027-12-17,5300.0,C,0.0,0.0,0.0,0.0,0,2,2011.7,2,2023.6,6852.66,6913.22,136,1.808219178082192,2017.65,6882.9400000000005,0.14885257570198057
^SPX,2026-02-24 16:15:00,SPX,2027-12-17,5350.0,C,0.0,0.0,0.0,0.0,0,2,1972.0,2,1983.8,6852.66,6913.22,113,1.808219178082192,1977.9,6882.9400000000005,0.153487293866721
^SPX,2026-02-24 16:15:00,SPX,2027-12-17,5400.0,C,0.0,0.0,0.0,0.0,0,2,1932.5,2,1944.2,6852.66,6913.22,1261,1.808219178082192,1938.35,6882.9400000000005,0.15711260809757818
^SPX,2026-02-24 16:15:00,SPX,2027-12-17,5450.0,C,0.0,0.0,0.0,0.0,0,2,1893.2,2,1904.8,6852.66,6913.22,83,1.808219178082192,1899.0,6882.9400000000005,0.16001578943496358
^SPX,2026-02-24 16:15:00,SPX,2027-12-17,5500.0,C,0.0,0.0,0.0,0.0,0,2,1854.2,2,1865.6,6852.66,6913.22,1334,1.808219178082192,1859.9,6882.9400000000005,0.1624122359496342
^SPX,2026-02-24 16:15:00,SPX,2027-12-17,5550.0,C,0.0,0.0,0.0,0.0,0,2,1815.4,2,1826.7,6852.66,6913.22,69,1.808219178082192,1821.0500000000002,6882.9400000000005,0.16440521116218662
^SPX,2026-02-24 16:15:00,SPX,2027-12-17,5600.0,C,0.0,0.0,0.0,0.0,0,2,1776.8,2,1787.9,6852.66,6913.22,514,1.808219178082192,1782.35,6882.9400000000005,0.16599478685086144
^SPX,2026-02-24 16:15:00,SPX,2027-12-17,5650.0,C,0.0,0.0,0.0,0.0,0,2,1738.6,2,1749.1,6852.66,6913.22,60,1.808219178082192,1743.85,6882.9400000000005,0.16728149265639658
^SPX,2026-02-24 16:15:00,SPX,2027-12-17,5700.0,C,0.0,0.0,0.0,0.0,0,2,1700.5,2,1710.9,6852.66,6913.22,834,1.808219178082192,1705.7,6882.9400000000005,0.16840433239862418
^SPX,2026-02-24 16:15:00,SPX,2027-12-17,5750.0,C,0.0,0.0,0.0,0.0,0,2,1662.5,2,1672.8,6852.66,6913.22,326,1.808219178082192,1667.65,6882.9400000000005,0.1692313578460733
^SPX,2026-02-24 16:15:00,SPX,2027-12-17,5800.0,C,0.0,0.0,0.0,0.0,0,2,1624.9,2,1635.1,6852.66,6913.22,1564,1.808219178082192,1630.0,6882.9400000000005,0.1699711654655169
^SPX,2026-02-24 16:15:00,SPX,2027-12-17,5850.0,C,0.0,0.0,0.0,0.0,0,2,1587.4,2,1597.5,6852.66,6913.22,91,1.808219178082192,1592.45,6882.9400000000005,0.1704665553211718
^SPX,2026-02-24 16:15:00,SPX,2027-12-17,5900.0,C,0.0,0.0,0.0,0.0,0,2,1550.3,2,1560.2,6852.66,6913.22,1326,1.808219178082192,1555.25,6882.9400000000005,0.1708738758026199
^SPX,2026-02-24 16:15:00,SPX,2027-12-17,5950.0,C,0.0,0.0,0.0,0.0,0,2,1513.4,2,1523.1,6852.66,6913.22,61,1.808219178082192,1518.25,6882.9400000000005,0.17112414088162334
^SPX,2026-02-24 16:15:00,SPX,2027-12-17,6000.0,C,1454.72,1482.04,1453.2,1477.88,222,2,1476.7,2,1486.3,6852.66,6913.22,44327,1.808219178082192,1481.5,6882.9400000000005,0.17125486952968305
^SPX,2026-02-24 16:15:00,SPX,2027-12-17,6050.0,C,0.0,0.0,0.0,0.0,0,2,1440.2,2,1449.8,6852.66,6913.22,95,1.808219178082192,1445.0,6882.9400000000005,0.17127483524598752
^SPX,2026-02-24 16:15:00,SPX,2027-12-17,6100.0,C,0.0,0.0,0.0,0.0,0,2,1404.1,2,1413.5,6852.66,6913.22,1110,1.808219178082192,1408.8,6882.9400000000005,0.17121366762271442
^SPX,2026-02-24 16:15:00,SPX,2027-12-17,6150.0,C,0.0,0.0,0.0,0.0,0,2,1368.2,2,1377.5,6852.66,6913.22,104,1.808219178082192,1372.85,6882.9400000000005,0.17105408593215396
^SPX,2026-02-24 16:15:00,SPX,2027-12-17,6200.0,C,0.0,0.0,0.0,0.0,0,1,1334.0,1,1339.2,6852.66,6913.22,1153,1.808219178082192,1336.6,6882.9400000000005,0.17057334788885073
^SPX,2026-02-24 16:15:00,SPX,2027-12-17,6250.0,C,0.0,0.0,0.0,0.0,0,1,1298.6,1,1304.4,6852.66,6913.22,201,1.808219178082192,1301.5,6882.9400000000005,0.17038093323794934
^SPX,2026-02-24 16:15:00,SPX,2027-12-17,6300.0,C,1263.34,1263.34,1263.34,1263.34,1,1,1263.5,1,1269.3,6852.66,6913.22,621,1.808219178082192,1266.4,6882.9400000000005,0.16999832780810117
^SPX,2026-02-24 16:15:00,SPX,2027-12-17,6350.0,C,0.0,0.0,0.0,0.0,0,1,1228.7,1,1233.9,6852.66,6913.22,91,1.808219178082192,1231.3000000000002,6882.9400000000005,0.16943812296318891
^SPX,2026-02-24 16:15:00,SPX,2027-12-17,6400.0,C,0.0,0.0,0.0,0.0,0,1,1194.2,1,1199.4,6852.66,6913.22,1247,1.808219178082192,1196.8000000000002,6882.9400000000005,0.16893342590600047
^SPX,2026-02-24 16:15:00,SPX,2027-12-17,6450.0,C,0.0,0.0,0.0,0.0,0,1,1159.9,1,1165.1,6852.66,6913.22,303,1.808219178082192,1162.5,6882.9400000000005,0.16833233182603963
^SPX,2026-02-24 16:15:00,SPX,2027-12-17,6500.0,C,1128.72,1128.72,1125.13,1125.13,6,1,1125.9,1,1131.1,6852.66,6913.22,2282,1.808219178082192,1128.5,6882.9400000000005,0.16767403747970167
^SPX,2026-02-24 16:15:00,SPX,2027-12-17,6550.0,C,0.0,0.0,0.0,0.0,0,1,1092.2,1,1097.4,6852.66,6913.22,101,1.808219178082192,1094.8000000000002,6882.9400000000005,0.16695948102201683
^SPX,2026-02-24 16:15:00,SPX,2027-12-17,6600.0,C,0.0,0.0,0.0,0.0,0,1,1058.9,1,1064.0,6852.66,6913.22,1900,1.808219178082192,1061.45,6882.9400000000005,0.1662062830981308
^SPX,2026-02-24 16:15:00,SPX,2027-12-17,6650.0,C,0.0,0.0,0.0,0.0,0,1,1025.8,1,1030.9,6852.66,6913.22,500,1.808219178082192,1028.35,6882.9400000000005,0.16538090332578684
^SPX,2026-02-24 16:15:00,SPX,2027-12-17,6700.0,C,0.0,0.0,0.0,0.0,0,1,993.0,1,998.2,6852.66,6913.22,1459,1.808219178082192,995.6,6882.9400000000005,0.164517178710151
^SPX,2026-02-24 16:15:00,SPX,2027-12-17,6750.0,C,0.0,0.0,0.0,0.0,0,1,960.6,1,965.8,6852.66,6913.22,770,1.808219178082192,963.2,6882.9400000000005,0.16361441911392763
^SPX,2026-02-24 16:15:00,SPX,2027-12-17,6800.0,C,0.0,0.0,0.0,0.0,0,20,928.9,10,933.7,6852.66,6913.22,2005,1.808219178082192,931.3,6882.9400000000005,0.16271880573591113
^SPX,2026-02-24 16:15:00,SPX,2027-12-17,6850.0,C,887.68,887.68,887.68,887.68,90,21,897.3,11,902.0,6852.66,6913.22,860,1.808219178082192,899.65,6882.9400000000005,0.16175032103073028
^SPX,2026-02-24 16:15:00,SPX,2027-12-17,6900.0,C,870.0,870.0,870.0,870.0,1,21,866.0,11,870.7,6852.66,6913.22,1899,1.808219178082192,868.35,6882.9400000000005,0.16073998789397334
^SPX,2026-02-24 16:15:00,SPX,2027-12-17,6950.0,C,0.0,0.0,0.0,0.0,0,22,835.2,12,839.8,6852.66,6913.22,324,1.808219178082192,837.5,6882.9400000000005,0.15971676322203168
^SPX,2026-02-24 16:15:00,SPX,2027-12-17,7000.0,C,785.91,808.06,784.5,804.67,221,22,804.7,12,809.4,6852.66,6913.22,26435,1.808219178082192,807.05,6882.9400000000005,0.15866372220351327
^SPX,2026-02-24 16:15:00,SPX,2027-12-17,7050.0,C,0.0,0.0,0.0,0.0,0,24,774.7,12,779.3,6852.66,6913.22,138,1.808219178082192,777.0,6882.9400000000005,0.15757931228617347
^SPX,2026-02-24 16:15:00,SPX,2027-12-17,7100.0,C,0.0,0.0,0.0,0.0,0,24,745.1,12,749.7,6852.66,6913.22,1681,1.808219178082192,747.4000000000001,6882.9400000000005,0.15647632089192406
^SPX,2026-02-24 16:15:00,SPX,2027-12-17,7150.0,C,0.0,0.0,0.0,0.0,0,25,716.0,13,720.6,6852.66,6913.22,46,1.808219178082192,718.3,6882.9400000000005,0.15536687665946267
^SPX,2026-02-24 16:15:00,SPX,2027-12-17,7200.0,C,0.0,0.0,0.0,0.0,0,25,687.4,13,692.0,6852.66,6913.22,4000,1.808219178082192,689.7,6882.9400000000005,0.15424850923814987
^SPX,2026-02-24 16:15:00,SPX,2027-12-17,7250.0,C,0.0,0.0,0.0,0.0,0,25,659.3,13,663.8,6852.66,6913.22,734,1.808219178082192,661.55,6882.9400000000005,0.15310489099516122
^SPX,2026-02-24 16:15:00,SPX,2027-12-17,7300.0,C,0.0,0.0,0.0,0.0,0,26,631.7,23,636.2,6852.66,6913.22,1582,1.808219178082192,633.95,6882.9400000000005,0.15196174633654838
^SPX,2026-02-24 16:15:00,SPX,2027-12-17,7350.0,C,0.0,0.0,0.0,0.0,0,28,604.6,24,609.1,6852.66,6913.22,345,1.808219178082192,606.85,6882.9400000000005,0.1508027550733166
^SPX,2026-02-24 16:15:00,SPX,2027-12-17,7400.0,C,0.0,0.0,0.0,0.0,0,24,578.1,24,582.5,6852.66,6913.22,2462,1.808219178082192,580.3,6882.9400000000005,0.1496393902241989
^SPX,2026-02-24 16:15:00,SPX,2027-12-17,7450.0,C,0.0,0.0,0.0,0.0,0,24,552.1,24,556.5,6852.66,6913.22,112,1.808219178082192,554.3,6882.9400000000005,0.14846926910186256
^SPX,2026-02-24 16:15:00,SPX,2027-12-17,7500.0,C,528.67,528.67,526.5,526.5,6,28,526.7,24,531.1,6852.66,6913.22,3410,1.808219178082192,528.9000000000001,6882.9400000000005,0.14730366924859623
^SPX,2026-02-24 16:15:00,SPX,2027-12-17,7550.0,C,0.0,0.0,0.0,0.0,0,36,502.0,32,506.2,6852.66,6913.22,270,1.808219178082192,504.1,6882.9400000000005,0.14614026200616112
^SPX,2026-02-24 16:15:00,SPX,2027-12-17,7600.0,C,0.0,0.0,0.0,0.0,0,37,477.8,34,482.0,6852.66,6913.22,4937,1.808219178082192,479.9,6882.9400000000005,0.14497685424250983
^SPX,2026-02-24 16:15:00,SPX,2027-12-17,7650.0,C,0.0,0.0,0.0,0.0,0,36,454.2,39,458.4,6852.66,6913.22,13,1.808219178082192,456.29999999999995,6882.9400000000005,0.1438113714749434
^SPX,2026-02-24 16:15:00,SPX,2027-12-17,7700.0,C,428.9,428.9,428.9,428.9,1,39,431.4,36,435.5,6852.66,6913.22,222,1.808219178082192,433.45,6882.9400000000005,0.1426825509041359
^SPX,2026-02-24 16:15:00,SPX,2027-12-17,7750.0,C,0.0,0.0,0.0,0.0,0,39,409.0,42,413.2,6852.66,6913.22,93,1.808219178082192,411.1,6882.9400000000005,0.14152082288821283
^SPX,2026-02-24 16:15:00,SPX,2027-12-17,7800.0,C,360.1,360.1,360.1,360.1,7,23,387.5,44,391.6,6852.66,6913.22,3195,1.808219178082192,389.55,6882.9400000000005,0.1404062055816387
^SPX,2026-02-24 16:15:00,SPX,2027-12-17,7850.0,C,0.0,0.0,0.0,0.0,0,23,366.7,44,370.7,6852.66,6913.22,486,1.808219178082192,368.7,6882.9400000000005,0.13931045562891392
^SPX,2026-02-24 16:15:00,SPX,2027-12-17,7900.0,C,0.0,0.0,0.0,0.0,0,24,346.5,45,350.5,6852.66,6913.22,237,1.808219178082192,348.5,6882.9400000000005,0.13821892478808123
^SPX,2026-02-24 16:15:00,SPX,2027-12-17,7950.0,C,0.0,0.0,0.0,0.0,0,25,327.1,48,331.0,6852.66,6913.22,236,1.808219178082192,329.05,6882.9400000000005,0.13715869375722933
^SPX,2026-02-24 16:15:00,SPX,2027-12-17,8000.0,C,301.2,304.62,301.2,304.62,501,27,308.4,50,312.2,6852.66,6913.22,10342,1.808219178082192,310.29999999999995,6882.9400000000005,0.1361158502160654
^SPX,2026-02-24 16:15:00,SPX,2027-12-17,8050.0,C,0.0,0.0,0.0,0.0,0,14,290.5,45,294.1,6852.66,6913.22,4,1.808219178082192,292.3,6882.9400000000005,0.13510484610601994
^SPX,2026-02-24 16:15:00,SPX,2027-12-17,8100.0,C,0.0,0.0,0.0,0.0,0,15,273.2,41,276.8,6852.66,6913.22,988,1.808219178082192,275.0,6882.9400000000005,0.13411234810656172
^SPX,2026-02-24 16:15:00,SPX,2027-12-17,8150.0,C,0.0,0.0,0.0,0.0,0,15,256.7,39,260.2,6852.66,6913.22,41,1.808219178082192,258.45,6882.9400000000005,0.13315407258683223
^SPX,2026-02-24 16:15:00,SPX,2027-12-17,8200.0,C,0.0,0.0,0.0,0.0,0,16,240.9,58,244.4,6852.66,6913.22,3793,1.808219178082192,242.65,6882.9400000000005,0.13223224649156554
^SPX,2026-02-24 16:15:00,SPX,2027-12-17,8300.0,C,0.0,0.0,0.0,0.0,0,58,211.4,56,214.9,6852.66,6913.22,1293,1.808219178082192,213.15,6882.9400000000005,0.13046395180608267
^SPX,2026-02-24 16:15:00,SPX,2027-12-17,8400.0,C,168.57,168.57,168.57,168.57,10,58,184.8,61,188.2,6852.66,6913.22,4724,1.808219178082192,186.5,6882.9400000000005,0.12883436326233316
^SPX,2026-02-24 16:15:00,SPX,2027-12-17,8500.0,C,0.0,0.0,0.0,0.0,0,63,160.9,66,164.3,6852.66,6913.22,1178,1.808219178082192,162.60000000000002,6882.9400000000005,0.12734963130402077
^SPX,2026-02-24 16:15:00,SPX,2027-12-17,8600.0,C,0.0,0.0,0.0,0.0,0,70,139.6,71,143.0,6852.66,6913.22,1012,1.808219178082192,141.3,6882.9400000000005,0.12600727996235037
^SPX,2026-02-24 16:15:00,SPX,2027-12-17,8700.0,C,0.0,0.0,0.0,0.0,0,81,120.7,48,123.8,6852.66,6913.22,56,1.808219178082192,122.25,6882.9400000000005,0.12473497621165229
^SPX,2026-02-24 16:15:00,SPX,2027-12-17,8800.0,C,0.0,0.0,0.0,0.0,0,89,104.3,53,107.3,6852.66,6913.22,1175,1.808219178082192,105.8,6882.9400000000005,0.12373147728849941
^SPX,2026-02-24 16:15:00,SPX,2027-12-17,8900.0,C,0.0,0.0,0.0,0.0,0,102,90.0,101,93.2,6852.66,6913.22,3,1.808219178082192,91.6,6882.9400000000005,0.12295187836536643
^SPX,2026-02-24 16:15:00,SPX,2027-12-17,9000.0,C,76.5,79.5,76.5,79.5,2,32,77.9,110,80.4,6852.66,6913.22,3475,1.808219178082192,79.15,6882.9400000000005,0.12226788794260739
^SPX,2026-02-24 16:15:00,SPX,2027-12-17,9200.0,C,0.0,0.0,0.0,0.0,0,41,58.1,127,60.0,6852.66,6913.22,1733,1.808219178082192,59.05,6882.9400000000005,0.12129686969775465
^SPX,2026-02-24 16:15:00,SPX,2027-12-17,9400.0,C,0.0,0.0,0.0,0.0,0,48,43.6,151,45.3,6852.66,6913.22,1181,1.808219178082192,44.45,6882.9400000000005,0.12101054854928969
^SPX,2026-02-24 16:15:00,SPX,2027-12-17,9500.0,C,0.0,0.0,0.0,0.0,0,56,37.9,166,39.5,6852.66,6913.22,852,1.808219178082192,38.7,6882.9400000000005,0.12106154395225378
^SPX,2026-02-24 16:15:00,SPX,2027-12-17,9550.0,C,36.1,36.1,36.1,36.1,10,58,35.4,168,36.9,6852.66,6913.22,2,1.808219178082192,36.15,6882.9400000000005,0.12113303926649575
^SPX,2026-02-24 16:15:00,SPX,2027-12-17,9600.0,C,0.0,0.0,0.0,0.0,0,59,33.0,173,34.6,6852.66,6913.22,500,1.808219178082192,33.8,6882.9400000000005,0.12123777305973818
^SPX,2026-02-24 16:15:00,SPX,2027-12-17,9800.0,C,0.0,0.0,0.0,0.0,0,66,25.4,187,26.8,6852.66,6913.22,2561,1.808219178082192,26.1,6882.9400000000005,0.12196561517813584
^SPX,2026-02-24 16:15:00,SPX,2027-12-17,10000.0,C,20.2,20.2,20.2,20.2,4,75,19.8,196,21.1,6852.66,6913.22,4498,1.808219178082192,20.450000000000003,6882.9400000000005,0.12305326268455644
^SPX,2026-02-24 16:15:00,SPX,2027-12-17,10200.0,C,0.0,0.0,0.0,0.0,0,84,15.7,124,17.0,6852.66,6913.22,38,1.808219178082192,16.35,6882.9400000000005,0.12454261137481168
^SPX,2026-02-24 16:15:00,SPX,2027-12-17,10400.0,C,0.0,0.0,0.0,0.0,0,96,12.7,136,13.8,6852.66,6913.22,31,1.808219178082192,13.25,6882.9400000000005,0.12622501437542025
^SPX,2026-02-24 16:15:00,SPX,2027-12-17,10600.0,C,10.8,10.8,10.8,10.8,15,103,10.4,143,11.4,6852.66,6913.22,613,1.808219178082192,10.9,6882.9400000000005,0.12809788509177616
^SPX,2026-02-24 16:15:00,SPX,2027-12-17,10800.0,C,0.0,0.0,0.0,0.0,0,108,8.5,148,9.5,6852.66,6913.22,261,1.808219178082192,9.0,6882.9400000000005,0.1299217926493065
^SPX,2026-02-24 16:15:00,SPX,2027-12-17,11000.0,C,0.0,0.0,0.0,0.0,0,109,7.1,149,7.9,6852.66,6913.22,5903,1.808219178082192,7.5,6882.9400000000005,0.1318012924071732
^SPX,2026-02-24 16:15:00,SPX,2027-12-17,11200.0,C,0.0,0.0,0.0,0.0,0,109,5.9,149,6.7,6852.66,6913.22,284,1.808219178082192,6.300000000000001,6882.9400000000005,0.1337081325647176
^SPX,2026-02-24 16:15:00,SPX,2027-12-17,11400.0,C,0.0,0.0,0.0,0.0,0,109,4.9,149,5.7,6852.66,6913.22,58,1.808219178082192,5.300000000000001,6882.9400000000005,0.1355283332756676
^SPX,2026-02-24 16:15:00,SPX,2027-12-17,12000.0,C,3.1,3.1,3.1,3.1,15,109,2.9,5,3.4,6852.66,6913.22,7549,1.808219178082192,3.15,6882.9400000000005,0.14036524271386888
^SPX,2026-02-24 16:15:00,SPX,2028-12-15,5300.0,C,0.0,0.0,0.0,0.0,0,2,2066.2,2,2366.2,6852.66,6913.22,173,2.8054794520547945,2216.2,6882.9400000000005,0.10457751218698655
^SPX,2026-02-24 16:15:00,SPX,2028-12-15,5400.0,C,0.0,0.0,0.0,0.0,0,2,1993.3,2,2293.3,6852.66,6913.22,439,2.8054794520547945,2143.3,6882.9400000000005,0.12642458643060892
^SPX,2026-02-24 16:15:00,SPX,2028-12-15,5500.0,C,2074.06,2074.06,2074.06,2074.06,1,2,1921.5,2,2221.5,6852.66,6913.22,314,2.8054794520547945,2071.5,6882.9400000000005,0.13696357814836102
^SPX,2026-02-24 16:15:00,SPX,2028-12-15,5600.0,C,0.0,0.0,0.0,0.0,0,2,1850.0,2,2150.0,6852.66,6913.22,827,2.8054794520547945,2000.0,6882.9400000000005,0.1434240788292769
^SPX,2026-02-24 16:15:00,SPX,2028-12-15,5700.0,C,0.0,0.0,0.0,0.0,0,2,1779.4,2,2079.4,6852.66,6913.22,204,2.8054794520547945,1929.4,6882.9400000000005,0.14804814756147983
^SPX,2026-02-24 16:15:00,SPX,2028-12-15,5800.0,C,0.0,0.0,0.0,0.0,0,2,1709.7,2,2009.7,6852.66,6913.22,723,2.8054794520547945,1859.7,6882.9400000000005,0.15147757598411576
^SPX,2026-02-24 16:15:00,SPX,2028-12-15,5900.0,C,0.0,0.0,0.0,0.0,0,2,1641.0,2,1941.0,6852.66,6913.22,489,2.8054794520547945,1791.0,6882.9400000000005,0.1540966142998724
^SPX,2026-02-24 16:15:00,SPX,2028-12-15,6000.0,C,1672.64,1725.32,1672.64,1721.98,2006,2,1572.8,2,1872.8,6852.66,6913.22,20023,2.8054794520547945,1722.8,6882.9400000000005,0.1558889024605055
^SPX,2026-02-24 16:15:00,SPX,2028-12-15,6100.0,C,0.0,0.0,0.0,0.0,0,2,1505.7,2,1805.7,6852.66,6913.22,811,2.8054794520547945,1655.7,6882.9400000000005,0.15725789228422932
^SPX,2026-02-24 16:15:00,SPX,2028-12-15,6200.0,C,0.0,0.0,0.0,0.0,0,2,1439.2,2,1739.2,6852.66,6913.22,628,2.8054794520547945,1589.2,6882.9400000000005,0.15809493377752612
^SPX,2026-02-24 16:15:00,SPX,2028-12-15,6300.0,C,0.0,0.0,0.0,0.0,0,1,1518.1,1,1529.7,6852.66,6913.22,674,2.8054794520547945,1523.9,6882.9400000000005,0.1586874582298897
^SPX,2026-02-24 16:15:00,SPX,2028-12-15,6400.0,C,0.0,0.0,0.0,0.0,0,1,1453.4,1,1465.0,6852.66,6913.22,395,2.8054794520547945,1459.2,6882.9400000000005,0.15887254628130643
^SPX,2026-02-24 16:15:00,SPX,2028-12-15,6500.0,C,1397.26,1397.26,1397.26,1397.26,1,1,1389.4,1,1401.0,6852.66,6913.22,343,2.8054794520547945,1395.2,6882.9400000000005,0.1587317305614219
^SPX,2026-02-24 16:15:00,SPX,2028-12-15,6600.0,C,0.0,0.0,0.0,0.0,0,1,1326.3,1,1337.9,6852.66,6913.22,620,2.8054794520547945,1332.1,6882.9400000000005,0.1583581943443395
^SPX,2026-02-24 16:15:00,SPX,2028-12-15,6700.0,C,0.0,0.0,0.0,0.0,0,1,1264.0,1,1275.6,6852.66,6913.22,316,2.8054794520547945,1269.8,6882.9400000000005,0.15774386599402979
^SPX,2026-02-24 16:15:00,SPX,2028-12-15,6800.0,C,0.0,0.0,0.0,0.0,0,1,1202.6,1,1214.1,6852.66,6913.22,768,2.8054794520547945,1208.35,6882.9400000000005,0.15692090676957807
^SPX,2026-02-24 16:15:00,SPX,2028-12-15,6900.0,C,0.0,0.0,0.0,0.0,0,1,1142.2,1,1153.7,6852.66,6913.22,1338,2.8054794520547945,1147.95,6882.9400000000005,0.15595462302911778
^SPX,2026-02-24 16:15:00,SPX,2028-12-15,7000.0,C,1030.2,1090.34,1030.2,1087.58,2006,9,1082.9,7,1094.0,6852.66,6913.22,16002,2.8054794520547945,1088.45,6882.9400000000005,0.154812296323286
^SPX,2026-02-24 16:15:00,SPX,2028-12-15,7100.0,C,0.0,0.0,0.0,0.0,0,10,1024.7,8,1035.8,6852.66,6913.22,68,2.8054794520547945,1030.25,6882.9400000000005,0.15359925946789593
^SPX,2026-02-24 16:15:00,SPX,2028-12-15,7200.0,C,0.0,0.0,0.0,0.0,0,12,967.8,9,978.8,6852.66,6913.22,937,2.8054794520547945,973.3,6882.9400000000005,0.1523009202746263
^SPX,2026-02-24 16:15:00,SPX,2028-12-15,7300.0,C,0.0,0.0,0.0,0.0,0,12,912.2,9,923.1,6852.66,6913.22,258,2.8054794520547945,917.6500000000001,6882.9400000000005,0.150927150053021
^SPX,2026-02-24 16:15:00,SPX,2028-12-15,7400.0,C,0.0,0.0,0.0,0.0,0,13,857.9,10,868.8,6852.66,6913.22,546,2.8054794520547945,863.3499999999999,6882.9400000000005,0.14948649495821703
^SPX,2026-02-24 16:15:00,SPX,2028-12-15,7500.0,C,0.0,0.0,0.0,0.0,0,13,805.2,10,816.0,6852.66,6913.22,152,2.8054794520547945,810.6,6882.9400000000005,0.14802041757662365
^SPX,2026-02-24 16:15:00,SPX,2028-12-15,7600.0,C,0.0,0.0,0.0,0.0,0,14,754.0,11,764.7,6852.66,6913.22,408,2.8054794520547945,759.35,6882.9400000000005,0.14651179443403348
^SPX,2026-02-24 16:15:00,SPX,2028-12-15,7700.0,C,0.0,0.0,0.0,0.0,0,14,704.4,11,715.1,6852.66,6913.22,279,2.8054794520547945,709.75,6882.9400000000005,0.14498861924455966
^SPX,2026-02-24 16:15:00,SPX,2028-12-15,7800.0,C,659.8,659.8,659.2,659.2,4,14,656.6,11,667.3,6852.66,6913.22,545,2.8054794520547945,661.95,6882.9400000000005,0.14347786557523515
^SPX,2026-02-24 16:15:00,SPX,2028-12-15,7900.0,C,0.0,0.0,0.0,0.0,0,14,610.5,11,621.1,6852.66,6913.22,714,2.8054794520547945,615.8,6882.9400000000005,0.14194092325539603
^SPX,2026-02-24 16:15:00,SPX,2028-12-15,8000.0,C,569.2,569.2,569.0,569.0,4,14,566.2,11,576.8,6852.66,6913.22,1969,2.8054794520547945,571.5,6882.9400000000005,0.14041655477586815
^SPX,2026-02-24 16:15:00,SPX,2028-12-15,8200.0,C,485.8,485.8,485.6,485.6,3,16,483.4,16,493.8,6852.66,6913.22,555,2.8054794520547945,488.6,6882.9400000000005,0.13742174100924232
^SPX,2026-02-24 16:15:00,SPX,2028-12-15,8400.0,C,411.5,411.5,411.3,411.3,3,13,408.6,17,418.6,6852.66,6913.22,822,2.8054794520547945,413.6,6882.9400000000005,0.1345493642732155
^SPX,2026-02-24 16:15:00,SPX,2028-12-15,8600.0,C,344.3,344.3,344.2,344.2,3,15,342.1,19,351.5,6852.66,6913.22,2690,2.8054794520547945,346.8,6882.9400000000005,0.13187187689633625
^SPX,2026-02-24 16:15:00,SPX,2028-12-15,8800.0,C,285.7,285.7,285.6,285.6,3,16,283.8,20,292.5,6852.66,6913.22,452,2.8054794520547945,288.15,6882.9400000000005,0.12941914222541306
^SPX,2026-02-24 16:15:00,SPX,2028-12-15,9000.0,C,240.0,240.0,234.9,234.9,128,18,233.0,23,241.4,6852.66,6913.22,1753,2.8054794520547945,237.2,6882.9400000000005,0.1271617366967521
^SPX,2026-02-24 16:15:00,SPX,2028-12-15,9200.0,C,191.4,191.4,191.3,191.3,3,18,189.8,24,197.8,6852.66,6913.22,225,2.8054794520547945,193.8,6882.9400000000005,0.12517987814415357
^SPX,2026-02-24 16:15:00,SPX,2028-12-15,9400.0,C,155.1,155.1,155.0,155.0,3,20,153.4,26,161.3,6852.66,6913.22,480,2.8054794520547945,157.35000000000002,6882.9400000000005,0.12347984344502451
^SPX,2026-02-24 16:15:00,SPX,2028-12-15,9500.0,C,0.0,0.0,0.0,0.0,0,28,137.7,28,145.5,6852.66,6913.22,283,2.8054794520547945,141.6,6882.9400000000005,0.12276330934838807
^SPX,2026-02-24 16:15:00,SPX,2028-12-15,9550.0,C,0.0,0.0,0.0,0.0,0,28,130.4,28,138.1,6852.66,6913.22,2,2.8054794520547945,134.25,6882.9400000000005,0.12242268753433036
^SPX,2026-02-24 16:15:00,SPX,2028-12-15,9600.0,C,125.0,125.0,125.0,125.0,2,28,123.6,28,131.2,6852.66,6913.22,106,2.8054794520547945,127.39999999999999,6882.9400000000005,0.12214766550345883
^SPX,2026-02-24 16:15:00,SPX,2028-12-15,9800.0,C,101.0,101.0,101.0,101.0,2,32,100.1,32,106.0,6852.66,6913.22,1115,2.8054794520547945,103.05,6882.9400000000005,0.12116056714450463
^SPX,2026-02-24 16:15:00,SPX,2028-12-15,10000.0,C,81.0,81.6,81.0,81.6,9,42,80.9,42,86.2,6852.66,6913.22,1969,2.8054794520547945,83.55000000000001,6882.9400000000005,0.12054604535905332
^SPX,2026-02-24 16:15:00,SPX,2028-12-15,10200.0,C,66.1,66.1,66.1,66.1,2,50,65.5,50,70.4,6852.66,6913.22,18,2.8054794520547945,67.95,6882.9400000000005,0.1202354137039033
^SPX,2026-02-24 16:15:00,SPX,2028-12-15,10400.0,C,53.8,53.8,53.8,53.8,2,13,53.4,55,57.7,6852.66,6913.22,329,2.8054794520547945,55.55,6882.9400000000005,0.12021671702332283
^SPX,2026-02-24 16:15:00,SPX,2028-12-15,10600.0,C,43.8,43.8,43.6,43.6,2,14,43.7,61,47.7,6852.66,6913.22,120,2.8054794520547945,45.7,6882.9400000000005,0.12045440314600478
^SPX,2026-02-24 16:15:00,SPX,2028-12-15,10800.0,C,36.1,36.1,35.9,35.9,2,15,36.0,67,39.6,6852.66,6913.22,9,2.8054794520547945,37.8,6882.9400000000005,0.12087147208575456
^SPX,2026-02-24 16:15:00,SPX,2028-12-15,11000.0,C,30.3,30.3,29.9,29.9,2,16,29.9,72,33.2,6852.66,6913.22,2654,2.8054794520547945,31.55,6882.9400000000005,0.12151922473677862
^SPX,2026-02-24 16:15:00,SPX,2028-12-15,11200.0,C,0.0,0.0,0.0,0.0,0,17,25.0,79,28.0,6852.66,6913.22,347,2.8054794520547945,26.5,6882.9400000000005,0.12229472839932574
^SPX,2026-02-24 16:15:00,SPX,2028-12-15,11400.0,C,21.4,21.4,21.4,21.4,2,18,21.1,88,23.9,6852.66,6913.22,906,2.8054794520547945,22.5,6882.9400000000005,0.12327401984714972
^SPX,2026-02-24 16:15:00,SPX,2028-12-15,12000.0,C,0.0,0.0,0.0,0.0,0,106,13.1,106,15.4,6852.66,6913.22,1838,2.8054794520547945,14.25,6882.9400000000005,0.12658568104239493
^SPX,2026-02-24 16:15:00,SPX,2029-12-21,5400.0,C,0.0,0.0,0.0,0.0,0,2,2189.3,2,2489.3,6852.66,6913.22,58,3.821917808219178,2339.3,6882.9400000000005,0.0902562604706862
^SPX,2026-02-24 16:15:00,SPX,2029-12-21,5500.0,C,0.0,0.0,0.0,0.0,0,2,2122.9,2,2422.9,6852.66,6913.22,678,3.821917808219178,2272.9,6882.9400000000005,0.11618036903537148
^SPX,2026-02-24 16:15:00,SPX,2029-12-21,5600.0,C,0.0,0.0,0.0,0.0,0,2,2056.8,2,2356.8,6852.66,6913.22,250,3.821917808219178,2206.8,6882.9400000000005,0.12696292532667777
^SPX,2026-02-24 16:15:00,SPX,2029-12-21,5675.0,C,0.0,0.0,0.0,0.0,0,2,2008.2,2,2308.2,6852.66,6913.22,20,3.821917808219178,2158.2,6882.9400000000005,0.13278252017329487
^SPX,2026-02-24 16:15:00,SPX,2029-12-21,5700.0,C,0.0,0.0,0.0,0.0,0,2,1992.0,2,2292.0,6852.66,6913.22,135,3.821917808219178,2142.0,6882.9400000000005,0.1343544982306551
^SPX,2026-02-24 16:15:00,SPX,2029-12-21,5800.0,C,0.0,0.0,0.0,0.0,0,2,1927.4,2,2227.4,6852.66,6913.22,106,3.821917808219178,2077.4,6882.9400000000005,0.13945248633456964
^SPX,2026-02-24 16:15:00,SPX,2029-12-21,5900.0,C,0.0,0.0,0.0,0.0,0,2,1863.5,2,2163.5,6852.66,6913.22,209,3.821917808219178,2013.5,6882.9400000000005,0.14331842989555427
^SPX,2026-02-24 16:15:00,SPX,2029-12-21,5950.0,C,0.0,0.0,0.0,0.0,0,2,1832.3,2,2132.3,6852.66,6913.22,18,3.821917808219178,1982.3000000000002,6882.9400000000005,0.14511035819902574
^SPX,2026-02-24 16:15:00,SPX,2029-12-21,6000.0,C,1941.46,1950.11,1941.46,1950.11,2,2,1800.9,2,2100.9,6852.66,6913.22,25136,3.821917808219178,1950.9,6882.9400000000005,0.14654918380527968
^SPX,2026-02-24 16:15:00,SPX,2029-12-21,6100.0,C,0.0,0.0,0.0,0.0,0,2,1738.8,2,2038.8,6852.66,6913.22,353,3.821917808219178,1888.8,6882.9400000000005,0.1490112723986418
^SPX,2026-02-24 16:15:00,SPX,2029-12-21,6200.0,C,0.0,0.0,0.0,0.0,0,2,1676.9,2,1976.9,6852.66,6913.22,264,3.821917808219178,1826.9,6882.9400000000005,0.15076985870151044
^SPX,2026-02-24 16:15:00,SPX,2029-12-21,6300.0,C,0.0,0.0,0.0,0.0,0,1,1735.2,1,1794.2,6852.66,6913.22,20,3.821917808219178,1764.7,6882.9400000000005,0.15179861734295264
^SPX,2026-02-24 16:15:00,SPX,2029-12-21,6400.0,C,0.0,0.0,0.0,0.0,0,1,1674.5,1,1734.0,6852.66,6913.22,257,3.821917808219178,1704.25,6882.9400000000005,0.1528270717968781
^SPX,2026-02-24 16:15:00,SPX,2029-12-21,6500.0,C,1635.93,1635.93,1635.93,1635.93,1,1,1614.4,1,1674.4,6852.66,6913.22,457,3.821917808219178,1644.4,6882.9400000000005,0.15352536405570136
^SPX,2026-02-24 16:15:00,SPX,2029-12-21,6600.0,C,0.0,0.0,0.0,0.0,0,1,1554.9,1,1615.3,6852.66,6913.22,206,3.821917808219178,1585.1,6882.9400000000005,0.1539232036234494
^SPX,2026-02-24 16:15:00,SPX,2029-12-21,6700.0,C,0.0,0.0,0.0,0.0,0,1,1496.0,1,1556.8,6852.66,6913.22,368,3.821917808219178,1526.4,6882.9400000000005,0.15406885409102922
^SPX,2026-02-24 16:15:00,SPX,2029-12-21,6800.0,C,0.0,0.0,0.0,0.0,0,1,1437.6,1,1498.8,6852.66,6913.22,31,3.821917808219178,1468.1999999999998,6882.9400000000005,0.1539638253462262
^SPX,2026-02-24 16:15:00,SPX,2029-12-21,6900.0,C,0.0,0.0,0.0,0.0,0,1,1379.9,1,1441.4,6852.66,6913.22,93,3.821917808219178,1410.65,6882.9400000000005,0.15366791463678828
^SPX,2026-02-24 16:15:00,SPX,2029-12-21,7000.0,C,0.0,0.0,0.0,0.0,0,1,1322.7,1,1384.6,6852.66,6913.22,1848,3.821917808219178,1353.65,6882.9400000000005,0.15317345102807028
^SPX,2026-02-24 16:15:00,SPX,2029-12-21,7100.0,C,0.0,0.0,0.0,0.0,0,1,1266.4,1,1328.6,6852.66,6913.22,10,3.821917808219178,1297.5,6882.9400000000005,0.15256293116585237
^SPX,2026-02-24 16:15:00,SPX,2029-12-21,7200.0,C,0.0,0.0,0.0,0.0,0,7,1211.3,9,1273.3,6852.66,6913.22,326,3.821917808219178,1242.3,6882.9400000000005,0.15186471873782523
^SPX,2026-02-24 16:15:00,SPX,2029-12-21,7300.0,C,0.0,0.0,0.0,0.0,0,8,1156.3,10,1218.9,6852.66,6913.22,22,3.821917808219178,1187.6,6882.9400000000005,0.1509858390180423
^SPX,2026-02-24 16:15:00,SPX,2029-12-21,7400.0,C,0.0,0.0,0.0,0.0,0,9,1102.6,11,1165.5,6852.66,6913.22,50,3.821917808219178,1134.05,6882.9400000000005,0.15007193514047965
^SPX,2026-02-24 16:15:00,SPX,2029-12-21,7500.0,C,0.0,0.0,0.0,0.0,0,9,1049.9,12,1113.0,6852.66,6913.22,613,3.821917808219178,1081.45,6882.9400000000005,0.14908084433986846
^SPX,2026-02-24 16:15:00,SPX,2029-12-21,7600.0,C,0.0,0.0,0.0,0.0,0,12,998.3,12,1061.6,6852.66,6913.22,226,3.821917808219178,1029.9499999999998,6882.9400000000005,0.1480440707282112
^SPX,2026-02-24 16:15:00,SPX,2029-12-21,7700.0,C,0.0,0.0,0.0,0.0,0,13,947.9,13,1011.3,6852.66,6913.22,0,3.821917808219178,979.5999999999999,6882.9400000000005,0.1469707754129506
^SPX,2026-02-24 16:15:00,SPX,2029-12-21,7800.0,C,0.0,0.0,0.0,0.0,0,13,898.7,13,962.2,6852.66,6913.22,194,3.821917808219178,930.45,6882.9400000000005,0.14586942803340106
^SPX,2026-02-24 16:15:00,SPX,2029-12-21,7900.0,C,0.0,0.0,0.0,0.0,0,14,850.9,14,914.4,6852.66,6913.22,0,3.821917808219178,882.65,6882.9400000000005,0.14476726816552754
^SPX,2026-02-24 16:15:00,SPX,2029-12-21,8000.0,C,0.0,0.0,0.0,0.0,0,14,804.4,14,867.9,6852.66,6913.22,305,3.821917808219178,836.15,6882.9400000000005,0.14365221821046054
^SPX,2026-02-24 16:15:00,SPX,2029-12-21,8200.0,C,0.0,0.0,0.0,0.0,0,14,715.7,14,779.0,6852.66,6913.22,159,3.821917808219178,747.35,6882.9400000000005,0.14143239015321782
^SPX,2026-02-24 16:15:00,SPX,2029-12-21,8400.0,C,0.0,0.0,0.0,0.0,0,11,633.3,14,696.0,6852.66,6913.22,2527,3.821917808219178,664.65,6882.9400000000005,0.13930772767706026
^SPX,2026-02-24 16:15:00,SPX,2029-12-21,8600.0,C,0.0,0.0,0.0,0.0,0,12,557.5,15,618.8,6852.66,6913.22,696,3.821917808219178,588.15,6882.9400000000005,0.13728838880613348
^SPX,2026-02-24 16:15:00,SPX,2029-12-21,8800.0,C,0.0,0.0,0.0,0.0,0,12,488.1,16,547.6,6852.66,6913.22,122,3.821917808219178,517.85,6882.9400000000005,0.13537680618357376
^SPX,2026-02-24 16:15:00,SPX,2029-12-21,9000.0,C,0.0,0.0,0.0,0.0,0,13,424.7,17,482.4,6852.66,6913.22,1226,3.821917808219178,453.54999999999995,6882.9400000000005,0.13354898361418555
^SPX,2026-02-24 16:15:00,SPX,2029-12-21,9200.0,C,0.0,0.0,0.0,0.0,0,15,367.1,19,423.1,6852.66,6913.22,201,3.821917808219178,395.1,6882.9400000000005,0.13180026222993374
^SPX,2026-02-24 16:15:00,SPX,2029-12-21,9400.0,C,0.0,0.0,0.0,0.0,0,16,315.6,20,369.6,6852.66,6913.22,176,3.821917808219178,342.6,6882.9400000000005,0.13018698769330778
^SPX,2026-02-24 16:15:00,SPX,2029-12-21,9500.0,C,313.74,313.74,312.76,312.76,15,17,291.6,22,345.0,6852.66,6913.22,100,3.821917808219178,318.3,6882.9400000000005,0.12938910943172702
^SPX,2026-02-24 16:15:00,SPX,2029-12-21,9550.0,C,0.0,0.0,0.0,0.0,0,17,280.1,22,333.1,6852.66,6913.22,0,3.821917808219178,306.6,6882.9400000000005,0.12898700981409422
^SPX,2026-02-24 16:15:00,SPX,2029-12-21,9600.0,C,0.0,0.0,0.0,0.0,0,17,269.0,22,321.7,6852.66,6913.22,183,3.821917808219178,295.35,6882.9400000000005,0.12861555971498348
^SPX,2026-02-24 16:15:00,SPX,2029-12-21,9800.0,C,0.0,0.0,0.0,0.0,0,18,227.3,24,279.1,6852.66,6913.22,17,3.821917808219178,253.20000000000002,6882.9400000000005,0.12710742996466315
^SPX,2026-02-24 16:15:00,SPX,2029-12-21,10000.0,C,0.0,0.0,0.0,0.0,0,19,190.4,25,241.6,6852.66,6913.22,6195,3.821917808219178,216.0,6882.9400000000005,0.12569634203798988
^SPX,2026-02-24 16:15:00,SPX,2029-12-21,10200.0,C,0.0,0.0,0.0,0.0,0,20,158.8,26,208.9,6852.66,6913.22,10,3.821917808219178,183.85000000000002,6882.9400000000005,0.12449573811104953
^SPX,2026-02-24 16:15:00,SPX,2029-12-21,10400.0,C,0.0,0.0,0.0,0.0,0,28,131.9,28,180.7,6852.66,6913.22,202,3.821917808219178,156.3,6882.9400000000005,0.12350948025718823
^SPX,2026-02-24 16:15:00,SPX,2029-12-21,10600.0,C,0.0,0.0,0.0,0.0,0,29,109.5,29,156.5,6852.66,6913.22,40,3.821917808219178,133.0,6882.9400000000005,0.12277620921942461
^SPX,2026-02-24 16:15:00,SPX,2029-12-21,10800.0,C,0.0,0.0,0.0,0.0,0,35,94.9,35,131.6,6852.66,6913.22,8,3.821917808219178,113.25,6882.9400000000005,0.12223443975999165
^SPX,2026-02-24 16:15:00,SPX,2029-12-21,11000.0,C,0.0,0.0,0.0,0.0,0,42,79.6,42,113.7,6852.66,6913.22,1816,3.821917808219178,96.65,6882.9400000000005,0.12189869280184006
^SPX,2026-02-24 16:15:00,SPX,2029-12-21,11200.0,C,0.0,0.0,0.0,0.0,0,48,66.8,48,98.4,6852.66,6913.22,2,3.821917808219178,82.6,6882.9400000000005,0.12170183372604096
^SPX,2026-02-24 16:15:00,SPX,2029-12-21,11400.0,C,0.0,0.0,0.0,0.0,0,51,56.2,51,85.5,6852.66,6913.22,69,3.821917808219178,70.85,6882.9400000000005,0.12168363561623041
^SPX,2026-02-24 16:15:00,SPX,2029-12-21,12000.0,C,0.0,0.0,0.0,0.0,0,52,35.0,66,57.6,6852.66,6913.22,1830,3.821917808219178,46.3,6882.9400000000005,0.12274816744006335
^SPX,2026-02-24 16:15:00,SPX,2030-12-20,5500.0,C,0.0,0.0,0.0,0.0,0,2,2308.9,2,2608.9,6852.66,6913.22,49,4.8191780821917805,2458.9,6882.9400000000005,0.08683466549770608
^SPX,2026-02-24 16:15:00,SPX,2030-12-20,5600.0,C,0.0,0.0,0.0,0.0,0,2,2247.4,2,2547.4,6852.66,6913.22,171,4.8191780821917805,2397.4,6882.9400000000005,0.11110623383163641
^SPX,2026-02-24 16:15:00,SPX,2030-12-20,5675.0,C,0.0,0.0,0.0,0.0,0,2,2201.7,2,2501.7,6852.66,6913.22,80,4.8191780821917805,2351.7,6882.9400000000005,0.11967220998419872
^SPX,2026-02-24 16:15:00,SPX,2030-12-20,5700.0,C,2342.15,2342.15,2342.15,2342.15,3,2,2186.7,2,2486.7,6852.66,6913.22,87,4.8191780821917805,2336.7,6882.9400000000005,0.12201896949696146
^SPX,2026-02-24 16:15:00,SPX,2030-12-20,5800.0,C,0.0,0.0,0.0,0.0,0,2,2126.9,2,2426.9,6852.66,6913.22,64,4.8191780821917805,2276.9,6882.9400000000005,0.12941892769625185
^SPX,2026-02-24 16:15:00,SPX,2030-12-20,5900.0,C,2188.61,2224.59,2188.61,2224.59,2,2,2067.8,2,2367.8,6852.66,6913.22,51,4.8191780821917805,2217.8,6882.9400000000005,0.13492082956654833
^SPX,2026-02-24 16:15:00,SPX,2030-12-20,6000.0,C,2130.37,2165.98,2130.37,2165.98,2,2,2009.0,2,2309.0,6852.66,6913.22,8738,4.8191780821917805,2159.0,6882.9400000000005,0.13906851389385058
^SPX,2026-02-24 16:15:00,SPX,2030-12-20,6100.0,C,0.0,0.0,0.0,0.0,0,2,1951.1,2,2251.1,6852.66,6913.22,738,4.8191780821917805,2101.1,6882.9400000000005,0.14247676059736786
^SPX,2026-02-24 16:15:00,SPX,2030-12-20,6150.0,C,0.0,0.0,0.0,0.0,0,2,1922.7,2,2222.7,6852.66,6913.22,84,4.8191780821917805,2072.7,6882.9400000000005,0.14403635433374296
^SPX,2026-02-24 16:15:00,SPX,2030-12-20,6200.0,C,0.0,0.0,0.0,0.0,0,2,1894.0,2,2194.0,6852.66,6913.22,874,4.8191780821917805,2044.0,6882.9400000000005,0.1452966109364586
^SPX,2026-02-24 16:15:00,SPX,2030-12-20,6300.0,C,0.0,0.0,0.0,0.0,0,2,1837.2,2,2137.2,6852.66,6913.22,732,4.8191780821917805,1987.1999999999998,6882.9400000000005,0.14750276485102068
^SPX,2026-02-24 16:15:00,SPX,2030-12-20,6400.0,C,0.0,0.0,0.0,0.0,0,2,1780.4,2,2080.4,6852.66,6913.22,582,4.8191780821917805,1930.4,6882.9400000000005,0.1491249072810011
^SPX,2026-02-24 16:15:00,SPX,2030-12-20,6500.0,C,0.0,0.0,0.0,0.0,0,1,1833.3,1,1919.8,6852.66,6913.22,269,4.8191780821917805,1876.55,6882.9400000000005,0.1510614297033346
^SPX,2026-02-24 16:15:00,SPX,2030-12-20,6600.0,C,0.0,0.0,0.0,0.0,0,1,1777.2,1,1864.3,6852.66,6913.22,507,4.8191780821917805,1820.75,6882.9400000000005,0.15200034780527316
^SPX,2026-02-24 16:15:00,SPX,2030-12-20,6700.0,C,0.0,0.0,0.0,0.0,0,1,1721.5,1,1809.2,6852.66,6913.22,118,4.8191780821917805,1765.35,6882.9400000000005,0.15265840818281295
^SPX,2026-02-24 16:15:00,SPX,2030-12-20,6800.0,C,0.0,0.0,0.0,0.0,0,1,1666.3,1,1754.4,6852.66,6913.22,88,4.8191780821917805,1710.35,6882.9400000000005,0.1530690418338718
^SPX,2026-02-24 16:15:00,SPX,2030-12-20,6900.0,C,0.0,0.0,0.0,0.0,0,1,1611.4,1,1700.1,6852.66,6913.22,309,4.8191780821917805,1655.75,6882.9400000000005,0.15325899465739948
^SPX,2026-02-24 16:15:00,SPX,2030-12-20,7000.0,C,1603.78,1603.78,1603.78,1603.78,3,1,1556.8,1,1655.0,6852.66,6913.22,4988,4.8191780821917805,1605.9,6882.9400000000005,0.15421421282556166
^SPX,2026-02-24 16:15:00,SPX,2030-12-20,7100.0,C,0.0,0.0,0.0,0.0,0,1,1502.7,1,1592.4,6852.66,6913.22,52,4.8191780821917805,1547.5500000000002,6882.9400000000005,0.15301666152285417
^SPX,2026-02-24 16:15:00,SPX,2030-12-20,7200.0,C,0.0,0.0,0.0,0.0,0,1,1449.1,1,1539.2,6852.66,6913.22,28,4.8191780821917805,1494.15,6882.9400000000005,0.15266105302125604
^SPX,2026-02-24 16:15:00,SPX,2030-12-20,7300.0,C,0.0,0.0,0.0,0.0,0,1,1396.0,1,1486.5,6852.66,6913.22,91,4.8191780821917805,1441.25,6882.9400000000005,0.1521712895472364
^SPX,2026-02-24 16:15:00,SPX,2030-12-20,7400.0,C,0.0,0.0,0.0,0.0,0,2,1343.5,2,1434.4,6852.66,6913.22,14,4.8191780821917805,1388.95,6882.9400000000005,0.1515758713750956
^SPX,2026-02-24 16:15:00,SPX,2030-12-20,7500.0,C,0.0,0.0,0.0,0.0,0,7,1293.7,9,1382.9,6852.66,6913.22,75,4.8191780821917805,1338.3000000000002,6882.9400000000005,0.15108451439421078
^SPX,2026-02-24 16:15:00,SPX,2030-12-20,7600.0,C,0.0,0.0,0.0,0.0,0,8,1242.3,10,1332.2,6852.66,6913.22,7,4.8191780821917805,1287.25,6882.9400000000005,0.15029959017145803
^SPX,2026-02-24 16:15:00,SPX,2030-12-20,7700.0,C,0.0,0.0,0.0,0.0,0,9,1191.6,11,1282.1,6852.66,6913.22,23,4.8191780821917805,1236.85,6882.9400000000005,0.14943308555587262
^SPX,2026-02-24 16:15:00,SPX,2030-12-20,7800.0,C,0.0,0.0,0.0,0.0,0,9,1141.8,12,1232.9,6852.66,6913.22,40,4.8191780821917805,1187.35,6882.9400000000005,0.14853354591803045
^SPX,2026-02-24 16:15:00,SPX,2030-12-20,7900.0,C,0.0,0.0,0.0,0.0,0,9,1093.0,12,1184.6,6852.66,6913.22,0,4.8191780821917805,1138.8,6882.9400000000005,0.14760991838411502
^SPX,2026-02-24 16:15:00,SPX,2030-12-20,8000.0,C,0.0,0.0,0.0,0.0,0,10,1045.2,13,1137.2,6852.66,6913.22,223,4.8191780821917805,1091.2,6882.9400000000005,0.14666166465041847
^SPX,2026-02-24 16:15:00,SPX,2030-12-20,8200.0,C,0.0,0.0,0.0,0.0,0,10,952.9,13,1045.4,6852.66,6913.22,467,4.8191780821917805,999.1500000000001,6882.9400000000005,0.14474103351718454
^SPX,2026-02-24 16:15:00,SPX,2030-12-20,8400.0,C,912.4,912.4,912.4,912.4,1,11,865.5,14,958.0,6852.66,6913.22,106,4.8191780821917805,911.75,6882.9400000000005,0.14285747125268586
^SPX,2026-02-24 16:15:00,SPX,2030-12-20,8600.0,C,0.0,0.0,0.0,0.0,0,11,782.9,14,875.3,6852.66,6913.22,180,4.8191780821917805,829.0999999999999,6882.9400000000005,0.14101770965309823
^SPX,2026-02-24 16:15:00,SPX,2030-12-20,8800.0,C,0.0,0.0,0.0,0.0,0,11,706.0,14,797.5,6852.66,6913.22,12,4.8191780821917805,751.75,6882.9400000000005,0.13930689798604845
^SPX,2026-02-24 16:15:00,SPX,2030-12-20,9000.0,C,0.0,0.0,0.0,0.0,0,12,634.4,15,724.7,6852.66,6913.22,862,4.8191780821917805,679.55,6882.9400000000005,0.1376978010190963
^SPX,2026-02-24 16:15:00,SPX,2030-12-20,9200.0,C,0.0,0.0,0.0,0.0,0,12,568.1,16,656.8,6852.66,6913.22,430,4.8191780821917805,612.45,6882.9400000000005,0.13618689351372787
^SPX,2026-02-24 16:15:00,SPX,2030-12-20,9400.0,C,0.0,0.0,0.0,0.0,0,12,506.6,16,593.8,6852.66,6913.22,7,4.8191780821917805,550.2,6882.9400000000005,0.13474346656612962
^SPX,2026-02-24 16:15:00,SPX,2030-12-20,9500.0,C,0.0,0.0,0.0,0.0,0,13,477.8,17,564.0,6852.66,6913.22,12,4.8191780821917805,520.9,6882.9400000000005,0.1340530347973618
^SPX,2026-02-24 16:15:00,SPX,2030-12-20,9550.0,C,0.0,0.0,0.0,0.0,0,13,463.9,17,549.6,6852.66,6913.22,0,4.8191780821917805,506.75,6882.9400000000005,0.13372419555854345
^SPX,2026-02-24 16:15:00,SPX,2030-12-20,9600.0,C,0.0,0.0,0.0,0.0,0,13,450.3,17,535.4,6852.66,6913.22,17,4.8191780821917805,492.85,6882.9400000000005,0.13339259874350212
^SPX,2026-02-24 16:15:00,SPX,2030-12-20,9800.0,C,0.0,0.0,0.0,0.0,0,15,398.5,19,481.6,6852.66,6913.22,700,4.8191780821917805,440.05,6882.9400000000005,0.13209684537277808
^SPX,2026-02-24 16:15:00,SPX,2030-12-20,10000.0,C,381.43,381.43,381.43,381.43,1,15,351.2,19,432.3,6852.66,6913.22,1290,4.8191780821917805,391.75,6882.9400000000005,0.13087426809078992
^SPX,2026-02-24 16:15:00,SPX,2030-12-20,10200.0,C,0.0,0.0,0.0,0.0,0,17,307.7,22,387.2,6852.66,6913.22,20,4.8191780821917805,347.45,6882.9400000000005,0.12966590623301463
^SPX,2026-02-24 16:15:00,SPX,2030-12-20,10400.0,C,306.5,306.5,306.5,306.5,125,18,267.6,23,346.1,6852.66,6913.22,94,4.8191780821917805,306.85,6882.9400000000005,0.12844635485171385
^SPX,2026-02-24 16:15:00,SPX,2030-12-20,10600.0,C,0.0,0.0,0.0,0.0,0,18,231.5,24,309.0,6852.66,6913.22,68,4.8191780821917805,270.25,6882.9400000000005,0.12730915142451116
^SPX,2026-02-24 16:15:00,SPX,2030-12-20,10800.0,C,0.0,0.0,0.0,0.0,0,25,199.3,25,275.7,6852.66,6913.22,74,4.8191780821917805,237.5,6882.9400000000005,0.1262728506590201
^SPX,2026-02-24 16:15:00,SPX,2030-12-20,11000.0,C,0.0,0.0,0.0,0.0,0,26,171.7,26,246.0,6852.66,6913.22,454,4.8191780821917805,208.85,6882.9400000000005,0.125452765362649
^SPX,2026-02-24 16:15:00,SPX,2030-12-20,11200.0,C,0.0,0.0,0.0,0.0,0,28,147.5,28,219.6,6852.66,6913.22,306,4.8191780821917805,183.55,6882.9400000000005,0.124756068278103
^SPX,2026-02-24 16:15:00,SPX,2030-12-20,11400.0,C,0.0,0.0,0.0,0.0,0,28,126.4,28,196.3,6852.66,6913.22,226,4.8191780821917805,161.35000000000002,6882.9400000000005,0.12419355104496929
^SPX,2026-02-24 16:15:00,SPX,2030-12-20,12000.0,C,103.04,108.0,103.04,108.0,5,1,95.0,41,135.7,6852.66,6913.22,7531,4.8191780821917805,115.35,6882.9400000000005,0.12481813305552926
^SPX,2026-02-24 16:15:00,SPX,2030-12-20,13000.0,C,0.0,0.0,0.0,0.0,0,60,42.9,60,80.6,6852.66,6913.22,0,4.8191780821917805,61.75,6882.9400000000005,0.12413711952530937
^SPX,2026-02-24 16:15:00,SPX,2030-12-20,14000.0,C,0.0,0.0,0.0,0.0,0,78,22.4,78,51.5,6852.66,6913.22,0,4.8191780821917805,36.95,6882.9400000000005,0.1265777253312035
^SPX,2026-02-24 16:15:00,SPX,2030-12-20,15000.0,C,0.0,0.0,0.0,0.0,0,100,11.9,100,35.1,6852.66,6913.22,0,4.8191780821917805,23.5,6882.9400000000005,0.12977412748409056
^SPX,2026-02-24 16:15:00,SPX,2031-12-19,5600.0,C,0.0,0.0,0.0,0.0,0,2,2437.0,2,2737.0,6852.66,6913.22,1,5.816438356164384,2587.0,6882.9400000000005,0.101782283092823
^SPX,2026-02-24 16:15:00,SPX,2031-12-19,6000.0,C,0.0,0.0,0.0,0.0,0,2,2211.3,2,2511.3,6852.66,6913.22,2757,5.816438356164384,2361.3,6882.9400000000005,0.13492233816812702
^SPX,2026-02-24 16:15:00,SPX,2031-12-19,6400.0,C,0.0,0.0,0.0,0.0,0,2,1994.6,2,2294.6,6852.66,6913.22,39,5.816438356164384,2144.6,6882.9400000000005,0.1465344266968328
^SPX,2026-02-24 16:15:00,SPX,2031-12-19,6800.0,C,0.0,0.0,0.0,0.0,0,1,1888.9,1,1994.9,6852.66,6913.22,179,5.816438356164384,1941.9,6882.9400000000005,0.15332965708791046
^SPX,2026-02-24 16:15:00,SPX,2031-12-19,7200.0,C,0.0,0.0,0.0,0.0,0,1,1682.4,1,1790.7,6852.66,6913.22,211,5.816438356164384,1736.5500000000002,6882.9400000000005,0.15435610752442544
^SPX,2026-02-24 16:15:00,SPX,2031-12-19,7600.0,C,0.0,0.0,0.0,0.0,0,1,1481.4,1,1591.6,6852.66,6913.22,54,5.816438356164384,1536.5,6882.9400000000005,0.1530389078991847
^SPX,2026-02-24 16:15:00,SPX,2031-12-19,8000.0,C,0.0,0.0,0.0,0.0,0,10,1288.5,10,1400.2,6852.66,6913.22,75,5.816438356164384,1344.35,6882.9400000000005,0.1504019397916038
^SPX,2026-02-24 16:15:00,SPX,2031-12-19,8400.0,C,0.0,0.0,0.0,0.0,0,13,1106.8,13,1219.3,6852.66,6913.22,6,5.816438356164384,1163.05,6882.9400000000005,0.1471437890501106
^SPX,2026-02-24 16:15:00,SPX,2031-12-19,8800.0,C,0.0,0.0,0.0,0.0,0,14,939.1,11,1051.6,6852.66,6913.22,0,5.816438356164384,995.3499999999999,6882.9400000000005,0.1437392455257774
^SPX,2026-02-24 16:15:00,SPX,2031-12-19,9200.0,C,0.0,0.0,0.0,0.0,0,14,787.4,11,899.2,6852.66,6913.22,0,5.816438356164384,843.3,6882.9400000000005,0.14048135429256714
^SPX,2026-02-24 16:15:00,SPX,2031-12-19,9600.0,C,0.0,0.0,0.0,0.0,0,15,652.8,12,763.2,6852.66,6913.22,0,5.816438356164384,708.0,6882.9400000000005,0.1375228709401432
^SPX,2026-02-24 16:15:00,SPX,2031-12-19,10000.0,C,0.0,0.0,0.0,0.0,0,16,534.9,16,643.0,6852.66,6913.22,370,5.816438356164384,588.95,6882.9400000000005,0.1348194950727928
^SPX,2026-02-24 16:15:00,SPX,2031-12-19,10400.0,C,0.0,0.0,0.0,0.0,0,19,432.7,19,537.8,6852.66,6913.22,0,5.816438356164384,485.25,6882.9400000000005,0.1323147735712045
^SPX,2026-02-24 16:15:00,SPX,2031-12-19,10800.0,C,0.0,0.0,0.0,0.0,0,20,345.3,16,446.1,6852.66,6913.22,0,5.816438356164384,395.70000000000005,6882.9400000000005,0.12994159393539112
^SPX,2026-02-24 16:15:00,SPX,2031-12-19,11200.0,C,0.0,0.0,0.0,0.0,0,23,271.5,1,340.0,6852.66,6913.22,5,5.816438356164384,305.75,6882.9400000000005,0.12526232984050156
^SPX,2026-02-24 16:15:00,SPX,2031-12-19,11600.0,C,0.0,0.0,0.0,0.0,0,1,235.0,25,303.0,6852.66,6913.22,12,5.816438356164384,269.0,6882.9400000000005,0.12826695775859132
^SPX,2026-02-24 16:15:00,SPX,2031-12-19,12000.0,C,0.0,0.0,0.0,0.0,0,22,174.9,28,249.0,6852.66,6913.22,832,5.816438356164384,211.95,6882.9400000000005,0.12578562384307243
^SPX,2026-02-24 16:15:00,SPX,2031-12-19,13000.0,C,0.0,0.0,0.0,0.0,0,42,87.4,42,147.9,6852.66,6913.22,85,5.816438356164384,117.65,6882.9400000000005,0.12213793536036485
^SPX,2026-02-24 16:15:00,SPX,2031-12-19,14000.0,C,0.0,0.0,0.0,0.0,0,57,47.0,57,94.0,6852.66,6913.22,0,5.816438356164384,70.5,6882.9400000000005,0.12226520123604782
^SPX,2026-02-24 16:15:00,SPX,2031-12-19,15000.0,C,43.7,45.9,43.7,45.9,209,10,43.7,10,47.5,6852.66,6913.22,0,5.816438356164384,45.6,6882.9400000000005,0.12433713296876406
^SPX,2026-02-24 16:15:00,SPX,2031-12-19,16000.0,C,28.2,28.8,27.89,27.89,80,1,26.8,92,45.1,6852.66,6913.22,0,5.816438356164384,35.95,6882.9400000000005,0.13032654142507355
