underlying_symbol,quote_datetime,root,expiration,strike,option_type,open,high,low,close,trade_volume,bid_size,bid,ask_size,ask,underlying_bid,underlying_ask,open_interest,time_to_maturity
^SPX,2026-02-24 16:15:00,SPX,2026-03-20,200.0,C,0.0,0.0,0.0,0.0,0,2,6673.0,1,6692.9,6852.66,6913.22,35,0.06301369863013699
^SPX,2026-02-24 16:15:00,SPX,2026-03-20,400.0,C,0.0,0.0,0.0,0.0,0,1,6473.3,1,6492.5,6852.66,6913.22,13,0.06301369863013699
^SPX,2026-02-24 16:15:00,SPX,2026-03-20,600.0,C,0.0,0.0,0.0,0.0,0,1,6273.5,1,6294.5,6852.66,6913.22,6,0.06301369863013699
^SPX,2026-02-24 16:15:00,SPX,2026-03-20,800.0,C,0.0,0.0,0.0,0.0,0,2,6074.7,1,6093.2,6852.66,6913.22,9,0.06301369863013699
^SPX,2026-02-24 16:15:00,SPX,2026-03-20,1000.0,C,0.0,0.0,0.0,0.0,0,10,5877.8,10,5892.1,6852.66,6913.22,1101,0.06301369863013699
^SPX,2026-02-24 16:15:00,SPX,2026-03-20,1200.0,C,0.0,0.0,0.0,0.0,0,2,5675.7,1,5694.2,6852.66,6913.22,40,0.06301369863013699
^SPX,2026-02-24 16:15:00,SPX,2026-03-20,1400.0,C,0.0,0.0,0.0,0.0,0,1,5476.2,1,5494.9,6852.66,6913.22,1,0.06301369863013699
^SPX,2026-02-24 16:15:00,SPX,2026-03-20,1600.0,C,0.0,0.0,0.0,0.0,0,2,5277.2,1,5295.4,6852.66,6913.22,23,0.06301369863013699
^SPX,2026-02-24 16:15:00,SPX,2026-03-20,1800.0,C,0.0,0.0,0.0,0.0,0,2,5076.9,1,5096.0,6852.66,6913.22,40,0.06301369863013699
^SPX,2026-02-24 16:15:00,SPX,2026-03-20,2000.0,C,0.0,0.0,0.0,0.0,0,17,4880.7,17,4894.9,6852.66,6913.22,5630,0.06301369863013699
^SPX,2026-02-24 16:15:00,SPX,2026-03-20,2200.0,C,0.0,0.0,0.0,0.0,0,2,4678.6,1,4698.5,6852.66,6913.22,8,0.06301369863013699
^SPX,2026-02-24 16:15:00,SPX,2026-03-20,2400.0,C,0.0,0.0,0.0,0.0,0,2,4479.2,1,4497.7,6852.66,6913.22,0,0.06301369863013699
^SPX,2026-02-24 16:15:00,SPX,2026-03-20,2500.0,C,0.0,0.0,0.0,0.0,0,2,4379.4,1,4398.0,6852.66,6913.22,3,0.06301369863013699
^SPX,2026-02-24 16:15:00,SPX,2026-03-20,2600.0,C,0.0,0.0,0.0,0.0,0,1,4279.2,1,4298.3,6852.66,6913.22,11,0.06301369863013699
^SPX,2026-02-24 16:15:00,SPX,2026-03-20,2700.0,C,0.0,0.0,0.0,0.0,0,3,4179.5,1,4198.6,6852.66,6913.22,0,0.06301369863013699
^SPX,2026-02-24 16:15:00,SPX,2026-03-20,2800.0,C,0.0,0.0,0.0,0.0,0,1,4079.7,1,4098.9,6852.66,6913.22,1,0.06301369863013699
^SPX,2026-02-24 16:15:00,SPX,2026-03-20,2900.0,C,0.0,0.0,0.0,0.0,0,1,3980.0,1,3999.2,6852.66,6913.22,31,0.06301369863013699
^SPX,2026-02-24 16:15:00,SPX,2026-03-20,3000.0,C,0.0,0.0,0.0,0.0,0,7,3884.0,7,3897.4,6852.66,6913.22,4283,0.06301369863013699
^SPX,2026-02-24 16:15:00,SPX,2026-03-20,3100.0,C,0.0,0.0,0.0,0.0,0,2,3782.8,1,3799.8,6852.66,6913.22,2,0.06301369863013699
^SPX,2026-02-24 16:15:00,SPX,2026-03-20,3200.0,C,0.0,0.0,0.0,0.0,0,1,3680.9,1,3700.1,6852.66,6913.22,6,0.06301369863013699
^SPX,2026-02-24 16:15:00,SPX,2026-03-20,3300.0,C,0.0,0.0,0.0,0.0,0,2,3582.9,1,3600.4,6852.66,6913.22,5,0.06301369863013699
^SPX,2026-02-24 16:15:00,SPX,2026-03-20,3400.0,C,0.0,0.0,0.0,0.0,0,1,3481.5,1,3500.7,6852.66,6913.22,362,0.06301369863013699
^SPX,2026-02-24 16:15:00,SPX,2026-03-20,3500.0,C,0.0,0.0,0.0,0.0,0,10,3385.0,10,3399.3,6852.66,6913.22,1705,0.06301369863013699
^SPX,2026-02-24 16:15:00,SPX,2026-03-20,3550.0,C,0.0,0.0,0.0,0.0,0,10,3335.2,10,3349.5,6852.66,6913.22,850,0.06301369863013699
^SPX,2026-02-24 16:15:00,SPX,2026-03-20,3600.0,C,0.0,0.0,0.0,0.0,0,1,3282.1,1,3301.8,6852.66,6913.22,0,0.06301369863013699
^SPX,2026-02-24 16:15:00,SPX,2026-03-20,3650.0,C,0.0,0.0,0.0,0.0,0,2,3233.2,1,3251.5,6852.66,6913.22,0,0.06301369863013699
^SPX,2026-02-24 16:15:00,SPX,2026-03-20,3700.0,C,0.0,0.0,0.0,0.0,0,1,3183.0,1,3202.1,6852.66,6913.22,1,0.06301369863013699
^SPX,2026-02-24 16:15:00,SPX,2026-03-20,3750.0,C,0.0,0.0,0.0,0.0,0,2,3133.3,1,3153.6,6852.66,6913.22,0,0.06301369863013699
^SPX,2026-02-24 16:15:00,SPX,2026-03-20,3800.0,C,0.0,0.0,0.0,0.0,0,2,3083.4,1,3101.9,6852.66,6913.22,202,0.06301369863013699
^SPX,2026-02-24 16:15:00,SPX,2026-03-20,3850.0,C,0.0,0.0,0.0,0.0,0,1,3032.9,1,3052.1,6852.66,6913.22,53,0.06301369863013699
^SPX,2026-02-24 16:15:00,SPX,2026-03-20,3900.0,C,0.0,0.0,0.0,0.0,0,1,2983.0,1,3002.3,6852.66,6913.22,1,0.06301369863013699
^SPX,2026-02-24 16:15:00,SPX,2026-03-20,3950.0,C,0.0,0.0,0.0,0.0,0,10,2936.5,10,2950.7,6852.66,6913.22,1701,0.06301369863013699
^SPX,2026-02-24 16:15:00,SPX,2026-03-20,4000.0,C,2899.25,2899.25,2899.25,2899.25,9,7,2888.1,7,2899.5,6852.66,6913.22,12236,0.06301369863013699
^SPX,2026-02-24 16:15:00,SPX,2026-03-20,4050.0,C,0.0,0.0,0.0,0.0,0,10,2836.8,10,2851.1,6852.66,6913.22,1700,0.06301369863013699
^SPX,2026-02-24 16:15:00,SPX,2026-03-20,4100.0,C,0.0,0.0,0.0,0.0,0,2,2785.4,1,2804.3,6852.66,6913.22,2,0.06301369863013699
^SPX,2026-02-24 16:15:00,SPX,2026-03-20,4125.0,C,0.0,0.0,0.0,0.0,0,3,2759.4,1,2778.5,6852.66,6913.22,3,0.06301369863013699
^SPX,2026-02-24 16:15:00,SPX,2026-03-20,4150.0,C,0.0,0.0,0.0,0.0,0,2,2734.7,1,2753.0,6852.66,6913.22,0,0.06301369863013699
^SPX,2026-02-24 16:15:00,SPX,2026-03-20,4175.0,C,0.0,0.0,0.0,0.0,0,2,2709.7,1,2728.2,6852.66,6913.22,0,0.06301369863013699
^SPX,2026-02-24 16:15:00,SPX,2026-03-20,4200.0,C,0.0,0.0,0.0,0.0,0,1,2684.6,1,2703.7,6852.66,6913.22,5,0.06301369863013699
^SPX,2026-02-24 16:15:00,SPX,2026-03-20,4225.0,C,0.0,0.0,0.0,0.0,0,1,2659.6,1,2678.3,6852.66,6913.22,0,0.06301369863013699
^SPX,2026-02-24 16:15:00,SPX,2026-03-20,4250.0,C,0.0,0.0,0.0,0.0,0,2,2634.9,1,2653.4,6852.66,6913.22,3,0.06301369863013699
^SPX,2026-02-24 16:15:00,SPX,2026-03-20,4275.0,C,0.0,0.0,0.0,0.0,0,2,2610.8,1,2628.5,6852.66,6913.22,1,0.06301369863013699
^SPX,2026-02-24 16:15:00,SPX,2026-03-20,4300.0,C,0.0,0.0,0.0,0.0,0,1,2585.0,1,2604.1,6852.66,6913.22,44,0.06301369863013699
^SPX,2026-02-24 16:15:00,SPX,2026-03-20,4325.0,C,0.0,0.0,0.0,0.0,0,1,2560.0,1,2579.2,6852.66,6913.22,0,0.06301369863013699
^SPX,2026-02-24 16:15:00,SPX,2026-03-20,4350.0,C,0.0,0.0,0.0,0.0,0,1,2535.1,1,2555.6,6852.66,6913.22,0,0.06301369863013699
^SPX,2026-02-24 16:15:00,SPX,2026-03-20,4375.0,C,0.0,0.0,0.0,0.0,0,1,2509.7,1,2528.9,6852.66,6913.22,0,0.06301369863013699
^SPX,2026-02-24 16:15:00,SPX,2026-03-20,4400.0,C,0.0,0.0,0.0,0.0,0,1,2485.2,1,2503.9,6852.66,6913.22,170,0.06301369863013699
^SPX,2026-02-24 16:15:00,SPX,2026-03-20,4425.0,C,0.0,0.0,0.0,0.0,0,1,2460.4,1,2479.1,6852.66,6913.22,0,0.06301369863013699
^SPX,2026-02-24 16:15:00,SPX,2026-03-20,4450.0,C,0.0,0.0,0.0,0.0,0,1,2435.5,1,2454.6,6852.66,6913.22,29,0.06301369863013699
^SPX,2026-02-24 16:15:00,SPX,2026-03-20,4475.0,C,0.0,0.0,0.0,0.0,0,1,2410.6,1,2429.7,6852.66,6913.22,0,0.06301369863013699
^SPX,2026-02-24 16:15:00,SPX,2026-03-20,4500.0,C,0.0,0.0,0.0,0.0,0,3,2385.1,1,2405.7,6852.66,6913.22,144,0.06301369863013699
^SPX,2026-02-24 16:15:00,SPX,2026-03-20,4525.0,C,0.0,0.0,0.0,0.0,0,2,2361.2,1,2379.4,6852.66,6913.22,0,0.06301369863013699
^SPX,2026-02-24 16:15:00,SPX,2026-03-20,4550.0,C,0.0,0.0,0.0,0.0,0,2,2336.0,1,2354.5,6852.66,6913.22,5,0.06301369863013699
^SPX,2026-02-24 16:15:00,SPX,2026-03-20,4575.0,C,0.0,0.0,0.0,0.0,0,1,2310.5,1,2329.6,6852.66,6913.22,1,0.06301369863013699
^SPX,2026-02-24 16:15:00,SPX,2026-03-20,4600.0,C,0.0,0.0,0.0,0.0,0,1,2285.6,1,2304.7,6852.66,6913.22,294,0.06301369863013699
^SPX,2026-02-24 16:15:00,SPX,2026-03-20,4625.0,C,0.0,0.0,0.0,0.0,0,2,2261.3,1,2279.8,6852.66,6913.22,0,0.06301369863013699
^SPX,2026-02-24 16:15:00,SPX,2026-03-20,4650.0,C,0.0,0.0,0.0,0.0,0,2,2237.9,1,2254.9,6852.66,6913.22,1,0.06301369863013699
^SPX,2026-02-24 16:15:00,SPX,2026-03-20,4675.0,C,0.0,0.0,0.0,0.0,0,3,2210.9,1,2230.0,6852.66,6913.22,5,0.06301369863013699
^SPX,2026-02-24 16:15:00,SPX,2026-03-20,4700.0,C,0.0,0.0,0.0,0.0,0,1,2185.9,1,2205.1,6852.66,6913.22,385,0.06301369863013699
^SPX,2026-02-24 16:15:00,SPX,2026-03-20,4725.0,C,0.0,0.0,0.0,0.0,0,1,2161.6,1,2180.7,6852.66,6913.22,0,0.06301369863013699
^SPX,2026-02-24 16:15:00,SPX,2026-03-20,4750.0,C,0.0,0.0,0.0,0.0,0,1,2136.1,1,2155.8,6852.66,6913.22,6,0.06301369863013699
^SPX,2026-02-24 16:15:00,SPX,2026-03-20,4775.0,C,0.0,0.0,0.0,0.0,0,1,2111.8,1,2130.9,6852.66,6913.22,8,0.06301369863013699
^SPX,2026-02-24 16:15:00,SPX,2026-03-20,4800.0,C,0.0,0.0,0.0,0.0,0,2,2087.3,1,2106.9,6852.66,6913.22,52,0.06301369863013699
^SPX,2026-02-24 16:15:00,SPX,2026-03-20,4825.0,C,0.0,0.0,0.0,0.0,0,1,2061.9,1,2080.6,6852.66,6913.22,0,0.06301369863013699
^SPX,2026-02-24 16:15:00,SPX,2026-03-20,4850.0,C,0.0,0.0,0.0,0.0,0,1,2037.1,1,2056.2,6852.66,6913.22,46,0.06301369863013699
^SPX,2026-02-24 16:15:00,SPX,2026-03-20,4875.0,C,0.0,0.0,0.0,0.0,0,2,2012.5,1,2030.9,6852.66,6913.22,7,0.06301369863013699
^SPX,2026-02-24 16:15:00,SPX,2026-03-20,4900.0,C,0.0,0.0,0.0,0.0,0,2,1987.7,1,2006.0,6852.66,6913.22,121,0.06301369863013699
^SPX,2026-02-24 16:15:00,SPX,2026-03-20,4925.0,C,0.0,0.0,0.0,0.0,0,1,1961.9,1,1981.7,6852.66,6913.22,10,0.06301369863013699
^SPX,2026-02-24 16:15:00,SPX,2026-03-20,4950.0,C,0.0,0.0,0.0,0.0,0,1,1937.6,1,1956.7,6852.66,6913.22,224,0.06301369863013699
^SPX,2026-02-24 16:15:00,SPX,2026-03-20,4975.0,C,0.0,0.0,0.0,0.0,0,1,1912.7,1,1931.8,6852.66,6913.22,216,0.06301369863013699
^SPX,2026-02-24 16:15:00,SPX,2026-03-20,5000.0,C,1896.44,1900.9,1896.44,1900.9,1210,7,1892.8,7,1902.5,6852.66,6913.22,205271,0.06301369863013699
^SPX,2026-02-24 16:15:00,SPX,2026-03-20,5025.0,C,0.0,0.0,0.0,0.0,0,1,1862.4,1,1881.6,6852.66,6913.22,69,0.06301369863013699
^SPX,2026-02-24 16:15:00,SPX,2026-03-20,5050.0,C,0.0,0.0,0.0,0.0,0,1,1838.0,1,1857.2,6852.66,6913.22,510,0.06301369863013699
^SPX,2026-02-24 16:15:00,SPX,2026-03-20,5075.0,C,0.0,0.0,0.0,0.0,0,1,1813.2,1,1832.3,6852.66,6913.22,32,0.06301369863013699
^SPX,2026-02-24 16:15:00,SPX,2026-03-20,5100.0,C,0.0,0.0,0.0,0.0,0,10,1791.1,10,1805.2,6852.66,6913.22,1719,0.06301369863013699
^SPX,2026-02-24 16:15:00,SPX,2026-03-20,5125.0,C,0.0,0.0,0.0,0.0,0,2,1763.7,1,1782.1,6852.66,6913.22,251,0.06301369863013699
^SPX,2026-02-24 16:15:00,SPX,2026-03-20,5150.0,C,0.0,0.0,0.0,0.0,0,5,1744.1,5,1752.3,6852.66,6913.22,165,0.06301369863013699
^SPX,2026-02-24 16:15:00,SPX,2026-03-20,5175.0,C,0.0,0.0,0.0,0.0,0,5,1719.2,5,1727.4,6852.66,6913.22,7,0.06301369863013699
^SPX,2026-02-24 16:15:00,SPX,2026-03-20,5200.0,C,0.0,0.0,0.0,0.0,0,5,1694.4,5,1702.4,6852.66,6913.22,1089,0.06301369863013699
^SPX,2026-02-24 16:15:00,SPX,2026-03-20,5225.0,C,0.0,0.0,0.0,0.0,0,5,1669.5,5,1677.7,6852.66,6913.22,60,0.06301369863013699
^SPX,2026-02-24 16:15:00,SPX,2026-03-20,5250.0,C,0.0,0.0,0.0,0.0,0,5,1644.7,5,1652.7,6852.66,6913.22,1106,0.06301369863013699
^SPX,2026-02-24 16:15:00,SPX,2026-03-20,5275.0,C,0.0,0.0,0.0,0.0,0,5,1620.3,5,1627.8,6852.66,6913.22,40,0.06301369863013699
^SPX,2026-02-24 16:15:00,SPX,2026-03-20,5300.0,C,0.0,0.0,0.0,0.0,0,5,1595.1,5,1603.1,6852.66,6913.22,844,0.06301369863013699
^SPX,2026-02-24 16:15:00,SPX,2026-03-20,5325.0,C,0.0,0.0,0.0,0.0,0,5,1570.2,5,1578.2,6852.66,6913.22,39,0.06301369863013699
^SPX,2026-02-24 16:15:00,SPX,2026-03-20,5350.0,C,0.0,0.0,0.0,0.0,0,5,1545.9,5,1553.2,6852.66,6913.22,573,0.06301369863013699
^SPX,2026-02-24 16:15:00,SPX,2026-03-20,5375.0,C,0.0,0.0,0.0,0.0,0,5,1521.1,5,1528.4,6852.66,6913.22,53,0.06301369863013699
^SPX,2026-02-24 16:15:00,SPX,2026-03-20,5400.0,C,0.0,0.0,0.0,0.0,0,5,1495.8,5,1503.5,6852.66,6913.22,2143,0.06301369863013699
^SPX,2026-02-24 16:15:00,SPX,2026-03-20,5425.0,C,0.0,0.0,0.0,0.0,0,5,1471.4,5,1478.7,6852.66,6913.22,2275,0.06301369863013699
^SPX,2026-02-24 16:15:00,SPX,2026-03-20,5450.0,C,0.0,0.0,0.0,0.0,0,5,1446.2,5,1453.9,6852.66,6913.22,1543,0.06301369863013699
^SPX,2026-02-24 16:15:00,SPX,2026-03-20,5475.0,C,0.0,0.0,0.0,0.0,0,5,1421.4,5,1429.0,6852.66,6913.22,422,0.06301369863013699
^SPX,2026-02-24 16:15:00,SPX,2026-03-20,5490.0,C,0.0,0.0,0.0,0.0,0,5,1406.5,5,1414.1,6852.66,6913.22,0,0.06301369863013699
^SPX,2026-02-24 16:15:00,SPX,2026-03-20,5500.0,C,0.0,0.0,0.0,0.0,0,12,1396.5,12,1404.2,6852.66,6913.22,6203,0.06301369863013699
^SPX,2026-02-24 16:15:00,SPX,2026-03-20,5510.0,C,0.0,0.0,0.0,0.0,0,5,1387.1,5,1394.2,6852.66,6913.22,0,0.06301369863013699
^SPX,2026-02-24 16:15:00,SPX,2026-03-20,5520.0,C,0.0,0.0,0.0,0.0,0,5,1377.2,5,1384.3,6852.66,6913.22,0,0.06301369863013699
^SPX,2026-02-24 16:15:00,SPX,2026-03-20,5525.0,C,0.0,0.0,0.0,0.0,0,5,1372.0,5,1379.9,6852.66,6913.22,869,0.06301369863013699
^SPX,2026-02-24 16:15:00,SPX,2026-03-20,5530.0,C,0.0,0.0,0.0,0.0,0,5,1367.3,5,1374.4,6852.66,6913.22,0,0.06301369863013699
^SPX,2026-02-24 16:15:00,SPX,2026-03-20,5540.0,C,0.0,0.0,0.0,0.0,0,5,1356.8,5,1364.6,6852.66,6913.22,0,0.06301369863013699
^SPX,2026-02-24 16:15:00,SPX,2026-03-20,5550.0,C,0.0,0.0,0.0,0.0,0,5,1347.5,5,1354.5,6852.66,6913.22,2492,0.06301369863013699
^SPX,2026-02-24 16:15:00,SPX,2026-03-20,5560.0,C,0.0,0.0,0.0,0.0,0,5,1337.0,5,1344.6,6852.66,6913.22,0,0.06301369863013699
^SPX,2026-02-24 16:15:00,SPX,2026-03-20,5570.0,C,0.0,0.0,0.0,0.0,0,5,1327.1,5,1334.6,6852.66,6913.22,0,0.06301369863013699
^SPX,2026-02-24 16:15:00,SPX,2026-03-20,5575.0,C,0.0,0.0,0.0,0.0,0,2,1324.5,2,1328.4,6852.66,6913.22,1455,0.06301369863013699
^SPX,2026-02-24 16:15:00,SPX,2026-03-20,5580.0,C,0.0,0.0,0.0,0.0,0,2,1319.5,2,1323.3,6852.66,6913.22,0,0.06301369863013699
^SPX,2026-02-24 16:15:00,SPX,2026-03-20,5590.0,C,0.0,0.0,0.0,0.0,0,2,1309.6,2,1313.5,6852.66,6913.22,0,0.06301369863013699
^SPX,2026-02-24 16:15:00,SPX,2026-03-20,5600.0,C,0.0,0.0,0.0,0.0,0,2,1300.0,2,1303.2,6852.66,6913.22,5546,0.06301369863013699
^SPX,2026-02-24 16:15:00,SPX,2026-03-20,5610.0,C,0.0,0.0,0.0,0.0,0,2,1289.7,2,1293.6,6852.66,6913.22,0,0.06301369863013699
^SPX,2026-02-24 16:15:00,SPX,2026-03-20,5620.0,C,0.0,0.0,0.0,0.0,0,2,1279.8,2,1283.6,6852.66,6913.22,0,0.06301369863013699
^SPX,2026-02-24 16:15:00,SPX,2026-03-20,5625.0,C,0.0,0.0,0.0,0.0,0,2,1274.9,2,1278.7,6852.66,6913.22,1491,0.06301369863013699
^SPX,2026-02-24 16:15:00,SPX,2026-03-20,5630.0,C,0.0,0.0,0.0,0.0,0,2,1269.9,2,1273.7,6852.66,6913.22,2,0.06301369863013699
^SPX,2026-02-24 16:15:00,SPX,2026-03-20,5640.0,C,0.0,0.0,0.0,0.0,0,2,1260.1,2,1263.9,6852.66,6913.22,0,0.06301369863013699
^SPX,2026-02-24 16:15:00,SPX,2026-03-20,5650.0,C,0.0,0.0,0.0,0.0,0,2,1250.4,2,1253.7,6852.66,6913.22,3965,0.06301369863013699
^SPX,2026-02-24 16:15:00,SPX,2026-03-20,5660.0,C,0.0,0.0,0.0,0.0,0,2,1240.2,2,1244.0,6852.66,6913.22,5,0.06301369863013699
^SPX,2026-02-24 16:15:00,SPX,2026-03-20,5670.0,C,0.0,0.0,0.0,0.0,0,2,1230.3,2,1234.2,6852.66,6913.22,1,0.06301369863013699
^SPX,2026-02-24 16:15:00,SPX,2026-03-20,5675.0,C,0.0,0.0,0.0,0.0,0,2,1225.4,2,1229.1,6852.66,6913.22,683,0.06301369863013699
^SPX,2026-02-24 16:15:00,SPX,2026-03-20,5680.0,C,0.0,0.0,0.0,0.0,0,2,1220.4,2,1224.3,6852.66,6913.22,0,0.06301369863013699
^SPX,2026-02-24 16:15:00,SPX,2026-03-20,5690.0,C,0.0,0.0,0.0,0.0,0,2,1210.5,2,1214.2,6852.66,6913.22,0,0.06301369863013699
^SPX,2026-02-24 16:15:00,SPX,2026-03-20,5700.0,C,0.0,0.0,0.0,0.0,0,2,1200.9,2,1204.1,6852.66,6913.22,4571,0.06301369863013699
^SPX,2026-02-24 16:15:00,SPX,2026-03-20,5710.0,C,0.0,0.0,0.0,0.0,0,2,1190.7,2,1194.5,6852.66,6913.22,30,0.06301369863013699
^SPX,2026-02-24 16:15:00,SPX,2026-03-20,5720.0,C,0.0,0.0,0.0,0.0,0,2,1180.9,2,1184.7,6852.66,6913.22,1,0.06301369863013699
^SPX,2026-02-24 16:15:00,SPX,2026-03-20,5725.0,C,0.0,0.0,0.0,0.0,0,2,1175.9,2,1179.6,6852.66,6913.22,634,0.06301369863013699
^SPX,2026-02-24 16:15:00,SPX,2026-03-20,5730.0,C,0.0,0.0,0.0,0.0,0,2,1171.1,2,1174.6,6852.66,6913.22,0,0.06301369863013699
^SPX,2026-02-24 16:15:00,SPX,2026-03-20,5740.0,C,0.0,0.0,0.0,0.0,0,2,1161.1,2,1164.9,6852.66,6913.22,7,0.06301369863013699
^SPX,2026-02-24 16:15:00,SPX,2026-03-20,5750.0,C,0.0,0.0,0.0,0.0,0,2,1151.5,2,1154.6,6852.66,6913.22,3325,0.06301369863013699
^SPX,2026-02-24 16:15:00,SPX,2026-03-20,5760.0,C,0.0,0.0,0.0,0.0,0,2,1141.3,2,1145.1,6852.66,6913.22,31,0.06301369863013699
^SPX,2026-02-24 16:15:00,SPX,2026-03-20,5770.0,C,0.0,0.0,0.0,0.0,0,2,1131.4,2,1135.0,6852.66,6913.22,4,0.06301369863013699
^SPX,2026-02-24 16:15:00,SPX,2026-03-20,5775.0,C,0.0,0.0,0.0,0.0,0,2,1126.5,2,1130.1,6852.66,6913.22,969,0.06301369863013699
^SPX,2026-02-24 16:15:00,SPX,2026-03-20,5780.0,C,0.0,0.0,0.0,0.0,0,2,1121.6,2,1125.2,6852.66,6913.22,0,0.06301369863013699
^SPX,2026-02-24 16:15:00,SPX,2026-03-20,5790.0,C,0.0,0.0,0.0,0.0,0,2,1111.7,2,1115.3,6852.66,6913.22,0,0.06301369863013699
^SPX,2026-02-24 16:15:00,SPX,2026-03-20,5800.0,C,0.0,0.0,0.0,0.0,0,2,1102.1,2,1105.0,6852.66,6913.22,4574,0.06301369863013699
^SPX,2026-02-24 16:15:00,SPX,2026-03-20,5810.0,C,0.0,0.0,0.0,0.0,0,2,1091.9,2,1095.5,6852.66,6913.22,2,0.06301369863013699
^SPX,2026-02-24 16:15:00,SPX,2026-03-20,5820.0,C,0.0,0.0,0.0,0.0,0,2,1082.0,2,1085.6,6852.66,6913.22,0,0.06301369863013699
^SPX,2026-02-24 16:15:00,SPX,2026-03-20,5825.0,C,0.0,0.0,0.0,0.0,0,2,1077.1,2,1080.7,6852.66,6913.22,496,0.06301369863013699
^SPX,2026-02-24 16:15:00,SPX,2026-03-20,5830.0,C,0.0,0.0,0.0,0.0,0,2,1072.2,2,1075.9,6852.66,6913.22,0,0.06301369863013699
^SPX,2026-02-24 16:15:00,SPX,2026-03-20,5840.0,C,0.0,0.0,0.0,0.0,0,2,1062.3,2,1065.9,6852.66,6913.22,3,0.06301369863013699
^SPX,2026-02-24 16:15:00,SPX,2026-03-20,5850.0,C,0.0,0.0,0.0,0.0,0,2,1052.7,2,1055.8,6852.66,6913.22,4714,0.06301369863013699
^SPX,2026-02-24 16:15:00,SPX,2026-03-20,5860.0,C,0.0,0.0,0.0,0.0,0,2,1042.6,2,1046.1,6852.66,6913.22,0,0.06301369863013699
^SPX,2026-02-24 16:15:00,SPX,2026-03-20,5870.0,C,0.0,0.0,0.0,0.0,0,2,1032.7,2,1036.3,6852.66,6913.22,2,0.06301369863013699
^SPX,2026-02-24 16:15:00,SPX,2026-03-20,5875.0,C,0.0,0.0,0.0,0.0,0,2,1027.8,2,1031.4,6852.66,6913.22,1287,0.06301369863013699
^SPX,2026-02-24 16:15:00,SPX,2026-03-20,5880.0,C,0.0,0.0,0.0,0.0,0,2,1022.9,2,1026.6,6852.66,6913.22,0,0.06301369863013699
^SPX,2026-02-24 16:15:00,SPX,2026-03-20,5890.0,C,0.0,0.0,0.0,0.0,0,2,1013.0,2,1016.6,6852.66,6913.22,0,0.06301369863013699
^SPX,2026-02-24 16:15:00,SPX,2026-03-20,5900.0,C,0.0,0.0,0.0,0.0,0,2,1003.5,2,1006.5,6852.66,6913.22,7195,0.06301369863013699
^SPX,2026-02-24 16:15:00,SPX,2026-03-20,5910.0,C,0.0,0.0,0.0,0.0,0,2,993.3,2,996.9,6852.66,6913.22,0,0.06301369863013699
^SPX,2026-02-24 16:15:00,SPX,2026-03-20,5920.0,C,0.0,0.0,0.0,0.0,0,2,983.5,2,987.0,6852.66,6913.22,0,0.06301369863013699
^SPX,2026-02-24 16:15:00,SPX,2026-03-20,5925.0,C,0.0,0.0,0.0,0.0,0,2,978.6,2,982.1,6852.66,6913.22,384,0.06301369863013699
^SPX,2026-02-24 16:15:00,SPX,2026-03-20,5930.0,C,0.0,0.0,0.0,0.0,0,2,973.7,2,977.2,6852.66,6913.22,1,0.06301369863013699
^SPX,2026-02-24 16:15:00,SPX,2026-03-20,5940.0,C,0.0,0.0,0.0,0.0,0,2,963.8,2,967.4,6852.66,6913.22,5,0.06301369863013699
^SPX,2026-02-24 16:15:00,SPX,2026-03-20,5950.0,C,0.0,0.0,0.0,0.0,0,2,954.3,2,957.2,6852.66,6913.22,4478,0.06301369863013699
^SPX,2026-02-24 16:15:00,SPX,2026-03-20,5960.0,C,0.0,0.0,0.0,0.0,0,2,944.3,2,947.8,6852.66,6913.22,2,0.06301369863013699
^SPX,2026-02-24 16:15:00,SPX,2026-03-20,5970.0,C,0.0,0.0,0.0,0.0,0,2,934.4,2,937.9,6852.66,6913.22,0,0.06301369863013699
^SPX,2026-02-24 16:15:00,SPX,2026-03-20,5975.0,C,0.0,0.0,0.0,0.0,0,2,929.4,2,933.0,6852.66,6913.22,1384,0.06301369863013699
^SPX,2026-02-24 16:15:00,SPX,2026-03-20,5980.0,C,0.0,0.0,0.0,0.0,0,2,924.5,2,928.1,6852.66,6913.22,1,0.06301369863013699
^SPX,2026-02-24 16:15:00,SPX,2026-03-20,5990.0,C,0.0,0.0,0.0,0.0,0,2,914.8,2,918.3,6852.66,6913.22,5,0.06301369863013699
^SPX,2026-02-24 16:15:00,SPX,2026-03-20,6000.0,C,869.7,911.3,869.7,908.6,27164,2,905.2,2,908.1,6852.66,6913.22,251230,0.06301369863013699
^SPX,2026-02-24 16:15:00,SPX,2026-03-20,6010.0,C,0.0,0.0,0.0,0.0,0,2,895.1,2,898.8,6852.66,6913.22,0,0.06301369863013699
^SPX,2026-02-24 16:15:00,SPX,2026-03-20,6020.0,C,0.0,0.0,0.0,0.0,0,2,885.4,2,888.9,6852.66,6913.22,0,0.06301369863013699
^SPX,2026-02-24 16:15:00,SPX,2026-03-20,6025.0,C,0.0,0.0,0.0,0.0,0,2,880.4,2,884.0,6852.66,6913.22,1253,0.06301369863013699
^SPX,2026-02-24 16:15:00,SPX,2026-03-20,6030.0,C,0.0,0.0,0.0,0.0,0,2,875.5,2,879.1,6852.66,6913.22,1,0.06301369863013699
^SPX,2026-02-24 16:15:00,SPX,2026-03-20,6040.0,C,0.0,0.0,0.0,0.0,0,2,865.9,2,869.1,6852.66,6913.22,10,0.06301369863013699
^SPX,2026-02-24 16:15:00,SPX,2026-03-20,6050.0,C,0.0,0.0,0.0,0.0,0,2,856.3,2,859.0,6852.66,6913.22,3304,0.06301369863013699
^SPX,2026-02-24 16:15:00,SPX,2026-03-20,6060.0,C,0.0,0.0,0.0,0.0,0,2,846.2,2,849.6,6852.66,6913.22,0,0.06301369863013699
^SPX,2026-02-24 16:15:00,SPX,2026-03-20,6070.0,C,0.0,0.0,0.0,0.0,0,2,836.6,2,839.8,6852.66,6913.22,1,0.06301369863013699
^SPX,2026-02-24 16:15:00,SPX,2026-03-20,6075.0,C,0.0,0.0,0.0,0.0,0,2,831.6,2,834.9,6852.66,6913.22,1124,0.06301369863013699
^SPX,2026-02-24 16:15:00,SPX,2026-03-20,6080.0,C,0.0,0.0,0.0,0.0,0,2,826.7,2,830.0,6852.66,6913.22,1,0.06301369863013699
^SPX,2026-02-24 16:15:00,SPX,2026-03-20,6090.0,C,0.0,0.0,0.0,0.0,0,2,817.1,2,820.3,6852.66,6913.22,0,0.06301369863013699
^SPX,2026-02-24 16:15:00,SPX,2026-03-20,6100.0,C,0.0,0.0,0.0,0.0,0,2,807.7,2,810.2,6852.66,6913.22,5034,0.06301369863013699
^SPX,2026-02-24 16:15:00,SPX,2026-03-20,6110.0,C,0.0,0.0,0.0,0.0,0,2,797.5,2,800.8,6852.66,6913.22,2,0.06301369863013699
^SPX,2026-02-24 16:15:00,SPX,2026-03-20,6120.0,C,0.0,0.0,0.0,0.0,0,2,787.9,2,791.1,6852.66,6913.22,0,0.06301369863013699
^SPX,2026-02-24 16:15:00,SPX,2026-03-20,6125.0,C,0.0,0.0,0.0,0.0,0,2,782.9,2,786.3,6852.66,6913.22,1044,0.06301369863013699
^SPX,2026-02-24 16:15:00,SPX,2026-03-20,6130.0,C,0.0,0.0,0.0,0.0,0,2,778.2,2,781.4,6852.66,6913.22,3,0.06301369863013699
^SPX,2026-02-24 16:15:00,SPX,2026-03-20,6140.0,C,0.0,0.0,0.0,0.0,0,2,768.5,2,771.8,6852.66,6913.22,4,0.06301369863013699
^SPX,2026-02-24 16:15:00,SPX,2026-03-20,6150.0,C,0.0,0.0,0.0,0.0,0,2,759.0,2,761.7,6852.66,6913.22,4254,0.06301369863013699
^SPX,2026-02-24 16:15:00,SPX,2026-03-20,6160.0,C,0.0,0.0,0.0,0.0,0,2,749.1,2,752.4,6852.66,6913.22,0,0.06301369863013699
^SPX,2026-02-24 16:15:00,SPX,2026-03-20,6170.0,C,0.0,0.0,0.0,0.0,0,2,739.5,2,742.7,6852.66,6913.22,0,0.06301369863013699
^SPX,2026-02-24 16:15:00,SPX,2026-03-20,6175.0,C,0.0,0.0,0.0,0.0,0,2,734.5,2,737.9,6852.66,6913.22,1323,0.06301369863013699
^SPX,2026-02-24 16:15:00,SPX,2026-03-20,6180.0,C,0.0,0.0,0.0,0.0,0,2,729.8,2,733.1,6852.66,6913.22,132,0.06301369863013699
^SPX,2026-02-24 16:15:00,SPX,2026-03-20,6185.0,C,0.0,0.0,0.0,0.0,0,2,725.0,2,728.2,6852.66,6913.22,0,0.06301369863013699
^SPX,2026-02-24 16:15:00,SPX,2026-03-20,6190.0,C,0.0,0.0,0.0,0.0,0,2,720.2,2,723.4,6852.66,6913.22,1,0.06301369863013699
^SPX,2026-02-24 16:15:00,SPX,2026-03-20,6195.0,C,0.0,0.0,0.0,0.0,0,2,715.3,2,718.7,6852.66,6913.22,0,0.06301369863013699
^SPX,2026-02-24 16:15:00,SPX,2026-03-20,6200.0,C,0.0,0.0,0.0,0.0,0,2,710.9,2,713.4,6852.66,6913.22,7928,0.06301369863013699
^SPX,2026-02-24 16:15:00,SPX,2026-03-20,6205.0,C,0.0,0.0,0.0,0.0,0,2,705.7,2,709.1,6852.66,6913.22,2,0.06301369863013699
^SPX,2026-02-24 16:15:00,SPX,2026-03-20,6210.0,C,0.0,0.0,0.0,0.0,0,2,700.8,2,704.2,6852.66,6913.22,1,0.06301369863013699
^SPX,2026-02-24 16:15:00,SPX,2026-03-20,6215.0,C,0.0,0.0,0.0,0.0,0,2,696.1,2,699.3,6852.66,6913.22,0,0.06301369863013699
^SPX,2026-02-24 16:15:00,SPX,2026-03-20,6220.0,C,0.0,0.0,0.0,0.0,0,2,691.2,2,694.6,6852.66,6913.22,3,0.06301369863013699
^SPX,2026-02-24 16:15:00,SPX,2026-03-20,6225.0,C,0.0,0.0,0.0,0.0,0,2,686.6,2,689.8,6852.66,6913.22,528,0.06301369863013699
^SPX,2026-02-24 16:15:00,SPX,2026-03-20,6230.0,C,0.0,0.0,0.0,0.0,0,2,681.8,2,685.0,6852.66,6913.22,2,0.06301369863013699
^SPX,2026-02-24 16:15:00,SPX,2026-03-20,6235.0,C,0.0,0.0,0.0,0.0,0,2,677.0,2,680.1,6852.66,6913.22,3,0.06301369863013699
^SPX,2026-02-24 16:15:00,SPX,2026-03-20,6240.0,C,0.0,0.0,0.0,0.0,0,2,672.1,2,675.4,6852.66,6913.22,2,0.06301369863013699
^SPX,2026-02-24 16:15:00,SPX,2026-03-20,6245.0,C,0.0,0.0,0.0,0.0,0,2,667.4,2,670.7,6852.66,6913.22,0,0.06301369863013699
^SPX,2026-02-24 16:15:00,SPX,2026-03-20,6250.0,C,0.0,0.0,0.0,0.0,0,2,662.9,2,665.5,6852.66,6913.22,4706,0.06301369863013699
^SPX,2026-02-24 16:15:00,SPX,2026-03-20,6255.0,C,0.0,0.0,0.0,0.0,0,2,657.9,2,661.0,6852.66,6913.22,0,0.06301369863013699
^SPX,2026-02-24 16:15:00,SPX,2026-03-20,6260.0,C,0.0,0.0,0.0,0.0,0,2,653.0,2,656.3,6852.66,6913.22,4,0.06301369863013699
^SPX,2026-02-24 16:15:00,SPX,2026-03-20,6265.0,C,0.0,0.0,0.0,0.0,0,2,648.4,2,651.6,6852.66,6913.22,1,0.06301369863013699
^SPX,2026-02-24 16:15:00,SPX,2026-03-20,6270.0,C,0.0,0.0,0.0,0.0,0,2,643.6,2,646.7,6852.66,6913.22,57,0.06301369863013699
^SPX,2026-02-24 16:15:00,SPX,2026-03-20,6275.0,C,0.0,0.0,0.0,0.0,0,2,638.9,2,642.0,6852.66,6913.22,358,0.06301369863013699
^SPX,2026-02-24 16:15:00,SPX,2026-03-20,6280.0,C,0.0,0.0,0.0,0.0,0,2,634.1,2,637.2,6852.66,6913.22,23,0.06301369863013699
^SPX,2026-02-24 16:15:00,SPX,2026-03-20,6285.0,C,0.0,0.0,0.0,0.0,0,2,629.4,2,632.4,6852.66,6913.22,0,0.06301369863013699
^SPX,2026-02-24 16:15:00,SPX,2026-03-20,6290.0,C,0.0,0.0,0.0,0.0,0,2,624.6,2,627.8,6852.66,6913.22,24,0.06301369863013699
^SPX,2026-02-24 16:15:00,SPX,2026-03-20,6295.0,C,0.0,0.0,0.0,0.0,0,2,619.8,2,622.9,6852.66,6913.22,0,0.06301369863013699
^SPX,2026-02-24 16:15:00,SPX,2026-03-20,6300.0,C,0.0,0.0,0.0,0.0,0,2,615.4,2,617.9,6852.66,6913.22,10367,0.06301369863013699
^SPX,2026-02-24 16:15:00,SPX,2026-03-20,6305.0,C,0.0,0.0,0.0,0.0,0,2,610.5,2,613.4,6852.66,6913.22,0,0.06301369863013699
^SPX,2026-02-24 16:15:00,SPX,2026-03-20,6310.0,C,0.0,0.0,0.0,0.0,0,2,605.8,2,608.7,6852.66,6913.22,0,0.06301369863013699
^SPX,2026-02-24 16:15:00,SPX,2026-03-20,6315.0,C,0.0,0.0,0.0,0.0,0,2,601.0,2,604.1,6852.66,6913.22,0,0.06301369863013699
^SPX,2026-02-24 16:15:00,SPX,2026-03-20,6320.0,C,0.0,0.0,0.0,0.0,0,2,596.3,2,599.3,6852.66,6913.22,2,0.06301369863013699
^SPX,2026-02-24 16:15:00,SPX,2026-03-20,6325.0,C,0.0,0.0,0.0,0.0,0,2,591.5,2,594.6,6852.66,6913.22,3474,0.06301369863013699
^SPX,2026-02-24 16:15:00,SPX,2026-03-20,6330.0,C,0.0,0.0,0.0,0.0,0,2,586.8,2,589.9,6852.66,6913.22,23,0.06301369863013699
^SPX,2026-02-24 16:15:00,SPX,2026-03-20,6335.0,C,0.0,0.0,0.0,0.0,0,2,582.1,2,585.1,6852.66,6913.22,0,0.06301369863013699
^SPX,2026-02-24 16:15:00,SPX,2026-03-20,6340.0,C,0.0,0.0,0.0,0.0,0,2,577.5,2,580.4,6852.66,6913.22,2,0.06301369863013699
^SPX,2026-02-24 16:15:00,SPX,2026-03-20,6345.0,C,0.0,0.0,0.0,0.0,0,2,572.9,2,575.7,6852.66,6913.22,2,0.06301369863013699
^SPX,2026-02-24 16:15:00,SPX,2026-03-20,6350.0,C,0.0,0.0,0.0,0.0,0,2,568.5,2,570.7,6852.66,6913.22,5931,0.06301369863013699
^SPX,2026-02-24 16:15:00,SPX,2026-03-20,6355.0,C,0.0,0.0,0.0,0.0,0,2,563.5,2,566.3,6852.66,6913.22,82,0.06301369863013699
^SPX,2026-02-24 16:15:00,SPX,2026-03-20,6360.0,C,0.0,0.0,0.0,0.0,0,2,558.8,2,561.8,6852.66,6913.22,6,0.06301369863013699
^SPX,2026-02-24 16:15:00,SPX,2026-03-20,6365.0,C,0.0,0.0,0.0,0.0,0,2,554.2,2,557.1,6852.66,6913.22,0,0.06301369863013699
^SPX,2026-02-24 16:15:00,SPX,2026-03-20,6370.0,C,0.0,0.0,0.0,0.0,0,2,549.5,2,552.3,6852.66,6913.22,47,0.06301369863013699
^SPX,2026-02-24 16:15:00,SPX,2026-03-20,6375.0,C,0.0,0.0,0.0,0.0,0,2,544.9,2,547.7,6852.66,6913.22,2468,0.06301369863013699
^SPX,2026-02-24 16:15:00,SPX,2026-03-20,6380.0,C,0.0,0.0,0.0,0.0,0,2,540.2,2,543.1,6852.66,6913.22,8,0.06301369863013699
^SPX,2026-02-24 16:15:00,SPX,2026-03-20,6385.0,C,0.0,0.0,0.0,0.0,0,2,535.6,2,538.3,6852.66,6913.22,0,0.06301369863013699
^SPX,2026-02-24 16:15:00,SPX,2026-03-20,6390.0,C,0.0,0.0,0.0,0.0,0,2,531.0,2,533.8,6852.66,6913.22,8,0.06301369863013699
^SPX,2026-02-24 16:15:00,SPX,2026-03-20,6395.0,C,0.0,0.0,0.0,0.0,0,2,526.3,2,529.0,6852.66,6913.22,2,0.06301369863013699
^SPX,2026-02-24 16:15:00,SPX,2026-03-20,6400.0,C,0.0,0.0,0.0,0.0,0,2,521.9,2,524.1,6852.66,6913.22,11663,0.06301369863013699
^SPX,2026-02-24 16:15:00,SPX,2026-03-20,6405.0,C,0.0,0.0,0.0,0.0,0,2,517.1,2,519.7,6852.66,6913.22,7,0.06301369863013699
^SPX,2026-02-24 16:15:00,SPX,2026-03-20,6410.0,C,0.0,0.0,0.0,0.0,0,2,512.5,2,515.1,6852.66,6913.22,19,0.06301369863013699
^SPX,2026-02-24 16:15:00,SPX,2026-03-20,6415.0,C,0.0,0.0,0.0,0.0,0,2,507.8,2,510.5,6852.66,6913.22,5,0.06301369863013699
^SPX,2026-02-24 16:15:00,SPX,2026-03-20,6420.0,C,0.0,0.0,0.0,0.0,0,2,503.3,2,506.0,6852.66,6913.22,20,0.06301369863013699
^SPX,2026-02-24 16:15:00,SPX,2026-03-20,6425.0,C,0.0,0.0,0.0,0.0,0,2,498.6,2,501.3,6852.66,6913.22,718,0.06301369863013699
^SPX,2026-02-24 16:15:00,SPX,2026-03-20,6430.0,C,0.0,0.0,0.0,0.0,0,2,494.1,2,496.6,6852.66,6913.22,3,0.06301369863013699
^SPX,2026-02-24 16:15:00,SPX,2026-03-20,6435.0,C,0.0,0.0,0.0,0.0,0,2,489.4,2,492.1,6852.66,6913.22,5,0.06301369863013699
^SPX,2026-02-24 16:15:00,SPX,2026-03-20,6440.0,C,0.0,0.0,0.0,0.0,0,2,485.0,2,487.6,6852.66,6913.22,137,0.06301369863013699
^SPX,2026-02-24 16:15:00,SPX,2026-03-20,6445.0,C,0.0,0.0,0.0,0.0,0,2,480.4,2,483.0,6852.66,6913.22,2,0.06301369863013699
^SPX,2026-02-24 16:15:00,SPX,2026-03-20,6450.0,C,422.21,422.21,422.21,422.21,6,2,476.0,2,478.0,6852.66,6913.22,4248,0.06301369863013699
^SPX,2026-02-24 16:15:00,SPX,2026-03-20,6455.0,C,0.0,0.0,0.0,0.0,0,2,471.2,2,473.7,6852.66,6913.22,7,0.06301369863013699
^SPX,2026-02-24 16:15:00,SPX,2026-03-20,6460.0,C,0.0,0.0,0.0,0.0,0,2,466.6,2,469.3,6852.66,6913.22,72,0.06301369863013699
^SPX,2026-02-24 16:15:00,SPX,2026-03-20,6465.0,C,0.0,0.0,0.0,0.0,0,2,462.2,2,464.6,6852.66,6913.22,2,0.06301369863013699
^SPX,2026-02-24 16:15:00,SPX,2026-03-20,6470.0,C,0.0,0.0,0.0,0.0,0,2,457.7,2,460.1,6852.66,6913.22,142,0.06301369863013699
^SPX,2026-02-24 16:15:00,SPX,2026-03-20,6475.0,C,0.0,0.0,0.0,0.0,0,2,453.0,2,455.5,6852.66,6913.22,2255,0.06301369863013699
^SPX,2026-02-24 16:15:00,SPX,2026-03-20,6480.0,C,0.0,0.0,0.0,0.0,0,2,448.5,2,451.0,6852.66,6913.22,327,0.06301369863013699
^SPX,2026-02-24 16:15:00,SPX,2026-03-20,6485.0,C,0.0,0.0,0.0,0.0,0,2,444.0,2,446.5,6852.66,6913.22,1,0.06301369863013699
^SPX,2026-02-24 16:15:00,SPX,2026-03-20,6490.0,C,0.0,0.0,0.0,0.0,0,2,439.6,2,442.1,6852.66,6913.22,2,0.06301369863013699
^SPX,2026-02-24 16:15:00,SPX,2026-03-20,6495.0,C,0.0,0.0,0.0,0.0,0,2,435.1,2,437.4,6852.66,6913.22,25,0.06301369863013699
^SPX,2026-02-24 16:15:00,SPX,2026-03-20,6500.0,C,431.67,431.67,427.35,427.35,2,2,430.8,2,432.7,6852.66,6913.22,10093,0.06301369863013699
^SPX,2026-02-24 16:15:00,SPX,2026-03-20,6505.0,C,0.0,0.0,0.0,0.0,0,2,426.2,2,428.6,6852.66,6913.22,5,0.06301369863013699
^SPX,2026-02-24 16:15:00,SPX,2026-03-20,6510.0,C,0.0,0.0,0.0,0.0,0,2,421.7,2,424.1,6852.66,6913.22,17,0.06301369863013699
^SPX,2026-02-24 16:15:00,SPX,2026-03-20,6515.0,C,406.35,420.63,406.35,420.63,2,2,417.2,2,419.5,6852.66,6913.22,6,0.06301369863013699
^SPX,2026-02-24 16:15:00,SPX,2026-03-20,6520.0,C,0.0,0.0,0.0,0.0,0,2,412.8,2,415.0,6852.66,6913.22,5,0.06301369863013699
^SPX,2026-02-24 16:15:00,SPX,2026-03-20,6525.0,C,0.0,0.0,0.0,0.0,0,2,408.2,2,410.6,6852.66,6913.22,1502,0.06301369863013699
^SPX,2026-02-24 16:15:00,SPX,2026-03-20,6530.0,C,400.1,400.1,400.1,400.1,3,2,403.9,2,406.1,6852.66,6913.22,21,0.06301369863013699
^SPX,2026-02-24 16:15:00,SPX,2026-03-20,6535.0,C,0.0,0.0,0.0,0.0,0,2,399.3,2,401.7,6852.66,6913.22,13,0.06301369863013699
^SPX,2026-02-24 16:15:00,SPX,2026-03-20,6540.0,C,0.0,0.0,0.0,0.0,0,2,394.9,2,397.3,6852.66,6913.22,21,0.06301369863013699
^SPX,2026-02-24 16:15:00,SPX,2026-03-20,6545.0,C,0.0,0.0,0.0,0.0,0,2,390.6,2,393.0,6852.66,6913.22,3,0.06301369863013699
^SPX,2026-02-24 16:15:00,SPX,2026-03-20,6550.0,C,377.97,386.23,377.97,382.45,98,2,386.3,2,388.2,6852.66,6913.22,1934,0.06301369863013699
^SPX,2026-02-24 16:15:00,SPX,2026-03-20,6555.0,C,0.0,0.0,0.0,0.0,0,2,381.8,2,384.0,6852.66,6913.22,4,0.06301369863013699
^SPX,2026-02-24 16:15:00,SPX,2026-03-20,6560.0,C,0.0,0.0,0.0,0.0,0,2,377.4,2,379.6,6852.66,6913.22,29,0.06301369863013699
^SPX,2026-02-24 16:15:00,SPX,2026-03-20,6565.0,C,0.0,0.0,0.0,0.0,0,2,373.0,2,375.3,6852.66,6913.22,4,0.06301369863013699
^SPX,2026-02-24 16:15:00,SPX,2026-03-20,6570.0,C,368.92,368.92,368.92,368.92,1,2,368.7,2,371.0,6852.66,6913.22,111,0.06301369863013699
^SPX,2026-02-24 16:15:00,SPX,2026-03-20,6575.0,C,0.0,0.0,0.0,0.0,0,2,364.2,2,366.5,6852.66,6913.22,2199,0.06301369863013699
^SPX,2026-02-24 16:15:00,SPX,2026-03-20,6580.0,C,0.0,0.0,0.0,0.0,0,2,360.0,2,362.1,6852.66,6913.22,136,0.06301369863013699
^SPX,2026-02-24 16:15:00,SPX,2026-03-20,6585.0,C,0.0,0.0,0.0,0.0,0,2,355.6,2,357.8,6852.66,6913.22,6,0.06301369863013699
^SPX,2026-02-24 16:15:00,SPX,2026-03-20,6590.0,C,351.09,351.09,351.09,351.09,1,2,351.2,2,353.5,6852.66,6913.22,22,0.06301369863013699
^SPX,2026-02-24 16:15:00,SPX,2026-03-20,6595.0,C,0.0,0.0,0.0,0.0,0,2,347.0,2,349.1,6852.66,6913.22,4,0.06301369863013699
^SPX,2026-02-24 16:15:00,SPX,2026-03-20,6600.0,C,331.2,345.03,331.2,345.03,2,2,342.8,2,344.6,6852.66,6913.22,9737,0.06301369863013699
^SPX,2026-02-24 16:15:00,SPX,2026-03-20,6605.0,C,0.0,0.0,0.0,0.0,0,2,338.4,2,340.5,6852.66,6913.22,7,0.06301369863013699
^SPX,2026-02-24 16:15:00,SPX,2026-03-20,6610.0,C,0.0,0.0,0.0,0.0,0,2,334.1,2,336.2,6852.66,6913.22,27,0.06301369863013699
^SPX,2026-02-24 16:15:00,SPX,2026-03-20,6615.0,C,0.0,0.0,0.0,0.0,0,2,329.9,2,331.9,6852.66,6913.22,8,0.06301369863013699
^SPX,2026-02-24 16:15:00,SPX,2026-03-20,6620.0,C,322.15,322.15,322.15,322.15,1,2,325.6,2,327.8,6852.66,6913.22,14,0.06301369863013699
^SPX,2026-02-24 16:15:00,SPX,2026-03-20,6625.0,C,0.0,0.0,0.0,0.0,0,2,321.3,2,323.4,6852.66,6913.22,624,0.06301369863013699
^SPX,2026-02-24 16:15:00,SPX,2026-03-20,6630.0,C,0.0,0.0,0.0,0.0,0,2,317.1,2,319.1,6852.66,6913.22,57,0.06301369863013699
^SPX,2026-02-24 16:15:00,SPX,2026-03-20,6635.0,C,0.0,0.0,0.0,0.0,0,2,312.9,2,314.9,6852.66,6913.22,5,0.06301369863013699
^SPX,2026-02-24 16:15:00,SPX,2026-03-20,6640.0,C,0.0,0.0,0.0,0.0,0,2,308.7,2,310.8,6852.66,6913.22,22,0.06301369863013699
^SPX,2026-02-24 16:15:00,SPX,2026-03-20,6645.0,C,0.0,0.0,0.0,0.0,0,2,304.5,2,306.5,6852.66,6913.22,5,0.06301369863013699
^SPX,2026-02-24 16:15:00,SPX,2026-03-20,6650.0,C,273.55,273.55,273.55,273.55,1,2,300.4,5,302.1,6852.66,6913.22,4027,0.06301369863013699
^SPX,2026-02-24 16:15:00,SPX,2026-03-20,6655.0,C,295.85,295.85,295.85,295.85,1,2,296.1,2,298.2,6852.66,6913.22,10,0.06301369863013699
^SPX,2026-02-24 16:15:00,SPX,2026-03-20,6660.0,C,0.0,0.0,0.0,0.0,0,2,291.9,2,294.0,6852.66,6913.22,49,0.06301369863013699
^SPX,2026-02-24 16:15:00,SPX,2026-03-20,6665.0,C,0.0,0.0,0.0,0.0,0,2,287.8,2,289.7,6852.66,6913.22,6,0.06301369863013699
^SPX,2026-02-24 16:15:00,SPX,2026-03-20,6670.0,C,0.0,0.0,0.0,0.0,0,2,283.6,2,285.7,6852.66,6913.22,30,0.06301369863013699
^SPX,2026-02-24 16:15:00,SPX,2026-03-20,6675.0,C,0.0,0.0,0.0,0.0,0,21,279.4,24,281.3,6852.66,6913.22,1226,0.06301369863013699
^SPX,2026-02-24 16:15:00,SPX,2026-03-20,6680.0,C,0.0,0.0,0.0,0.0,0,18,275.3,20,277.1,6852.66,6913.22,51,0.06301369863013699
^SPX,2026-02-24 16:15:00,SPX,2026-03-20,6685.0,C,0.0,0.0,0.0,0.0,0,2,271.3,2,273.2,6852.66,6913.22,4,0.06301369863013699
^SPX,2026-02-24 16:15:00,SPX,2026-03-20,6690.0,C,0.0,0.0,0.0,0.0,0,22,267.1,22,268.9,6852.66,6913.22,30,0.06301369863013699
^SPX,2026-02-24 16:15:00,SPX,2026-03-20,6695.0,C,0.0,0.0,0.0,0.0,0,2,263.1,2,265.0,6852.66,6913.22,28,0.06301369863013699
^SPX,2026-02-24 16:15:00,SPX,2026-03-20,6700.0,C,218.76,263.87,218.76,258.9,69,2,259.3,14,260.7,6852.66,6913.22,22304,0.06301369863013699
^SPX,2026-02-24 16:15:00,SPX,2026-03-20,6705.0,C,255.01,255.01,255.01,255.01,1,2,254.9,2,256.9,6852.66,6913.22,4,0.06301369863013699
^SPX,2026-02-24 16:15:00,SPX,2026-03-20,6710.0,C,0.0,0.0,0.0,0.0,0,23,250.9,12,252.6,6852.66,6913.22,242,0.06301369863013699
^SPX,2026-02-24 16:15:00,SPX,2026-03-20,6715.0,C,0.0,0.0,0.0,0.0,0,2,247.0,2,248.8,6852.66,6913.22,10,0.06301369863013699
^SPX,2026-02-24 16:15:00,SPX,2026-03-20,6720.0,C,0.0,0.0,0.0,0.0,0,14,243.0,12,244.6,6852.66,6913.22,109,0.06301369863013699
^SPX,2026-02-24 16:15:00,SPX,2026-03-20,6725.0,C,227.78,227.78,227.78,227.78,3,28,238.9,15,240.6,6852.66,6913.22,1401,0.06301369863013699
^SPX,2026-02-24 16:15:00,SPX,2026-03-20,6730.0,C,0.0,0.0,0.0,0.0,0,25,234.9,24,236.7,6852.66,6913.22,98,0.06301369863013699
^SPX,2026-02-24 16:15:00,SPX,2026-03-20,6735.0,C,0.0,0.0,0.0,0.0,0,2,231.1,2,232.8,6852.66,6913.22,46,0.06301369863013699
^SPX,2026-02-24 16:15:00,SPX,2026-03-20,6740.0,C,0.0,0.0,0.0,0.0,0,25,227.0,24,228.8,6852.66,6913.22,560,0.06301369863013699
^SPX,2026-02-24 16:15:00,SPX,2026-03-20,6745.0,C,0.0,0.0,0.0,0.0,0,2,223.2,2,225.1,6852.66,6913.22,52,0.06301369863013699
^SPX,2026-02-24 16:15:00,SPX,2026-03-20,6750.0,C,194.6,226.6,194.6,226.6,45,2,219.5,16,220.8,6852.66,6913.22,12901,0.06301369863013699
^SPX,2026-02-24 16:15:00,SPX,2026-03-20,6755.0,C,0.0,0.0,0.0,0.0,0,2,215.4,2,217.1,6852.66,6913.22,54,0.06301369863013699
^SPX,2026-02-24 16:15:00,SPX,2026-03-20,6760.0,C,213.27,213.27,213.27,213.27,4,25,211.5,14,213.1,6852.66,6913.22,186,0.06301369863013699
^SPX,2026-02-24 16:15:00,SPX,2026-03-20,6765.0,C,0.0,0.0,0.0,0.0,0,2,207.7,2,209.4,6852.66,6913.22,17,0.06301369863013699
^SPX,2026-02-24 16:15:00,SPX,2026-03-20,6770.0,C,0.0,0.0,0.0,0.0,0,25,203.8,15,205.4,6852.66,6913.22,338,0.06301369863013699
^SPX,2026-02-24 16:15:00,SPX,2026-03-20,6775.0,C,170.59,201.77,170.59,201.77,18,29,200.0,16,201.5,6852.66,6913.22,2250,0.06301369863013699
^SPX,2026-02-24 16:15:00,SPX,2026-03-20,6780.0,C,0.0,0.0,0.0,0.0,0,29,196.2,29,197.9,6852.66,6913.22,1693,0.06301369863013699
^SPX,2026-02-24 16:15:00,SPX,2026-03-20,6785.0,C,0.0,0.0,0.0,0.0,0,5,192.4,6,194.3,6852.66,6913.22,1869,0.06301369863013699
^SPX,2026-02-24 16:15:00,SPX,2026-03-20,6790.0,C,159.77,190.47,159.77,190.47,14,12,189.0,12,189.9,6852.66,6913.22,2545,0.06301369863013699
^SPX,2026-02-24 16:15:00,SPX,2026-03-20,6795.0,C,0.0,0.0,0.0,0.0,0,12,185.1,12,186.1,6852.66,6913.22,1174,0.06301369863013699
^SPX,2026-02-24 16:15:00,SPX,2026-03-20,6800.0,C,150.0,188.0,150.0,188.0,16,19,181.4,12,182.4,6852.66,6913.22,49042,0.06301369863013699
^SPX,2026-02-24 16:15:00,SPX,2026-03-20,6805.0,C,0.0,0.0,0.0,0.0,0,13,177.7,13,178.7,6852.66,6913.22,4483,0.06301369863013699
^SPX,2026-02-24 16:15:00,SPX,2026-03-20,6810.0,C,0.0,0.0,0.0,0.0,0,21,174.0,13,175.0,6852.66,6913.22,2561,0.06301369863013699
^SPX,2026-02-24 16:15:00,SPX,2026-03-20,6815.0,C,139.81,162.84,139.81,162.84,2,14,170.4,14,171.4,6852.66,6913.22,2128,0.06301369863013699
^SPX,2026-02-24 16:15:00,SPX,2026-03-20,6820.0,C,145.5,164.9,145.5,164.9,20,22,166.7,14,167.7,6852.66,6913.22,2737,0.06301369863013699
^SPX,2026-02-24 16:15:00,SPX,2026-03-20,6825.0,C,133.0,165.92,133.0,165.92,29,18,163.2,25,164.3,6852.66,6913.22,6684,0.06301369863013699
^SPX,2026-02-24 16:15:00,SPX,2026-03-20,6830.0,C,136.1,155.6,136.1,155.6,213,24,159.6,25,160.7,6852.66,6913.22,5959,0.06301369863013699
^SPX,2026-02-24 16:15:00,SPX,2026-03-20,6835.0,C,127.5,155.0,126.0,155.0,93,14,156.0,14,157.1,6852.66,6913.22,3844,0.06301369863013699
^SPX,2026-02-24 16:15:00,SPX,2026-03-20,6840.0,C,123.0,145.0,123.0,145.0,128,24,152.5,25,153.6,6852.66,6913.22,5106,0.06301369863013699
^SPX,2026-02-24 16:15:00,SPX,2026-03-20,6845.0,C,123.7,150.3,120.5,150.3,128,14,148.9,12,150.1,6852.66,6913.22,5171,0.06301369863013699
^SPX,2026-02-24 16:15:00,SPX,2026-03-20,6850.0,C,123.0,147.88,122.0,144.85,1013,50,145.4,20,146.4,6852.66,6913.22,45193,0.06301369863013699
^SPX,2026-02-24 16:15:00,SPX,2026-03-20,6855.0,C,123.3,140.5,123.3,140.5,9,15,142.0,16,143.1,6852.66,6913.22,7229,0.06301369863013699
^SPX,2026-02-24 16:15:00,SPX,2026-03-20,6860.0,C,115.48,142.0,115.48,137.0,766,52,138.5,20,139.5,6852.66,6913.22,5870,0.06301369863013699
^SPX,2026-02-24 16:15:00,SPX,2026-03-20,6865.0,C,113.29,139.0,113.29,133.6,372,20,135.1,16,136.3,6852.66,6913.22,6479,0.06301369863013699
^SPX,2026-02-24 16:15:00,SPX,2026-03-20,6870.0,C,122.0,133.06,116.5,130.6,85,48,131.7,32,132.9,6852.66,6913.22,6021,0.06301369863013699
^SPX,2026-02-24 16:15:00,SPX,2026-03-20,6875.0,C,104.3,130.5,104.3,124.7,1126,18,128.5,17,129.3,6852.66,6913.22,9428,0.06301369863013699
^SPX,2026-02-24 16:15:00,SPX,2026-03-20,6880.0,C,113.9,126.31,105.5,121.5,320,18,125.2,17,126.0,6852.66,6913.22,9317,0.06301369863013699
^SPX,2026-02-24 16:15:00,SPX,2026-03-20,6885.0,C,104.7,122.8,104.7,120.6,1314,8,122.0,25,122.7,6852.66,6913.22,7491,0.06301369863013699
^SPX,2026-02-24 16:15:00,SPX,2026-03-20,6890.0,C,103.4,122.3,100.6,119.27,2072,11,118.7,37,119.5,6852.66,6913.22,9570,0.06301369863013699
^SPX,2026-02-24 16:15:00,SPX,2026-03-20,6895.0,C,98.8,120.1,98.8,115.99,1448,11,115.5,23,116.2,6852.66,6913.22,5085,0.06301369863013699
^SPX,2026-02-24 16:15:00,SPX,2026-03-20,6900.0,C,98.5,115.3,96.2,112.0,4773,11,112.3,23,113.0,6852.66,6913.22,80707,0.06301369863013699
^SPX,2026-02-24 16:15:00,SPX,2026-03-20,6905.0,C,103.8,112.7,103.8,110.5,1981,6,109.1,28,109.8,6852.66,6913.22,6501,0.06301369863013699
^SPX,2026-02-24 16:15:00,SPX,2026-03-20,6910.0,C,83.31,108.5,83.31,107.1,576,28,105.9,39,106.7,6852.66,6913.22,12538,0.06301369863013699
^SPX,2026-02-24 16:15:00,SPX,2026-03-20,6915.0,C,89.74,106.2,89.74,103.3,24,31,102.8,29,103.6,6852.66,6913.22,5999,0.06301369863013699
^SPX,2026-02-24 16:15:00,SPX,2026-03-20,6920.0,C,88.4,102.95,88.4,101.6,12,31,99.7,38,100.5,6852.66,6913.22,7965,0.06301369863013699
^SPX,2026-02-24 16:15:00,SPX,2026-03-20,6925.0,C,91.4,98.57,80.6,98.33,384,34,96.7,51,97.5,6852.66,6913.22,9565,0.06301369863013699
^SPX,2026-02-24 16:15:00,SPX,2026-03-20,6930.0,C,84.9,95.6,79.6,95.6,30,31,93.7,51,94.5,6852.66,6913.22,8246,0.06301369863013699
^SPX,2026-02-24 16:15:00,SPX,2026-03-20,6935.0,C,91.5,92.2,87.5,92.2,11,31,90.7,31,91.6,6852.66,6913.22,7573,0.06301369863013699
^SPX,2026-02-24 16:15:00,SPX,2026-03-20,6940.0,C,78.4,89.6,78.4,89.6,224,31,87.8,42,88.6,6852.66,6913.22,7912,0.06301369863013699
^SPX,2026-02-24 16:15:00,SPX,2026-03-20,6945.0,C,80.8,86.75,80.0,81.9,75,24,85.0,36,85.8,6852.66,6913.22,6441,0.06301369863013699
^SPX,2026-02-24 16:15:00,SPX,2026-03-20,6950.0,C,77.0,84.87,68.55,83.3,926,32,82.1,52,82.9,6852.66,6913.22,49335,0.06301369863013699
^SPX,2026-02-24 16:15:00,SPX,2026-03-20,6955.0,C,74.6,81.8,73.6,81.0,97,32,79.3,32,80.1,6852.66,6913.22,9832,0.06301369863013699
^SPX,2026-02-24 16:15:00,SPX,2026-03-20,6960.0,C,66.03,78.29,66.03,77.3,128,34,76.6,60,77.4,6852.66,6913.22,11701,0.06301369863013699
^SPX,2026-02-24 16:15:00,SPX,2026-03-20,6965.0,C,70.1,77.3,70.1,77.3,70,34,73.9,33,74.7,6852.66,6913.22,8084,0.06301369863013699
^SPX,2026-02-24 16:15:00,SPX,2026-03-20,6970.0,C,58.55,73.4,58.55,68.6,152,32,71.2,43,71.9,6852.66,6913.22,8155,0.06301369863013699
^SPX,2026-02-24 16:15:00,SPX,2026-03-20,6975.0,C,54.22,70.34,52.73,67.19,330,32,68.6,40,69.3,6852.66,6913.22,11159,0.06301369863013699
^SPX,2026-02-24 16:15:00,SPX,2026-03-20,6980.0,C,64.02,65.4,63.3,63.8,9,32,66.0,34,66.7,6852.66,6913.22,7339,0.06301369863013699
^SPX,2026-02-24 16:15:00,SPX,2026-03-20,6985.0,C,59.67,64.8,59.67,60.8,32,33,63.5,23,64.3,6852.66,6913.22,10169,0.06301369863013699
^SPX,2026-02-24 16:15:00,SPX,2026-03-20,6990.0,C,56.3,62.07,56.3,58.5,17,23,61.1,42,61.7,6852.66,6913.22,9656,0.06301369863013699
^SPX,2026-02-24 16:15:00,SPX,2026-03-20,6995.0,C,57.1,59.0,56.1,56.1,17,34,58.6,24,59.4,6852.66,6913.22,7365,0.06301369863013699
^SPX,2026-02-24 16:15:00,SPX,2026-03-20,7000.0,C,45.82,58.9,42.5,56.59,28500,37,56.3,58,57.0,6852.66,6913.22,216354,0.06301369863013699
^SPX,2026-02-24 16:15:00,SPX,2026-03-20,7005.0,C,50.0,53.74,50.0,53.74,16,35,54.0,25,54.7,6852.66,6913.22,7330,0.06301369863013699
^SPX,2026-02-24 16:15:00,SPX,2026-03-20,7010.0,C,47.55,52.54,47.55,49.87,95,39,51.7,46,52.4,6852.66,6913.22,8870,0.06301369863013699
^SPX,2026-02-24 16:15:00,SPX,2026-03-20,7015.0,C,47.21,50.6,46.69,48.5,12,39,49.5,39,50.1,6852.66,6913.22,7161,0.06301369863013699
^SPX,2026-02-24 16:15:00,SPX,2026-03-20,7020.0,C,45.35,47.92,43.88,47.92,10,45,47.3,68,48.0,6852.66,6913.22,3187,0.06301369863013699
^SPX,2026-02-24 16:15:00,SPX,2026-03-20,7025.0,C,34.09,46.3,33.32,45.82,714,48,45.2,84,45.9,6852.66,6913.22,5087,0.06301369863013699
^SPX,2026-02-24 16:15:00,SPX,2026-03-20,7030.0,C,41.35,43.87,40.6,43.7,11,27,43.2,69,43.8,6852.66,6913.22,829,0.06301369863013699
^SPX,2026-02-24 16:15:00,SPX,2026-03-20,7035.0,C,41.85,41.85,41.3,41.3,2,38,41.2,41,41.8,6852.66,6913.22,564,0.06301369863013699
^SPX,2026-02-24 16:15:00,SPX,2026-03-20,7040.0,C,33.99,39.92,33.99,39.6,36,47,39.3,75,39.9,6852.66,6913.22,1571,0.06301369863013699
^SPX,2026-02-24 16:15:00,SPX,2026-03-20,7045.0,C,27.77,39.47,27.77,37.7,45,50,37.4,17,38.0,6852.66,6913.22,209,0.06301369863013699
^SPX,2026-02-24 16:15:00,SPX,2026-03-20,7050.0,C,28.1,36.55,26.5,36.5,210,52,35.6,77,36.2,6852.66,6913.22,19947,0.06301369863013699
^SPX,2026-02-24 16:15:00,SPX,2026-03-20,7055.0,C,31.71,34.0,31.04,33.65,40,49,33.8,49,34.5,6852.66,6913.22,448,0.06301369863013699
^SPX,2026-02-24 16:15:00,SPX,2026-03-20,7060.0,C,27.9,33.19,27.9,32.3,19,33,32.1,61,32.7,6852.66,6913.22,494,0.06301369863013699
^SPX,2026-02-24 16:15:00,SPX,2026-03-20,7065.0,C,30.5,31.6,29.3,31.3,7,33,30.5,18,31.1,6852.66,6913.22,249,0.06301369863013699
^SPX,2026-02-24 16:15:00,SPX,2026-03-20,7070.0,C,26.54,29.58,26.54,29.2,18,33,28.9,77,29.5,6852.66,6913.22,667,0.06301369863013699
^SPX,2026-02-24 16:15:00,SPX,2026-03-20,7075.0,C,21.46,28.7,21.46,27.35,315,54,27.4,84,27.9,6852.66,6913.22,7111,0.06301369863013699
^SPX,2026-02-24 16:15:00,SPX,2026-03-20,7080.0,C,23.91,27.2,23.91,25.86,51,53,25.9,155,26.5,6852.66,6913.22,802,0.06301369863013699
^SPX,2026-02-24 16:15:00,SPX,2026-03-20,7085.0,C,22.92,24.22,22.92,23.5,8,35,24.5,86,25.1,6852.66,6913.22,543,0.06301369863013699
^SPX,2026-02-24 16:15:00,SPX,2026-03-20,7090.0,C,23.9,23.9,22.37,22.39,285,50,23.1,154,23.7,6852.66,6913.22,468,0.06301369863013699
^SPX,2026-02-24 16:15:00,SPX,2026-03-20,7095.0,C,16.17,22.3,16.17,21.8,23,69,21.8,136,22.4,6852.66,6913.22,466,0.06301369863013699
^SPX,2026-02-24 16:15:00,SPX,2026-03-20,7100.0,C,15.25,21.47,15.25,21.2,4029,51,20.6,49,21.0,6852.66,6913.22,21284,0.06301369863013699
^SPX,2026-02-24 16:15:00,SPX,2026-03-20,7105.0,C,15.24,20.2,15.24,19.6,41,36,19.4,75,19.9,6852.66,6913.22,673,0.06301369863013699
^SPX,2026-02-24 16:15:00,SPX,2026-03-20,7110.0,C,13.9,18.8,13.9,18.8,974,51,18.2,104,18.7,6852.66,6913.22,3804,0.06301369863013699
^SPX,2026-02-24 16:15:00,SPX,2026-03-20,7115.0,C,17.01,17.72,17.01,17.4,12,100,17.1,200,17.7,6852.66,6913.22,1237,0.06301369863013699
^SPX,2026-02-24 16:15:00,SPX,2026-03-20,7120.0,C,12.12,16.3,12.12,16.2,107,58,16.1,223,16.6,6852.66,6913.22,944,0.06301369863013699
^SPX,2026-02-24 16:15:00,SPX,2026-03-20,7125.0,C,11.54,15.75,11.0,15.24,694,75,15.1,255,15.6,6852.66,6913.22,3268,0.06301369863013699
^SPX,2026-02-24 16:15:00,SPX,2026-03-20,7130.0,C,13.1,15.34,11.8,14.7,432,45,14.2,123,14.6,6852.66,6913.22,4443,0.06301369863013699
^SPX,2026-02-24 16:15:00,SPX,2026-03-20,7135.0,C,10.15,13.5,10.15,13.37,28,71,13.3,27,13.7,6852.66,6913.22,3438,0.06301369863013699
^SPX,2026-02-24 16:15:00,SPX,2026-03-20,7140.0,C,12.25,12.25,12.09,12.09,23,70,12.5,75,12.8,6852.66,6913.22,706,0.06301369863013699
^SPX,2026-02-24 16:15:00,SPX,2026-03-20,7145.0,C,10.28,12.2,10.28,12.2,48,74,11.7,346,12.1,6852.66,6913.22,506,0.06301369863013699
^SPX,2026-02-24 16:15:00,SPX,2026-03-20,7150.0,C,8.4,11.5,8.2,11.07,378,113,10.9,250,11.3,6852.66,6913.22,15027,0.06301369863013699
^SPX,2026-02-24 16:15:00,SPX,2026-03-20,7155.0,C,11.1,11.1,9.8,10.3,22,81,10.2,260,10.6,6852.66,6913.22,3316,0.06301369863013699
^SPX,2026-02-24 16:15:00,SPX,2026-03-20,7160.0,C,8.1,10.05,8.1,9.65,78,106,9.5,112,9.8,6852.66,6913.22,422,0.06301369863013699
^SPX,2026-02-24 16:15:00,SPX,2026-03-20,7165.0,C,7.0,9.0,7.0,9.0,27,80,8.9,83,9.2,6852.66,6913.22,1191,0.06301369863013699
^SPX,2026-02-24 16:15:00,SPX,2026-03-20,7170.0,C,7.55,8.55,7.55,8.36,25,88,8.3,130,8.6,6852.66,6913.22,566,0.06301369863013699
^SPX,2026-02-24 16:15:00,SPX,2026-03-20,7175.0,C,6.89,8.0,6.89,7.92,812,104,7.8,231,8.0,6852.66,6913.22,3824,0.06301369863013699
^SPX,2026-02-24 16:15:00,SPX,2026-03-20,7180.0,C,7.1,7.36,7.1,7.36,6,90,7.2,133,7.5,6852.66,6913.22,435,0.06301369863013699
^SPX,2026-02-24 16:15:00,SPX,2026-03-20,7185.0,C,5.28,6.8,5.28,6.8,24,64,6.8,60,7.0,6852.66,6913.22,263,0.06301369863013699
^SPX,2026-02-24 16:15:00,SPX,2026-03-20,7190.0,C,6.15,6.15,6.1,6.1,5,87,6.3,100,6.5,6852.66,6913.22,438,0.06301369863013699
^SPX,2026-02-24 16:15:00,SPX,2026-03-20,7195.0,C,4.63,5.75,4.63,5.75,2,88,5.9,60,6.1,6852.66,6913.22,285,0.06301369863013699
^SPX,2026-02-24 16:15:00,SPX,2026-03-20,7200.0,C,4.4,6.03,4.4,5.55,4038,199,5.5,238,5.7,6852.66,6913.22,32106,0.06301369863013699
^SPX,2026-02-24 16:15:00,SPX,2026-03-20,7205.0,C,4.8,5.2,4.8,5.02,89,100,5.1,228,5.4,6852.66,6913.22,358,0.06301369863013699
^SPX,2026-02-24 16:15:00,SPX,2026-03-20,7210.0,C,4.2,5.16,4.2,4.75,599,219,4.8,329,5.0,6852.66,6913.22,1617,0.06301369863013699
^SPX,2026-02-24 16:15:00,SPX,2026-03-20,7215.0,C,0.0,0.0,0.0,0.0,0,141,4.4,90,4.7,6852.66,6913.22,305,0.06301369863013699
^SPX,2026-02-24 16:15:00,SPX,2026-03-20,7220.0,C,3.45,4.55,3.45,4.55,3,510,4.1,388,4.4,6852.66,6913.22,922,0.06301369863013699
^SPX,2026-02-24 16:15:00,SPX,2026-03-20,7225.0,C,3.5,4.09,3.5,3.9,18,247,3.9,303,4.1,6852.66,6913.22,4769,0.06301369863013699
^SPX,2026-02-24 16:15:00,SPX,2026-03-20,7230.0,C,3.32,3.94,3.2,3.7,24,113,3.6,142,3.8,6852.66,6913.22,415,0.06301369863013699
^SPX,2026-02-24 16:15:00,SPX,2026-03-20,7240.0,C,3.17,3.45,3.17,3.45,15,475,3.1,510,3.4,6852.66,6913.22,1759,0.06301369863013699
^SPX,2026-02-24 16:15:00,SPX,2026-03-20,7250.0,C,2.37,3.03,2.37,2.8,297,239,2.8,270,2.95,6852.66,6913.22,14823,0.06301369863013699
^SPX,2026-02-24 16:15:00,SPX,2026-03-20,7260.0,C,2.32,2.6,2.32,2.49,158,245,2.45,269,2.6,6852.66,6913.22,393,0.06301369863013699
^SPX,2026-02-24 16:15:00,SPX,2026-03-20,7270.0,C,2.11,2.32,2.11,2.3,26,136,2.15,170,2.35,6852.66,6913.22,318,0.06301369863013699
^SPX,2026-02-24 16:15:00,SPX,2026-03-20,7275.0,C,1.97,2.22,1.89,2.15,74,267,2.05,346,2.2,6852.66,6913.22,3838,0.06301369863013699
^SPX,2026-02-24 16:15:00,SPX,2026-03-20,7280.0,C,1.8,2.05,1.8,2.05,13,139,1.9,177,2.1,6852.66,6913.22,567,0.06301369863013699
^SPX,2026-02-24 16:15:00,SPX,2026-03-20,7290.0,C,1.58,1.85,1.58,1.85,16,148,1.7,385,1.9,6852.66,6913.22,289,0.06301369863013699
^SPX,2026-02-24 16:15:00,SPX,2026-03-20,7300.0,C,1.4,1.65,1.37,1.54,4211,537,1.5,139,1.65,6852.66,6913.22,20318,0.06301369863013699
^SPX,2026-02-24 16:15:00,SPX,2026-03-20,7310.0,C,1.35,1.35,1.35,1.35,1,152,1.35,378,1.55,6852.66,6913.22,258,0.06301369863013699
^SPX,2026-02-24 16:15:00,SPX,2026-03-20,7320.0,C,1.32,1.32,1.3,1.3,8,148,1.2,306,1.4,6852.66,6913.22,268,0.06301369863013699
^SPX,2026-02-24 16:15:00,SPX,2026-03-20,7325.0,C,1.17,1.26,1.17,1.22,40,292,1.15,789,1.35,6852.66,6913.22,3922,0.06301369863013699
^SPX,2026-02-24 16:15:00,SPX,2026-03-20,7330.0,C,1.2,1.2,1.2,1.2,31,160,1.1,163,1.25,6852.66,6913.22,377,0.06301369863013699
^SPX,2026-02-24 16:15:00,SPX,2026-03-20,7340.0,C,1.0,1.08,0.95,1.05,110,291,1.0,474,1.15,6852.66,6913.22,1091,0.06301369863013699
^SPX,2026-02-24 16:15:00,SPX,2026-03-20,7350.0,C,0.92,1.01,0.92,0.92,498,306,0.9,425,1.05,6852.66,6913.22,11915,0.06301369863013699
^SPX,2026-02-24 16:15:00,SPX,2026-03-20,7360.0,C,0.9,0.9,0.9,0.9,2,584,0.8,497,1.0,6852.66,6913.22,2699,0.06301369863013699
^SPX,2026-02-24 16:15:00,SPX,2026-03-20,7370.0,C,0.85,0.85,0.85,0.85,1,166,0.75,293,0.9,6852.66,6913.22,325,0.06301369863013699
^SPX,2026-02-24 16:15:00,SPX,2026-03-20,7375.0,C,0.79,0.85,0.75,0.75,23,624,0.7,372,0.85,6852.66,6913.22,2154,0.06301369863013699
^SPX,2026-02-24 16:15:00,SPX,2026-03-20,7380.0,C,0.75,0.8,0.75,0.8,3,166,0.7,305,0.85,6852.66,6913.22,348,0.06301369863013699
^SPX,2026-02-24 16:15:00,SPX,2026-03-20,7390.0,C,0.75,0.75,0.75,0.75,5,20,0.65,316,0.8,6852.66,6913.22,246,0.06301369863013699
^SPX,2026-02-24 16:15:00,SPX,2026-03-20,7400.0,C,0.57,0.7,0.57,0.62,2792,907,0.5,634,0.75,6852.66,6913.22,20785,0.06301369863013699
^SPX,2026-02-24 16:15:00,SPX,2026-03-20,7410.0,C,0.0,0.0,0.0,0.0,0,374,0.5,371,0.7,6852.66,6913.22,397,0.06301369863013699
^SPX,2026-02-24 16:15:00,SPX,2026-03-20,7420.0,C,0.51,0.51,0.51,0.51,5,432,0.45,392,0.65,6852.66,6913.22,301,0.06301369863013699
^SPX,2026-02-24 16:15:00,SPX,2026-03-20,7425.0,C,0.0,0.0,0.0,0.0,0,977,0.4,1062,0.65,6852.66,6913.22,1369,0.06301369863013699
^SPX,2026-02-24 16:15:00,SPX,2026-03-20,7430.0,C,0.0,0.0,0.0,0.0,0,485,0.4,842,0.65,6852.66,6913.22,711,0.06301369863013699
^SPX,2026-02-24 16:15:00,SPX,2026-03-20,7440.0,C,0.0,0.0,0.0,0.0,0,578,0.35,687,0.6,6852.66,6913.22,311,0.06301369863013699
^SPX,2026-02-24 16:15:00,SPX,2026-03-20,7450.0,C,0.42,0.45,0.42,0.45,10,852,0.35,772,0.55,6852.66,6913.22,4391,0.06301369863013699
^SPX,2026-02-24 16:15:00,SPX,2026-03-20,7460.0,C,0.4,0.4,0.4,0.4,50,478,0.3,671,0.55,6852.66,6913.22,579,0.06301369863013699
^SPX,2026-02-24 16:15:00,SPX,2026-03-20,7470.0,C,0.4,0.4,0.4,0.4,11,392,0.3,380,0.5,6852.66,6913.22,506,0.06301369863013699
^SPX,2026-02-24 16:15:00,SPX,2026-03-20,7475.0,C,0.36,0.36,0.36,0.36,7,736,0.3,812,0.5,6852.66,6913.22,2405,0.06301369863013699
^SPX,2026-02-24 16:15:00,SPX,2026-03-20,7480.0,C,0.0,0.0,0.0,0.0,0,472,0.25,736,0.5,6852.66,6913.22,110,0.06301369863013699
^SPX,2026-02-24 16:15:00,SPX,2026-03-20,7490.0,C,0.0,0.0,0.0,0.0,0,464,0.25,384,0.45,6852.66,6913.22,191,0.06301369863013699
^SPX,2026-02-24 16:15:00,SPX,2026-03-20,7500.0,C,0.28,0.4,0.28,0.32,18,805,0.25,978,0.45,6852.66,6913.22,11125,0.06301369863013699
^SPX,2026-02-24 16:15:00,SPX,2026-03-20,7510.0,C,0.35,0.4,0.35,0.4,2,502,0.2,1,0.35,6852.66,6913.22,401,0.06301369863013699
^SPX,2026-02-24 16:15:00,SPX,2026-03-20,7520.0,C,0.0,0.0,0.0,0.0,0,476,0.2,618,0.4,6852.66,6913.22,126,0.06301369863013699
^SPX,2026-02-24 16:15:00,SPX,2026-03-20,7525.0,C,0.0,0.0,0.0,0.0,0,766,0.2,792,0.4,6852.66,6913.22,1594,0.06301369863013699
^SPX,2026-02-24 16:15:00,SPX,2026-03-20,7530.0,C,0.0,0.0,0.0,0.0,0,444,0.2,657,0.4,6852.66,6913.22,165,0.06301369863013699
^SPX,2026-02-24 16:15:00,SPX,2026-03-20,7540.0,C,0.3,0.35,0.3,0.35,2,578,0.15,1,0.3,6852.66,6913.22,370,0.06301369863013699
^SPX,2026-02-24 16:15:00,SPX,2026-03-20,7550.0,C,0.3,0.35,0.27,0.27,5,713,0.2,480,0.35,6852.66,6913.22,4327,0.06301369863013699
^SPX,2026-02-24 16:15:00,SPX,2026-03-20,7560.0,C,0.25,0.25,0.25,0.25,1,487,0.15,406,0.35,6852.66,6913.22,211,0.06301369863013699
^SPX,2026-02-24 16:15:00,SPX,2026-03-20,7570.0,C,0.0,0.0,0.0,0.0,0,433,0.15,667,0.35,6852.66,6913.22,114,0.06301369863013699
^SPX,2026-02-24 16:15:00,SPX,2026-03-20,7575.0,C,0.0,0.0,0.0,0.0,0,740,0.15,922,0.35,6852.66,6913.22,1232,0.06301369863013699
^SPX,2026-02-24 16:15:00,SPX,2026-03-20,7600.0,C,0.2,0.25,0.2,0.25,71,726,0.15,599,0.3,6852.66,6913.22,13414,0.06301369863013699
^SPX,2026-02-24 16:15:00,SPX,2026-03-20,7625.0,C,0.0,0.0,0.0,0.0,0,368,0.05,328,0.3,6852.66,6913.22,802,0.06301369863013699
^SPX,2026-02-24 16:15:00,SPX,2026-03-20,7650.0,C,0.0,0.0,0.0,0.0,0,752,0.05,611,0.3,6852.66,6913.22,1543,0.06301369863013699
^SPX,2026-02-24 16:15:00,SPX,2026-03-20,7675.0,C,0.15,0.15,0.15,0.15,7,161,0.05,423,0.3,6852.66,6913.22,626,0.06301369863013699
^SPX,2026-02-24 16:15:00,SPX,2026-03-20,7700.0,C,0.0,0.0,0.0,0.0,0,428,0.05,406,0.25,6852.66,6913.22,9306,0.06301369863013699
^SPX,2026-02-24 16:15:00,SPX,2026-03-20,7725.0,C,0.1,0.1,0.1,0.1,1,118,0.05,118,0.25,6852.66,6913.22,354,0.06301369863013699
^SPX,2026-02-24 16:15:00,SPX,2026-03-20,7750.0,C,0.0,0.0,0.0,0.0,0,118,0.05,337,0.25,6852.66,6913.22,5344,0.06301369863013699
^SPX,2026-02-24 16:15:00,SPX,2026-03-20,7775.0,C,0.0,0.0,0.0,0.0,0,202,0.05,609,0.25,6852.66,6913.22,3084,0.06301369863013699
^SPX,2026-02-24 16:15:00,SPX,2026-03-20,7800.0,C,0.0,0.0,0.0,0.0,0,204,0.05,618,0.25,6852.66,6913.22,13912,0.06301369863013699
^SPX,2026-02-24 16:15:00,SPX,2026-03-20,7825.0,C,0.0,0.0,0.0,0.0,0,119,0.05,397,0.25,6852.66,6913.22,284,0.06301369863013699
^SPX,2026-02-24 16:15:00,SPX,2026-03-20,7850.0,C,0.0,0.0,0.0,0.0,0,205,0.05,304,0.2,6852.66,6913.22,3307,0.06301369863013699
^SPX,2026-02-24 16:15:00,SPX,2026-03-20,7875.0,C,0.0,0.0,0.0,0.0,0,0,0.0,1,0.15,6852.66,6913.22,2733,0.06301369863013699
^SPX,2026-02-24 16:15:00,SPX,2026-03-20,7900.0,C,0.0,0.0,0.0,0.0,0,0,0.0,1,0.15,6852.66,6913.22,11119,0.06301369863013699
^SPX,2026-02-24 16:15:00,SPX,2026-03-20,7950.0,C,0.0,0.0,0.0,0.0,0,0,0.0,1,0.1,6852.66,6913.22,2169,0.06301369863013699
^SPX,2026-02-24 16:15:00,SPX,2026-03-20,8000.0,C,0.05,0.05,0.05,0.05,2,0,0.0,1,0.1,6852.66,6913.22,17031,0.06301369863013699
^SPX,2026-02-24 16:15:00,SPX,2026-03-20,8100.0,C,0.0,0.0,0.0,0.0,0,0,0.0,1,0.05,6852.66,6913.22,3608,0.06301369863013699
^SPX,2026-02-24 16:15:00,SPX,2026-03-20,8200.0,C,0.0,0.0,0.0,0.0,0,0,0.0,414,0.2,6852.66,6913.22,25447,0.06301369863013699
^SPX,2026-02-24 16:15:00,SPX,2026-03-20,8300.0,C,0.0,0.0,0.0,0.0,0,0,0.0,667,0.2,6852.66,6913.22,3410,0.06301369863013699
^SPX,2026-02-24 16:15:00,SPX,2026-03-20,8400.0,C,0.0,0.0,0.0,0.0,0,0,0.0,284,0.15,6852.66,6913.22,3757,0.06301369863013699
^SPX,2026-02-24 16:15:00,SPX,2026-03-20,8500.0,C,0.0,0.0,0.0,0.0,0,0,0.0,168,0.15,6852.66,6913.22,49,0.06301369863013699
^SPX,2026-02-24 16:15:00,SPX,2026-03-20,8600.0,C,0.0,0.0,0.0,0.0,0,0,0.0,345,0.15,6852.66,6913.22,555,0.06301369863013699
^SPX,2026-02-24 16:15:00,SPX,2026-03-20,8800.0,C,0.0,0.0,0.0,0.0,0,0,0.0,171,0.15,6852.66,6913.22,408,0.06301369863013699
^SPX,2026-02-24 16:15:00,SPX,2026-03-20,9000.0,C,0.0,0.0,0.0,0.0,0,0,0.0,520,0.15,6852.66,6913.22,2393,0.06301369863013699
^SPX,2026-02-24 16:15:00,SPX,2026-03-20,9200.0,C,0.0,0.0,0.0,0.0,0,0,0.0,672,0.15,6852.66,6913.22,1804,0.06301369863013699
^SPX,2026-02-24 16:15:00,SPX,2026-03-20,9400.0,C,0.0,0.0,0.0,0.0,0,0,0.0,692,0.15,6852.66,6913.22,3709,0.06301369863013699
^SPX,2026-02-24 16:15:00,SPX,2026-03-20,9600.0,C,0.0,0.0,0.0,0.0,0,0,0.0,709,0.15,6852.66,6913.22,3249,0.06301369863013699
^SPX,2026-02-24 16:15:00,SPX,2026-03-20,9800.0,C,0.0,0.0,0.0,0.0,0,0,0.0,2,0.05,6852.66,6913.22,643,0.06301369863013699
^SPX,2026-02-24 16:15:00,SPX,2026-03-20,10000.0,C,0.0,0.0,0.0,0.0,0,0,0.0,177,0.1,6852.66,6913.22,308,0.06301369863013699
^SPX,2026-02-24 16:15:00,SPX,2026-03-20,10200.0,C,0.0,0.0,0.0,0.0,0,0,0.0,178,0.1,6852.66,6913.22,233,0.06301369863013699
^SPX,2026-02-24 16:15:00,SPX,2026-03-20,10400.0,C,0.0,0.0,0.0,0.0,0,0,0.0,179,0.1,6852.66,6913.22,316,0.06301369863013699
^SPX,2026-02-24 16:15:00,SPX,2026-03-20,10800.0,C,0.0,0.0,0.0,0.0,0,0,0.0,180,0.1,6852.66,6913.22,3,0.06301369863013699
^SPX,2026-02-24 16:15:00,SPX,2026-03-20,11000.0,C,0.0,0.0,0.0,0.0,0,0,0.0,182,0.1,6852.66,6913.22,8,0.06301369863013699
^SPX,2026-02-24 16:15:00,SPX,2026-03-20,11200.0,C,0.0,0.0,0.0,0.0,0,0,0.0,184,0.1,6852.66,6913.22,2,0.06301369863013699
^SPX,2026-02-24 16:15:00,SPX,2026-03-20,11400.0,C,0.0,0.0,0.0,0.0,0,0,0.0,429,0.1,6852.66,6913.22,5,0.06301369863013699
^SPX,2026-02-24 16:15:00,SPX,2026-03-20,11600.0,C,0.0,0.0,0.0,0.0,0,0,0.0,188,0.1,6852.66,6913.22,2,0.06301369863013699
^SPX,2026-02-24 16:15:00,SPX,2026-03-20,11800.0,C,0.0,0.0,0.0,0.0,0,0,0.0,190,0.1,6852.66,6913.22,0,0.06301369863013699
^SPX,2026-02-24 16:15:00,SPX,2026-03-20,11900.0,C,0.0,0.0,0.0,0.0,0,0,0.0,495,0.1,6852.66,6913.22,0,0.06301369863013699
^SPX,2026-02-24 16:15:00,SPX,2026-03-20,12000.0,C,0.0,0.0,0.0,0.0,0,0,0.0,2,0.05,6852.66,6913.22,181,0.06301369863013699
^SPX,2026-02-24 16:15:00,SPX,2026-03-20,12400.0,C,0.0,0.0,0.0,0.0,0,0,0.0,512,0.1,6852.66,6913.22,2,0.06301369863013699
^SPX,2026-02-24 16:15:00,SPX,2026-04-17,200.0,C,6639.57,6639.57,6639.0,6639.0,2,1,6668.7,1,6688.5,6852.66,6913.22,784,0.13972602739726028
^SPX,2026-02-24 16:15:00,SPX,2026-04-17,400.0,C,0.0,0.0,0.0,0.0,0,1,6469.9,1,6489.7,6852.66,6913.22,26,0.13972602739726028
^SPX,2026-02-24 16:15:00,SPX,2026-04-17,600.0,C,0.0,0.0,0.0,0.0,0,1,6271.8,1,6290.9,6852.66,6913.22,0,0.13972602739726028
^SPX,2026-02-24 16:15:00,SPX,2026-04-17,800.0,C,0.0,0.0,0.0,0.0,0,1,6073.0,1,6092.1,6852.66,6913.22,6,0.13972602739726028
^SPX,2026-02-24 16:15:00,SPX,2026-04-17,1000.0,C,0.0,0.0,0.0,0.0,0,1,5874.2,1,5893.3,6852.66,6913.22,841,0.13972602739726028
^SPX,2026-02-24 16:15:00,SPX,2026-04-17,1200.0,C,0.0,0.0,0.0,0.0,0,2,5676.6,1,5694.5,6852.66,6913.22,67,0.13972602739726028
^SPX,2026-02-24 16:15:00,SPX,2026-04-17,1400.0,C,0.0,0.0,0.0,0.0,0,1,5475.9,1,5495.7,6852.66,6913.22,16,0.13972602739726028
^SPX,2026-02-24 16:15:00,SPX,2026-04-17,1600.0,C,0.0,0.0,0.0,0.0,0,1,5277.1,1,5296.9,6852.66,6913.22,10,0.13972602739726028
^SPX,2026-02-24 16:15:00,SPX,2026-04-17,1800.0,C,0.0,0.0,0.0,0.0,0,1,5078.3,1,5098.1,6852.66,6913.22,119,0.13972602739726028
^SPX,2026-02-24 16:15:00,SPX,2026-04-17,2000.0,C,0.0,0.0,0.0,0.0,0,2,4881.7,1,4898.9,6852.66,6913.22,40,0.13972602739726028
^SPX,2026-02-24 16:15:00,SPX,2026-04-17,2200.0,C,0.0,0.0,0.0,0.0,0,2,4682.4,1,4700.6,6852.66,6913.22,0,0.13972602739726028
^SPX,2026-02-24 16:15:00,SPX,2026-04-17,2300.0,C,0.0,0.0,0.0,0.0,0,2,4582.0,1,4601.2,6852.66,6913.22,0,0.13972602739726028
^SPX,2026-02-24 16:15:00,SPX,2026-04-17,2400.0,C,0.0,0.0,0.0,0.0,0,1,4482.1,1,4501.9,6852.66,6913.22,1,0.13972602739726028
^SPX,2026-02-24 16:15:00,SPX,2026-04-17,2500.0,C,0.0,0.0,0.0,0.0,0,2,4384.8,1,4402.5,6852.66,6913.22,0,0.13972602739726028
^SPX,2026-02-24 16:15:00,SPX,2026-04-17,2600.0,C,0.0,0.0,0.0,0.0,0,1,4283.4,1,4303.1,6852.66,6913.22,1,0.13972602739726028
^SPX,2026-02-24 16:15:00,SPX,2026-04-17,2700.0,C,0.0,0.0,0.0,0.0,0,1,4184.0,1,4203.3,6852.66,6913.22,0,0.13972602739726028
^SPX,2026-02-24 16:15:00,SPX,2026-04-17,2800.0,C,0.0,0.0,0.0,0.0,0,1,4084.7,1,4104.4,6852.66,6913.22,0,0.13972602739726028
^SPX,2026-02-24 16:15:00,SPX,2026-04-17,2900.0,C,0.0,0.0,0.0,0.0,0,1,3985.3,1,4004.6,6852.66,6913.22,0,0.13972602739726028
^SPX,2026-02-24 16:15:00,SPX,2026-04-17,3000.0,C,0.0,0.0,0.0,0.0,0,1,3886.0,1,3905.7,6852.66,6913.22,200,0.13972602739726028
^SPX,2026-02-24 16:15:00,SPX,2026-04-17,3100.0,C,0.0,0.0,0.0,0.0,0,1,3787.2,1,3806.4,6852.66,6913.22,0,0.13972602739726028
^SPX,2026-02-24 16:15:00,SPX,2026-04-17,3200.0,C,3658.24,3658.24,3657.95,3657.95,2,1,3688.0,1,3707.1,6852.66,6913.22,7,0.13972602739726028
^SPX,2026-02-24 16:15:00,SPX,2026-04-17,3300.0,C,0.0,0.0,0.0,0.0,0,1,3588.7,1,3607.8,6852.66,6913.22,0,0.13972602739726028
^SPX,2026-02-24 16:15:00,SPX,2026-04-17,3400.0,C,0.0,0.0,0.0,0.0,0,1,3488.7,1,3508.5,6852.66,6913.22,7,0.13972602739726028
^SPX,2026-02-24 16:15:00,SPX,2026-04-17,3450.0,C,0.0,0.0,0.0,0.0,0,1,3439.6,1,3458.3,6852.66,6913.22,0,0.13972602739726028
^SPX,2026-02-24 16:15:00,SPX,2026-04-17,3500.0,C,0.0,0.0,0.0,0.0,0,2,3391.3,1,3409.2,6852.66,6913.22,2,0.13972602739726028
^SPX,2026-02-24 16:15:00,SPX,2026-04-17,3550.0,C,0.0,0.0,0.0,0.0,0,2,3339.9,1,3359.6,6852.66,6913.22,0,0.13972602739726028
^SPX,2026-02-24 16:15:00,SPX,2026-04-17,3600.0,C,0.0,0.0,0.0,0.0,0,1,3290.2,1,3309.9,6852.66,6913.22,0,0.13972602739726028
^SPX,2026-02-24 16:15:00,SPX,2026-04-17,3650.0,C,0.0,0.0,0.0,0.0,0,1,3240.6,1,3260.3,6852.66,6913.22,0,0.13972602739726028
^SPX,2026-02-24 16:15:00,SPX,2026-04-17,3700.0,C,0.0,0.0,0.0,0.0,0,1,3191.6,1,3210.7,6852.66,6913.22,0,0.13972602739726028
^SPX,2026-02-24 16:15:00,SPX,2026-04-17,3750.0,C,0.0,0.0,0.0,0.0,0,1,3141.9,1,3161.1,6852.66,6913.22,0,0.13972602739726028
^SPX,2026-02-24 16:15:00,SPX,2026-04-17,3800.0,C,0.0,0.0,0.0,0.0,0,1,3092.3,1,3111.5,6852.66,6913.22,2,0.13972602739726028
^SPX,2026-02-24 16:15:00,SPX,2026-04-17,3850.0,C,0.0,0.0,0.0,0.0,0,1,3042.7,1,3061.9,6852.66,6913.22,3,0.13972602739726028
^SPX,2026-02-24 16:15:00,SPX,2026-04-17,3900.0,C,0.0,0.0,0.0,0.0,0,1,2993.2,1,3012.3,6852.66,6913.22,23,0.13972602739726028
^SPX,2026-02-24 16:15:00,SPX,2026-04-17,3950.0,C,0.0,0.0,0.0,0.0,0,5,2947.9,5,2958.7,6852.66,6913.22,45,0.13972602739726028
^SPX,2026-02-24 16:15:00,SPX,2026-04-17,3975.0,C,0.0,0.0,0.0,0.0,0,5,2923.2,5,2933.8,6852.66,6913.22,0,0.13972602739726028
^SPX,2026-02-24 16:15:00,SPX,2026-04-17,4000.0,C,2900.68,2900.68,2900.68,2900.68,1,5,2898.7,5,2909.4,6852.66,6913.22,89,0.13972602739726028
^SPX,2026-02-24 16:15:00,SPX,2026-04-17,4025.0,C,0.0,0.0,0.0,0.0,0,5,2873.6,5,2884.1,6852.66,6913.22,1,0.13972602739726028
^SPX,2026-02-24 16:15:00,SPX,2026-04-17,4050.0,C,0.0,0.0,0.0,0.0,0,5,2848.9,5,2859.3,6852.66,6913.22,20,0.13972602739726028
^SPX,2026-02-24 16:15:00,SPX,2026-04-17,4075.0,C,0.0,0.0,0.0,0.0,0,5,2824.0,5,2834.5,6852.66,6913.22,0,0.13972602739726028
^SPX,2026-02-24 16:15:00,SPX,2026-04-17,4100.0,C,0.0,0.0,0.0,0.0,0,5,2799.3,5,2809.7,6852.66,6913.22,3,0.13972602739726028
^SPX,2026-02-24 16:15:00,SPX,2026-04-17,4125.0,C,0.0,0.0,0.0,0.0,0,5,2774.6,5,2785.0,6852.66,6913.22,0,0.13972602739726028
^SPX,2026-02-24 16:15:00,SPX,2026-04-17,4150.0,C,0.0,0.0,0.0,0.0,0,5,2749.3,5,2760.1,6852.66,6913.22,0,0.13972602739726028
^SPX,2026-02-24 16:15:00,SPX,2026-04-17,4175.0,C,0.0,0.0,0.0,0.0,0,5,2724.6,5,2735.3,6852.66,6913.22,0,0.13972602739726028
^SPX,2026-02-24 16:15:00,SPX,2026-04-17,4200.0,C,0.0,0.0,0.0,0.0,0,5,2699.9,5,2710.2,6852.66,6913.22,10,0.13972602739726028
^SPX,2026-02-24 16:15:00,SPX,2026-04-17,4225.0,C,0.0,0.0,0.0,0.0,0,5,2675.4,5,2685.7,6852.66,6913.22,0,0.13972602739726028
^SPX,2026-02-24 16:15:00,SPX,2026-04-17,4250.0,C,0.0,0.0,0.0,0.0,0,5,2650.9,5,2660.4,6852.66,6913.22,0,0.13972602739726028
^SPX,2026-02-24 16:15:00,SPX,2026-04-17,4275.0,C,0.0,0.0,0.0,0.0,0,5,2626.1,5,2636.1,6852.66,6913.22,0,0.13972602739726028
^SPX,2026-02-24 16:15:00,SPX,2026-04-17,4300.0,C,0.0,0.0,0.0,0.0,0,5,2600.9,5,2611.0,6852.66,6913.22,1,0.13972602739726028
^SPX,2026-02-24 16:15:00,SPX,2026-04-17,4325.0,C,0.0,0.0,0.0,0.0,0,5,2576.1,5,2586.0,6852.66,6913.22,0,0.13972602739726028
^SPX,2026-02-24 16:15:00,SPX,2026-04-17,4350.0,C,0.0,0.0,0.0,0.0,0,5,2551.7,5,2561.2,6852.66,6913.22,0,0.13972602739726028
^SPX,2026-02-24 16:15:00,SPX,2026-04-17,4375.0,C,0.0,0.0,0.0,0.0,0,5,2527.1,5,2536.5,6852.66,6913.22,0,0.13972602739726028
^SPX,2026-02-24 16:15:00,SPX,2026-04-17,4400.0,C,0.0,0.0,0.0,0.0,0,5,2502.4,5,2512.0,6852.66,6913.22,65,0.13972602739726028
^SPX,2026-02-24 16:15:00,SPX,2026-04-17,4425.0,C,0.0,0.0,0.0,0.0,0,5,2477.6,5,2487.9,6852.66,6913.22,0,0.13972602739726028
^SPX,2026-02-24 16:15:00,SPX,2026-04-17,4450.0,C,0.0,0.0,0.0,0.0,0,5,2452.8,5,2462.5,6852.66,6913.22,0,0.13972602739726028
^SPX,2026-02-24 16:15:00,SPX,2026-04-17,4475.0,C,0.0,0.0,0.0,0.0,0,5,2428.1,5,2437.8,6852.66,6913.22,0,0.13972602739726028
^SPX,2026-02-24 16:15:00,SPX,2026-04-17,4500.0,C,0.0,0.0,0.0,0.0,0,5,2403.3,5,2413.6,6852.66,6913.22,16,0.13972602739726028
^SPX,2026-02-24 16:15:00,SPX,2026-04-17,4525.0,C,0.0,0.0,0.0,0.0,0,5,2378.6,5,2388.2,6852.66,6913.22,0,0.13972602739726028
^SPX,2026-02-24 16:15:00,SPX,2026-04-17,4550.0,C,0.0,0.0,0.0,0.0,0,5,2353.9,5,2364.0,6852.66,6913.22,1,0.13972602739726028
^SPX,2026-02-24 16:15:00,SPX,2026-04-17,4575.0,C,0.0,0.0,0.0,0.0,0,5,2329.2,5,2338.7,6852.66,6913.22,1,0.13972602739726028
^SPX,2026-02-24 16:15:00,SPX,2026-04-17,4600.0,C,0.0,0.0,0.0,0.0,0,5,2304.4,5,2313.8,6852.66,6913.22,12,0.13972602739726028
^SPX,2026-02-24 16:15:00,SPX,2026-04-17,4625.0,C,0.0,0.0,0.0,0.0,0,5,2279.8,5,2289.2,6852.66,6913.22,0,0.13972602739726028
^SPX,2026-02-24 16:15:00,SPX,2026-04-17,4650.0,C,2245.28,2245.28,2245.28,2245.28,68,5,2255.0,5,2264.3,6852.66,6913.22,356,0.13972602739726028
^SPX,2026-02-24 16:15:00,SPX,2026-04-17,4675.0,C,0.0,0.0,0.0,0.0,0,5,2230.3,5,2239.6,6852.66,6913.22,0,0.13972602739726028
^SPX,2026-02-24 16:15:00,SPX,2026-04-17,4700.0,C,0.0,0.0,0.0,0.0,0,5,2205.6,5,2214.8,6852.66,6913.22,133,0.13972602739726028
^SPX,2026-02-24 16:15:00,SPX,2026-04-17,4725.0,C,0.0,0.0,0.0,0.0,0,5,2180.9,5,2190.1,6852.66,6913.22,6,0.13972602739726028
^SPX,2026-02-24 16:15:00,SPX,2026-04-17,4750.0,C,0.0,0.0,0.0,0.0,0,5,2156.2,5,2165.4,6852.66,6913.22,0,0.13972602739726028
^SPX,2026-02-24 16:15:00,SPX,2026-04-17,4775.0,C,0.0,0.0,0.0,0.0,0,5,2131.6,5,2140.7,6852.66,6913.22,0,0.13972602739726028
^SPX,2026-02-24 16:15:00,SPX,2026-04-17,4800.0,C,0.0,0.0,0.0,0.0,0,5,2106.8,5,2115.9,6852.66,6913.22,20,0.13972602739726028
^SPX,2026-02-24 16:15:00,SPX,2026-04-17,4825.0,C,0.0,0.0,0.0,0.0,0,5,2082.3,5,2091.2,6852.66,6913.22,4,0.13972602739726028
^SPX,2026-02-24 16:15:00,SPX,2026-04-17,4850.0,C,0.0,0.0,0.0,0.0,0,5,2057.5,5,2066.5,6852.66,6913.22,40,0.13972602739726028
^SPX,2026-02-24 16:15:00,SPX,2026-04-17,4875.0,C,0.0,0.0,0.0,0.0,0,5,2032.9,5,2041.8,6852.66,6913.22,43,0.13972602739726028
^SPX,2026-02-24 16:15:00,SPX,2026-04-17,4900.0,C,0.0,0.0,0.0,0.0,0,5,2008.2,5,2017.1,6852.66,6913.22,8,0.13972602739726028
^SPX,2026-02-24 16:15:00,SPX,2026-04-17,4925.0,C,0.0,0.0,0.0,0.0,0,2,1986.4,2,1990.2,6852.66,6913.22,210,0.13972602739726028
^SPX,2026-02-24 16:15:00,SPX,2026-04-17,4950.0,C,0.0,0.0,0.0,0.0,0,2,1962.0,2,1965.1,6852.66,6913.22,2,0.13972602739726028
^SPX,2026-02-24 16:15:00,SPX,2026-04-17,4975.0,C,0.0,0.0,0.0,0.0,0,2,1937.1,2,1940.9,6852.66,6913.22,223,0.13972602739726028
^SPX,2026-02-24 16:15:00,SPX,2026-04-17,5000.0,C,1914.65,1914.65,1914.1,1914.1,31,2,1912.7,2,1915.8,6852.66,6913.22,3192,0.13972602739726028
^SPX,2026-02-24 16:15:00,SPX,2026-04-17,5025.0,C,0.0,0.0,0.0,0.0,0,2,1887.7,2,1891.5,6852.66,6913.22,75,0.13972602739726028
^SPX,2026-02-24 16:15:00,SPX,2026-04-17,5050.0,C,0.0,0.0,0.0,0.0,0,2,1863.4,2,1866.6,6852.66,6913.22,177,0.13972602739726028
^SPX,2026-02-24 16:15:00,SPX,2026-04-17,5075.0,C,0.0,0.0,0.0,0.0,0,2,1838.5,2,1842.2,6852.66,6913.22,1,0.13972602739726028
^SPX,2026-02-24 16:15:00,SPX,2026-04-17,5100.0,C,1801.08,1801.08,1801.08,1801.08,68,2,1814.2,2,1817.2,6852.66,6913.22,272,0.13972602739726028
^SPX,2026-02-24 16:15:00,SPX,2026-04-17,5125.0,C,0.0,0.0,0.0,0.0,0,2,1789.2,2,1792.9,6852.66,6913.22,825,0.13972602739726028
^SPX,2026-02-24 16:15:00,SPX,2026-04-17,5150.0,C,0.0,0.0,0.0,0.0,0,2,1764.9,2,1767.9,6852.66,6913.22,238,0.13972602739726028
^SPX,2026-02-24 16:15:00,SPX,2026-04-17,5175.0,C,0.0,0.0,0.0,0.0,0,2,1740.0,2,1743.7,6852.66,6913.22,1,0.13972602739726028
^SPX,2026-02-24 16:15:00,SPX,2026-04-17,5200.0,C,0.0,0.0,0.0,0.0,0,2,1715.7,2,1718.8,6852.66,6913.22,3640,0.13972602739726028
^SPX,2026-02-24 16:15:00,SPX,2026-04-17,5225.0,C,0.0,0.0,0.0,0.0,0,2,1690.8,2,1694.4,6852.66,6913.22,850,0.13972602739726028
^SPX,2026-02-24 16:15:00,SPX,2026-04-17,5250.0,C,0.0,0.0,0.0,0.0,0,2,1666.5,2,1669.4,6852.66,6913.22,674,0.13972602739726028
^SPX,2026-02-24 16:15:00,SPX,2026-04-17,5275.0,C,0.0,0.0,0.0,0.0,0,2,1641.6,2,1645.3,6852.66,6913.22,140,0.13972602739726028
^SPX,2026-02-24 16:15:00,SPX,2026-04-17,5300.0,C,0.0,0.0,0.0,0.0,0,2,1617.3,2,1620.3,6852.66,6913.22,954,0.13972602739726028
^SPX,2026-02-24 16:15:00,SPX,2026-04-17,5325.0,C,0.0,0.0,0.0,0.0,0,2,1592.6,2,1596.1,6852.66,6913.22,311,0.13972602739726028
^SPX,2026-02-24 16:15:00,SPX,2026-04-17,5350.0,C,0.0,0.0,0.0,0.0,0,2,1568.3,2,1571.2,6852.66,6913.22,297,0.13972602739726028
^SPX,2026-02-24 16:15:00,SPX,2026-04-17,5375.0,C,0.0,0.0,0.0,0.0,0,2,1543.4,2,1547.1,6852.66,6913.22,1262,0.13972602739726028
^SPX,2026-02-24 16:15:00,SPX,2026-04-17,5400.0,C,1515.94,1515.94,1515.94,1515.94,1,2,1519.2,2,1522.1,6852.66,6913.22,6237,0.13972602739726028
^SPX,2026-02-24 16:15:00,SPX,2026-04-17,5425.0,C,0.0,0.0,0.0,0.0,0,2,1494.4,2,1498.0,6852.66,6913.22,243,0.13972602739726028
^SPX,2026-02-24 16:15:00,SPX,2026-04-17,5450.0,C,0.0,0.0,0.0,0.0,0,2,1470.2,2,1473.1,6852.66,6913.22,989,0.13972602739726028
^SPX,2026-02-24 16:15:00,SPX,2026-04-17,5475.0,C,0.0,0.0,0.0,0.0,0,2,1445.4,2,1449.0,6852.66,6913.22,200,0.13972602739726028
^SPX,2026-02-24 16:15:00,SPX,2026-04-17,5500.0,C,1419.5,1419.5,1419.5,1419.5,100,2,1421.3,2,1424.2,6852.66,6913.22,1383,0.13972602739726028
^SPX,2026-02-24 16:15:00,SPX,2026-04-17,5525.0,C,0.0,0.0,0.0,0.0,0,2,1396.6,2,1400.1,6852.66,6913.22,554,0.13972602739726028
^SPX,2026-02-24 16:15:00,SPX,2026-04-17,5550.0,C,0.0,0.0,0.0,0.0,0,2,1372.5,2,1375.4,6852.66,6913.22,159,0.13972602739726028
^SPX,2026-02-24 16:15:00,SPX,2026-04-17,5575.0,C,0.0,0.0,0.0,0.0,0,2,1347.8,2,1351.3,6852.66,6913.22,155,0.13972602739726028
^SPX,2026-02-24 16:15:00,SPX,2026-04-17,5600.0,C,0.0,0.0,0.0,0.0,0,2,1323.7,2,1326.5,6852.66,6913.22,1599,0.13972602739726028
^SPX,2026-02-24 16:15:00,SPX,2026-04-17,5625.0,C,0.0,0.0,0.0,0.0,0,2,1299.1,2,1302.3,6852.66,6913.22,101,0.13972602739726028
^SPX,2026-02-24 16:15:00,SPX,2026-04-17,5630.0,C,0.0,0.0,0.0,0.0,0,2,1294.4,2,1297.4,6852.66,6913.22,0,0.13972602739726028
^SPX,2026-02-24 16:15:00,SPX,2026-04-17,5640.0,C,0.0,0.0,0.0,0.0,0,2,1284.6,2,1287.7,6852.66,6913.22,0,0.13972602739726028
^SPX,2026-02-24 16:15:00,SPX,2026-04-17,5650.0,C,0.0,0.0,0.0,0.0,0,2,1275.1,2,1277.6,6852.66,6913.22,1258,0.13972602739726028
^SPX,2026-02-24 16:15:00,SPX,2026-04-17,5660.0,C,0.0,0.0,0.0,0.0,0,2,1265.2,2,1268.2,6852.66,6913.22,0,0.13972602739726028
^SPX,2026-02-24 16:15:00,SPX,2026-04-17,5670.0,C,0.0,0.0,0.0,0.0,0,2,1255.5,2,1258.5,6852.66,6913.22,0,0.13972602739726028
^SPX,2026-02-24 16:15:00,SPX,2026-04-17,5675.0,C,0.0,0.0,0.0,0.0,0,2,1250.5,2,1253.7,6852.66,6913.22,83,0.13972602739726028
^SPX,2026-02-24 16:15:00,SPX,2026-04-17,5680.0,C,0.0,0.0,0.0,0.0,0,2,1245.8,2,1248.8,6852.66,6913.22,0,0.13972602739726028
^SPX,2026-02-24 16:15:00,SPX,2026-04-17,5690.0,C,0.0,0.0,0.0,0.0,0,2,1236.1,2,1239.1,6852.66,6913.22,0,0.13972602739726028
^SPX,2026-02-24 16:15:00,SPX,2026-04-17,5700.0,C,0.0,0.0,0.0,0.0,0,2,1226.5,2,1229.1,6852.66,6913.22,962,0.13972602739726028
^SPX,2026-02-24 16:15:00,SPX,2026-04-17,5710.0,C,0.0,0.0,0.0,0.0,0,2,1216.7,2,1219.7,6852.66,6913.22,0,0.13972602739726028
^SPX,2026-02-24 16:15:00,SPX,2026-04-17,5720.0,C,0.0,0.0,0.0,0.0,0,2,1207.0,2,1210.0,6852.66,6913.22,1,0.13972602739726028
^SPX,2026-02-24 16:15:00,SPX,2026-04-17,5725.0,C,0.0,0.0,0.0,0.0,0,2,1202.0,2,1205.2,6852.66,6913.22,172,0.13972602739726028
^SPX,2026-02-24 16:15:00,SPX,2026-04-17,5730.0,C,0.0,0.0,0.0,0.0,0,2,1197.2,2,1200.3,6852.66,6913.22,0,0.13972602739726028
^SPX,2026-02-24 16:15:00,SPX,2026-04-17,5740.0,C,0.0,0.0,0.0,0.0,0,2,1187.6,2,1190.6,6852.66,6913.22,0,0.13972602739726028
^SPX,2026-02-24 16:15:00,SPX,2026-04-17,5750.0,C,0.0,0.0,0.0,0.0,0,2,1178.1,2,1180.6,6852.66,6913.22,223,0.13972602739726028
^SPX,2026-02-24 16:15:00,SPX,2026-04-17,5760.0,C,0.0,0.0,0.0,0.0,0,2,1168.3,2,1171.4,6852.66,6913.22,0,0.13972602739726028
^SPX,2026-02-24 16:15:00,SPX,2026-04-17,5770.0,C,0.0,0.0,0.0,0.0,0,2,1158.6,2,1161.6,6852.66,6913.22,0,0.13972602739726028
^SPX,2026-02-24 16:15:00,SPX,2026-04-17,5775.0,C,0.0,0.0,0.0,0.0,0,2,1153.7,2,1156.8,6852.66,6913.22,242,0.13972602739726028
^SPX,2026-02-24 16:15:00,SPX,2026-04-17,5780.0,C,0.0,0.0,0.0,0.0,0,2,1149.0,2,1152.0,6852.66,6913.22,0,0.13972602739726028
^SPX,2026-02-24 16:15:00,SPX,2026-04-17,5790.0,C,0.0,0.0,0.0,0.0,0,2,1139.3,2,1142.4,6852.66,6913.22,0,0.13972602739726028
^SPX,2026-02-24 16:15:00,SPX,2026-04-17,5800.0,C,1131.05,1131.05,1127.44,1127.44,2,2,1129.8,2,1132.3,6852.66,6913.22,3479,0.13972602739726028
^SPX,2026-02-24 16:15:00,SPX,2026-04-17,5810.0,C,0.0,0.0,0.0,0.0,0,2,1119.9,2,1123.1,6852.66,6913.22,1,0.13972602739726028
^SPX,2026-02-24 16:15:00,SPX,2026-04-17,5820.0,C,0.0,0.0,0.0,0.0,0,2,1110.4,2,1113.3,6852.66,6913.22,1,0.13972602739726028
^SPX,2026-02-24 16:15:00,SPX,2026-04-17,5825.0,C,0.0,0.0,0.0,0.0,0,2,1105.5,2,1108.5,6852.66,6913.22,565,0.13972602739726028
^SPX,2026-02-24 16:15:00,SPX,2026-04-17,5830.0,C,0.0,0.0,0.0,0.0,0,2,1100.8,2,1103.7,6852.66,6913.22,0,0.13972602739726028
^SPX,2026-02-24 16:15:00,SPX,2026-04-17,5840.0,C,0.0,0.0,0.0,0.0,0,2,1091.2,2,1094.2,6852.66,6913.22,0,0.13972602739726028
^SPX,2026-02-24 16:15:00,SPX,2026-04-17,5850.0,C,0.0,0.0,0.0,0.0,0,2,1081.7,2,1084.1,6852.66,6913.22,4171,0.13972602739726028
^SPX,2026-02-24 16:15:00,SPX,2026-04-17,5860.0,C,0.0,0.0,0.0,0.0,0,2,1072.0,2,1074.9,6852.66,6913.22,0,0.13972602739726028
^SPX,2026-02-24 16:15:00,SPX,2026-04-17,5870.0,C,0.0,0.0,0.0,0.0,0,2,1062.2,2,1065.3,6852.66,6913.22,0,0.13972602739726028
^SPX,2026-02-24 16:15:00,SPX,2026-04-17,5875.0,C,0.0,0.0,0.0,0.0,0,2,1057.4,2,1060.5,6852.66,6913.22,138,0.13972602739726028
^SPX,2026-02-24 16:15:00,SPX,2026-04-17,5880.0,C,0.0,0.0,0.0,0.0,0,2,1052.6,2,1055.7,6852.66,6913.22,1,0.13972602739726028
^SPX,2026-02-24 16:15:00,SPX,2026-04-17,5890.0,C,0.0,0.0,0.0,0.0,0,2,1043.2,2,1046.1,6852.66,6913.22,0,0.13972602739726028
^SPX,2026-02-24 16:15:00,SPX,2026-04-17,5900.0,C,1035.74,1035.74,1031.41,1031.41,3,2,1033.7,2,1036.2,6852.66,6913.22,864,0.13972602739726028
^SPX,2026-02-24 16:15:00,SPX,2026-04-17,5910.0,C,0.0,0.0,0.0,0.0,0,2,1024.0,2,1026.9,6852.66,6913.22,2,0.13972602739726028
^SPX,2026-02-24 16:15:00,SPX,2026-04-17,5920.0,C,0.0,0.0,0.0,0.0,0,2,1014.5,2,1017.3,6852.66,6913.22,20,0.13972602739726028
^SPX,2026-02-24 16:15:00,SPX,2026-04-17,5925.0,C,0.0,0.0,0.0,0.0,0,2,1009.6,2,1012.6,6852.66,6913.22,255,0.13972602739726028
^SPX,2026-02-24 16:15:00,SPX,2026-04-17,5930.0,C,0.0,0.0,0.0,0.0,0,2,1004.9,2,1007.8,6852.66,6913.22,2,0.13972602739726028
^SPX,2026-02-24 16:15:00,SPX,2026-04-17,5940.0,C,0.0,0.0,0.0,0.0,0,2,995.4,2,998.2,6852.66,6913.22,0,0.13972602739726028
^SPX,2026-02-24 16:15:00,SPX,2026-04-17,5950.0,C,0.0,0.0,0.0,0.0,0,2,986.0,2,988.4,6852.66,6913.22,638,0.13972602739726028
^SPX,2026-02-24 16:15:00,SPX,2026-04-17,5960.0,C,0.0,0.0,0.0,0.0,0,2,976.3,2,979.2,6852.66,6913.22,0,0.13972602739726028
^SPX,2026-02-24 16:15:00,SPX,2026-04-17,5970.0,C,0.0,0.0,0.0,0.0,0,2,966.8,2,969.6,6852.66,6913.22,0,0.13972602739726028
^SPX,2026-02-24 16:15:00,SPX,2026-04-17,5975.0,C,0.0,0.0,0.0,0.0,0,2,962.1,2,964.9,6852.66,6913.22,285,0.13972602739726028
^SPX,2026-02-24 16:15:00,SPX,2026-04-17,5980.0,C,0.0,0.0,0.0,0.0,0,2,957.2,2,960.2,6852.66,6913.22,0,0.13972602739726028
^SPX,2026-02-24 16:15:00,SPX,2026-04-17,5990.0,C,0.0,0.0,0.0,0.0,0,2,947.8,2,950.6,6852.66,6913.22,2,0.13972602739726028
^SPX,2026-02-24 16:15:00,SPX,2026-04-17,6000.0,C,940.61,942.15,934.6,940.66,2702,2,938.5,2,940.8,6852.66,6913.22,131732,0.13972602739726028
^SPX,2026-02-24 16:15:00,SPX,2026-04-17,6010.0,C,0.0,0.0,0.0,0.0,0,2,928.7,2,931.7,6852.66,6913.22,2,0.13972602739726028
^SPX,2026-02-24 16:15:00,SPX,2026-04-17,6020.0,C,0.0,0.0,0.0,0.0,0,2,919.4,2,922.2,6852.66,6913.22,0,0.13972602739726028
^SPX,2026-02-24 16:15:00,SPX,2026-04-17,6025.0,C,0.0,0.0,0.0,0.0,0,2,914.5,2,917.5,6852.66,6913.22,112,0.13972602739726028
^SPX,2026-02-24 16:15:00,SPX,2026-04-17,6030.0,C,0.0,0.0,0.0,0.0,0,2,909.9,2,912.7,6852.66,6913.22,1,0.13972602739726028
^SPX,2026-02-24 16:15:00,SPX,2026-04-17,6040.0,C,901.22,901.22,901.22,901.22,1,2,900.4,2,903.3,6852.66,6913.22,0,0.13972602739726028
^SPX,2026-02-24 16:15:00,SPX,2026-04-17,6050.0,C,0.0,0.0,0.0,0.0,0,2,891.2,2,893.5,6852.66,6913.22,379,0.13972602739726028
^SPX,2026-02-24 16:15:00,SPX,2026-04-17,6060.0,C,0.0,0.0,0.0,0.0,0,2,881.5,2,884.4,6852.66,6913.22,0,0.13972602739726028
^SPX,2026-02-24 16:15:00,SPX,2026-04-17,6070.0,C,0.0,0.0,0.0,0.0,0,2,872.2,2,875.1,6852.66,6913.22,0,0.13972602739726028
^SPX,2026-02-24 16:15:00,SPX,2026-04-17,6075.0,C,0.0,0.0,0.0,0.0,0,2,867.4,2,870.3,6852.66,6913.22,444,0.13972602739726028
^SPX,2026-02-24 16:15:00,SPX,2026-04-17,6080.0,C,0.0,0.0,0.0,0.0,0,2,862.8,2,865.5,6852.66,6913.22,0,0.13972602739726028
^SPX,2026-02-24 16:15:00,SPX,2026-04-17,6090.0,C,0.0,0.0,0.0,0.0,0,2,853.4,2,856.1,6852.66,6913.22,0,0.13972602739726028
^SPX,2026-02-24 16:15:00,SPX,2026-04-17,6100.0,C,807.35,847.79,807.35,846.85,57,2,844.2,2,846.5,6852.66,6913.22,1528,0.13972602739726028
^SPX,2026-02-24 16:15:00,SPX,2026-04-17,6110.0,C,0.0,0.0,0.0,0.0,0,2,834.7,2,837.4,6852.66,6913.22,2,0.13972602739726028
^SPX,2026-02-24 16:15:00,SPX,2026-04-17,6120.0,C,0.0,0.0,0.0,0.0,0,2,825.2,2,828.1,6852.66,6913.22,4,0.13972602739726028
^SPX,2026-02-24 16:15:00,SPX,2026-04-17,6125.0,C,0.0,0.0,0.0,0.0,0,2,820.6,2,823.4,6852.66,6913.22,243,0.13972602739726028
^SPX,2026-02-24 16:15:00,SPX,2026-04-17,6130.0,C,0.0,0.0,0.0,0.0,0,2,816.0,2,818.7,6852.66,6913.22,1,0.13972602739726028
^SPX,2026-02-24 16:15:00,SPX,2026-04-17,6140.0,C,0.0,0.0,0.0,0.0,0,2,806.7,2,809.3,6852.66,6913.22,0,0.13972602739726028
^SPX,2026-02-24 16:15:00,SPX,2026-04-17,6150.0,C,799.46,799.46,799.46,799.46,1,2,797.5,2,799.7,6852.66,6913.22,1112,0.13972602739726028
^SPX,2026-02-24 16:15:00,SPX,2026-04-17,6160.0,C,0.0,0.0,0.0,0.0,0,2,788.1,2,790.7,6852.66,6913.22,0,0.13972602739726028
^SPX,2026-02-24 16:15:00,SPX,2026-04-17,6170.0,C,0.0,0.0,0.0,0.0,0,2,778.8,2,781.4,6852.66,6913.22,3,0.13972602739726028
^SPX,2026-02-24 16:15:00,SPX,2026-04-17,6175.0,C,0.0,0.0,0.0,0.0,0,2,774.1,2,776.8,6852.66,6913.22,173,0.13972602739726028
^SPX,2026-02-24 16:15:00,SPX,2026-04-17,6180.0,C,0.0,0.0,0.0,0.0,0,2,769.4,2,772.2,6852.66,6913.22,1,0.13972602739726028
^SPX,2026-02-24 16:15:00,SPX,2026-04-17,6190.0,C,0.0,0.0,0.0,0.0,0,2,760.3,2,762.9,6852.66,6913.22,1,0.13972602739726028
^SPX,2026-02-24 16:15:00,SPX,2026-04-17,6200.0,C,752.27,752.27,752.27,752.27,1,2,751.2,2,753.3,6852.66,6913.22,869,0.13972602739726028
^SPX,2026-02-24 16:15:00,SPX,2026-04-17,6210.0,C,0.0,0.0,0.0,0.0,0,2,741.7,2,744.4,6852.66,6913.22,3,0.13972602739726028
^SPX,2026-02-24 16:15:00,SPX,2026-04-17,6220.0,C,728.38,728.38,728.38,728.38,1,2,732.5,2,735.2,6852.66,6913.22,0,0.13972602739726028
^SPX,2026-02-24 16:15:00,SPX,2026-04-17,6225.0,C,0.0,0.0,0.0,0.0,0,2,727.9,2,730.6,6852.66,6913.22,41,0.13972602739726028
^SPX,2026-02-24 16:15:00,SPX,2026-04-17,6230.0,C,0.0,0.0,0.0,0.0,0,2,723.3,2,726.0,6852.66,6913.22,1,0.13972602739726028
^SPX,2026-02-24 16:15:00,SPX,2026-04-17,6240.0,C,0.0,0.0,0.0,0.0,0,2,714.3,2,716.8,6852.66,6913.22,2,0.13972602739726028
^SPX,2026-02-24 16:15:00,SPX,2026-04-17,6250.0,C,0.0,0.0,0.0,0.0,0,2,705.3,2,707.3,6852.66,6913.22,473,0.13972602739726028
^SPX,2026-02-24 16:15:00,SPX,2026-04-17,6260.0,C,0.0,0.0,0.0,0.0,0,2,696.0,2,698.6,6852.66,6913.22,1,0.13972602739726028
^SPX,2026-02-24 16:15:00,SPX,2026-04-17,6270.0,C,0.0,0.0,0.0,0.0,0,2,686.8,2,689.3,6852.66,6913.22,1,0.13972602739726028
^SPX,2026-02-24 16:15:00,SPX,2026-04-17,6275.0,C,0.0,0.0,0.0,0.0,0,2,682.2,2,684.8,6852.66,6913.22,206,0.13972602739726028
^SPX,2026-02-24 16:15:00,SPX,2026-04-17,6280.0,C,0.0,0.0,0.0,0.0,0,2,677.8,2,680.2,6852.66,6913.22,7,0.13972602739726028
^SPX,2026-02-24 16:15:00,SPX,2026-04-17,6290.0,C,0.0,0.0,0.0,0.0,0,2,668.6,2,671.1,6852.66,6913.22,1,0.13972602739726028
^SPX,2026-02-24 16:15:00,SPX,2026-04-17,6300.0,C,0.0,0.0,0.0,0.0,0,2,659.8,2,661.8,6852.66,6913.22,1184,0.13972602739726028
^SPX,2026-02-24 16:15:00,SPX,2026-04-17,6310.0,C,0.0,0.0,0.0,0.0,0,2,650.5,2,653.0,6852.66,6913.22,2,0.13972602739726028
^SPX,2026-02-24 16:15:00,SPX,2026-04-17,6315.0,C,0.0,0.0,0.0,0.0,0,2,646.0,2,648.5,6852.66,6913.22,0,0.13972602739726028
^SPX,2026-02-24 16:15:00,SPX,2026-04-17,6320.0,C,0.0,0.0,0.0,0.0,0,2,641.5,2,643.9,6852.66,6913.22,6,0.13972602739726028
^SPX,2026-02-24 16:15:00,SPX,2026-04-17,6325.0,C,0.0,0.0,0.0,0.0,0,2,637.0,2,639.4,6852.66,6913.22,123,0.13972602739726028
^SPX,2026-02-24 16:15:00,SPX,2026-04-17,6330.0,C,0.0,0.0,0.0,0.0,0,2,632.6,2,634.9,6852.66,6913.22,3,0.13972602739726028
^SPX,2026-02-24 16:15:00,SPX,2026-04-17,6335.0,C,0.0,0.0,0.0,0.0,0,2,628.1,2,630.4,6852.66,6913.22,0,0.13972602739726028
^SPX,2026-02-24 16:15:00,SPX,2026-04-17,6340.0,C,0.0,0.0,0.0,0.0,0,2,623.6,2,625.9,6852.66,6913.22,3,0.13972602739726028
^SPX,2026-02-24 16:15:00,SPX,2026-04-17,6345.0,C,0.0,0.0,0.0,0.0,0,2,619.1,2,621.4,6852.66,6913.22,0,0.13972602739726028
^SPX,2026-02-24 16:15:00,SPX,2026-04-17,6350.0,C,0.0,0.0,0.0,0.0,0,2,614.7,2,616.7,6852.66,6913.22,317,0.13972602739726028
^SPX,2026-02-24 16:15:00,SPX,2026-04-17,6355.0,C,0.0,0.0,0.0,0.0,0,2,610.2,2,612.4,6852.66,6913.22,0,0.13972602739726028
^SPX,2026-02-24 16:15:00,SPX,2026-04-17,6360.0,C,0.0,0.0,0.0,0.0,0,2,605.6,2,608.0,6852.66,6913.22,5,0.13972602739726028
^SPX,2026-02-24 16:15:00,SPX,2026-04-17,6365.0,C,0.0,0.0,0.0,0.0,0,2,601.1,2,603.5,6852.66,6913.22,1,0.13972602739726028
^SPX,2026-02-24 16:15:00,SPX,2026-04-17,6370.0,C,0.0,0.0,0.0,0.0,0,2,596.7,2,599.0,6852.66,6913.22,4,0.13972602739726028
^SPX,2026-02-24 16:15:00,SPX,2026-04-17,6375.0,C,0.0,0.0,0.0,0.0,0,2,592.2,2,594.6,6852.66,6913.22,222,0.13972602739726028
^SPX,2026-02-24 16:15:00,SPX,2026-04-17,6380.0,C,0.0,0.0,0.0,0.0,0,2,587.9,2,590.1,6852.66,6913.22,4,0.13972602739726028
^SPX,2026-02-24 16:15:00,SPX,2026-04-17,6385.0,C,0.0,0.0,0.0,0.0,0,2,583.3,2,585.8,6852.66,6913.22,0,0.13972602739726028
^SPX,2026-02-24 16:15:00,SPX,2026-04-17,6390.0,C,0.0,0.0,0.0,0.0,0,2,579.0,2,581.2,6852.66,6913.22,7,0.13972602739726028
^SPX,2026-02-24 16:15:00,SPX,2026-04-17,6395.0,C,0.0,0.0,0.0,0.0,0,2,574.6,2,576.8,6852.66,6913.22,0,0.13972602739726028
^SPX,2026-02-24 16:15:00,SPX,2026-04-17,6400.0,C,570.63,570.66,569.63,569.98,93,2,570.3,2,572.1,6852.66,6913.22,2368,0.13972602739726028
^SPX,2026-02-24 16:15:00,SPX,2026-04-17,6405.0,C,569.15,569.15,569.15,569.15,1,2,565.6,2,567.9,6852.66,6913.22,2,0.13972602739726028
^SPX,2026-02-24 16:15:00,SPX,2026-04-17,6410.0,C,0.0,0.0,0.0,0.0,0,2,561.2,2,563.5,6852.66,6913.22,12,0.13972602739726028
^SPX,2026-02-24 16:15:00,SPX,2026-04-17,6415.0,C,0.0,0.0,0.0,0.0,0,2,556.8,2,559.1,6852.66,6913.22,0,0.13972602739726028
^SPX,2026-02-24 16:15:00,SPX,2026-04-17,6420.0,C,0.0,0.0,0.0,0.0,0,2,552.4,2,554.7,6852.66,6913.22,13,0.13972602739726028
^SPX,2026-02-24 16:15:00,SPX,2026-04-17,6425.0,C,0.0,0.0,0.0,0.0,0,2,548.0,2,550.3,6852.66,6913.22,929,0.13972602739726028
^SPX,2026-02-24 16:15:00,SPX,2026-04-17,6430.0,C,0.0,0.0,0.0,0.0,0,2,543.7,2,545.9,6852.66,6913.22,2,0.13972602739726028
^SPX,2026-02-24 16:15:00,SPX,2026-04-17,6435.0,C,0.0,0.0,0.0,0.0,0,2,539.2,2,541.5,6852.66,6913.22,1,0.13972602739726028
^SPX,2026-02-24 16:15:00,SPX,2026-04-17,6440.0,C,0.0,0.0,0.0,0.0,0,2,535.0,2,537.3,6852.66,6913.22,3,0.13972602739726028
^SPX,2026-02-24 16:15:00,SPX,2026-04-17,6445.0,C,0.0,0.0,0.0,0.0,0,2,530.5,2,532.8,6852.66,6913.22,2,0.13972602739726028
^SPX,2026-02-24 16:15:00,SPX,2026-04-17,6450.0,C,522.89,522.89,522.89,522.89,1,2,526.4,2,528.2,6852.66,6913.22,299,0.13972602739726028
^SPX,2026-02-24 16:15:00,SPX,2026-04-17,6455.0,C,524.95,524.95,524.95,524.95,1,2,521.9,2,524.2,6852.66,6913.22,5,0.13972602739726028
^SPX,2026-02-24 16:15:00,SPX,2026-04-17,6460.0,C,0.0,0.0,0.0,0.0,0,2,517.5,2,519.7,6852.66,6913.22,5,0.13972602739726028
^SPX,2026-02-24 16:15:00,SPX,2026-04-17,6465.0,C,0.0,0.0,0.0,0.0,0,2,513.1,2,515.4,6852.66,6913.22,1,0.13972602739726028
^SPX,2026-02-24 16:15:00,SPX,2026-04-17,6470.0,C,0.0,0.0,0.0,0.0,0,2,508.9,2,511.0,6852.66,6913.22,36,0.13972602739726028
^SPX,2026-02-24 16:15:00,SPX,2026-04-17,6475.0,C,0.0,0.0,0.0,0.0,0,2,504.5,2,506.7,6852.66,6913.22,190,0.13972602739726028
^SPX,2026-02-24 16:15:00,SPX,2026-04-17,6480.0,C,0.0,0.0,0.0,0.0,0,2,500.2,2,502.5,6852.66,6913.22,8,0.13972602739726028
^SPX,2026-02-24 16:15:00,SPX,2026-04-17,6485.0,C,0.0,0.0,0.0,0.0,0,2,495.8,2,498.0,6852.66,6913.22,2,0.13972602739726028
^SPX,2026-02-24 16:15:00,SPX,2026-04-17,6490.0,C,0.0,0.0,0.0,0.0,0,2,491.6,2,493.7,6852.66,6913.22,2,0.13972602739726028
^SPX,2026-02-24 16:15:00,SPX,2026-04-17,6495.0,C,0.0,0.0,0.0,0.0,0,2,487.2,2,489.4,6852.66,6913.22,3,0.13972602739726028
^SPX,2026-02-24 16:15:00,SPX,2026-04-17,6500.0,C,484.91,486.33,481.64,481.64,52,2,483.1,2,484.9,6852.66,6913.22,1568,0.13972602739726028
^SPX,2026-02-24 16:15:00,SPX,2026-04-17,6505.0,C,0.0,0.0,0.0,0.0,0,2,478.7,2,480.8,6852.66,6913.22,3,0.13972602739726028
^SPX,2026-02-24 16:15:00,SPX,2026-04-17,6510.0,C,0.0,0.0,0.0,0.0,0,2,474.5,2,476.5,6852.66,6913.22,19,0.13972602739726028
^SPX,2026-02-24 16:15:00,SPX,2026-04-17,6515.0,C,0.0,0.0,0.0,0.0,0,2,470.1,2,472.3,6852.66,6913.22,1,0.13972602739726028
^SPX,2026-02-24 16:15:00,SPX,2026-04-17,6520.0,C,0.0,0.0,0.0,0.0,0,2,465.9,2,468.0,6852.66,6913.22,2,0.13972602739726028
^SPX,2026-02-24 16:15:00,SPX,2026-04-17,6525.0,C,462.12,462.12,462.12,462.12,1,2,461.6,2,463.8,6852.66,6913.22,182,0.13972602739726028
^SPX,2026-02-24 16:15:00,SPX,2026-04-17,6530.0,C,0.0,0.0,0.0,0.0,0,2,457.4,2,459.5,6852.66,6913.22,9,0.13972602739726028
^SPX,2026-02-24 16:15:00,SPX,2026-04-17,6535.0,C,0.0,0.0,0.0,0.0,0,2,453.1,2,455.3,6852.66,6913.22,0,0.13972602739726028
^SPX,2026-02-24 16:15:00,SPX,2026-04-17,6540.0,C,0.0,0.0,0.0,0.0,0,2,448.9,2,451.0,6852.66,6913.22,204,0.13972602739726028
^SPX,2026-02-24 16:15:00,SPX,2026-04-17,6545.0,C,0.0,0.0,0.0,0.0,0,2,444.8,2,446.8,6852.66,6913.22,0,0.13972602739726028
^SPX,2026-02-24 16:15:00,SPX,2026-04-17,6550.0,C,0.0,0.0,0.0,0.0,0,2,440.7,2,442.4,6852.66,6913.22,619,0.13972602739726028
^SPX,2026-02-24 16:15:00,SPX,2026-04-17,6555.0,C,0.0,0.0,0.0,0.0,0,2,436.3,2,438.5,6852.66,6913.22,2,0.13972602739726028
^SPX,2026-02-24 16:15:00,SPX,2026-04-17,6560.0,C,432.34,432.34,432.34,432.34,1,2,432.2,2,434.3,6852.66,6913.22,6,0.13972602739726028
^SPX,2026-02-24 16:15:00,SPX,2026-04-17,6565.0,C,0.0,0.0,0.0,0.0,0,2,428.0,2,430.1,6852.66,6913.22,3,0.13972602739726028
^SPX,2026-02-24 16:15:00,SPX,2026-04-17,6570.0,C,0.0,0.0,0.0,0.0,0,2,423.7,2,425.8,6852.66,6913.22,3,0.13972602739726028
^SPX,2026-02-24 16:15:00,SPX,2026-04-17,6575.0,C,0.0,0.0,0.0,0.0,0,2,419.5,2,421.6,6852.66,6913.22,158,0.13972602739726028
^SPX,2026-02-24 16:15:00,SPX,2026-04-17,6580.0,C,0.0,0.0,0.0,0.0,0,2,415.5,2,417.4,6852.66,6913.22,50,0.13972602739726028
^SPX,2026-02-24 16:15:00,SPX,2026-04-17,6585.0,C,0.0,0.0,0.0,0.0,0,2,411.2,2,413.3,6852.66,6913.22,0,0.13972602739726028
^SPX,2026-02-24 16:15:00,SPX,2026-04-17,6590.0,C,0.0,0.0,0.0,0.0,0,2,407.2,2,409.1,6852.66,6913.22,17,0.13972602739726028
^SPX,2026-02-24 16:15:00,SPX,2026-04-17,6595.0,C,0.0,0.0,0.0,0.0,0,2,403.0,2,405.0,6852.66,6913.22,1,0.13972602739726028
^SPX,2026-02-24 16:15:00,SPX,2026-04-17,6600.0,C,374.9,382.6,374.9,382.6,20,2,399.0,2,400.7,6852.66,6913.22,2351,0.13972602739726028
^SPX,2026-02-24 16:15:00,SPX,2026-04-17,6605.0,C,0.0,0.0,0.0,0.0,0,3,395.0,1,396.3,6852.66,6913.22,5,0.13972602739726028
^SPX,2026-02-24 16:15:00,SPX,2026-04-17,6610.0,C,0.0,0.0,0.0,0.0,0,1,390.9,9,392.2,6852.66,6913.22,8,0.13972602739726028
^SPX,2026-02-24 16:15:00,SPX,2026-04-17,6615.0,C,0.0,0.0,0.0,0.0,0,1,386.8,1,388.1,6852.66,6913.22,5,0.13972602739726028
^SPX,2026-02-24 16:15:00,SPX,2026-04-17,6620.0,C,0.0,0.0,0.0,0.0,0,3,382.7,9,384.0,6852.66,6913.22,9,0.13972602739726028
^SPX,2026-02-24 16:15:00,SPX,2026-04-17,6625.0,C,0.0,0.0,0.0,0.0,0,1,378.6,1,379.9,6852.66,6913.22,89,0.13972602739726028
^SPX,2026-02-24 16:15:00,SPX,2026-04-17,6630.0,C,0.0,0.0,0.0,0.0,0,1,374.6,1,375.8,6852.66,6913.22,20,0.13972602739726028
^SPX,2026-02-24 16:15:00,SPX,2026-04-17,6635.0,C,0.0,0.0,0.0,0.0,0,1,370.5,1,371.8,6852.66,6913.22,7,0.13972602739726028
^SPX,2026-02-24 16:15:00,SPX,2026-04-17,6640.0,C,0.0,0.0,0.0,0.0,0,1,366.5,1,367.7,6852.66,6913.22,6,0.13972602739726028
^SPX,2026-02-24 16:15:00,SPX,2026-04-17,6645.0,C,0.0,0.0,0.0,0.0,0,1,362.4,1,363.7,6852.66,6913.22,10,0.13972602739726028
^SPX,2026-02-24 16:15:00,SPX,2026-04-17,6650.0,C,0.0,0.0,0.0,0.0,0,1,358.4,1,359.7,6852.66,6913.22,530,0.13972602739726028
^SPX,2026-02-24 16:15:00,SPX,2026-04-17,6655.0,C,0.0,0.0,0.0,0.0,0,1,354.4,1,355.6,6852.66,6913.22,3,0.13972602739726028
^SPX,2026-02-24 16:15:00,SPX,2026-04-17,6660.0,C,0.0,0.0,0.0,0.0,0,3,350.4,1,351.6,6852.66,6913.22,4,0.13972602739726028
^SPX,2026-02-24 16:15:00,SPX,2026-04-17,6665.0,C,0.0,0.0,0.0,0.0,0,1,346.4,1,347.6,6852.66,6913.22,20,0.13972602739726028
^SPX,2026-02-24 16:15:00,SPX,2026-04-17,6670.0,C,0.0,0.0,0.0,0.0,0,3,342.4,1,343.6,6852.66,6913.22,16,0.13972602739726028
^SPX,2026-02-24 16:15:00,SPX,2026-04-17,6675.0,C,331.37,331.37,331.37,331.37,2,1,338.4,1,339.7,6852.66,6913.22,569,0.13972602739726028
^SPX,2026-02-24 16:15:00,SPX,2026-04-17,6680.0,C,0.0,0.0,0.0,0.0,0,13,334.4,10,335.7,6852.66,6913.22,51,0.13972602739726028
^SPX,2026-02-24 16:15:00,SPX,2026-04-17,6685.0,C,332.7,332.7,332.7,332.7,2,1,330.5,1,331.8,6852.66,6913.22,9,0.13972602739726028
^SPX,2026-02-24 16:15:00,SPX,2026-04-17,6690.0,C,0.0,0.0,0.0,0.0,0,14,326.5,10,327.8,6852.66,6913.22,27,0.13972602739726028
^SPX,2026-02-24 16:15:00,SPX,2026-04-17,6695.0,C,0.0,0.0,0.0,0.0,0,1,322.6,1,323.9,6852.66,6913.22,4,0.13972602739726028
^SPX,2026-02-24 16:15:00,SPX,2026-04-17,6700.0,C,301.0,317.0,290.0,312.25,11,2,318.8,10,320.0,6852.66,6913.22,1730,0.13972602739726028
^SPX,2026-02-24 16:15:00,SPX,2026-04-17,6705.0,C,0.0,0.0,0.0,0.0,0,3,314.8,1,316.1,6852.66,6913.22,10,0.13972602739726028
^SPX,2026-02-24 16:15:00,SPX,2026-04-17,6710.0,C,313.1,313.1,313.1,313.1,1,13,310.9,10,312.2,6852.66,6913.22,24,0.13972602739726028
^SPX,2026-02-24 16:15:00,SPX,2026-04-17,6715.0,C,0.0,0.0,0.0,0.0,0,1,307.0,1,308.3,6852.66,6913.22,12,0.13972602739726028
^SPX,2026-02-24 16:15:00,SPX,2026-04-17,6720.0,C,0.0,0.0,0.0,0.0,0,2,303.2,10,304.4,6852.66,6913.22,16,0.13972602739726028
^SPX,2026-02-24 16:15:00,SPX,2026-04-17,6725.0,C,301.6,301.6,301.6,301.6,1,15,299.3,10,300.6,6852.66,6913.22,407,0.13972602739726028
^SPX,2026-02-24 16:15:00,SPX,2026-04-17,6730.0,C,0.0,0.0,0.0,0.0,0,25,295.4,10,296.7,6852.66,6913.22,6,0.13972602739726028
^SPX,2026-02-24 16:15:00,SPX,2026-04-17,6735.0,C,0.0,0.0,0.0,0.0,0,2,291.7,1,292.9,6852.66,6913.22,15,0.13972602739726028
^SPX,2026-02-24 16:15:00,SPX,2026-04-17,6740.0,C,0.0,0.0,0.0,0.0,0,14,287.8,10,289.1,6852.66,6913.22,285,0.13972602739726028
^SPX,2026-02-24 16:15:00,SPX,2026-04-17,6745.0,C,0.0,0.0,0.0,0.0,0,1,284.0,1,285.3,6852.66,6913.22,2,0.13972602739726028
^SPX,2026-02-24 16:15:00,SPX,2026-04-17,6750.0,C,250.44,250.44,250.44,250.44,10,2,280.4,16,281.5,6852.66,6913.22,2032,0.13972602739726028
^SPX,2026-02-24 16:15:00,SPX,2026-04-17,6755.0,C,0.0,0.0,0.0,0.0,0,1,276.4,1,277.7,6852.66,6913.22,17,0.13972602739726028
^SPX,2026-02-24 16:15:00,SPX,2026-04-17,6760.0,C,274.8,274.8,274.8,274.8,3,14,272.7,10,274.0,6852.66,6913.22,19,0.13972602739726028
^SPX,2026-02-24 16:15:00,SPX,2026-04-17,6765.0,C,0.0,0.0,0.0,0.0,0,9,269.1,10,270.2,6852.66,6913.22,5,0.13972602739726028
^SPX,2026-02-24 16:15:00,SPX,2026-04-17,6770.0,C,265.33,265.33,265.33,265.33,1,9,265.3,9,266.4,6852.66,6913.22,301,0.13972602739726028
^SPX,2026-02-24 16:15:00,SPX,2026-04-17,6775.0,C,0.0,0.0,0.0,0.0,0,9,261.6,16,262.7,6852.66,6913.22,59,0.13972602739726028
^SPX,2026-02-24 16:15:00,SPX,2026-04-17,6780.0,C,0.0,0.0,0.0,0.0,0,10,257.9,17,259.0,6852.66,6913.22,343,0.13972602739726028
^SPX,2026-02-24 16:15:00,SPX,2026-04-17,6785.0,C,0.0,0.0,0.0,0.0,0,10,254.2,10,255.3,6852.66,6913.22,18,0.13972602739726028
^SPX,2026-02-24 16:15:00,SPX,2026-04-17,6790.0,C,0.0,0.0,0.0,0.0,0,10,250.6,10,251.6,6852.66,6913.22,55,0.13972602739726028
^SPX,2026-02-24 16:15:00,SPX,2026-04-17,6795.0,C,248.8,248.8,248.8,248.8,1,10,246.9,10,248.0,6852.66,6913.22,35,0.13972602739726028
^SPX,2026-02-24 16:15:00,SPX,2026-04-17,6800.0,C,243.27,243.27,243.27,243.27,1,2,243.4,25,244.4,6852.66,6913.22,4268,0.13972602739726028
^SPX,2026-02-24 16:15:00,SPX,2026-04-17,6805.0,C,0.0,0.0,0.0,0.0,0,11,239.7,11,240.7,6852.66,6913.22,16,0.13972602739726028
^SPX,2026-02-24 16:15:00,SPX,2026-04-17,6810.0,C,0.0,0.0,0.0,0.0,0,11,236.1,11,237.1,6852.66,6913.22,104,0.13972602739726028
^SPX,2026-02-24 16:15:00,SPX,2026-04-17,6815.0,C,0.0,0.0,0.0,0.0,0,12,232.5,11,233.5,6852.66,6913.22,29,0.13972602739726028
^SPX,2026-02-24 16:15:00,SPX,2026-04-17,6820.0,C,222.8,222.8,222.8,222.8,1,19,228.9,19,230.0,6852.66,6913.22,21,0.13972602739726028
^SPX,2026-02-24 16:15:00,SPX,2026-04-17,6825.0,C,214.5,225.0,214.5,225.0,8,12,225.4,19,226.4,6852.66,6913.22,165,0.13972602739726028
^SPX,2026-02-24 16:15:00,SPX,2026-04-17,6830.0,C,215.0,215.0,215.0,215.0,1,24,221.8,19,222.9,6852.66,6913.22,79,0.13972602739726028
^SPX,2026-02-24 16:15:00,SPX,2026-04-17,6835.0,C,219.9,219.9,219.9,219.9,2,11,218.3,11,219.4,6852.66,6913.22,54,0.13972602739726028
^SPX,2026-02-24 16:15:00,SPX,2026-04-17,6840.0,C,187.71,215.83,187.63,215.83,10,15,214.8,20,215.9,6852.66,6913.22,241,0.13972602739726028
^SPX,2026-02-24 16:15:00,SPX,2026-04-17,6845.0,C,0.0,0.0,0.0,0.0,0,3,211.4,11,212.4,6852.66,6913.22,24,0.13972602739726028
^SPX,2026-02-24 16:15:00,SPX,2026-04-17,6850.0,C,179.5,199.86,179.5,199.86,396,2,208.0,26,208.9,6852.66,6913.22,3740,0.13972602739726028
^SPX,2026-02-24 16:15:00,SPX,2026-04-17,6855.0,C,192.1,205.7,184.0,205.7,12,9,204.5,18,205.5,6852.66,6913.22,176,0.13972602739726028
^SPX,2026-02-24 16:15:00,SPX,2026-04-17,6860.0,C,199.9,202.3,199.9,202.3,5,3,201.1,20,202.1,6852.66,6913.22,401,0.13972602739726028
^SPX,2026-02-24 16:15:00,SPX,2026-04-17,6865.0,C,198.6,198.9,196.5,198.9,5,3,197.7,12,198.7,6852.66,6913.22,110,0.13972602739726028
^SPX,2026-02-24 16:15:00,SPX,2026-04-17,6870.0,C,165.2,194.22,164.6,193.7,11,2,194.3,21,195.3,6852.66,6913.22,341,0.13972602739726028
^SPX,2026-02-24 16:15:00,SPX,2026-04-17,6875.0,C,161.3,192.1,161.3,192.1,131,8,191.0,27,191.9,6852.66,6913.22,1087,0.13972602739726028
^SPX,2026-02-24 16:15:00,SPX,2026-04-17,6880.0,C,168.6,188.8,167.9,188.7,43,8,187.7,28,188.6,6852.66,6913.22,203,0.13972602739726028
^SPX,2026-02-24 16:15:00,SPX,2026-04-17,6885.0,C,185.3,185.5,185.3,185.4,7,2,184.3,13,185.3,6852.66,6913.22,190,0.13972602739726028
^SPX,2026-02-24 16:15:00,SPX,2026-04-17,6890.0,C,176.34,181.3,176.34,179.9,60,11,181.1,33,182.0,6852.66,6913.22,288,0.13972602739726028
^SPX,2026-02-24 16:15:00,SPX,2026-04-17,6895.0,C,162.2,181.6,162.2,178.8,42,12,177.8,22,178.7,6852.66,6913.22,466,0.13972602739726028
^SPX,2026-02-24 16:15:00,SPX,2026-04-17,6900.0,C,164.4,177.4,158.5,174.89,1289,14,174.6,38,175.5,6852.66,6913.22,5721,0.13972602739726028
^SPX,2026-02-24 16:15:00,SPX,2026-04-17,6905.0,C,155.9,170.3,150.9,170.3,40,12,171.4,26,172.3,6852.66,6913.22,518,0.13972602739726028
^SPX,2026-02-24 16:15:00,SPX,2026-04-17,6910.0,C,144.72,168.96,144.66,168.9,24,12,168.2,34,169.1,6852.66,6913.22,319,0.13972602739726028
^SPX,2026-02-24 16:15:00,SPX,2026-04-17,6915.0,C,149.8,167.2,149.8,162.1,8,18,164.8,18,166.1,6852.66,6913.22,228,0.13972602739726028
^SPX,2026-02-24 16:15:00,SPX,2026-04-17,6920.0,C,157.9,165.6,155.3,160.4,51,12,161.9,34,162.8,6852.66,6913.22,637,0.13972602739726028
^SPX,2026-02-24 16:15:00,SPX,2026-04-17,6925.0,C,137.35,163.25,137.35,160.1,319,13,158.7,37,159.6,6852.66,6913.22,1271,0.13972602739726028
^SPX,2026-02-24 16:15:00,SPX,2026-04-17,6930.0,C,155.4,158.6,152.7,156.9,86,13,155.6,38,156.5,6852.66,6913.22,179,0.13972602739726028
^SPX,2026-02-24 16:15:00,SPX,2026-04-17,6935.0,C,145.78,153.9,145.78,153.9,7,7,152.5,17,153.6,6852.66,6913.22,29,0.13972602739726028
^SPX,2026-02-24 16:15:00,SPX,2026-04-17,6940.0,C,142.83,150.7,142.83,150.3,14,18,149.3,29,150.4,6852.66,6913.22,196,0.13972602739726028
^SPX,2026-02-24 16:15:00,SPX,2026-04-17,6945.0,C,147.42,147.42,143.5,145.1,5,18,146.3,17,147.4,6852.66,6913.22,141,0.13972602739726028
^SPX,2026-02-24 16:15:00,SPX,2026-04-17,6950.0,C,123.44,146.1,123.44,146.1,352,12,143.5,38,144.4,6852.66,6913.22,4617,0.13972602739726028
^SPX,2026-02-24 16:15:00,SPX,2026-04-17,6955.0,C,139.3,139.3,139.1,139.1,4,6,140.4,17,141.5,6852.66,6913.22,79,0.13972602739726028
^SPX,2026-02-24 16:15:00,SPX,2026-04-17,6960.0,C,138.6,138.6,135.4,136.9,9,1,137.5,28,138.5,6852.66,6913.22,432,0.13972602739726028
^SPX,2026-02-24 16:15:00,SPX,2026-04-17,6965.0,C,136.63,136.63,133.4,134.1,130,13,134.6,18,135.7,6852.66,6913.22,357,0.13972602739726028
^SPX,2026-02-24 16:15:00,SPX,2026-04-17,6970.0,C,126.42,133.73,126.42,130.6,75,14,131.7,38,132.6,6852.66,6913.22,376,0.13972602739726028
^SPX,2026-02-24 16:15:00,SPX,2026-04-17,6975.0,C,129.48,129.6,126.7,129.6,44,13,128.9,40,129.8,6852.66,6913.22,1628,0.13972602739726028
^SPX,2026-02-24 16:15:00,SPX,2026-04-17,6980.0,C,106.78,126.9,106.74,126.6,22,14,126.0,41,127.0,6852.66,6913.22,212,0.13972602739726028
^SPX,2026-02-24 16:15:00,SPX,2026-04-17,6985.0,C,117.41,124.85,117.41,124.85,9,1,123.2,19,124.2,6852.66,6913.22,209,0.13972602739726028
^SPX,2026-02-24 16:15:00,SPX,2026-04-17,6990.0,C,121.2,122.1,120.9,122.1,44,25,120.3,41,121.3,6852.66,6913.22,91,0.13972602739726028
^SPX,2026-02-24 16:15:00,SPX,2026-04-17,6995.0,C,112.0,118.01,112.0,118.01,5,8,117.7,19,118.7,6852.66,6913.22,166,0.13972602739726028
^SPX,2026-02-24 16:15:00,SPX,2026-04-17,7000.0,C,95.0,116.34,95.0,112.9,3686,1,115.0,41,115.9,6852.66,6913.22,136837,0.13972602739726028
^SPX,2026-02-24 16:15:00,SPX,2026-04-17,7005.0,C,106.5,114.04,106.5,112.8,11,1,112.3,19,113.3,6852.66,6913.22,207,0.13972602739726028
^SPX,2026-02-24 16:15:00,SPX,2026-04-17,7010.0,C,95.19,110.5,95.19,109.0,62,17,109.6,44,110.5,6852.66,6913.22,192,0.13972602739726028
^SPX,2026-02-24 16:15:00,SPX,2026-04-17,7015.0,C,107.7,107.7,106.22,107.6,21,18,107.0,30,108.0,6852.66,6913.22,237,0.13972602739726028
^SPX,2026-02-24 16:15:00,SPX,2026-04-17,7020.0,C,105.9,105.9,105.0,105.0,11,20,104.3,34,105.3,6852.66,6913.22,424,0.13972602739726028
^SPX,2026-02-24 16:15:00,SPX,2026-04-17,7025.0,C,96.23,102.4,96.23,102.3,13,19,101.9,44,102.8,6852.66,6913.22,1689,0.13972602739726028
^SPX,2026-02-24 16:15:00,SPX,2026-04-17,7030.0,C,100.7,100.7,97.57,97.57,16,12,99.3,34,100.3,6852.66,6913.22,538,0.13972602739726028
^SPX,2026-02-24 16:15:00,SPX,2026-04-17,7035.0,C,96.3,97.4,96.3,97.4,3,10,96.9,22,98.0,6852.66,6913.22,150,0.13972602739726028
^SPX,2026-02-24 16:15:00,SPX,2026-04-17,7040.0,C,81.61,94.9,81.61,94.9,18,20,94.4,40,95.4,6852.66,6913.22,282,0.13972602739726028
^SPX,2026-02-24 16:15:00,SPX,2026-04-17,7045.0,C,92.5,92.5,90.37,90.37,6,10,92.0,23,93.1,6852.66,6913.22,114,0.13972602739726028
^SPX,2026-02-24 16:15:00,SPX,2026-04-17,7050.0,C,79.15,91.5,79.15,91.02,33,23,89.6,44,90.6,6852.66,6913.22,8664,0.13972602739726028
^SPX,2026-02-24 16:15:00,SPX,2026-04-17,7055.0,C,77.05,88.67,77.05,88.67,93,10,87.3,23,88.3,6852.66,6913.22,186,0.13972602739726028
^SPX,2026-02-24 16:15:00,SPX,2026-04-17,7060.0,C,79.55,87.4,79.55,86.0,36,91,84.7,46,85.8,6852.66,6913.22,99,0.13972602739726028
^SPX,2026-02-24 16:15:00,SPX,2026-04-17,7065.0,C,82.3,82.63,82.3,82.63,2,10,82.7,24,83.7,6852.66,6913.22,152,0.13972602739726028
^SPX,2026-02-24 16:15:00,SPX,2026-04-17,7070.0,C,75.3,80.7,75.3,80.7,17,37,80.4,48,81.4,6852.66,6913.22,233,0.13972602739726028
^SPX,2026-02-24 16:15:00,SPX,2026-04-17,7075.0,C,78.42,78.5,78.42,78.5,5,39,78.2,45,79.1,6852.66,6913.22,953,0.13972602739726028
^SPX,2026-02-24 16:15:00,SPX,2026-04-17,7080.0,C,73.8,73.8,73.8,73.8,4,25,76.0,35,77.0,6852.66,6913.22,544,0.13972602739726028
^SPX,2026-02-24 16:15:00,SPX,2026-04-17,7085.0,C,63.48,74.0,63.48,71.8,10,35,73.9,25,74.9,6852.66,6913.22,153,0.13972602739726028
^SPX,2026-02-24 16:15:00,SPX,2026-04-17,7090.0,C,61.63,72.3,61.63,69.8,14,45,71.8,55,72.7,6852.66,6913.22,85,0.13972602739726028
^SPX,2026-02-24 16:15:00,SPX,2026-04-17,7095.0,C,68.0,68.0,67.9,67.9,4,45,69.7,35,70.7,6852.66,6913.22,27,0.13972602739726028
^SPX,2026-02-24 16:15:00,SPX,2026-04-17,7100.0,C,57.82,68.58,55.54,68.3,1605,10,67.8,79,68.6,6852.66,6913.22,9549,0.13972602739726028
^SPX,2026-02-24 16:15:00,SPX,2026-04-17,7105.0,C,62.79,66.1,62.79,66.0,9,46,65.7,36,66.7,6852.66,6913.22,127,0.13972602739726028
^SPX,2026-02-24 16:15:00,SPX,2026-04-17,7110.0,C,59.29,64.2,59.29,62.2,20,49,63.8,91,64.6,6852.66,6913.22,201,0.13972602739726028
^SPX,2026-02-24 16:15:00,SPX,2026-04-17,7115.0,C,50.3,62.1,50.2,62.1,65,45,61.9,69,62.7,6852.66,6913.22,105,0.13972602739726028
^SPX,2026-02-24 16:15:00,SPX,2026-04-17,7120.0,C,48.7,60.4,48.4,59.5,28,70,60.0,93,60.8,6852.66,6913.22,520,0.13972602739726028
^SPX,2026-02-24 16:15:00,SPX,2026-04-17,7125.0,C,50.1,59.25,50.1,58.3,353,85,58.1,107,59.0,6852.66,6913.22,752,0.13972602739726028
^SPX,2026-02-24 16:15:00,SPX,2026-04-17,7130.0,C,48.6,57.45,48.6,56.6,40,34,56.5,103,57.2,6852.66,6913.22,251,0.13972602739726028
^SPX,2026-02-24 16:15:00,SPX,2026-04-17,7135.0,C,48.3,54.7,46.2,54.7,24,81,54.6,64,55.4,6852.66,6913.22,213,0.13972602739726028
^SPX,2026-02-24 16:15:00,SPX,2026-04-17,7140.0,C,53.3,53.3,51.7,51.7,9,60,52.8,72,53.7,6852.66,6913.22,557,0.13972602739726028
^SPX,2026-02-24 16:15:00,SPX,2026-04-17,7145.0,C,49.27,52.1,47.6,51.4,23,61,51.2,91,52.1,6852.66,6913.22,316,0.13972602739726028
^SPX,2026-02-24 16:15:00,SPX,2026-04-17,7150.0,C,42.8,51.33,42.8,49.84,1893,87,49.5,103,50.3,6852.66,6913.22,7340,0.13972602739726028
^SPX,2026-02-24 16:15:00,SPX,2026-04-17,7155.0,C,47.36,49.37,46.9,48.3,103,88,47.9,121,48.8,6852.66,6913.22,220,0.13972602739726028
^SPX,2026-02-24 16:15:00,SPX,2026-04-17,7160.0,C,42.95,48.11,42.95,46.65,97,91,46.3,72,47.0,6852.66,6913.22,321,0.13972602739726028
^SPX,2026-02-24 16:15:00,SPX,2026-04-17,7170.0,C,42.88,43.5,42.4,43.4,7,56,43.3,81,44.1,6852.66,6913.22,682,0.13972602739726028
^SPX,2026-02-24 16:15:00,SPX,2026-04-17,7175.0,C,36.7,42.32,36.7,42.0,16,92,41.8,113,42.6,6852.66,6913.22,1959,0.13972602739726028
^SPX,2026-02-24 16:15:00,SPX,2026-04-17,7180.0,C,38.72,40.92,38.14,40.5,9,55,40.4,85,41.1,6852.66,6913.22,222,0.13972602739726028
^SPX,2026-02-24 16:15:00,SPX,2026-04-17,7190.0,C,34.69,38.5,33.05,36.8,275,104,37.6,122,38.4,6852.66,6913.22,391,0.13972602739726028
^SPX,2026-02-24 16:15:00,SPX,2026-04-17,7200.0,C,33.22,35.98,30.3,35.48,1039,108,35.0,119,35.7,6852.66,6913.22,10356,0.13972602739726028
^SPX,2026-02-24 16:15:00,SPX,2026-04-17,7210.0,C,30.92,32.7,28.2,32.7,13,120,32.5,74,33.2,6852.66,6913.22,174,0.13972602739726028
^SPX,2026-02-24 16:15:00,SPX,2026-04-17,7220.0,C,31.39,31.39,29.6,29.6,2,76,30.2,134,31.0,6852.66,6913.22,246,0.13972602739726028
^SPX,2026-02-24 16:15:00,SPX,2026-04-17,7225.0,C,24.39,30.3,24.39,30.3,96,103,29.1,129,29.8,6852.66,6913.22,2291,0.13972602739726028
^SPX,2026-02-24 16:15:00,SPX,2026-04-17,7230.0,C,23.5,28.8,23.5,28.1,55,129,28.0,129,28.7,6852.66,6913.22,362,0.13972602739726028
^SPX,2026-02-24 16:15:00,SPX,2026-04-17,7240.0,C,27.0,27.0,25.55,26.38,87,114,26.0,131,26.6,6852.66,6913.22,616,0.13972602739726028
^SPX,2026-02-24 16:15:00,SPX,2026-04-17,7250.0,C,19.7,25.0,19.7,24.29,1193,468,24.0,82,24.6,6852.66,6913.22,7306,0.13972602739726028
^SPX,2026-02-24 16:15:00,SPX,2026-04-17,7260.0,C,20.7,22.65,20.41,22.65,23,62,22.3,153,22.9,6852.66,6913.22,687,0.13972602739726028
^SPX,2026-02-24 16:15:00,SPX,2026-04-17,7270.0,C,19.15,20.85,19.15,20.85,10,64,20.6,73,21.1,6852.66,6913.22,338,0.13972602739726028
^SPX,2026-02-24 16:15:00,SPX,2026-04-17,7275.0,C,18.78,20.5,18.66,20.05,883,95,19.8,332,20.4,6852.66,6913.22,3503,0.13972602739726028
^SPX,2026-02-24 16:15:00,SPX,2026-04-17,7280.0,C,18.7,19.0,18.7,19.0,5,94,19.0,224,19.6,6852.66,6913.22,95,0.13972602739726028
^SPX,2026-02-24 16:15:00,SPX,2026-04-17,7290.0,C,17.0,18.35,17.0,17.89,5,194,17.5,116,18.0,6852.66,6913.22,81,0.13972602739726028
^SPX,2026-02-24 16:15:00,SPX,2026-04-17,7300.0,C,13.49,16.9,13.35,16.35,67,143,16.2,135,16.6,6852.66,6913.22,6960,0.13972602739726028
^SPX,2026-02-24 16:15:00,SPX,2026-04-17,7310.0,C,14.5,15.25,14.5,15.2,4,216,14.9,96,15.3,6852.66,6913.22,474,0.13972602739726028
^SPX,2026-02-24 16:15:00,SPX,2026-04-17,7320.0,C,0.0,0.0,0.0,0.0,0,299,13.7,188,14.2,6852.66,6913.22,589,0.13972602739726028
^SPX,2026-02-24 16:15:00,SPX,2026-04-17,7325.0,C,12.21,13.7,12.21,13.45,45,421,13.2,247,13.6,6852.66,6913.22,3978,0.13972602739726028
^SPX,2026-02-24 16:15:00,SPX,2026-04-17,7330.0,C,12.0,12.81,12.0,12.61,14,381,12.6,302,13.1,6852.66,6913.22,306,0.13972602739726028
^SPX,2026-02-24 16:15:00,SPX,2026-04-17,7340.0,C,10.5,12.3,10.5,12.3,4,430,11.6,283,12.1,6852.66,6913.22,258,0.13972602739726028
^SPX,2026-02-24 16:15:00,SPX,2026-04-17,7350.0,C,9.01,10.95,9.01,10.9,8,609,10.7,273,11.1,6852.66,6913.22,4133,0.13972602739726028
^SPX,2026-02-24 16:15:00,SPX,2026-04-17,7360.0,C,8.4,8.4,8.4,8.4,1,131,9.9,316,10.3,6852.66,6913.22,148,0.13972602739726028
^SPX,2026-02-24 16:15:00,SPX,2026-04-17,7370.0,C,0.0,0.0,0.0,0.0,0,326,9.1,312,9.5,6852.66,6913.22,42,0.13972602739726028
^SPX,2026-02-24 16:15:00,SPX,2026-04-17,7375.0,C,8.62,9.0,8.51,8.89,792,934,8.7,387,9.1,6852.66,6913.22,882,0.13972602739726028
^SPX,2026-02-24 16:15:00,SPX,2026-04-17,7380.0,C,0.0,0.0,0.0,0.0,0,222,8.4,408,8.8,6852.66,6913.22,287,0.13972602739726028
^SPX,2026-02-24 16:15:00,SPX,2026-04-17,7390.0,C,7.48,8.1,7.48,8.1,23,665,7.7,336,8.1,6852.66,6913.22,158,0.13972602739726028
^SPX,2026-02-24 16:15:00,SPX,2026-04-17,7400.0,C,7.0,7.5,6.8,7.5,1140,932,7.1,638,7.5,6852.66,6913.22,9235,0.13972602739726028
^SPX,2026-02-24 16:15:00,SPX,2026-04-17,7410.0,C,6.57,6.9,6.57,6.9,34,291,6.6,811,7.0,6852.66,6913.22,541,0.13972602739726028
^SPX,2026-02-24 16:15:00,SPX,2026-04-17,7420.0,C,5.89,6.5,5.67,6.4,216,321,6.1,570,6.4,6852.66,6913.22,407,0.13972602739726028
^SPX,2026-02-24 16:15:00,SPX,2026-04-17,7425.0,C,5.1,6.2,5.1,6.15,69,1100,5.8,571,6.2,6852.66,6913.22,3380,0.13972602739726028
^SPX,2026-02-24 16:15:00,SPX,2026-04-17,7430.0,C,5.9,5.9,5.8,5.9,70,701,5.6,166,5.9,6852.66,6913.22,225,0.13972602739726028
^SPX,2026-02-24 16:15:00,SPX,2026-04-17,7440.0,C,4.98,5.5,4.98,5.5,29,335,5.2,882,5.6,6852.66,6913.22,250,0.13972602739726028
^SPX,2026-02-24 16:15:00,SPX,2026-04-17,7450.0,C,4.26,5.1,4.26,5.0,1023,765,4.8,308,5.1,6852.66,6913.22,2911,0.13972602739726028
^SPX,2026-02-24 16:15:00,SPX,2026-04-17,7460.0,C,4.13,4.8,4.13,4.7,26,167,4.5,611,4.8,6852.66,6913.22,219,0.13972602739726028
^SPX,2026-02-24 16:15:00,SPX,2026-04-17,7470.0,C,3.98,4.2,3.98,4.2,3,1002,4.1,656,4.5,6852.66,6913.22,164,0.13972602739726028
^SPX,2026-02-24 16:15:00,SPX,2026-04-17,7475.0,C,5.4,5.4,4.05,4.07,81,402,4.0,458,4.3,6852.66,6913.22,284,0.13972602739726028
^SPX,2026-02-24 16:15:00,SPX,2026-04-17,7480.0,C,3.85,3.85,3.85,3.85,1,997,3.8,678,4.2,6852.66,6913.22,162,0.13972602739726028
^SPX,2026-02-24 16:15:00,SPX,2026-04-17,7490.0,C,0.0,0.0,0.0,0.0,0,316,3.6,644,3.9,6852.66,6913.22,78,0.13972602739726028
^SPX,2026-02-24 16:15:00,SPX,2026-04-17,7500.0,C,2.95,4.8,2.95,3.5,88,1175,3.3,544,3.6,6852.66,6913.22,4323,0.13972602739726028
^SPX,2026-02-24 16:15:00,SPX,2026-04-17,7525.0,C,2.84,3.1,2.84,2.98,819,893,2.8,1134,3.1,6852.66,6913.22,943,0.13972602739726028
^SPX,2026-02-24 16:15:00,SPX,2026-04-17,7550.0,C,2.35,2.35,2.35,2.35,1,445,2.4,691,2.6,6852.66,6913.22,1102,0.13972602739726028
^SPX,2026-02-24 16:15:00,SPX,2026-04-17,7575.0,C,2.05,2.05,2.05,2.05,6,311,2.05,748,2.25,6852.66,6913.22,927,0.13972602739726028
^SPX,2026-02-24 16:15:00,SPX,2026-04-17,7600.0,C,1.65,1.76,1.65,1.75,1021,313,1.75,848,1.95,6852.66,6913.22,3093,0.13972602739726028
^SPX,2026-02-24 16:15:00,SPX,2026-04-17,7625.0,C,1.49,1.49,1.49,1.49,3,323,1.5,984,1.7,6852.66,6913.22,961,0.13972602739726028
^SPX,2026-02-24 16:15:00,SPX,2026-04-17,7650.0,C,0.0,0.0,0.0,0.0,0,273,1.3,1240,1.5,6852.66,6913.22,1932,0.13972602739726028
^SPX,2026-02-24 16:15:00,SPX,2026-04-17,7675.0,C,1.1,1.14,1.1,1.14,11,232,1.15,652,1.3,6852.66,6913.22,2365,0.13972602739726028
^SPX,2026-02-24 16:15:00,SPX,2026-04-17,7700.0,C,1.05,1.07,1.05,1.07,21,134,1.0,514,1.15,6852.66,6913.22,6983,0.13972602739726028
^SPX,2026-02-24 16:15:00,SPX,2026-04-17,7725.0,C,0.95,1.0,0.9,1.0,38,307,0.85,1127,1.05,6852.66,6913.22,237,0.13972602739726028
^SPX,2026-02-24 16:15:00,SPX,2026-04-17,7750.0,C,0.0,0.0,0.0,0.0,0,686,0.75,1815,0.95,6852.66,6913.22,1111,0.13972602739726028
^SPX,2026-02-24 16:15:00,SPX,2026-04-17,7775.0,C,0.7,0.8,0.7,0.75,13,300,0.7,1429,0.85,6852.66,6913.22,4178,0.13972602739726028
^SPX,2026-02-24 16:15:00,SPX,2026-04-17,7800.0,C,0.65,0.7,0.6,0.7,102,672,0.6,1978,0.8,6852.66,6913.22,5635,0.13972602739726028
^SPX,2026-02-24 16:15:00,SPX,2026-04-17,7825.0,C,0.6,0.65,0.6,0.65,2,367,0.55,1419,0.7,6852.66,6913.22,2174,0.13972602739726028
^SPX,2026-02-24 16:15:00,SPX,2026-04-17,7850.0,C,0.55,0.6,0.55,0.6,2,245,0.5,1857,0.65,6852.66,6913.22,2189,0.13972602739726028
^SPX,2026-02-24 16:15:00,SPX,2026-04-17,7875.0,C,0.5,0.55,0.5,0.55,2,234,0.45,1801,0.6,6852.66,6913.22,1541,0.13972602739726028
^SPX,2026-02-24 16:15:00,SPX,2026-04-17,7900.0,C,0.45,0.5,0.45,0.5,2,1439,0.35,860,0.55,6852.66,6913.22,3836,0.13972602739726028
^SPX,2026-02-24 16:15:00,SPX,2026-04-17,7950.0,C,0.0,0.0,0.0,0.0,0,2105,0.2,1690,0.5,6852.66,6913.22,184,0.13972602739726028
^SPX,2026-02-24 16:15:00,SPX,2026-04-17,8000.0,C,0.35,0.35,0.3,0.3,7,1617,0.2,671,0.4,6852.66,6913.22,11516,0.13972602739726028
^SPX,2026-02-24 16:15:00,SPX,2026-04-17,8100.0,C,0.25,0.25,0.25,0.25,1,1584,0.1,766,0.35,6852.66,6913.22,4409,0.13972602739726028
^SPX,2026-02-24 16:15:00,SPX,2026-04-17,8200.0,C,0.2,0.2,0.2,0.2,1,1654,0.05,1411,0.35,6852.66,6913.22,4255,0.13972602739726028
^SPX,2026-02-24 16:15:00,SPX,2026-04-17,8300.0,C,0.15,0.15,0.15,0.15,3,374,0.05,762,0.3,6852.66,6913.22,213,0.13972602739726028
^SPX,2026-02-24 16:15:00,SPX,2026-04-17,8400.0,C,0.0,0.0,0.0,0.0,0,0,0.0,444,0.25,6852.66,6913.22,560,0.13972602739726028
^SPX,2026-02-24 16:15:00,SPX,2026-04-17,8500.0,C,0.0,0.0,0.0,0.0,0,0,0.0,655,0.25,6852.66,6913.22,213,0.13972602739726028
^SPX,2026-02-24 16:15:00,SPX,2026-04-17,8600.0,C,0.0,0.0,0.0,0.0,0,0,0.0,588,0.25,6852.66,6913.22,243,0.13972602739726028
^SPX,2026-02-24 16:15:00,SPX,2026-04-17,8800.0,C,0.0,0.0,0.0,0.0,0,0,0.0,524,0.2,6852.66,6913.22,94,0.13972602739726028
^SPX,2026-02-24 16:15:00,SPX,2026-04-17,9000.0,C,0.0,0.0,0.0,0.0,0,1,0.05,695,0.2,6852.66,6913.22,633,0.13972602739726028
^SPX,2026-02-24 16:15:00,SPX,2026-04-17,9200.0,C,0.0,0.0,0.0,0.0,0,0,0.0,531,0.15,6852.66,6913.22,594,0.13972602739726028
^SPX,2026-02-24 16:15:00,SPX,2026-04-17,9400.0,C,0.0,0.0,0.0,0.0,0,0,0.0,582,0.15,6852.66,6913.22,537,0.13972602739726028
^SPX,2026-02-24 16:15:00,SPX,2026-04-17,9600.0,C,0.0,0.0,0.0,0.0,0,11,0.05,743,0.15,6852.66,6913.22,267,0.13972602739726028
^SPX,2026-02-24 16:15:00,SPX,2026-04-17,9800.0,C,0.05,0.05,0.05,0.05,30,0,0.0,1187,0.15,6852.66,6913.22,17520,0.13972602739726028
^SPX,2026-02-24 16:15:00,SPX,2026-04-17,10000.0,C,0.0,0.0,0.0,0.0,0,0,0.0,378,0.1,6852.66,6913.22,872,0.13972602739726028
^SPX,2026-02-24 16:15:00,SPX,2026-04-17,10400.0,C,0.0,0.0,0.0,0.0,0,0,0.0,406,0.1,6852.66,6913.22,645,0.13972602739726028
^SPX,2026-02-24 16:15:00,SPX,2026-04-17,10800.0,C,0.0,0.0,0.0,0.0,0,0,0.0,289,0.1,6852.66,6913.22,7,0.13972602739726028
^SPX,2026-02-24 16:15:00,SPX,2026-04-17,11200.0,C,0.0,0.0,0.0,0.0,0,0,0.0,299,0.1,6852.66,6913.22,70,0.13972602739726028
^SPX,2026-02-24 16:15:00,SPX,2026-04-17,11600.0,C,0.0,0.0,0.0,0.0,0,0,0.0,307,0.1,6852.66,6913.22,2,0.13972602739726028
^SPX,2026-02-24 16:15:00,SPX,2026-04-17,12000.0,C,0.0,0.0,0.0,0.0,0,0,0.0,314,0.1,6852.66,6913.22,768,0.13972602739726028
^SPX,2026-02-24 16:15:00,SPX,2026-04-17,12400.0,C,0.0,0.0,0.0,0.0,0,0,0.0,528,0.1,6852.66,6913.22,1,0.13972602739726028
^SPX,2026-02-24 16:15:00,SPX,2026-05-15,200.0,C,6661.84,6661.84,6661.65,6661.65,2,2,6667.4,1,6684.5,6852.66,6913.22,16,0.21643835616438356
^SPX,2026-02-24 16:15:00,SPX,2026-05-15,400.0,C,0.0,0.0,0.0,0.0,0,1,6466.8,1,6486.3,6852.66,6913.22,24,0.21643835616438356
^SPX,2026-02-24 16:15:00,SPX,2026-05-15,600.0,C,0.0,0.0,0.0,0.0,0,2,6270.4,1,6287.7,6852.66,6913.22,0,0.21643835616438356
^SPX,2026-02-24 16:15:00,SPX,2026-05-15,800.0,C,0.0,0.0,0.0,0.0,0,2,6072.2,1,6090.0,6852.66,6913.22,0,0.21643835616438356
^SPX,2026-02-24 16:15:00,SPX,2026-05-15,1000.0,C,0.0,0.0,0.0,0.0,0,2,5873.7,1,5891.8,6852.66,6913.22,634,0.21643835616438356
^SPX,2026-02-24 16:15:00,SPX,2026-05-15,1200.0,C,0.0,0.0,0.0,0.0,0,2,5675.7,1,5693.6,6852.66,6913.22,0,0.21643835616438356
^SPX,2026-02-24 16:15:00,SPX,2026-05-15,1400.0,C,0.0,0.0,0.0,0.0,0,2,5477.7,1,5495.5,6852.66,6913.22,0,0.21643835616438356
^SPX,2026-02-24 16:15:00,SPX,2026-05-15,1600.0,C,0.0,0.0,0.0,0.0,0,2,5279.6,1,5297.4,6852.66,6913.22,0,0.21643835616438356
^SPX,2026-02-24 16:15:00,SPX,2026-05-15,1800.0,C,0.0,0.0,0.0,0.0,0,1,5080.0,1,5100.7,6852.66,6913.22,1,0.21643835616438356
^SPX,2026-02-24 16:15:00,SPX,2026-05-15,2000.0,C,0.0,0.0,0.0,0.0,0,2,4884.0,1,4900.7,6852.66,6913.22,95,0.21643835616438356
^SPX,2026-02-24 16:15:00,SPX,2026-05-15,2200.0,C,0.0,0.0,0.0,0.0,0,1,4683.5,1,4703.1,6852.66,6913.22,0,0.21643835616438356
^SPX,2026-02-24 16:15:00,SPX,2026-05-15,2300.0,C,0.0,0.0,0.0,0.0,0,2,4586.0,1,4604.1,6852.66,6913.22,0,0.21643835616438356
^SPX,2026-02-24 16:15:00,SPX,2026-05-15,2400.0,C,0.0,0.0,0.0,0.0,0,1,4486.0,1,4505.1,6852.66,6913.22,4,0.21643835616438356
^SPX,2026-02-24 16:15:00,SPX,2026-05-15,2500.0,C,0.0,0.0,0.0,0.0,0,5,4390.2,5,4403.4,6852.66,6913.22,0,0.21643835616438356
^SPX,2026-02-24 16:15:00,SPX,2026-05-15,2600.0,C,0.0,0.0,0.0,0.0,0,5,4291.1,5,4304.4,6852.66,6913.22,0,0.21643835616438356
^SPX,2026-02-24 16:15:00,SPX,2026-05-15,2700.0,C,0.0,0.0,0.0,0.0,0,5,4192.2,5,4205.6,6852.66,6913.22,0,0.21643835616438356
^SPX,2026-02-24 16:15:00,SPX,2026-05-15,2800.0,C,0.0,0.0,0.0,0.0,0,5,4093.3,5,4106.6,6852.66,6913.22,0,0.21643835616438356
^SPX,2026-02-24 16:15:00,SPX,2026-05-15,2900.0,C,0.0,0.0,0.0,0.0,0,5,3994.8,5,4007.6,6852.66,6913.22,0,0.21643835616438356
^SPX,2026-02-24 16:15:00,SPX,2026-05-15,3000.0,C,0.0,0.0,0.0,0.0,0,5,3896.0,5,3908.6,6852.66,6913.22,37,0.21643835616438356
^SPX,2026-02-24 16:15:00,SPX,2026-05-15,3100.0,C,0.0,0.0,0.0,0.0,0,5,3797.2,5,3809.5,6852.66,6913.22,2,0.21643835616438356
^SPX,2026-02-24 16:15:00,SPX,2026-05-15,3200.0,C,3690.76,3690.87,3690.76,3690.87,2,5,3698.3,5,3710.5,6852.66,6913.22,16,0.21643835616438356
^SPX,2026-02-24 16:15:00,SPX,2026-05-15,3250.0,C,0.0,0.0,0.0,0.0,0,5,3649.0,5,3661.1,6852.66,6913.22,0,0.21643835616438356
^SPX,2026-02-24 16:15:00,SPX,2026-05-15,3300.0,C,0.0,0.0,0.0,0.0,0,5,3599.3,5,3611.3,6852.66,6913.22,2,0.21643835616438356
^SPX,2026-02-24 16:15:00,SPX,2026-05-15,3350.0,C,0.0,0.0,0.0,0.0,0,5,3550.2,5,3562.0,6852.66,6913.22,0,0.21643835616438356
^SPX,2026-02-24 16:15:00,SPX,2026-05-15,3400.0,C,0.0,0.0,0.0,0.0,0,5,3500.9,5,3512.6,6852.66,6913.22,2,0.21643835616438356
^SPX,2026-02-24 16:15:00,SPX,2026-05-15,3450.0,C,0.0,0.0,0.0,0.0,0,5,3451.2,5,3463.2,6852.66,6913.22,0,0.21643835616438356
^SPX,2026-02-24 16:15:00,SPX,2026-05-15,3500.0,C,0.0,0.0,0.0,0.0,0,5,3402.2,5,3413.7,6852.66,6913.22,0,0.21643835616438356
^SPX,2026-02-24 16:15:00,SPX,2026-05-15,3550.0,C,0.0,0.0,0.0,0.0,0,5,3352.8,5,3364.3,6852.66,6913.22,0,0.21643835616438356
^SPX,2026-02-24 16:15:00,SPX,2026-05-15,3600.0,C,0.0,0.0,0.0,0.0,0,5,3303.5,5,3315.0,6852.66,6913.22,0,0.21643835616438356
^SPX,2026-02-24 16:15:00,SPX,2026-05-15,3650.0,C,0.0,0.0,0.0,0.0,0,5,3254.3,5,3265.8,6852.66,6913.22,0,0.21643835616438356
^SPX,2026-02-24 16:15:00,SPX,2026-05-15,3700.0,C,0.0,0.0,0.0,0.0,0,5,3204.9,5,3216.1,6852.66,6913.22,0,0.21643835616438356
^SPX,2026-02-24 16:15:00,SPX,2026-05-15,3750.0,C,0.0,0.0,0.0,0.0,0,5,3155.6,5,3166.7,6852.66,6913.22,0,0.21643835616438356
^SPX,2026-02-24 16:15:00,SPX,2026-05-15,3775.0,C,0.0,0.0,0.0,0.0,0,5,3130.8,5,3142.1,6852.66,6913.22,0,0.21643835616438356
^SPX,2026-02-24 16:15:00,SPX,2026-05-15,3800.0,C,0.0,0.0,0.0,0.0,0,5,3106.4,5,3117.6,6852.66,6913.22,1,0.21643835616438356
^SPX,2026-02-24 16:15:00,SPX,2026-05-15,3825.0,C,0.0,0.0,0.0,0.0,0,5,3081.7,5,3092.7,6852.66,6913.22,0,0.21643835616438356
^SPX,2026-02-24 16:15:00,SPX,2026-05-15,3850.0,C,0.0,0.0,0.0,0.0,0,5,3056.9,5,3067.8,6852.66,6913.22,0,0.21643835616438356
^SPX,2026-02-24 16:15:00,SPX,2026-05-15,3875.0,C,0.0,0.0,0.0,0.0,0,5,3032.5,5,3043.3,6852.66,6913.22,0,0.21643835616438356
^SPX,2026-02-24 16:15:00,SPX,2026-05-15,3900.0,C,0.0,0.0,0.0,0.0,0,5,3008.1,5,3018.9,6852.66,6913.22,2,0.21643835616438356
^SPX,2026-02-24 16:15:00,SPX,2026-05-15,3925.0,C,0.0,0.0,0.0,0.0,0,5,2982.9,5,2993.8,6852.66,6913.22,0,0.21643835616438356
^SPX,2026-02-24 16:15:00,SPX,2026-05-15,3950.0,C,0.0,0.0,0.0,0.0,0,5,2958.6,5,2969.3,6852.66,6913.22,0,0.21643835616438356
^SPX,2026-02-24 16:15:00,SPX,2026-05-15,3975.0,C,0.0,0.0,0.0,0.0,0,5,2934.0,5,2944.6,6852.66,6913.22,2,0.21643835616438356
^SPX,2026-02-24 16:15:00,SPX,2026-05-15,4000.0,C,0.0,0.0,0.0,0.0,0,5,2909.2,5,2920.0,6852.66,6913.22,18,0.21643835616438356
^SPX,2026-02-24 16:15:00,SPX,2026-05-15,4025.0,C,0.0,0.0,0.0,0.0,0,5,2884.6,5,2895.2,6852.66,6913.22,0,0.21643835616438356
^SPX,2026-02-24 16:15:00,SPX,2026-05-15,4050.0,C,0.0,0.0,0.0,0.0,0,5,2860.4,5,2870.0,6852.66,6913.22,0,0.21643835616438356
^SPX,2026-02-24 16:15:00,SPX,2026-05-15,4075.0,C,0.0,0.0,0.0,0.0,0,5,2835.3,5,2846.0,6852.66,6913.22,0,0.21643835616438356
^SPX,2026-02-24 16:15:00,SPX,2026-05-15,4100.0,C,0.0,0.0,0.0,0.0,0,5,2810.9,5,2821.4,6852.66,6913.22,2,0.21643835616438356
^SPX,2026-02-24 16:15:00,SPX,2026-05-15,4125.0,C,0.0,0.0,0.0,0.0,0,5,2786.3,5,2796.7,6852.66,6913.22,0,0.21643835616438356
^SPX,2026-02-24 16:15:00,SPX,2026-05-15,4150.0,C,0.0,0.0,0.0,0.0,0,5,2761.4,5,2771.9,6852.66,6913.22,1,0.21643835616438356
^SPX,2026-02-24 16:15:00,SPX,2026-05-15,4175.0,C,0.0,0.0,0.0,0.0,0,5,2737.2,5,2747.0,6852.66,6913.22,0,0.21643835616438356
^SPX,2026-02-24 16:15:00,SPX,2026-05-15,4200.0,C,0.0,0.0,0.0,0.0,0,5,2711.9,5,2722.3,6852.66,6913.22,3,0.21643835616438356
^SPX,2026-02-24 16:15:00,SPX,2026-05-15,4225.0,C,0.0,0.0,0.0,0.0,0,5,2687.8,5,2698.2,6852.66,6913.22,0,0.21643835616438356
^SPX,2026-02-24 16:15:00,SPX,2026-05-15,4250.0,C,0.0,0.0,0.0,0.0,0,5,2663.2,5,2673.1,6852.66,6913.22,2,0.21643835616438356
^SPX,2026-02-24 16:15:00,SPX,2026-05-15,4275.0,C,0.0,0.0,0.0,0.0,0,5,2638.1,5,2648.4,6852.66,6913.22,0,0.21643835616438356
^SPX,2026-02-24 16:15:00,SPX,2026-05-15,4300.0,C,0.0,0.0,0.0,0.0,0,5,2613.5,5,2623.6,6852.66,6913.22,0,0.21643835616438356
^SPX,2026-02-24 16:15:00,SPX,2026-05-15,4325.0,C,0.0,0.0,0.0,0.0,0,5,2589.4,5,2599.5,6852.66,6913.22,0,0.21643835616438356
^SPX,2026-02-24 16:15:00,SPX,2026-05-15,4350.0,C,0.0,0.0,0.0,0.0,0,5,2564.9,5,2574.9,6852.66,6913.22,0,0.21643835616438356
^SPX,2026-02-24 16:15:00,SPX,2026-05-15,4375.0,C,0.0,0.0,0.0,0.0,0,5,2539.9,5,2549.8,6852.66,6913.22,0,0.21643835616438356
^SPX,2026-02-24 16:15:00,SPX,2026-05-15,4400.0,C,0.0,0.0,0.0,0.0,0,5,2515.3,5,2525.3,6852.66,6913.22,9,0.21643835616438356
^SPX,2026-02-24 16:15:00,SPX,2026-05-15,4425.0,C,0.0,0.0,0.0,0.0,0,5,2491.7,5,2500.5,6852.66,6913.22,0,0.21643835616438356
^SPX,2026-02-24 16:15:00,SPX,2026-05-15,4450.0,C,0.0,0.0,0.0,0.0,0,5,2467.1,5,2475.9,6852.66,6913.22,0,0.21643835616438356
^SPX,2026-02-24 16:15:00,SPX,2026-05-15,4475.0,C,0.0,0.0,0.0,0.0,0,2,2444.9,2,2449.0,6852.66,6913.22,0,0.21643835616438356
^SPX,2026-02-24 16:15:00,SPX,2026-05-15,4500.0,C,0.0,0.0,0.0,0.0,0,2,2420.7,2,2424.0,6852.66,6913.22,69,0.21643835616438356
^SPX,2026-02-24 16:15:00,SPX,2026-05-15,4525.0,C,0.0,0.0,0.0,0.0,0,2,2395.8,2,2399.9,6852.66,6913.22,0,0.21643835616438356
^SPX,2026-02-24 16:15:00,SPX,2026-05-15,4550.0,C,0.0,0.0,0.0,0.0,0,2,2371.6,2,2375.0,6852.66,6913.22,0,0.21643835616438356
^SPX,2026-02-24 16:15:00,SPX,2026-05-15,4575.0,C,0.0,0.0,0.0,0.0,0,2,2346.7,2,2350.7,6852.66,6913.22,0,0.21643835616438356
^SPX,2026-02-24 16:15:00,SPX,2026-05-15,4600.0,C,0.0,0.0,0.0,0.0,0,2,2322.5,2,2325.9,6852.66,6913.22,6,0.21643835616438356
^SPX,2026-02-24 16:15:00,SPX,2026-05-15,4625.0,C,0.0,0.0,0.0,0.0,0,2,2297.6,2,2301.7,6852.66,6913.22,0,0.21643835616438356
^SPX,2026-02-24 16:15:00,SPX,2026-05-15,4650.0,C,0.0,0.0,0.0,0.0,0,2,2273.4,2,2276.7,6852.66,6913.22,2,0.21643835616438356
^SPX,2026-02-24 16:15:00,SPX,2026-05-15,4675.0,C,0.0,0.0,0.0,0.0,0,2,2248.6,2,2252.6,6852.66,6913.22,0,0.21643835616438356
^SPX,2026-02-24 16:15:00,SPX,2026-05-15,4700.0,C,0.0,0.0,0.0,0.0,0,2,2224.4,2,2227.6,6852.66,6913.22,48,0.21643835616438356
^SPX,2026-02-24 16:15:00,SPX,2026-05-15,4725.0,C,0.0,0.0,0.0,0.0,0,2,2199.5,2,2203.5,6852.66,6913.22,0,0.21643835616438356
^SPX,2026-02-24 16:15:00,SPX,2026-05-15,4750.0,C,0.0,0.0,0.0,0.0,0,2,2175.4,2,2178.5,6852.66,6913.22,2,0.21643835616438356
^SPX,2026-02-24 16:15:00,SPX,2026-05-15,4775.0,C,0.0,0.0,0.0,0.0,0,2,2150.5,2,2154.5,6852.66,6913.22,1,0.21643835616438356
^SPX,2026-02-24 16:15:00,SPX,2026-05-15,4800.0,C,0.0,0.0,0.0,0.0,0,2,2126.3,2,2129.5,6852.66,6913.22,25,0.21643835616438356
^SPX,2026-02-24 16:15:00,SPX,2026-05-15,4825.0,C,0.0,0.0,0.0,0.0,0,2,2101.5,2,2105.4,6852.66,6913.22,0,0.21643835616438356
^SPX,2026-02-24 16:15:00,SPX,2026-05-15,4850.0,C,0.0,0.0,0.0,0.0,0,2,2077.4,2,2080.5,6852.66,6913.22,0,0.21643835616438356
^SPX,2026-02-24 16:15:00,SPX,2026-05-15,4875.0,C,0.0,0.0,0.0,0.0,0,2,2052.6,2,2056.5,6852.66,6913.22,0,0.21643835616438356
^SPX,2026-02-24 16:15:00,SPX,2026-05-15,4900.0,C,0.0,0.0,0.0,0.0,0,2,2028.5,2,2031.6,6852.66,6913.22,10,0.21643835616438356
^SPX,2026-02-24 16:15:00,SPX,2026-05-15,4925.0,C,0.0,0.0,0.0,0.0,0,2,2003.8,2,2007.5,6852.66,6913.22,0,0.21643835616438356
^SPX,2026-02-24 16:15:00,SPX,2026-05-15,4950.0,C,0.0,0.0,0.0,0.0,0,2,1979.5,2,1982.6,6852.66,6913.22,0,0.21643835616438356
^SPX,2026-02-24 16:15:00,SPX,2026-05-15,4975.0,C,0.0,0.0,0.0,0.0,0,2,1954.8,2,1958.6,6852.66,6913.22,1,0.21643835616438356
^SPX,2026-02-24 16:15:00,SPX,2026-05-15,5000.0,C,0.0,0.0,0.0,0.0,0,2,1930.7,2,1933.8,6852.66,6913.22,2034,0.21643835616438356
^SPX,2026-02-24 16:15:00,SPX,2026-05-15,5025.0,C,0.0,0.0,0.0,0.0,0,2,1905.9,2,1909.7,6852.66,6913.22,0,0.21643835616438356
^SPX,2026-02-24 16:15:00,SPX,2026-05-15,5050.0,C,0.0,0.0,0.0,0.0,0,2,1881.9,2,1884.9,6852.66,6913.22,3,0.21643835616438356
^SPX,2026-02-24 16:15:00,SPX,2026-05-15,5075.0,C,0.0,0.0,0.0,0.0,0,2,1857.3,2,1860.9,6852.66,6913.22,0,0.21643835616438356
^SPX,2026-02-24 16:15:00,SPX,2026-05-15,5100.0,C,0.0,0.0,0.0,0.0,0,2,1833.1,2,1836.1,6852.66,6913.22,10,0.21643835616438356
^SPX,2026-02-24 16:15:00,SPX,2026-05-15,5125.0,C,0.0,0.0,0.0,0.0,0,2,1808.4,2,1812.1,6852.66,6913.22,0,0.21643835616438356
^SPX,2026-02-24 16:15:00,SPX,2026-05-15,5150.0,C,0.0,0.0,0.0,0.0,0,2,1784.4,2,1787.3,6852.66,6913.22,1,0.21643835616438356
^SPX,2026-02-24 16:15:00,SPX,2026-05-15,5175.0,C,0.0,0.0,0.0,0.0,0,2,1759.7,2,1763.4,6852.66,6913.22,2,0.21643835616438356
^SPX,2026-02-24 16:15:00,SPX,2026-05-15,5200.0,C,0.0,0.0,0.0,0.0,0,2,1735.8,2,1738.8,6852.66,6913.22,6,0.21643835616438356
^SPX,2026-02-24 16:15:00,SPX,2026-05-15,5225.0,C,0.0,0.0,0.0,0.0,0,2,1711.1,2,1714.8,6852.66,6913.22,1,0.21643835616438356
^SPX,2026-02-24 16:15:00,SPX,2026-05-15,5250.0,C,0.0,0.0,0.0,0.0,0,2,1687.2,2,1690.2,6852.66,6913.22,38,0.21643835616438356
^SPX,2026-02-24 16:15:00,SPX,2026-05-15,5275.0,C,0.0,0.0,0.0,0.0,0,2,1662.5,2,1666.2,6852.66,6913.22,0,0.21643835616438356
^SPX,2026-02-24 16:15:00,SPX,2026-05-15,5300.0,C,0.0,0.0,0.0,0.0,0,2,1638.5,2,1641.6,6852.66,6913.22,77,0.21643835616438356
^SPX,2026-02-24 16:15:00,SPX,2026-05-15,5325.0,C,0.0,0.0,0.0,0.0,0,2,1614.0,2,1617.6,6852.66,6913.22,5,0.21643835616438356
^SPX,2026-02-24 16:15:00,SPX,2026-05-15,5350.0,C,0.0,0.0,0.0,0.0,0,2,1590.1,2,1593.0,6852.66,6913.22,8,0.21643835616438356
^SPX,2026-02-24 16:15:00,SPX,2026-05-15,5375.0,C,0.0,0.0,0.0,0.0,0,2,1565.6,2,1569.2,6852.66,6913.22,1,0.21643835616438356
^SPX,2026-02-24 16:15:00,SPX,2026-05-15,5400.0,C,0.0,0.0,0.0,0.0,0,2,1541.8,2,1544.6,6852.66,6913.22,563,0.21643835616438356
^SPX,2026-02-24 16:15:00,SPX,2026-05-15,5425.0,C,0.0,0.0,0.0,0.0,0,2,1517.3,2,1520.9,6852.66,6913.22,0,0.21643835616438356
^SPX,2026-02-24 16:15:00,SPX,2026-05-15,5450.0,C,0.0,0.0,0.0,0.0,0,2,1493.5,2,1496.3,6852.66,6913.22,0,0.21643835616438356
^SPX,2026-02-24 16:15:00,SPX,2026-05-15,5475.0,C,0.0,0.0,0.0,0.0,0,2,1469.1,2,1472.6,6852.66,6913.22,222,0.21643835616438356
^SPX,2026-02-24 16:15:00,SPX,2026-05-15,5500.0,C,0.0,0.0,0.0,0.0,0,2,1445.3,2,1448.1,6852.66,6913.22,1082,0.21643835616438356
^SPX,2026-02-24 16:15:00,SPX,2026-05-15,5525.0,C,0.0,0.0,0.0,0.0,0,2,1421.0,2,1424.5,6852.66,6913.22,13,0.21643835616438356
^SPX,2026-02-24 16:15:00,SPX,2026-05-15,5550.0,C,0.0,0.0,0.0,0.0,0,2,1397.3,2,1400.1,6852.66,6913.22,270,0.21643835616438356
^SPX,2026-02-24 16:15:00,SPX,2026-05-15,5575.0,C,0.0,0.0,0.0,0.0,0,2,1373.2,2,1376.4,6852.66,6913.22,334,0.21643835616438356
^SPX,2026-02-24 16:15:00,SPX,2026-05-15,5600.0,C,0.0,0.0,0.0,0.0,0,2,1349.4,2,1352.1,6852.66,6913.22,2796,0.21643835616438356
^SPX,2026-02-24 16:15:00,SPX,2026-05-15,5625.0,C,0.0,0.0,0.0,0.0,0,2,1325.2,2,1328.5,6852.66,6913.22,422,0.21643835616438356
^SPX,2026-02-24 16:15:00,SPX,2026-05-15,5650.0,C,0.0,0.0,0.0,0.0,0,2,1301.6,2,1304.3,6852.66,6913.22,1601,0.21643835616438356
^SPX,2026-02-24 16:15:00,SPX,2026-05-15,5675.0,C,0.0,0.0,0.0,0.0,0,2,1277.5,2,1280.8,6852.66,6913.22,406,0.21643835616438356
^SPX,2026-02-24 16:15:00,SPX,2026-05-15,5700.0,C,0.0,0.0,0.0,0.0,0,2,1254.0,2,1256.6,6852.66,6913.22,504,0.21643835616438356
^SPX,2026-02-24 16:15:00,SPX,2026-05-15,5725.0,C,0.0,0.0,0.0,0.0,0,2,1230.0,2,1233.2,6852.66,6913.22,117,0.21643835616438356
^SPX,2026-02-24 16:15:00,SPX,2026-05-15,5750.0,C,0.0,0.0,0.0,0.0,0,2,1206.6,2,1209.2,6852.66,6913.22,290,0.21643835616438356
^SPX,2026-02-24 16:15:00,SPX,2026-05-15,5760.0,C,0.0,0.0,0.0,0.0,0,2,1196.8,2,1200.0,6852.66,6913.22,0,0.21643835616438356
^SPX,2026-02-24 16:15:00,SPX,2026-05-15,5770.0,C,0.0,0.0,0.0,0.0,0,2,1187.4,2,1190.5,6852.66,6913.22,0,0.21643835616438356
^SPX,2026-02-24 16:15:00,SPX,2026-05-15,5775.0,C,0.0,0.0,0.0,0.0,0,2,1182.6,2,1185.8,6852.66,6913.22,70,0.21643835616438356
^SPX,2026-02-24 16:15:00,SPX,2026-05-15,5780.0,C,0.0,0.0,0.0,0.0,0,2,1178.0,2,1181.0,6852.66,6913.22,0,0.21643835616438356
^SPX,2026-02-24 16:15:00,SPX,2026-05-15,5790.0,C,0.0,0.0,0.0,0.0,0,2,1168.5,2,1171.6,6852.66,6913.22,0,0.21643835616438356
^SPX,2026-02-24 16:15:00,SPX,2026-05-15,5800.0,C,0.0,0.0,0.0,0.0,0,2,1159.2,2,1161.8,6852.66,6913.22,2057,0.21643835616438356
^SPX,2026-02-24 16:15:00,SPX,2026-05-15,5810.0,C,0.0,0.0,0.0,0.0,0,2,1149.5,2,1152.7,6852.66,6913.22,0,0.21643835616438356
^SPX,2026-02-24 16:15:00,SPX,2026-05-15,5820.0,C,0.0,0.0,0.0,0.0,0,2,1140.1,2,1143.3,6852.66,6913.22,0,0.21643835616438356
^SPX,2026-02-24 16:15:00,SPX,2026-05-15,5825.0,C,0.0,0.0,0.0,0.0,0,2,1135.4,2,1138.6,6852.66,6913.22,109,0.21643835616438356
^SPX,2026-02-24 16:15:00,SPX,2026-05-15,5830.0,C,0.0,0.0,0.0,0.0,0,2,1130.7,2,1133.9,6852.66,6913.22,0,0.21643835616438356
^SPX,2026-02-24 16:15:00,SPX,2026-05-15,5840.0,C,0.0,0.0,0.0,0.0,0,2,1121.3,2,1124.5,6852.66,6913.22,1,0.21643835616438356
^SPX,2026-02-24 16:15:00,SPX,2026-05-15,5850.0,C,0.0,0.0,0.0,0.0,0,2,1112.2,2,1114.7,6852.66,6913.22,736,0.21643835616438356
^SPX,2026-02-24 16:15:00,SPX,2026-05-15,5860.0,C,0.0,0.0,0.0,0.0,0,2,1102.5,2,1105.7,6852.66,6913.22,0,0.21643835616438356
^SPX,2026-02-24 16:15:00,SPX,2026-05-15,5870.0,C,0.0,0.0,0.0,0.0,0,2,1093.1,2,1096.3,6852.66,6913.22,0,0.21643835616438356
^SPX,2026-02-24 16:15:00,SPX,2026-05-15,5875.0,C,0.0,0.0,0.0,0.0,0,2,1088.4,2,1091.6,6852.66,6913.22,389,0.21643835616438356
^SPX,2026-02-24 16:15:00,SPX,2026-05-15,5880.0,C,0.0,0.0,0.0,0.0,0,2,1083.9,2,1086.9,6852.66,6913.22,0,0.21643835616438356
^SPX,2026-02-24 16:15:00,SPX,2026-05-15,5890.0,C,0.0,0.0,0.0,0.0,0,2,1074.5,2,1077.5,6852.66,6913.22,0,0.21643835616438356
^SPX,2026-02-24 16:15:00,SPX,2026-05-15,5900.0,C,0.0,0.0,0.0,0.0,0,2,1065.4,2,1067.8,6852.66,6913.22,7327,0.21643835616438356
^SPX,2026-02-24 16:15:00,SPX,2026-05-15,5910.0,C,0.0,0.0,0.0,0.0,0,2,1055.7,2,1058.8,6852.66,6913.22,0,0.21643835616438356
^SPX,2026-02-24 16:15:00,SPX,2026-05-15,5920.0,C,0.0,0.0,0.0,0.0,0,2,1046.4,2,1049.5,6852.66,6913.22,1,0.21643835616438356
^SPX,2026-02-24 16:15:00,SPX,2026-05-15,5925.0,C,0.0,0.0,0.0,0.0,0,2,1041.7,2,1044.8,6852.66,6913.22,995,0.21643835616438356
^SPX,2026-02-24 16:15:00,SPX,2026-05-15,5930.0,C,0.0,0.0,0.0,0.0,0,2,1037.1,2,1040.1,6852.66,6913.22,0,0.21643835616438356
^SPX,2026-02-24 16:15:00,SPX,2026-05-15,5940.0,C,0.0,0.0,0.0,0.0,0,2,1027.7,2,1030.8,6852.66,6913.22,0,0.21643835616438356
^SPX,2026-02-24 16:15:00,SPX,2026-05-15,5950.0,C,0.0,0.0,0.0,0.0,0,2,1018.7,2,1021.2,6852.66,6913.22,2375,0.21643835616438356
^SPX,2026-02-24 16:15:00,SPX,2026-05-15,5960.0,C,0.0,0.0,0.0,0.0,0,2,1009.1,2,1012.2,6852.66,6913.22,0,0.21643835616438356
^SPX,2026-02-24 16:15:00,SPX,2026-05-15,5970.0,C,0.0,0.0,0.0,0.0,0,2,999.8,2,1002.9,6852.66,6913.22,0,0.21643835616438356
^SPX,2026-02-24 16:15:00,SPX,2026-05-15,5975.0,C,0.0,0.0,0.0,0.0,0,2,995.2,2,998.3,6852.66,6913.22,219,0.21643835616438356
^SPX,2026-02-24 16:15:00,SPX,2026-05-15,5980.0,C,0.0,0.0,0.0,0.0,0,2,990.6,2,993.6,6852.66,6913.22,0,0.21643835616438356
^SPX,2026-02-24 16:15:00,SPX,2026-05-15,5990.0,C,0.0,0.0,0.0,0.0,0,2,981.3,2,984.4,6852.66,6913.22,0,0.21643835616438356
^SPX,2026-02-24 16:15:00,SPX,2026-05-15,6000.0,C,941.35,973.7,941.35,969.63,23,2,972.3,2,974.8,6852.66,6913.22,46250,0.21643835616438356
^SPX,2026-02-24 16:15:00,SPX,2026-05-15,6010.0,C,0.0,0.0,0.0,0.0,0,2,962.8,2,965.9,6852.66,6913.22,0,0.21643835616438356
^SPX,2026-02-24 16:15:00,SPX,2026-05-15,6020.0,C,0.0,0.0,0.0,0.0,0,2,953.6,2,956.6,6852.66,6913.22,0,0.21643835616438356
^SPX,2026-02-24 16:15:00,SPX,2026-05-15,6025.0,C,939.63,939.63,939.63,939.63,1,2,949.0,2,952.0,6852.66,6913.22,107,0.21643835616438356
^SPX,2026-02-24 16:15:00,SPX,2026-05-15,6030.0,C,0.0,0.0,0.0,0.0,0,2,944.4,2,947.4,6852.66,6913.22,0,0.21643835616438356
^SPX,2026-02-24 16:15:00,SPX,2026-05-15,6040.0,C,0.0,0.0,0.0,0.0,0,2,935.2,2,938.2,6852.66,6913.22,0,0.21643835616438356
^SPX,2026-02-24 16:15:00,SPX,2026-05-15,6050.0,C,0.0,0.0,0.0,0.0,0,2,926.4,2,928.7,6852.66,6913.22,1392,0.21643835616438356
^SPX,2026-02-24 16:15:00,SPX,2026-05-15,6060.0,C,0.0,0.0,0.0,0.0,0,2,916.8,2,919.8,6852.66,6913.22,0,0.21643835616438356
^SPX,2026-02-24 16:15:00,SPX,2026-05-15,6070.0,C,0.0,0.0,0.0,0.0,0,2,907.7,2,910.6,6852.66,6913.22,0,0.21643835616438356
^SPX,2026-02-24 16:15:00,SPX,2026-05-15,6075.0,C,0.0,0.0,0.0,0.0,0,2,903.1,2,906.0,6852.66,6913.22,37,0.21643835616438356
^SPX,2026-02-24 16:15:00,SPX,2026-05-15,6080.0,C,0.0,0.0,0.0,0.0,0,2,898.5,2,901.5,6852.66,6913.22,0,0.21643835616438356
^SPX,2026-02-24 16:15:00,SPX,2026-05-15,6090.0,C,0.0,0.0,0.0,0.0,0,2,889.4,2,892.3,6852.66,6913.22,1,0.21643835616438356
^SPX,2026-02-24 16:15:00,SPX,2026-05-15,6100.0,C,0.0,0.0,0.0,0.0,0,2,880.6,2,882.9,6852.66,6913.22,975,0.21643835616438356
^SPX,2026-02-24 16:15:00,SPX,2026-05-15,6110.0,C,0.0,0.0,0.0,0.0,0,2,871.2,2,874.1,6852.66,6913.22,0,0.21643835616438356
^SPX,2026-02-24 16:15:00,SPX,2026-05-15,6120.0,C,0.0,0.0,0.0,0.0,0,2,862.1,2,865.0,6852.66,6913.22,0,0.21643835616438356
^SPX,2026-02-24 16:15:00,SPX,2026-05-15,6125.0,C,0.0,0.0,0.0,0.0,0,2,857.5,2,860.4,6852.66,6913.22,45,0.21643835616438356
^SPX,2026-02-24 16:15:00,SPX,2026-05-15,6130.0,C,0.0,0.0,0.0,0.0,0,2,853.0,2,855.9,6852.66,6913.22,0,0.21643835616438356
^SPX,2026-02-24 16:15:00,SPX,2026-05-15,6140.0,C,0.0,0.0,0.0,0.0,0,2,843.9,2,846.8,6852.66,6913.22,0,0.21643835616438356
^SPX,2026-02-24 16:15:00,SPX,2026-05-15,6150.0,C,0.0,0.0,0.0,0.0,0,2,835.1,2,837.4,6852.66,6913.22,777,0.21643835616438356
^SPX,2026-02-24 16:15:00,SPX,2026-05-15,6160.0,C,0.0,0.0,0.0,0.0,0,2,825.9,2,828.7,6852.66,6913.22,0,0.21643835616438356
^SPX,2026-02-24 16:15:00,SPX,2026-05-15,6170.0,C,0.0,0.0,0.0,0.0,0,2,817.0,2,819.7,6852.66,6913.22,0,0.21643835616438356
^SPX,2026-02-24 16:15:00,SPX,2026-05-15,6175.0,C,0.0,0.0,0.0,0.0,0,2,812.3,2,815.1,6852.66,6913.22,718,0.21643835616438356
^SPX,2026-02-24 16:15:00,SPX,2026-05-15,6180.0,C,0.0,0.0,0.0,0.0,0,2,807.9,2,810.6,6852.66,6913.22,0,0.21643835616438356
^SPX,2026-02-24 16:15:00,SPX,2026-05-15,6190.0,C,0.0,0.0,0.0,0.0,0,2,799.0,2,801.6,6852.66,6913.22,0,0.21643835616438356
^SPX,2026-02-24 16:15:00,SPX,2026-05-15,6200.0,C,0.0,0.0,0.0,0.0,0,2,790.2,2,792.3,6852.66,6913.22,1438,0.21643835616438356
^SPX,2026-02-24 16:15:00,SPX,2026-05-15,6210.0,C,0.0,0.0,0.0,0.0,0,2,781.0,2,783.7,6852.66,6913.22,0,0.21643835616438356
^SPX,2026-02-24 16:15:00,SPX,2026-05-15,6220.0,C,0.0,0.0,0.0,0.0,0,2,772.0,2,774.7,6852.66,6913.22,1,0.21643835616438356
^SPX,2026-02-24 16:15:00,SPX,2026-05-15,6225.0,C,0.0,0.0,0.0,0.0,0,2,767.6,2,770.2,6852.66,6913.22,247,0.21643835616438356
^SPX,2026-02-24 16:15:00,SPX,2026-05-15,6230.0,C,0.0,0.0,0.0,0.0,0,2,763.1,2,765.8,6852.66,6913.22,0,0.21643835616438356
^SPX,2026-02-24 16:15:00,SPX,2026-05-15,6240.0,C,0.0,0.0,0.0,0.0,0,2,754.2,2,756.8,6852.66,6913.22,0,0.21643835616438356
^SPX,2026-02-24 16:15:00,SPX,2026-05-15,6250.0,C,748.11,748.11,748.11,748.11,2,2,745.6,2,747.6,6852.66,6913.22,1134,0.21643835616438356
^SPX,2026-02-24 16:15:00,SPX,2026-05-15,6260.0,C,0.0,0.0,0.0,0.0,0,2,736.6,2,739.1,6852.66,6913.22,0,0.21643835616438356
^SPX,2026-02-24 16:15:00,SPX,2026-05-15,6270.0,C,0.0,0.0,0.0,0.0,0,2,727.6,2,730.2,6852.66,6913.22,0,0.21643835616438356
^SPX,2026-02-24 16:15:00,SPX,2026-05-15,6275.0,C,0.0,0.0,0.0,0.0,0,2,723.2,2,725.8,6852.66,6913.22,279,0.21643835616438356
^SPX,2026-02-24 16:15:00,SPX,2026-05-15,6280.0,C,0.0,0.0,0.0,0.0,0,2,718.9,2,721.4,6852.66,6913.22,1,0.21643835616438356
^SPX,2026-02-24 16:15:00,SPX,2026-05-15,6290.0,C,0.0,0.0,0.0,0.0,0,2,710.1,2,712.6,6852.66,6913.22,0,0.21643835616438356
^SPX,2026-02-24 16:15:00,SPX,2026-05-15,6300.0,C,0.0,0.0,0.0,0.0,0,2,701.5,2,703.4,6852.66,6913.22,2870,0.21643835616438356
^SPX,2026-02-24 16:15:00,SPX,2026-05-15,6310.0,C,0.0,0.0,0.0,0.0,0,2,692.4,2,695.0,6852.66,6913.22,0,0.21643835616438356
^SPX,2026-02-24 16:15:00,SPX,2026-05-15,6320.0,C,0.0,0.0,0.0,0.0,0,2,683.8,2,686.2,6852.66,6913.22,1,0.21643835616438356
^SPX,2026-02-24 16:15:00,SPX,2026-05-15,6325.0,C,0.0,0.0,0.0,0.0,0,2,679.3,2,681.9,6852.66,6913.22,590,0.21643835616438356
^SPX,2026-02-24 16:15:00,SPX,2026-05-15,6330.0,C,0.0,0.0,0.0,0.0,0,2,675.1,2,677.4,6852.66,6913.22,0,0.21643835616438356
^SPX,2026-02-24 16:15:00,SPX,2026-05-15,6340.0,C,0.0,0.0,0.0,0.0,0,2,666.3,2,668.8,6852.66,6913.22,0,0.21643835616438356
^SPX,2026-02-24 16:15:00,SPX,2026-05-15,6350.0,C,660.53,661.01,660.24,660.72,16,2,657.9,2,659.7,6852.66,6913.22,1332,0.21643835616438356
^SPX,2026-02-24 16:15:00,SPX,2026-05-15,6360.0,C,0.0,0.0,0.0,0.0,0,2,649.0,2,651.3,6852.66,6913.22,2,0.21643835616438356
^SPX,2026-02-24 16:15:00,SPX,2026-05-15,6370.0,C,0.0,0.0,0.0,0.0,0,2,640.4,2,642.7,6852.66,6913.22,1,0.21643835616438356
^SPX,2026-02-24 16:15:00,SPX,2026-05-15,6375.0,C,0.0,0.0,0.0,0.0,0,2,636.0,2,638.4,6852.66,6913.22,376,0.21643835616438356
^SPX,2026-02-24 16:15:00,SPX,2026-05-15,6380.0,C,0.0,0.0,0.0,0.0,0,2,631.7,2,634.1,6852.66,6913.22,7,0.21643835616438356
^SPX,2026-02-24 16:15:00,SPX,2026-05-15,6390.0,C,0.0,0.0,0.0,0.0,0,2,623.0,2,625.5,6852.66,6913.22,0,0.21643835616438356
^SPX,2026-02-24 16:15:00,SPX,2026-05-15,6400.0,C,0.0,0.0,0.0,0.0,0,2,614.7,2,616.6,6852.66,6913.22,2954,0.21643835616438356
^SPX,2026-02-24 16:15:00,SPX,2026-05-15,6410.0,C,0.0,0.0,0.0,0.0,0,2,606.0,2,608.4,6852.66,6913.22,1,0.21643835616438356
^SPX,2026-02-24 16:15:00,SPX,2026-05-15,6420.0,C,0.0,0.0,0.0,0.0,0,2,597.5,2,599.8,6852.66,6913.22,37,0.21643835616438356
^SPX,2026-02-24 16:15:00,SPX,2026-05-15,6425.0,C,0.0,0.0,0.0,0.0,0,2,593.2,2,595.5,6852.66,6913.22,200,0.21643835616438356
^SPX,2026-02-24 16:15:00,SPX,2026-05-15,6430.0,C,0.0,0.0,0.0,0.0,0,2,588.9,2,591.3,6852.66,6913.22,0,0.21643835616438356
^SPX,2026-02-24 16:15:00,SPX,2026-05-15,6440.0,C,0.0,0.0,0.0,0.0,0,2,580.5,2,582.8,6852.66,6913.22,1,0.21643835616438356
^SPX,2026-02-24 16:15:00,SPX,2026-05-15,6445.0,C,0.0,0.0,0.0,0.0,0,2,576.2,2,578.5,6852.66,6913.22,0,0.21643835616438356
^SPX,2026-02-24 16:15:00,SPX,2026-05-15,6450.0,C,0.0,0.0,0.0,0.0,0,2,572.2,2,574.0,6852.66,6913.22,2798,0.21643835616438356
^SPX,2026-02-24 16:15:00,SPX,2026-05-15,6455.0,C,0.0,0.0,0.0,0.0,0,2,567.8,2,570.1,6852.66,6913.22,0,0.21643835616438356
^SPX,2026-02-24 16:15:00,SPX,2026-05-15,6460.0,C,0.0,0.0,0.0,0.0,0,2,563.6,2,565.9,6852.66,6913.22,1,0.21643835616438356
^SPX,2026-02-24 16:15:00,SPX,2026-05-15,6465.0,C,0.0,0.0,0.0,0.0,0,2,559.4,2,561.6,6852.66,6913.22,0,0.21643835616438356
^SPX,2026-02-24 16:15:00,SPX,2026-05-15,6470.0,C,0.0,0.0,0.0,0.0,0,2,555.2,2,557.5,6852.66,6913.22,3,0.21643835616438356
^SPX,2026-02-24 16:15:00,SPX,2026-05-15,6475.0,C,0.0,0.0,0.0,0.0,0,2,551.0,2,553.3,6852.66,6913.22,385,0.21643835616438356
^SPX,2026-02-24 16:15:00,SPX,2026-05-15,6480.0,C,0.0,0.0,0.0,0.0,0,2,546.8,2,549.0,6852.66,6913.22,0,0.21643835616438356
^SPX,2026-02-24 16:15:00,SPX,2026-05-15,6485.0,C,0.0,0.0,0.0,0.0,0,2,542.6,2,544.9,6852.66,6913.22,0,0.21643835616438356
^SPX,2026-02-24 16:15:00,SPX,2026-05-15,6490.0,C,0.0,0.0,0.0,0.0,0,2,538.5,2,540.7,6852.66,6913.22,1,0.21643835616438356
^SPX,2026-02-24 16:15:00,SPX,2026-05-15,6495.0,C,0.0,0.0,0.0,0.0,0,2,534.3,2,536.5,6852.66,6913.22,0,0.21643835616438356
^SPX,2026-02-24 16:15:00,SPX,2026-05-15,6500.0,C,520.19,537.17,504.9,537.17,12,2,530.2,2,532.1,6852.66,6913.22,4344,0.21643835616438356
^SPX,2026-02-24 16:15:00,SPX,2026-05-15,6505.0,C,0.0,0.0,0.0,0.0,0,2,526.0,2,528.2,6852.66,6913.22,0,0.21643835616438356
^SPX,2026-02-24 16:15:00,SPX,2026-05-15,6510.0,C,0.0,0.0,0.0,0.0,0,2,521.8,2,524.1,6852.66,6913.22,1,0.21643835616438356
^SPX,2026-02-24 16:15:00,SPX,2026-05-15,6515.0,C,0.0,0.0,0.0,0.0,0,2,517.7,2,519.9,6852.66,6913.22,0,0.21643835616438356
^SPX,2026-02-24 16:15:00,SPX,2026-05-15,6520.0,C,0.0,0.0,0.0,0.0,0,2,513.6,2,515.8,6852.66,6913.22,7,0.21643835616438356
^SPX,2026-02-24 16:15:00,SPX,2026-05-15,6525.0,C,0.0,0.0,0.0,0.0,0,2,509.4,2,511.7,6852.66,6913.22,269,0.21643835616438356
^SPX,2026-02-24 16:15:00,SPX,2026-05-15,6530.0,C,0.0,0.0,0.0,0.0,0,2,505.3,2,507.5,6852.66,6913.22,4,0.21643835616438356
^SPX,2026-02-24 16:15:00,SPX,2026-05-15,6535.0,C,504.2,504.2,504.2,504.2,4,2,501.2,2,503.4,6852.66,6913.22,0,0.21643835616438356
^SPX,2026-02-24 16:15:00,SPX,2026-05-15,6540.0,C,0.0,0.0,0.0,0.0,0,2,497.1,2,499.3,6852.66,6913.22,209,0.21643835616438356
^SPX,2026-02-24 16:15:00,SPX,2026-05-15,6545.0,C,0.0,0.0,0.0,0.0,0,1,493.1,1,494.6,6852.66,6913.22,4,0.21643835616438356
^SPX,2026-02-24 16:15:00,SPX,2026-05-15,6550.0,C,0.0,0.0,0.0,0.0,0,1,489.2,1,490.5,6852.66,6913.22,655,0.21643835616438356
^SPX,2026-02-24 16:15:00,SPX,2026-05-15,6555.0,C,0.0,0.0,0.0,0.0,0,1,485.1,1,486.5,6852.66,6913.22,1,0.21643835616438356
^SPX,2026-02-24 16:15:00,SPX,2026-05-15,6560.0,C,0.0,0.0,0.0,0.0,0,1,481.0,1,482.4,6852.66,6913.22,26,0.21643835616438356
^SPX,2026-02-24 16:15:00,SPX,2026-05-15,6565.0,C,0.0,0.0,0.0,0.0,0,1,476.9,1,478.3,6852.66,6913.22,0,0.21643835616438356
^SPX,2026-02-24 16:15:00,SPX,2026-05-15,6570.0,C,475.0,475.0,475.0,475.0,7,13,472.9,3,474.3,6852.66,6913.22,3,0.21643835616438356
^SPX,2026-02-24 16:15:00,SPX,2026-05-15,6575.0,C,0.0,0.0,0.0,0.0,0,9,468.8,3,470.2,6852.66,6913.22,322,0.21643835616438356
^SPX,2026-02-24 16:15:00,SPX,2026-05-15,6580.0,C,0.0,0.0,0.0,0.0,0,13,464.8,3,466.2,6852.66,6913.22,2,0.21643835616438356
^SPX,2026-02-24 16:15:00,SPX,2026-05-15,6585.0,C,463.7,463.7,463.7,463.7,13,1,460.8,1,462.1,6852.66,6913.22,4,0.21643835616438356
^SPX,2026-02-24 16:15:00,SPX,2026-05-15,6590.0,C,0.0,0.0,0.0,0.0,0,11,456.8,3,458.1,6852.66,6913.22,3,0.21643835616438356
^SPX,2026-02-24 16:15:00,SPX,2026-05-15,6595.0,C,0.0,0.0,0.0,0.0,0,1,452.7,1,454.1,6852.66,6913.22,10,0.21643835616438356
^SPX,2026-02-24 16:15:00,SPX,2026-05-15,6600.0,C,446.01,447.98,446.01,447.98,8,2,448.8,3,450.1,6852.66,6913.22,868,0.21643835616438356
^SPX,2026-02-24 16:15:00,SPX,2026-05-15,6605.0,C,447.6,447.6,447.6,447.6,6,1,444.7,1,446.1,6852.66,6913.22,0,0.21643835616438356
^SPX,2026-02-24 16:15:00,SPX,2026-05-15,6610.0,C,0.0,0.0,0.0,0.0,0,9,440.8,1,442.1,6852.66,6913.22,43,0.21643835616438356
^SPX,2026-02-24 16:15:00,SPX,2026-05-15,6615.0,C,438.7,438.7,438.7,438.7,1,1,436.7,1,438.1,6852.66,6913.22,4,0.21643835616438356
^SPX,2026-02-24 16:15:00,SPX,2026-05-15,6620.0,C,0.0,0.0,0.0,0.0,0,14,432.8,10,434.2,6852.66,6913.22,6,0.21643835616438356
^SPX,2026-02-24 16:15:00,SPX,2026-05-15,6625.0,C,0.0,0.0,0.0,0.0,0,14,428.8,10,430.2,6852.66,6913.22,303,0.21643835616438356
^SPX,2026-02-24 16:15:00,SPX,2026-05-15,6630.0,C,427.6,427.6,427.6,427.6,6,13,424.9,3,426.2,6852.66,6913.22,1,0.21643835616438356
^SPX,2026-02-24 16:15:00,SPX,2026-05-15,6635.0,C,423.5,423.5,423.2,423.2,14,1,420.9,1,422.3,6852.66,6913.22,0,0.21643835616438356
^SPX,2026-02-24 16:15:00,SPX,2026-05-15,6640.0,C,419.1,419.1,419.1,419.1,6,13,417.0,10,418.4,6852.66,6913.22,3,0.21643835616438356
^SPX,2026-02-24 16:15:00,SPX,2026-05-15,6645.0,C,0.0,0.0,0.0,0.0,0,1,413.0,1,414.4,6852.66,6913.22,0,0.21643835616438356
^SPX,2026-02-24 16:15:00,SPX,2026-05-15,6650.0,C,409.5,409.5,409.5,409.5,25,12,409.2,10,410.5,6852.66,6913.22,907,0.21643835616438356
^SPX,2026-02-24 16:15:00,SPX,2026-05-15,6655.0,C,408.0,408.0,407.1,407.1,14,1,405.2,1,406.6,6852.66,6913.22,6,0.21643835616438356
^SPX,2026-02-24 16:15:00,SPX,2026-05-15,6660.0,C,0.0,0.0,0.0,0.0,0,13,401.4,10,402.7,6852.66,6913.22,109,0.21643835616438356
^SPX,2026-02-24 16:15:00,SPX,2026-05-15,6665.0,C,0.0,0.0,0.0,0.0,0,1,397.4,1,398.8,6852.66,6913.22,11,0.21643835616438356
^SPX,2026-02-24 16:15:00,SPX,2026-05-15,6670.0,C,395.3,395.3,395.3,395.3,3,13,393.6,1,394.9,6852.66,6913.22,0,0.21643835616438356
^SPX,2026-02-24 16:15:00,SPX,2026-05-15,6675.0,C,388.2,388.2,388.2,388.2,12,13,389.8,10,391.1,6852.66,6913.22,223,0.21643835616438356
^SPX,2026-02-24 16:15:00,SPX,2026-05-15,6680.0,C,349.0,379.0,349.0,379.0,4,9,385.9,10,387.2,6852.66,6913.22,6,0.21643835616438356
^SPX,2026-02-24 16:15:00,SPX,2026-05-15,6685.0,C,383.8,383.8,383.8,383.8,6,1,382.0,1,383.4,6852.66,6913.22,0,0.21643835616438356
^SPX,2026-02-24 16:15:00,SPX,2026-05-15,6690.0,C,0.0,0.0,0.0,0.0,0,13,378.2,10,379.5,6852.66,6913.22,9,0.21643835616438356
^SPX,2026-02-24 16:15:00,SPX,2026-05-15,6695.0,C,0.0,0.0,0.0,0.0,0,1,374.3,1,375.7,6852.66,6913.22,3,0.21643835616438356
^SPX,2026-02-24 16:15:00,SPX,2026-05-15,6700.0,C,373.96,373.96,373.3,373.3,2,14,370.6,10,371.9,6852.66,6913.22,535,0.21643835616438356
^SPX,2026-02-24 16:15:00,SPX,2026-05-15,6705.0,C,370.18,370.18,370.18,370.18,1,1,366.7,1,368.1,6852.66,6913.22,0,0.21643835616438356
^SPX,2026-02-24 16:15:00,SPX,2026-05-15,6710.0,C,365.3,365.3,365.3,365.3,2,13,363.0,10,364.3,6852.66,6913.22,38,0.21643835616438356
^SPX,2026-02-24 16:15:00,SPX,2026-05-15,6715.0,C,0.0,0.0,0.0,0.0,0,1,359.1,1,360.5,6852.66,6913.22,0,0.21643835616438356
^SPX,2026-02-24 16:15:00,SPX,2026-05-15,6720.0,C,0.0,0.0,0.0,0.0,0,13,355.5,10,356.7,6852.66,6913.22,8,0.21643835616438356
^SPX,2026-02-24 16:15:00,SPX,2026-05-15,6725.0,C,344.41,350.2,344.41,350.2,22,13,351.7,10,353.0,6852.66,6913.22,510,0.21643835616438356
^SPX,2026-02-24 16:15:00,SPX,2026-05-15,6730.0,C,350.2,350.2,350.2,350.2,10,13,348.0,10,349.2,6852.66,6913.22,25,0.21643835616438356
^SPX,2026-02-24 16:15:00,SPX,2026-05-15,6735.0,C,345.9,345.9,345.9,345.9,1,1,344.1,1,345.5,6852.66,6913.22,3,0.21643835616438356
^SPX,2026-02-24 16:15:00,SPX,2026-05-15,6740.0,C,0.0,0.0,0.0,0.0,0,13,340.5,10,341.8,6852.66,6913.22,17,0.21643835616438356
^SPX,2026-02-24 16:15:00,SPX,2026-05-15,6745.0,C,339.1,339.1,339.1,339.1,5,9,336.9,9,337.9,6852.66,6913.22,4,0.21643835616438356
^SPX,2026-02-24 16:15:00,SPX,2026-05-15,6750.0,C,0.0,0.0,0.0,0.0,0,20,333.1,9,334.2,6852.66,6913.22,639,0.21643835616438356
^SPX,2026-02-24 16:15:00,SPX,2026-05-15,6755.0,C,316.45,331.0,316.45,331.0,2,9,329.4,9,330.5,6852.66,6913.22,6,0.21643835616438356
^SPX,2026-02-24 16:15:00,SPX,2026-05-15,6760.0,C,327.2,327.2,327.2,327.2,4,20,325.8,10,326.9,6852.66,6913.22,3,0.21643835616438356
^SPX,2026-02-24 16:15:00,SPX,2026-05-15,6765.0,C,0.0,0.0,0.0,0.0,0,10,322.2,10,323.2,6852.66,6913.22,1,0.21643835616438356
^SPX,2026-02-24 16:15:00,SPX,2026-05-15,6770.0,C,319.8,319.8,319.8,319.8,21,16,318.5,25,319.7,6852.66,6913.22,3,0.21643835616438356
^SPX,2026-02-24 16:15:00,SPX,2026-05-15,6775.0,C,316.4,316.4,316.4,316.4,6,10,314.9,10,315.9,6852.66,6913.22,348,0.21643835616438356
^SPX,2026-02-24 16:15:00,SPX,2026-05-15,6780.0,C,312.5,312.5,312.5,312.5,1,10,311.3,10,312.3,6852.66,6913.22,21,0.21643835616438356
^SPX,2026-02-24 16:15:00,SPX,2026-05-15,6785.0,C,0.0,0.0,0.0,0.0,0,10,307.6,10,308.7,6852.66,6913.22,0,0.21643835616438356
^SPX,2026-02-24 16:15:00,SPX,2026-05-15,6790.0,C,305.5,305.5,305.5,305.5,2,11,304.1,11,305.1,6852.66,6913.22,9,0.21643835616438356
^SPX,2026-02-24 16:15:00,SPX,2026-05-15,6795.0,C,301.7,301.7,301.7,301.7,12,17,300.5,17,301.5,6852.66,6913.22,7,0.21643835616438356
^SPX,2026-02-24 16:15:00,SPX,2026-05-15,6800.0,C,273.3,296.7,273.3,296.1,7,17,296.9,17,297.9,6852.66,6913.22,2793,0.21643835616438356
^SPX,2026-02-24 16:15:00,SPX,2026-05-15,6805.0,C,0.0,0.0,0.0,0.0,0,11,293.4,11,294.4,6852.66,6913.22,12,0.21643835616438356
^SPX,2026-02-24 16:15:00,SPX,2026-05-15,6810.0,C,291.2,291.2,291.2,291.2,8,30,289.8,17,290.8,6852.66,6913.22,323,0.21643835616438356
^SPX,2026-02-24 16:15:00,SPX,2026-05-15,6815.0,C,288.1,288.1,288.1,288.1,1,11,286.3,11,287.3,6852.66,6913.22,5,0.21643835616438356
^SPX,2026-02-24 16:15:00,SPX,2026-05-15,6820.0,C,0.0,0.0,0.0,0.0,0,11,282.8,11,283.8,6852.66,6913.22,17,0.21643835616438356
^SPX,2026-02-24 16:15:00,SPX,2026-05-15,6825.0,C,0.0,0.0,0.0,0.0,0,11,279.3,11,280.3,6852.66,6913.22,165,0.21643835616438356
^SPX,2026-02-24 16:15:00,SPX,2026-05-15,6830.0,C,0.0,0.0,0.0,0.0,0,36,275.8,11,276.8,6852.66,6913.22,37,0.21643835616438356
^SPX,2026-02-24 16:15:00,SPX,2026-05-15,6835.0,C,275.05,275.05,273.4,273.4,3,11,272.3,11,273.4,6852.66,6913.22,13,0.21643835616438356
^SPX,2026-02-24 16:15:00,SPX,2026-05-15,6840.0,C,252.0,270.1,252.0,270.1,21,46,268.8,17,269.9,6852.66,6913.22,29,0.21643835616438356
^SPX,2026-02-24 16:15:00,SPX,2026-05-15,6845.0,C,266.8,266.8,266.8,266.8,6,11,265.5,11,266.5,6852.66,6913.22,10,0.21643835616438356
^SPX,2026-02-24 16:15:00,SPX,2026-05-15,6850.0,C,244.9,259.72,244.9,259.72,618,48,262.0,30,263.2,6852.66,6913.22,1428,0.21643835616438356
^SPX,2026-02-24 16:15:00,SPX,2026-05-15,6855.0,C,254.9,254.9,254.9,254.9,1,12,258.6,12,259.7,6852.66,6913.22,10,0.21643835616438356
^SPX,2026-02-24 16:15:00,SPX,2026-05-15,6860.0,C,256.4,256.4,251.6,251.7,9,21,255.3,33,256.4,6852.66,6913.22,19,0.21643835616438356
^SPX,2026-02-24 16:15:00,SPX,2026-05-15,6865.0,C,253.6,253.6,248.2,248.2,3,12,251.9,12,252.9,6852.66,6913.22,18,0.21643835616438356
^SPX,2026-02-24 16:15:00,SPX,2026-05-15,6870.0,C,244.9,244.9,244.9,244.9,1,38,248.5,12,249.5,6852.66,6913.22,32,0.21643835616438356
^SPX,2026-02-24 16:15:00,SPX,2026-05-15,6875.0,C,242.2,242.2,242.2,242.2,1,12,245.2,21,246.2,6852.66,6913.22,811,0.21643835616438356
^SPX,2026-02-24 16:15:00,SPX,2026-05-15,6880.0,C,243.1,243.1,238.4,238.4,5,12,241.9,21,242.9,6852.66,6913.22,37,0.21643835616438356
^SPX,2026-02-24 16:15:00,SPX,2026-05-15,6885.0,C,235.1,235.1,235.1,235.1,1,12,238.5,12,239.6,6852.66,6913.22,165,0.21643835616438356
^SPX,2026-02-24 16:15:00,SPX,2026-05-15,6890.0,C,237.88,237.88,231.7,231.7,2,12,235.3,21,236.3,6852.66,6913.22,20,0.21643835616438356
^SPX,2026-02-24 16:15:00,SPX,2026-05-15,6895.0,C,228.6,233.21,228.6,233.21,3,12,232.0,12,233.1,6852.66,6913.22,40,0.21643835616438356
^SPX,2026-02-24 16:15:00,SPX,2026-05-15,6900.0,C,226.05,233.16,225.3,233.16,270,22,228.8,31,229.8,6852.66,6913.22,3081,0.21643835616438356
^SPX,2026-02-24 16:15:00,SPX,2026-05-15,6905.0,C,227.1,227.1,223.0,224.9,7,20,225.6,20,226.5,6852.66,6913.22,13,0.21643835616438356
^SPX,2026-02-24 16:15:00,SPX,2026-05-15,6910.0,C,223.9,223.9,218.7,218.7,34,20,222.4,29,223.3,6852.66,6913.22,30,0.21643835616438356
^SPX,2026-02-24 16:15:00,SPX,2026-05-15,6915.0,C,214.52,220.1,214.52,215.7,81,49,219.2,27,220.1,6852.66,6913.22,18,0.21643835616438356
^SPX,2026-02-24 16:15:00,SPX,2026-05-15,6920.0,C,212.7,212.7,212.7,212.7,1,21,216.0,30,217.0,6852.66,6913.22,149,0.21643835616438356
^SPX,2026-02-24 16:15:00,SPX,2026-05-15,6925.0,C,209.4,209.4,209.4,209.4,1,21,212.8,30,213.8,6852.66,6913.22,516,0.21643835616438356
^SPX,2026-02-24 16:15:00,SPX,2026-05-15,6930.0,C,191.7,210.8,190.9,206.3,157,46,209.7,44,210.7,6852.66,6913.22,403,0.21643835616438356
^SPX,2026-02-24 16:15:00,SPX,2026-05-15,6935.0,C,188.3,208.0,188.3,203.2,7,21,206.6,21,207.6,6852.66,6913.22,18,0.21643835616438356
^SPX,2026-02-24 16:15:00,SPX,2026-05-15,6940.0,C,184.7,200.4,184.7,200.4,2,21,203.5,30,204.4,6852.66,6913.22,105,0.21643835616438356
^SPX,2026-02-24 16:15:00,SPX,2026-05-15,6945.0,C,197.1,197.1,197.1,197.1,1,22,200.3,21,201.4,6852.66,6913.22,13,0.21643835616438356
^SPX,2026-02-24 16:15:00,SPX,2026-05-15,6950.0,C,192.4,198.2,192.4,194.56,70,48,197.4,41,198.3,6852.66,6913.22,1568,0.21643835616438356
^SPX,2026-02-24 16:15:00,SPX,2026-05-15,6955.0,C,177.2,198.4,177.2,196.93,45,51,194.3,28,195.4,6852.66,6913.22,10,0.21643835616438356
^SPX,2026-02-24 16:15:00,SPX,2026-05-15,6960.0,C,188.3,192.54,188.3,192.54,3,46,191.2,32,192.2,6852.66,6913.22,46,0.21643835616438356
^SPX,2026-02-24 16:15:00,SPX,2026-05-15,6965.0,C,189.2,189.2,185.2,185.2,3,22,188.2,21,189.3,6852.66,6913.22,98,0.21643835616438356
^SPX,2026-02-24 16:15:00,SPX,2026-05-15,6970.0,C,186.1,186.1,182.3,182.3,4,48,185.2,32,186.3,6852.66,6913.22,41,0.21643835616438356
^SPX,2026-02-24 16:15:00,SPX,2026-05-15,6975.0,C,173.55,183.6,173.55,179.2,68,50,182.3,47,183.3,6852.66,6913.22,1242,0.21643835616438356
^SPX,2026-02-24 16:15:00,SPX,2026-05-15,6980.0,C,180.6,180.6,176.4,176.4,2,49,179.3,33,180.4,6852.66,6913.22,72,0.21643835616438356
^SPX,2026-02-24 16:15:00,SPX,2026-05-15,6985.0,C,176.4,176.4,173.4,173.4,2,39,176.4,22,177.5,6852.66,6913.22,46,0.21643835616438356
^SPX,2026-02-24 16:15:00,SPX,2026-05-15,6990.0,C,171.6,171.6,171.6,171.6,1,55,173.5,33,174.6,6852.66,6913.22,53,0.21643835616438356
^SPX,2026-02-24 16:15:00,SPX,2026-05-15,6995.0,C,166.1,171.9,166.1,168.6,22,22,170.8,22,171.7,6852.66,6913.22,35,0.21643835616438356
^SPX,2026-02-24 16:15:00,SPX,2026-05-15,7000.0,C,157.0,168.5,153.03,165.1,227,29,168.0,47,168.9,6852.66,6913.22,47029,0.21643835616438356
^SPX,2026-02-24 16:15:00,SPX,2026-05-15,7005.0,C,162.2,162.2,162.2,162.2,1,23,165.0,23,166.2,6852.66,6913.22,137,0.21643835616438356
^SPX,2026-02-24 16:15:00,SPX,2026-05-15,7010.0,C,159.3,159.3,159.3,159.3,1,51,162.2,34,163.2,6852.66,6913.22,166,0.21643835616438356
^SPX,2026-02-24 16:15:00,SPX,2026-05-15,7015.0,C,145.08,156.8,145.08,156.8,62,23,159.4,22,160.5,6852.66,6913.22,34,0.21643835616438356
^SPX,2026-02-24 16:15:00,SPX,2026-05-15,7020.0,C,153.8,153.8,153.8,153.8,1,23,156.7,35,157.7,6852.66,6913.22,38,0.21643835616438356
^SPX,2026-02-24 16:15:00,SPX,2026-05-15,7025.0,C,139.3,151.1,138.7,151.1,5,41,154.0,36,155.0,6852.66,6913.22,409,0.21643835616438356
^SPX,2026-02-24 16:15:00,SPX,2026-05-15,7030.0,C,140.9,152.3,140.9,148.8,9,42,151.3,36,152.3,6852.66,6913.22,159,0.21643835616438356
^SPX,2026-02-24 16:15:00,SPX,2026-05-15,7035.0,C,149.7,149.7,145.8,145.8,13,24,148.6,24,149.6,6852.66,6913.22,12,0.21643835616438356
^SPX,2026-02-24 16:15:00,SPX,2026-05-15,7040.0,C,146.8,146.8,143.2,143.2,2,42,145.9,36,146.9,6852.66,6913.22,54,0.21643835616438356
^SPX,2026-02-24 16:15:00,SPX,2026-05-15,7045.0,C,140.7,140.7,140.7,140.7,1,24,143.3,24,144.4,6852.66,6913.22,20,0.21643835616438356
^SPX,2026-02-24 16:15:00,SPX,2026-05-15,7050.0,C,138.0,138.0,138.0,138.0,1,32,140.8,54,141.7,6852.66,6913.22,1464,0.21643835616438356
^SPX,2026-02-24 16:15:00,SPX,2026-05-15,7055.0,C,139.2,139.2,135.4,135.4,29,24,138.1,24,139.2,6852.66,6913.22,21,0.21643835616438356
^SPX,2026-02-24 16:15:00,SPX,2026-05-15,7060.0,C,133.0,133.0,133.0,133.0,1,43,135.6,39,136.6,6852.66,6913.22,67,0.21643835616438356
^SPX,2026-02-24 16:15:00,SPX,2026-05-15,7065.0,C,114.0,134.0,114.0,130.7,10,43,133.0,25,134.0,6852.66,6913.22,33,0.21643835616438356
^SPX,2026-02-24 16:15:00,SPX,2026-05-15,7070.0,C,132.2,132.2,128.1,128.1,41,33,130.6,56,131.5,6852.66,6913.22,228,0.21643835616438356
^SPX,2026-02-24 16:15:00,SPX,2026-05-15,7075.0,C,124.2,125.5,124.1,125.5,3,42,128.1,39,129.0,6852.66,6913.22,704,0.21643835616438356
^SPX,2026-02-24 16:15:00,SPX,2026-05-15,7080.0,C,127.2,127.2,123.1,123.1,7,43,125.6,39,126.6,6852.66,6913.22,241,0.21643835616438356
^SPX,2026-02-24 16:15:00,SPX,2026-05-15,7085.0,C,120.7,120.7,120.7,120.7,1,25,123.2,25,124.2,6852.66,6913.22,18,0.21643835616438356
^SPX,2026-02-24 16:15:00,SPX,2026-05-15,7090.0,C,122.2,122.2,118.6,118.6,3,44,120.8,41,121.8,6852.66,6913.22,41,0.21643835616438356
^SPX,2026-02-24 16:15:00,SPX,2026-05-15,7100.0,C,103.22,117.7,103.22,114.0,6,39,116.2,67,117.0,6852.66,6913.22,10873,0.21643835616438356
^SPX,2026-02-24 16:15:00,SPX,2026-05-15,7110.0,C,109.1,109.1,109.1,109.1,1,27,111.5,42,112.4,6852.66,6913.22,30,0.21643835616438356
^SPX,2026-02-24 16:15:00,SPX,2026-05-15,7120.0,C,108.5,108.5,104.7,104.7,9,29,107.0,46,107.9,6852.66,6913.22,40,0.21643835616438356
^SPX,2026-02-24 16:15:00,SPX,2026-05-15,7125.0,C,105.0,105.0,102.5,102.5,2,73,104.7,67,105.7,6852.66,6913.22,1230,0.21643835616438356
^SPX,2026-02-24 16:15:00,SPX,2026-05-15,7130.0,C,90.92,102.9,90.92,100.6,7,29,102.6,46,103.5,6852.66,6913.22,145,0.21643835616438356
^SPX,2026-02-24 16:15:00,SPX,2026-05-15,7140.0,C,98.7,98.7,96.4,96.4,5,31,98.3,49,99.2,6852.66,6913.22,233,0.21643835616438356
^SPX,2026-02-24 16:15:00,SPX,2026-05-15,7150.0,C,84.27,94.4,84.27,92.3,1106,45,94.2,64,95.0,6852.66,6913.22,8434,0.21643835616438356
^SPX,2026-02-24 16:15:00,SPX,2026-05-15,7160.0,C,90.4,90.4,88.3,88.3,5,32,90.1,49,91.0,6852.66,6913.22,56,0.21643835616438356
^SPX,2026-02-24 16:15:00,SPX,2026-05-15,7170.0,C,86.7,86.7,84.9,84.9,3,51,86.1,56,87.0,6852.66,6913.22,72,0.21643835616438356
^SPX,2026-02-24 16:15:00,SPX,2026-05-15,7175.0,C,81.3,84.5,81.3,83.84,3,33,84.2,53,85.1,6852.66,6913.22,476,0.21643835616438356
^SPX,2026-02-24 16:15:00,SPX,2026-05-15,7180.0,C,79.5,82.9,79.5,80.8,206,45,82.3,82,83.2,6852.66,6913.22,383,0.21643835616438356
^SPX,2026-02-24 16:15:00,SPX,2026-05-15,7190.0,C,68.5,79.2,68.5,77.4,6,35,78.6,55,79.5,6852.66,6913.22,590,0.21643835616438356
^SPX,2026-02-24 16:15:00,SPX,2026-05-15,7200.0,C,72.7,76.95,71.8,76.95,929,53,75.1,76,75.8,6852.66,6913.22,6160,0.21643835616438356
^SPX,2026-02-24 16:15:00,SPX,2026-05-15,7210.0,C,70.2,70.2,70.2,70.2,2,57,71.5,79,72.4,6852.66,6913.22,43,0.21643835616438356
^SPX,2026-02-24 16:15:00,SPX,2026-05-15,7220.0,C,67.4,69.37,67.4,69.37,10,59,68.1,60,68.9,6852.66,6913.22,49,0.21643835616438356
^SPX,2026-02-24 16:15:00,SPX,2026-05-15,7225.0,C,0.0,0.0,0.0,0.0,0,178,66.4,123,67.4,6852.66,6913.22,2241,0.21643835616438356
^SPX,2026-02-24 16:15:00,SPX,2026-05-15,7230.0,C,65.1,65.1,63.9,63.9,2,40,64.9,67,65.7,6852.66,6913.22,218,0.21643835616438356
^SPX,2026-02-24 16:15:00,SPX,2026-05-15,7240.0,C,61.9,61.9,60.8,60.8,2,61,61.7,84,62.6,6852.66,6913.22,632,0.21643835616438356
^SPX,2026-02-24 16:15:00,SPX,2026-05-15,7250.0,C,57.01,60.53,57.01,60.53,348,90,58.7,128,59.6,6852.66,6913.22,3851,0.21643835616438356
^SPX,2026-02-24 16:15:00,SPX,2026-05-15,7260.0,C,55.2,55.2,55.2,55.2,1,43,55.8,87,56.6,6852.66,6913.22,132,0.21643835616438356
^SPX,2026-02-24 16:15:00,SPX,2026-05-15,7270.0,C,52.2,52.2,52.2,52.2,1,44,53.0,90,53.8,6852.66,6913.22,26,0.21643835616438356
^SPX,2026-02-24 16:15:00,SPX,2026-05-15,7275.0,C,51.8,51.8,51.8,51.8,1,66,51.6,91,52.4,6852.66,6913.22,840,0.21643835616438356
^SPX,2026-02-24 16:15:00,SPX,2026-05-15,7280.0,C,49.6,50.03,49.6,50.03,4,113,50.2,93,51.1,6852.66,6913.22,40,0.21643835616438356
^SPX,2026-02-24 16:15:00,SPX,2026-05-15,7290.0,C,44.45,47.1,44.45,47.0,5,47,47.7,94,48.5,6852.66,6913.22,276,0.21643835616438356
^SPX,2026-02-24 16:15:00,SPX,2026-05-15,7300.0,C,43.6,46.1,43.3,44.7,632,67,45.2,146,46.0,6852.66,6913.22,4581,0.21643835616438356
^SPX,2026-02-24 16:15:00,SPX,2026-05-15,7310.0,C,39.3,43.5,39.3,43.2,32,105,42.8,156,43.6,6852.66,6913.22,144,0.21643835616438356
^SPX,2026-02-24 16:15:00,SPX,2026-05-15,7320.0,C,39.1,40.7,39.1,39.9,13,78,40.5,110,41.2,6852.66,6913.22,23,0.21643835616438356
^SPX,2026-02-24 16:15:00,SPX,2026-05-15,7325.0,C,37.9,37.98,37.9,37.96,20,111,39.4,143,40.1,6852.66,6913.22,995,0.21643835616438356
^SPX,2026-02-24 16:15:00,SPX,2026-05-15,7330.0,C,35.29,37.8,35.29,37.8,4,109,38.3,114,39.0,6852.66,6913.22,31,0.21643835616438356
^SPX,2026-02-24 16:15:00,SPX,2026-05-15,7340.0,C,35.9,36.4,35.9,36.4,6,137,36.2,110,36.9,6852.66,6913.22,55,0.21643835616438356
^SPX,2026-02-24 16:15:00,SPX,2026-05-15,7350.0,C,31.79,34.9,31.79,34.1,6,60,34.3,93,34.9,6852.66,6913.22,3495,0.21643835616438356
^SPX,2026-02-24 16:15:00,SPX,2026-05-15,7360.0,C,32.6,32.6,31.9,31.9,11,207,32.2,115,33.0,6852.66,6913.22,370,0.21643835616438356
^SPX,2026-02-24 16:15:00,SPX,2026-05-15,7370.0,C,30.8,31.1,30.8,31.1,7,324,30.4,168,31.2,6852.66,6913.22,1084,0.21643835616438356
^SPX,2026-02-24 16:15:00,SPX,2026-05-15,7375.0,C,29.75,29.9,29.75,29.9,6,243,29.6,158,30.3,6852.66,6913.22,1124,0.21643835616438356
^SPX,2026-02-24 16:15:00,SPX,2026-05-15,7380.0,C,29.1,29.1,29.1,29.1,2,211,28.7,168,29.5,6852.66,6913.22,94,0.21643835616438356
^SPX,2026-02-24 16:15:00,SPX,2026-05-15,7390.0,C,27.5,27.6,27.5,27.6,8,181,27.1,141,27.8,6852.66,6913.22,103,0.21643835616438356
^SPX,2026-02-24 16:15:00,SPX,2026-05-15,7400.0,C,23.0,26.12,23.0,26.12,502,207,25.6,174,26.2,6852.66,6913.22,4472,0.21643835616438356
^SPX,2026-02-24 16:15:00,SPX,2026-05-15,7410.0,C,24.5,24.5,24.5,24.5,2,256,24.0,117,24.7,6852.66,6913.22,61,0.21643835616438356
^SPX,2026-02-24 16:15:00,SPX,2026-05-15,7420.0,C,22.5,22.5,22.5,22.5,1,263,22.6,90,23.2,6852.66,6913.22,20,0.21643835616438356
^SPX,2026-02-24 16:15:00,SPX,2026-05-15,7425.0,C,21.4,22.3,21.4,22.3,2,191,22.0,118,22.6,6852.66,6913.22,589,0.21643835616438356
^SPX,2026-02-24 16:15:00,SPX,2026-05-15,7430.0,C,0.0,0.0,0.0,0.0,0,236,21.3,125,21.9,6852.66,6913.22,78,0.21643835616438356
^SPX,2026-02-24 16:15:00,SPX,2026-05-15,7450.0,C,18.9,19.44,18.9,19.37,6,359,18.9,103,19.4,6852.66,6913.22,4545,0.21643835616438356
^SPX,2026-02-24 16:15:00,SPX,2026-05-15,7475.0,C,16.7,16.7,16.7,16.7,2,410,16.2,79,16.7,6852.66,6913.22,664,0.21643835616438356
^SPX,2026-02-24 16:15:00,SPX,2026-05-15,7500.0,C,14.3,14.45,14.3,14.45,1501,667,13.9,391,14.4,6852.66,6913.22,3810,0.21643835616438356
^SPX,2026-02-24 16:15:00,SPX,2026-05-15,7525.0,C,12.31,12.31,12.16,12.16,16,460,11.9,235,12.4,6852.66,6913.22,902,0.21643835616438356
^SPX,2026-02-24 16:15:00,SPX,2026-05-15,7550.0,C,10.6,10.6,10.56,10.56,20,2,10.4,280,10.7,6852.66,6913.22,859,0.21643835616438356
^SPX,2026-02-24 16:15:00,SPX,2026-05-15,7575.0,C,0.0,0.0,0.0,0.0,0,361,8.8,149,9.2,6852.66,6913.22,248,0.21643835616438356
^SPX,2026-02-24 16:15:00,SPX,2026-05-15,7600.0,C,7.5,7.8,7.5,7.8,5,373,7.6,491,8.0,6852.66,6913.22,6475,0.21643835616438356
^SPX,2026-02-24 16:15:00,SPX,2026-05-15,7625.0,C,6.5,6.8,6.5,6.8,2,876,6.5,411,6.9,6852.66,6913.22,1393,0.21643835616438356
^SPX,2026-02-24 16:15:00,SPX,2026-05-15,7650.0,C,5.6,5.9,5.6,5.9,26,1180,5.6,430,6.0,6852.66,6913.22,1076,0.21643835616438356
^SPX,2026-02-24 16:15:00,SPX,2026-05-15,7675.0,C,4.85,4.85,4.85,4.85,1,407,4.9,430,5.3,6852.66,6913.22,576,0.21643835616438356
^SPX,2026-02-24 16:15:00,SPX,2026-05-15,7700.0,C,4.48,4.5,4.48,4.5,2,373,4.3,524,4.6,6852.66,6913.22,3495,0.21643835616438356
^SPX,2026-02-24 16:15:00,SPX,2026-05-15,7725.0,C,3.5,3.95,3.5,3.9,2003,945,3.7,1200,4.1,6852.66,6913.22,2429,0.21643835616438356
^SPX,2026-02-24 16:15:00,SPX,2026-05-15,7750.0,C,3.1,3.1,3.1,3.1,3,538,3.3,1294,3.6,6852.66,6913.22,3356,0.21643835616438356
^SPX,2026-02-24 16:15:00,SPX,2026-05-15,7775.0,C,0.0,0.0,0.0,0.0,0,851,2.85,1228,3.2,6852.66,6913.22,1803,0.21643835616438356
^SPX,2026-02-24 16:15:00,SPX,2026-05-15,7800.0,C,2.9,2.9,2.65,2.65,830,502,2.55,1114,2.8,6852.66,6913.22,5109,0.21643835616438356
^SPX,2026-02-24 16:15:00,SPX,2026-05-15,7825.0,C,2.6,2.6,2.6,2.6,80,394,2.25,979,2.5,6852.66,6913.22,1714,0.21643835616438356
^SPX,2026-02-24 16:15:00,SPX,2026-05-15,7850.0,C,2.1,2.1,2.1,2.1,2000,444,2.0,402,2.2,6852.66,6913.22,2923,0.21643835616438356
^SPX,2026-02-24 16:15:00,SPX,2026-05-15,7875.0,C,0.0,0.0,0.0,0.0,0,771,1.75,1261,2.0,6852.66,6913.22,3819,0.21643835616438356
^SPX,2026-02-24 16:15:00,SPX,2026-05-15,7900.0,C,1.65,1.65,1.65,1.65,20,80,1.6,1505,1.8,6852.66,6913.22,2673,0.21643835616438356
^SPX,2026-02-24 16:15:00,SPX,2026-05-15,7950.0,C,1.4,1.4,1.4,1.4,1,20,1.3,370,1.45,6852.66,6913.22,51,0.21643835616438356
^SPX,2026-02-24 16:15:00,SPX,2026-05-15,8000.0,C,1.05,1.07,1.05,1.07,10,275,1.05,607,1.2,6852.66,6913.22,3388,0.21643835616438356
^SPX,2026-02-24 16:15:00,SPX,2026-05-15,8100.0,C,0.0,0.0,0.0,0.0,0,80,0.7,928,0.9,6852.66,6913.22,6535,0.21643835616438356
^SPX,2026-02-24 16:15:00,SPX,2026-05-15,8200.0,C,0.0,0.0,0.0,0.0,0,576,0.4,946,0.7,6852.66,6913.22,1539,0.21643835616438356
^SPX,2026-02-24 16:15:00,SPX,2026-05-15,8300.0,C,0.0,0.0,0.0,0.0,0,498,0.25,182,0.55,6852.66,6913.22,109,0.21643835616438356
^SPX,2026-02-24 16:15:00,SPX,2026-05-15,8400.0,C,0.0,0.0,0.0,0.0,0,468,0.2,185,0.45,6852.66,6913.22,370,0.21643835616438356
^SPX,2026-02-24 16:15:00,SPX,2026-05-15,8500.0,C,0.0,0.0,0.0,0.0,0,836,0.15,582,0.4,6852.66,6913.22,1195,0.21643835616438356
^SPX,2026-02-24 16:15:00,SPX,2026-05-15,8600.0,C,0.0,0.0,0.0,0.0,0,896,0.1,586,0.35,6852.66,6913.22,2047,0.21643835616438356
^SPX,2026-02-24 16:15:00,SPX,2026-05-15,8800.0,C,0.0,0.0,0.0,0.0,0,4,0.1,654,0.3,6852.66,6913.22,546,0.21643835616438356
^SPX,2026-02-24 16:15:00,SPX,2026-05-15,9000.0,C,0.0,0.0,0.0,0.0,0,14,0.1,1558,0.25,6852.66,6913.22,2687,0.21643835616438356
^SPX,2026-02-24 16:15:00,SPX,2026-05-15,9200.0,C,0.0,0.0,0.0,0.0,0,11,0.1,388,0.2,6852.66,6913.22,4266,0.21643835616438356
^SPX,2026-02-24 16:15:00,SPX,2026-05-15,9600.0,C,0.0,0.0,0.0,0.0,0,0,0.0,248,0.15,6852.66,6913.22,8,0.21643835616438356
^SPX,2026-02-24 16:15:00,SPX,2026-05-15,10000.0,C,0.0,0.0,0.0,0.0,0,0,0.0,298,0.15,6852.66,6913.22,165,0.21643835616438356
^SPX,2026-02-24 16:15:00,SPX,2026-05-15,10400.0,C,0.0,0.0,0.0,0.0,0,0,0.0,383,0.1,6852.66,6913.22,141,0.21643835616438356
^SPX,2026-02-24 16:15:00,SPX,2026-05-15,10800.0,C,0.0,0.0,0.0,0.0,0,0,0.0,286,0.1,6852.66,6913.22,0,0.21643835616438356
^SPX,2026-02-24 16:15:00,SPX,2026-05-15,11200.0,C,0.0,0.0,0.0,0.0,0,0,0.0,305,0.1,6852.66,6913.22,17,0.21643835616438356
^SPX,2026-02-24 16:15:00,SPX,2026-05-15,11600.0,C,0.0,0.0,0.0,0.0,0,0,0.0,319,0.1,6852.66,6913.22,2,0.21643835616438356
^SPX,2026-02-24 16:15:00,SPX,2026-05-15,12000.0,C,0.0,0.0,0.0,0.0,0,0,0.0,330,0.1,6852.66,6913.22,0,0.21643835616438356
^SPX,2026-02-24 16:15:00,SPX,2026-05-15,12400.0,C,0.0,0.0,0.0,0.0,0,0,0.0,559,0.1,6852.66,6913.22,0,0.21643835616438356
^SPX,2026-02-24 16:15:00,SPX,2026-06-18,200.0,C,6623.12,6665.71,6622.85,6665.71,3,2,6659.5,1,6676.7,6852.66,6913.22,63,0.3095890410958904
^SPX,2026-02-24 16:15:00,SPX,2026-06-18,400.0,C,0.0,0.0,0.0,0.0,0,2,6462.4,1,6481.2,6852.66,6913.22,19,0.3095890410958904
^SPX,2026-02-24 16:15:00,SPX,2026-06-18,600.0,C,0.0,0.0,0.0,0.0,0,2,6264.4,1,6281.9,6852.66,6913.22,0,0.3095890410958904
^SPX,2026-02-24 16:15:00,SPX,2026-06-18,800.0,C,0.0,0.0,0.0,0.0,0,2,6067.3,1,6084.5,6852.66,6913.22,0,0.3095890410958904
^SPX,2026-02-24 16:15:00,SPX,2026-06-18,1000.0,C,0.0,0.0,0.0,0.0,0,5,5869.0,5,5885.8,6852.66,6913.22,10,0.3095890410958904
^SPX,2026-02-24 16:15:00,SPX,2026-06-18,1200.0,C,0.0,0.0,0.0,0.0,0,2,5672.7,5,5688.3,6852.66,6913.22,37,0.3095890410958904
^SPX,2026-02-24 16:15:00,SPX,2026-06-18,1400.0,C,0.0,0.0,0.0,0.0,0,5,5475.0,5,5491.1,6852.66,6913.22,2,0.3095890410958904
^SPX,2026-02-24 16:15:00,SPX,2026-06-18,1600.0,C,0.0,0.0,0.0,0.0,0,5,5277.4,5,5293.0,6852.66,6913.22,2,0.3095890410958904
^SPX,2026-02-24 16:15:00,SPX,2026-06-18,1800.0,C,0.0,0.0,0.0,0.0,0,2,5080.9,5,5095.5,6852.66,6913.22,0,0.3095890410958904
^SPX,2026-02-24 16:15:00,SPX,2026-06-18,2000.0,C,0.0,0.0,0.0,0.0,0,5,4883.4,5,4898.5,6852.66,6913.22,678,0.3095890410958904
^SPX,2026-02-24 16:15:00,SPX,2026-06-18,2200.0,C,0.0,0.0,0.0,0.0,0,5,4687.3,5,4701.1,6852.66,6913.22,0,0.3095890410958904
^SPX,2026-02-24 16:15:00,SPX,2026-06-18,2300.0,C,0.0,0.0,0.0,0.0,0,5,4588.8,5,4603.0,6852.66,6913.22,2,0.3095890410958904
^SPX,2026-02-24 16:15:00,SPX,2026-06-18,2400.0,C,0.0,0.0,0.0,0.0,0,5,4490.4,5,4504.4,6852.66,6913.22,2,0.3095890410958904
^SPX,2026-02-24 16:15:00,SPX,2026-06-18,2500.0,C,0.0,0.0,0.0,0.0,0,5,4392.0,5,4406.3,6852.66,6913.22,0,0.3095890410958904
^SPX,2026-02-24 16:15:00,SPX,2026-06-18,2600.0,C,0.0,0.0,0.0,0.0,0,5,4293.7,5,4307.6,6852.66,6913.22,42,0.3095890410958904
^SPX,2026-02-24 16:15:00,SPX,2026-06-18,2700.0,C,0.0,0.0,0.0,0.0,0,5,4195.5,5,4208.9,6852.66,6913.22,1,0.3095890410958904
^SPX,2026-02-24 16:15:00,SPX,2026-06-18,2800.0,C,0.0,0.0,0.0,0.0,0,5,4097.2,5,4110.4,6852.66,6913.22,0,0.3095890410958904
^SPX,2026-02-24 16:15:00,SPX,2026-06-18,2900.0,C,0.0,0.0,0.0,0.0,0,5,3998.9,5,4012.2,6852.66,6913.22,1,0.3095890410958904
^SPX,2026-02-24 16:15:00,SPX,2026-06-18,3000.0,C,0.0,0.0,0.0,0.0,0,5,3900.6,5,3913.8,6852.66,6913.22,7,0.3095890410958904
^SPX,2026-02-24 16:15:00,SPX,2026-06-18,3100.0,C,0.0,0.0,0.0,0.0,0,5,3802.7,5,3815.4,6852.66,6913.22,4,0.3095890410958904
^SPX,2026-02-24 16:15:00,SPX,2026-06-18,3200.0,C,3666.07,3708.56,3666.07,3708.56,3,5,3704.3,5,3716.9,6852.66,6913.22,12,0.3095890410958904
^SPX,2026-02-24 16:15:00,SPX,2026-06-18,3300.0,C,0.0,0.0,0.0,0.0,0,5,3606.4,5,3618.6,6852.66,6913.22,0,0.3095890410958904
^SPX,2026-02-24 16:15:00,SPX,2026-06-18,3350.0,C,0.0,0.0,0.0,0.0,0,5,3557.6,5,3569.6,6852.66,6913.22,2,0.3095890410958904
^SPX,2026-02-24 16:15:00,SPX,2026-06-18,3400.0,C,0.0,0.0,0.0,0.0,0,5,3508.1,5,3520.1,6852.66,6913.22,8,0.3095890410958904
^SPX,2026-02-24 16:15:00,SPX,2026-06-18,3450.0,C,0.0,0.0,0.0,0.0,0,5,3459.3,5,3471.0,6852.66,6913.22,2,0.3095890410958904
^SPX,2026-02-24 16:15:00,SPX,2026-06-18,3500.0,C,0.0,0.0,0.0,0.0,0,5,3410.3,5,3422.2,6852.66,6913.22,1,0.3095890410958904
^SPX,2026-02-24 16:15:00,SPX,2026-06-18,3550.0,C,0.0,0.0,0.0,0.0,0,5,3361.3,5,3373.1,6852.66,6913.22,0,0.3095890410958904
^SPX,2026-02-24 16:15:00,SPX,2026-06-18,3600.0,C,0.0,0.0,0.0,0.0,0,5,3312.4,5,3324.0,6852.66,6913.22,5,0.3095890410958904
^SPX,2026-02-24 16:15:00,SPX,2026-06-18,3650.0,C,0.0,0.0,0.0,0.0,0,5,3263.3,5,3274.8,6852.66,6913.22,0,0.3095890410958904
^SPX,2026-02-24 16:15:00,SPX,2026-06-18,3700.0,C,0.0,0.0,0.0,0.0,0,5,3214.1,5,3225.0,6852.66,6913.22,2,0.3095890410958904
^SPX,2026-02-24 16:15:00,SPX,2026-06-18,3750.0,C,0.0,0.0,0.0,0.0,0,5,3165.4,5,3176.7,6852.66,6913.22,3,0.3095890410958904
^SPX,2026-02-24 16:15:00,SPX,2026-06-18,3800.0,C,0.0,0.0,0.0,0.0,0,5,3116.4,5,3127.7,6852.66,6913.22,0,0.3095890410958904
^SPX,2026-02-24 16:15:00,SPX,2026-06-18,3850.0,C,0.0,0.0,0.0,0.0,0,5,3067.6,5,3078.7,6852.66,6913.22,3,0.3095890410958904
^SPX,2026-02-24 16:15:00,SPX,2026-06-18,3875.0,C,0.0,0.0,0.0,0.0,0,5,3043.1,5,3054.2,6852.66,6913.22,0,0.3095890410958904
^SPX,2026-02-24 16:15:00,SPX,2026-06-18,3900.0,C,0.0,0.0,0.0,0.0,0,5,3018.3,5,3029.6,6852.66,6913.22,0,0.3095890410958904
^SPX,2026-02-24 16:15:00,SPX,2026-06-18,3925.0,C,0.0,0.0,0.0,0.0,0,5,2993.8,5,3005.1,6852.66,6913.22,0,0.3095890410958904
^SPX,2026-02-24 16:15:00,SPX,2026-06-18,3950.0,C,0.0,0.0,0.0,0.0,0,5,2969.5,5,2980.6,6852.66,6913.22,0,0.3095890410958904
^SPX,2026-02-24 16:15:00,SPX,2026-06-18,3975.0,C,0.0,0.0,0.0,0.0,0,5,2944.9,5,2956.0,6852.66,6913.22,0,0.3095890410958904
^SPX,2026-02-24 16:15:00,SPX,2026-06-18,4000.0,C,0.0,0.0,0.0,0.0,0,12,2920.9,12,2930.9,6852.66,6913.22,4439,0.3095890410958904
^SPX,2026-02-24 16:15:00,SPX,2026-06-18,4025.0,C,0.0,0.0,0.0,0.0,0,5,2896.4,5,2907.2,6852.66,6913.22,0,0.3095890410958904
^SPX,2026-02-24 16:15:00,SPX,2026-06-18,4050.0,C,0.0,0.0,0.0,0.0,0,5,2872.0,5,2882.7,6852.66,6913.22,0,0.3095890410958904
^SPX,2026-02-24 16:15:00,SPX,2026-06-18,4075.0,C,0.0,0.0,0.0,0.0,0,5,2847.6,5,2858.5,6852.66,6913.22,0,0.3095890410958904
^SPX,2026-02-24 16:15:00,SPX,2026-06-18,4100.0,C,0.0,0.0,0.0,0.0,0,5,2822.9,5,2833.6,6852.66,6913.22,144,0.3095890410958904
^SPX,2026-02-24 16:15:00,SPX,2026-06-18,4125.0,C,0.0,0.0,0.0,0.0,0,5,2798.3,5,2809.1,6852.66,6913.22,0,0.3095890410958904
^SPX,2026-02-24 16:15:00,SPX,2026-06-18,4150.0,C,0.0,0.0,0.0,0.0,0,2,2777.5,2,2781.1,6852.66,6913.22,6,0.3095890410958904
^SPX,2026-02-24 16:15:00,SPX,2026-06-18,4175.0,C,0.0,0.0,0.0,0.0,0,2,2752.7,2,2757.3,6852.66,6913.22,0,0.3095890410958904
^SPX,2026-02-24 16:15:00,SPX,2026-06-18,4200.0,C,0.0,0.0,0.0,0.0,0,2,2728.7,2,2732.2,6852.66,6913.22,2,0.3095890410958904
^SPX,2026-02-24 16:15:00,SPX,2026-06-18,4225.0,C,0.0,0.0,0.0,0.0,0,2,2704.0,2,2708.4,6852.66,6913.22,0,0.3095890410958904
^SPX,2026-02-24 16:15:00,SPX,2026-06-18,4250.0,C,0.0,0.0,0.0,0.0,0,2,2679.8,2,2683.4,6852.66,6913.22,1,0.3095890410958904
^SPX,2026-02-24 16:15:00,SPX,2026-06-18,4275.0,C,0.0,0.0,0.0,0.0,0,2,2655.2,2,2659.5,6852.66,6913.22,0,0.3095890410958904
^SPX,2026-02-24 16:15:00,SPX,2026-06-18,4300.0,C,0.0,0.0,0.0,0.0,0,2,2631.0,2,2634.5,6852.66,6913.22,10,0.3095890410958904
^SPX,2026-02-24 16:15:00,SPX,2026-06-18,4325.0,C,0.0,0.0,0.0,0.0,0,2,2606.4,2,2610.7,6852.66,6913.22,0,0.3095890410958904
^SPX,2026-02-24 16:15:00,SPX,2026-06-18,4350.0,C,0.0,0.0,0.0,0.0,0,2,2582.2,2,2585.7,6852.66,6913.22,2,0.3095890410958904
^SPX,2026-02-24 16:15:00,SPX,2026-06-18,4375.0,C,0.0,0.0,0.0,0.0,0,2,2557.6,2,2561.9,6852.66,6913.22,1,0.3095890410958904
^SPX,2026-02-24 16:15:00,SPX,2026-06-18,4400.0,C,0.0,0.0,0.0,0.0,0,2,2533.4,2,2536.9,6852.66,6913.22,89,0.3095890410958904
^SPX,2026-02-24 16:15:00,SPX,2026-06-18,4425.0,C,0.0,0.0,0.0,0.0,0,2,2508.7,2,2513.0,6852.66,6913.22,0,0.3095890410958904
^SPX,2026-02-24 16:15:00,SPX,2026-06-18,4450.0,C,0.0,0.0,0.0,0.0,0,2,2484.7,2,2488.1,6852.66,6913.22,0,0.3095890410958904
^SPX,2026-02-24 16:15:00,SPX,2026-06-18,4475.0,C,0.0,0.0,0.0,0.0,0,2,2460.1,2,2464.3,6852.66,6913.22,10,0.3095890410958904
^SPX,2026-02-24 16:15:00,SPX,2026-06-18,4500.0,C,0.0,0.0,0.0,0.0,0,2,2436.0,2,2439.4,6852.66,6913.22,103,0.3095890410958904
^SPX,2026-02-24 16:15:00,SPX,2026-06-18,4525.0,C,0.0,0.0,0.0,0.0,0,2,2411.4,2,2415.6,6852.66,6913.22,1,0.3095890410958904
^SPX,2026-02-24 16:15:00,SPX,2026-06-18,4550.0,C,0.0,0.0,0.0,0.0,0,2,2387.3,2,2390.7,6852.66,6913.22,3,0.3095890410958904
^SPX,2026-02-24 16:15:00,SPX,2026-06-18,4575.0,C,0.0,0.0,0.0,0.0,0,2,2362.6,2,2366.9,6852.66,6913.22,5,0.3095890410958904
^SPX,2026-02-24 16:15:00,SPX,2026-06-18,4600.0,C,0.0,0.0,0.0,0.0,0,2,2338.6,2,2342.0,6852.66,6913.22,266,0.3095890410958904
^SPX,2026-02-24 16:15:00,SPX,2026-06-18,4625.0,C,0.0,0.0,0.0,0.0,0,2,2314.0,2,2318.2,6852.66,6913.22,13,0.3095890410958904
^SPX,2026-02-24 16:15:00,SPX,2026-06-18,4650.0,C,0.0,0.0,0.0,0.0,0,2,2290.0,2,2293.3,6852.66,6913.22,0,0.3095890410958904
^SPX,2026-02-24 16:15:00,SPX,2026-06-18,4675.0,C,0.0,0.0,0.0,0.0,0,2,2265.5,2,2269.6,6852.66,6913.22,6,0.3095890410958904
^SPX,2026-02-24 16:15:00,SPX,2026-06-18,4700.0,C,0.0,0.0,0.0,0.0,0,2,2241.4,2,2244.8,6852.66,6913.22,1001,0.3095890410958904
^SPX,2026-02-24 16:15:00,SPX,2026-06-18,4725.0,C,0.0,0.0,0.0,0.0,0,2,2216.8,2,2221.0,6852.66,6913.22,5,0.3095890410958904
^SPX,2026-02-24 16:15:00,SPX,2026-06-18,4750.0,C,0.0,0.0,0.0,0.0,0,2,2192.9,2,2196.3,6852.66,6913.22,30,0.3095890410958904
^SPX,2026-02-24 16:15:00,SPX,2026-06-18,4775.0,C,0.0,0.0,0.0,0.0,0,2,2168.4,2,2172.3,6852.66,6913.22,50,0.3095890410958904
^SPX,2026-02-24 16:15:00,SPX,2026-06-18,4800.0,C,0.0,0.0,0.0,0.0,0,2,2144.4,2,2147.6,6852.66,6913.22,78,0.3095890410958904
^SPX,2026-02-24 16:15:00,SPX,2026-06-18,4825.0,C,0.0,0.0,0.0,0.0,0,2,2119.8,2,2123.8,6852.66,6913.22,31,0.3095890410958904
^SPX,2026-02-24 16:15:00,SPX,2026-06-18,4850.0,C,0.0,0.0,0.0,0.0,0,2,2095.9,2,2099.2,6852.66,6913.22,9,0.3095890410958904
^SPX,2026-02-24 16:15:00,SPX,2026-06-18,4875.0,C,0.0,0.0,0.0,0.0,0,2,2071.4,2,2075.3,6852.66,6913.22,62,0.3095890410958904
^SPX,2026-02-24 16:15:00,SPX,2026-06-18,4900.0,C,0.0,0.0,0.0,0.0,0,2,2047.6,2,2050.8,6852.66,6913.22,67,0.3095890410958904
^SPX,2026-02-24 16:15:00,SPX,2026-06-18,4925.0,C,0.0,0.0,0.0,0.0,0,2,2023.0,2,2027.0,6852.66,6913.22,21,0.3095890410958904
^SPX,2026-02-24 16:15:00,SPX,2026-06-18,4950.0,C,0.0,0.0,0.0,0.0,0,2,1999.2,2,2002.3,6852.66,6913.22,57,0.3095890410958904
^SPX,2026-02-24 16:15:00,SPX,2026-06-18,4975.0,C,0.0,0.0,0.0,0.0,0,2,1974.7,2,1978.6,6852.66,6913.22,38,0.3095890410958904
^SPX,2026-02-24 16:15:00,SPX,2026-06-18,5000.0,C,1911.91,1932.65,1911.91,1932.65,205,2,1950.9,2,1954.0,6852.66,6913.22,43243,0.3095890410958904
^SPX,2026-02-24 16:15:00,SPX,2026-06-18,5025.0,C,0.0,0.0,0.0,0.0,0,2,1926.6,2,1930.4,6852.66,6913.22,21,0.3095890410958904
^SPX,2026-02-24 16:15:00,SPX,2026-06-18,5050.0,C,0.0,0.0,0.0,0.0,0,2,1902.7,2,1905.8,6852.66,6913.22,173,0.3095890410958904
^SPX,2026-02-24 16:15:00,SPX,2026-06-18,5075.0,C,0.0,0.0,0.0,0.0,0,2,1878.3,2,1882.1,6852.66,6913.22,32,0.3095890410958904
^SPX,2026-02-24 16:15:00,SPX,2026-06-18,5100.0,C,0.0,0.0,0.0,0.0,0,2,1854.5,2,1857.6,6852.66,6913.22,429,0.3095890410958904
^SPX,2026-02-24 16:15:00,SPX,2026-06-18,5125.0,C,0.0,0.0,0.0,0.0,0,2,1830.3,2,1834.0,6852.66,6913.22,358,0.3095890410958904
^SPX,2026-02-24 16:15:00,SPX,2026-06-18,5150.0,C,0.0,0.0,0.0,0.0,0,2,1806.4,2,1809.5,6852.66,6913.22,541,0.3095890410958904
^SPX,2026-02-24 16:15:00,SPX,2026-06-18,5175.0,C,0.0,0.0,0.0,0.0,0,2,1782.3,2,1785.9,6852.66,6913.22,21,0.3095890410958904
^SPX,2026-02-24 16:15:00,SPX,2026-06-18,5200.0,C,0.0,0.0,0.0,0.0,0,2,1758.5,2,1761.5,6852.66,6913.22,1196,0.3095890410958904
^SPX,2026-02-24 16:15:00,SPX,2026-06-18,5225.0,C,0.0,0.0,0.0,0.0,0,2,1734.2,2,1738.0,6852.66,6913.22,29,0.3095890410958904
^SPX,2026-02-24 16:15:00,SPX,2026-06-18,5250.0,C,0.0,0.0,0.0,0.0,0,2,1710.6,2,1713.6,6852.66,6913.22,683,0.3095890410958904
^SPX,2026-02-24 16:15:00,SPX,2026-06-18,5275.0,C,0.0,0.0,0.0,0.0,0,2,1686.4,2,1690.1,6852.66,6913.22,193,0.3095890410958904
^SPX,2026-02-24 16:15:00,SPX,2026-06-18,5300.0,C,0.0,0.0,0.0,0.0,0,2,1662.8,2,1665.8,6852.66,6913.22,1118,0.3095890410958904
^SPX,2026-02-24 16:15:00,SPX,2026-06-18,5325.0,C,0.0,0.0,0.0,0.0,0,2,1638.7,2,1642.3,6852.66,6913.22,31,0.3095890410958904
^SPX,2026-02-24 16:15:00,SPX,2026-06-18,5350.0,C,0.0,0.0,0.0,0.0,0,2,1615.2,2,1618.1,6852.66,6913.22,69,0.3095890410958904
^SPX,2026-02-24 16:15:00,SPX,2026-06-18,5375.0,C,0.0,0.0,0.0,0.0,0,2,1591.1,2,1594.7,6852.66,6913.22,63,0.3095890410958904
^SPX,2026-02-24 16:15:00,SPX,2026-06-18,5400.0,C,0.0,0.0,0.0,0.0,0,2,1567.6,2,1570.5,6852.66,6913.22,688,0.3095890410958904
^SPX,2026-02-24 16:15:00,SPX,2026-06-18,5425.0,C,0.0,0.0,0.0,0.0,0,2,1543.6,2,1547.2,6852.66,6913.22,31,0.3095890410958904
^SPX,2026-02-24 16:15:00,SPX,2026-06-18,5450.0,C,0.0,0.0,0.0,0.0,0,2,1520.2,2,1523.1,6852.66,6913.22,949,0.3095890410958904
^SPX,2026-02-24 16:15:00,SPX,2026-06-18,5475.0,C,0.0,0.0,0.0,0.0,0,2,1496.3,2,1499.8,6852.66,6913.22,1441,0.3095890410958904
^SPX,2026-02-24 16:15:00,SPX,2026-06-18,5500.0,C,1474.51,1474.51,1474.51,1474.51,3,2,1473.0,2,1475.9,6852.66,6913.22,2551,0.3095890410958904
^SPX,2026-02-24 16:15:00,SPX,2026-06-18,5525.0,C,0.0,0.0,0.0,0.0,0,2,1449.1,2,1452.5,6852.66,6913.22,343,0.3095890410958904
^SPX,2026-02-24 16:15:00,SPX,2026-06-18,5550.0,C,0.0,0.0,0.0,0.0,0,2,1425.9,2,1428.6,6852.66,6913.22,1426,0.3095890410958904
^SPX,2026-02-24 16:15:00,SPX,2026-06-18,5575.0,C,0.0,0.0,0.0,0.0,0,2,1402.1,2,1405.4,6852.66,6913.22,185,0.3095890410958904
^SPX,2026-02-24 16:15:00,SPX,2026-06-18,5600.0,C,0.0,0.0,0.0,0.0,0,2,1378.9,2,1381.6,6852.66,6913.22,1518,0.3095890410958904
^SPX,2026-02-24 16:15:00,SPX,2026-06-18,5625.0,C,0.0,0.0,0.0,0.0,0,2,1355.2,2,1358.5,6852.66,6913.22,56,0.3095890410958904
^SPX,2026-02-24 16:15:00,SPX,2026-06-18,5650.0,C,0.0,0.0,0.0,0.0,0,2,1332.1,2,1334.8,6852.66,6913.22,1049,0.3095890410958904
^SPX,2026-02-24 16:15:00,SPX,2026-06-18,5675.0,C,0.0,0.0,0.0,0.0,0,2,1308.5,2,1311.8,6852.66,6913.22,186,0.3095890410958904
^SPX,2026-02-24 16:15:00,SPX,2026-06-18,5700.0,C,0.0,0.0,0.0,0.0,0,2,1285.6,2,1288.1,6852.66,6913.22,4903,0.3095890410958904
^SPX,2026-02-24 16:15:00,SPX,2026-06-18,5725.0,C,0.0,0.0,0.0,0.0,0,2,1262.0,2,1265.3,6852.66,6913.22,24,0.3095890410958904
^SPX,2026-02-24 16:15:00,SPX,2026-06-18,5750.0,C,0.0,0.0,0.0,0.0,0,2,1239.1,2,1241.7,6852.66,6913.22,1204,0.3095890410958904
^SPX,2026-02-24 16:15:00,SPX,2026-06-18,5775.0,C,0.0,0.0,0.0,0.0,0,2,1215.7,2,1218.9,6852.66,6913.22,47,0.3095890410958904
^SPX,2026-02-24 16:15:00,SPX,2026-06-18,5800.0,C,0.0,0.0,0.0,0.0,0,2,1193.0,2,1195.5,6852.66,6913.22,4843,0.3095890410958904
^SPX,2026-02-24 16:15:00,SPX,2026-06-18,5825.0,C,0.0,0.0,0.0,0.0,0,2,1169.7,2,1172.8,6852.66,6913.22,67,0.3095890410958904
^SPX,2026-02-24 16:15:00,SPX,2026-06-18,5850.0,C,0.0,0.0,0.0,0.0,0,2,1147.0,2,1149.5,6852.66,6913.22,1052,0.3095890410958904
^SPX,2026-02-24 16:15:00,SPX,2026-06-18,5875.0,C,0.0,0.0,0.0,0.0,0,2,1123.9,2,1127.0,6852.66,6913.22,1286,0.3095890410958904
^SPX,2026-02-24 16:15:00,SPX,2026-06-18,5900.0,C,0.0,0.0,0.0,0.0,0,2,1101.3,2,1103.8,6852.66,6913.22,6270,0.3095890410958904
^SPX,2026-02-24 16:15:00,SPX,2026-06-18,5910.0,C,0.0,0.0,0.0,0.0,0,2,1092.1,2,1095.0,6852.66,6913.22,0,0.3095890410958904
^SPX,2026-02-24 16:15:00,SPX,2026-06-18,5920.0,C,0.0,0.0,0.0,0.0,0,2,1083.0,2,1085.9,6852.66,6913.22,0,0.3095890410958904
^SPX,2026-02-24 16:15:00,SPX,2026-06-18,5925.0,C,0.0,0.0,0.0,0.0,0,2,1078.3,2,1081.4,6852.66,6913.22,1314,0.3095890410958904
^SPX,2026-02-24 16:15:00,SPX,2026-06-18,5930.0,C,0.0,0.0,0.0,0.0,0,2,1073.8,2,1076.8,6852.66,6913.22,0,0.3095890410958904
^SPX,2026-02-24 16:15:00,SPX,2026-06-18,5940.0,C,0.0,0.0,0.0,0.0,0,2,1064.8,2,1067.7,6852.66,6913.22,0,0.3095890410958904
^SPX,2026-02-24 16:15:00,SPX,2026-06-18,5950.0,C,0.0,0.0,0.0,0.0,0,2,1056.0,2,1058.3,6852.66,6913.22,1769,0.3095890410958904
^SPX,2026-02-24 16:15:00,SPX,2026-06-18,5960.0,C,0.0,0.0,0.0,0.0,0,2,1046.7,2,1049.6,6852.66,6913.22,0,0.3095890410958904
^SPX,2026-02-24 16:15:00,SPX,2026-06-18,5970.0,C,0.0,0.0,0.0,0.0,0,2,1037.7,2,1040.5,6852.66,6913.22,0,0.3095890410958904
^SPX,2026-02-24 16:15:00,SPX,2026-06-18,5975.0,C,0.0,0.0,0.0,0.0,0,2,1033.0,2,1036.0,6852.66,6913.22,2232,0.3095890410958904
^SPX,2026-02-24 16:15:00,SPX,2026-06-18,5980.0,C,0.0,0.0,0.0,0.0,0,2,1028.5,2,1031.5,6852.66,6913.22,0,0.3095890410958904
^SPX,2026-02-24 16:15:00,SPX,2026-06-18,5990.0,C,0.0,0.0,0.0,0.0,0,2,1019.6,2,1022.5,6852.66,6913.22,0,0.3095890410958904
^SPX,2026-02-24 16:15:00,SPX,2026-06-18,6000.0,C,976.96,1015.36,976.96,1010.2,25414,2,1010.8,2,1013.2,6852.66,6913.22,76104,0.3095890410958904
^SPX,2026-02-24 16:15:00,SPX,2026-06-18,6010.0,C,0.0,0.0,0.0,0.0,0,2,1001.5,2,1004.5,6852.66,6913.22,0,0.3095890410958904
^SPX,2026-02-24 16:15:00,SPX,2026-06-18,6020.0,C,0.0,0.0,0.0,0.0,0,2,992.5,2,995.5,6852.66,6913.22,2,0.3095890410958904
^SPX,2026-02-24 16:15:00,SPX,2026-06-18,6025.0,C,0.0,0.0,0.0,0.0,0,2,988.2,2,991.0,6852.66,6913.22,1973,0.3095890410958904
^SPX,2026-02-24 16:15:00,SPX,2026-06-18,6030.0,C,0.0,0.0,0.0,0.0,0,2,983.6,2,986.5,6852.66,6913.22,1,0.3095890410958904
^SPX,2026-02-24 16:15:00,SPX,2026-06-18,6040.0,C,0.0,0.0,0.0,0.0,0,2,974.7,2,977.5,6852.66,6913.22,0,0.3095890410958904
^SPX,2026-02-24 16:15:00,SPX,2026-06-18,6050.0,C,0.0,0.0,0.0,0.0,0,2,965.9,2,968.3,6852.66,6913.22,1458,0.3095890410958904
^SPX,2026-02-24 16:15:00,SPX,2026-06-18,6060.0,C,0.0,0.0,0.0,0.0,0,2,956.9,2,959.7,6852.66,6913.22,0,0.3095890410958904
^SPX,2026-02-24 16:15:00,SPX,2026-06-18,6070.0,C,0.0,0.0,0.0,0.0,0,2,948.0,2,950.7,6852.66,6913.22,0,0.3095890410958904
^SPX,2026-02-24 16:15:00,SPX,2026-06-18,6075.0,C,0.0,0.0,0.0,0.0,0,2,943.4,2,946.3,6852.66,6913.22,646,0.3095890410958904
^SPX,2026-02-24 16:15:00,SPX,2026-06-18,6080.0,C,0.0,0.0,0.0,0.0,0,2,939.1,2,941.8,6852.66,6913.22,0,0.3095890410958904
^SPX,2026-02-24 16:15:00,SPX,2026-06-18,6090.0,C,0.0,0.0,0.0,0.0,0,2,930.1,2,932.9,6852.66,6913.22,0,0.3095890410958904
^SPX,2026-02-24 16:15:00,SPX,2026-06-18,6100.0,C,0.0,0.0,0.0,0.0,0,2,921.5,2,923.8,6852.66,6913.22,5460,0.3095890410958904
^SPX,2026-02-24 16:15:00,SPX,2026-06-18,6110.0,C,0.0,0.0,0.0,0.0,0,2,912.3,2,915.2,6852.66,6913.22,0,0.3095890410958904
^SPX,2026-02-24 16:15:00,SPX,2026-06-18,6120.0,C,0.0,0.0,0.0,0.0,0,2,903.5,2,906.3,6852.66,6913.22,0,0.3095890410958904
^SPX,2026-02-24 16:15:00,SPX,2026-06-18,6125.0,C,0.0,0.0,0.0,0.0,0,2,899.1,2,901.9,6852.66,6913.22,905,0.3095890410958904
^SPX,2026-02-24 16:15:00,SPX,2026-06-18,6130.0,C,0.0,0.0,0.0,0.0,0,2,894.7,2,897.5,6852.66,6913.22,3,0.3095890410958904
^SPX,2026-02-24 16:15:00,SPX,2026-06-18,6140.0,C,0.0,0.0,0.0,0.0,0,2,886.0,2,888.6,6852.66,6913.22,11,0.3095890410958904
^SPX,2026-02-24 16:15:00,SPX,2026-06-18,6150.0,C,0.0,0.0,0.0,0.0,0,2,877.3,2,879.5,6852.66,6913.22,2225,0.3095890410958904
^SPX,2026-02-24 16:15:00,SPX,2026-06-18,6160.0,C,0.0,0.0,0.0,0.0,0,2,868.3,2,871.0,6852.66,6913.22,0,0.3095890410958904
^SPX,2026-02-24 16:15:00,SPX,2026-06-18,6170.0,C,0.0,0.0,0.0,0.0,0,2,859.6,2,862.3,6852.66,6913.22,0,0.3095890410958904
^SPX,2026-02-24 16:15:00,SPX,2026-06-18,6175.0,C,857.61,857.61,855.72,855.72,11,2,855.2,2,857.9,6852.66,6913.22,1400,0.3095890410958904
^SPX,2026-02-24 16:15:00,SPX,2026-06-18,6180.0,C,0.0,0.0,0.0,0.0,0,2,850.9,2,853.5,6852.66,6913.22,0,0.3095890410958904
^SPX,2026-02-24 16:15:00,SPX,2026-06-18,6190.0,C,0.0,0.0,0.0,0.0,0,2,842.2,2,844.8,6852.66,6913.22,2,0.3095890410958904
^SPX,2026-02-24 16:15:00,SPX,2026-06-18,6200.0,C,783.07,837.56,783.07,831.48,7,2,833.7,2,835.7,6852.66,6913.22,6483,0.3095890410958904
^SPX,2026-02-24 16:15:00,SPX,2026-06-18,6210.0,C,0.0,0.0,0.0,0.0,0,2,824.7,2,827.3,6852.66,6913.22,10,0.3095890410958904
^SPX,2026-02-24 16:15:00,SPX,2026-06-18,6220.0,C,0.0,0.0,0.0,0.0,0,2,816.1,2,818.6,6852.66,6913.22,0,0.3095890410958904
^SPX,2026-02-24 16:15:00,SPX,2026-06-18,6225.0,C,0.0,0.0,0.0,0.0,0,2,811.6,2,814.3,6852.66,6913.22,1505,0.3095890410958904
^SPX,2026-02-24 16:15:00,SPX,2026-06-18,6230.0,C,0.0,0.0,0.0,0.0,0,2,807.4,2,809.9,6852.66,6913.22,10,0.3095890410958904
^SPX,2026-02-24 16:15:00,SPX,2026-06-18,6240.0,C,0.0,0.0,0.0,0.0,0,2,798.6,2,801.3,6852.66,6913.22,0,0.3095890410958904
^SPX,2026-02-24 16:15:00,SPX,2026-06-18,6250.0,C,794.18,794.18,793.11,793.11,11,2,790.2,2,792.3,6852.66,6913.22,2189,0.3095890410958904
^SPX,2026-02-24 16:15:00,SPX,2026-06-18,6260.0,C,0.0,0.0,0.0,0.0,0,2,781.5,2,783.9,6852.66,6913.22,0,0.3095890410958904
^SPX,2026-02-24 16:15:00,SPX,2026-06-18,6270.0,C,0.0,0.0,0.0,0.0,0,2,772.9,2,775.3,6852.66,6913.22,0,0.3095890410958904
^SPX,2026-02-24 16:15:00,SPX,2026-06-18,6275.0,C,0.0,0.0,0.0,0.0,0,2,768.5,2,771.1,6852.66,6913.22,1416,0.3095890410958904
^SPX,2026-02-24 16:15:00,SPX,2026-06-18,6280.0,C,0.0,0.0,0.0,0.0,0,2,764.3,2,766.7,6852.66,6913.22,0,0.3095890410958904
^SPX,2026-02-24 16:15:00,SPX,2026-06-18,6290.0,C,0.0,0.0,0.0,0.0,0,2,755.7,2,758.2,6852.66,6913.22,0,0.3095890410958904
^SPX,2026-02-24 16:15:00,SPX,2026-06-18,6300.0,C,718.42,738.28,718.42,738.28,3,2,747.4,2,749.3,6852.66,6913.22,6358,0.3095890410958904
^SPX,2026-02-24 16:15:00,SPX,2026-06-18,6310.0,C,0.0,0.0,0.0,0.0,0,2,738.6,2,741.1,6852.66,6913.22,0,0.3095890410958904
^SPX,2026-02-24 16:15:00,SPX,2026-06-18,6320.0,C,0.0,0.0,0.0,0.0,0,2,730.2,2,732.6,6852.66,6913.22,0,0.3095890410958904
^SPX,2026-02-24 16:15:00,SPX,2026-06-18,6325.0,C,0.0,0.0,0.0,0.0,0,2,725.9,2,728.3,6852.66,6913.22,589,0.3095890410958904
^SPX,2026-02-24 16:15:00,SPX,2026-06-18,6330.0,C,0.0,0.0,0.0,0.0,0,2,721.7,2,724.1,6852.66,6913.22,0,0.3095890410958904
^SPX,2026-02-24 16:15:00,SPX,2026-06-18,6340.0,C,0.0,0.0,0.0,0.0,0,2,713.2,2,715.6,6852.66,6913.22,0,0.3095890410958904
^SPX,2026-02-24 16:15:00,SPX,2026-06-18,6350.0,C,0.0,0.0,0.0,0.0,0,2,704.9,2,706.8,6852.66,6913.22,2615,0.3095890410958904
^SPX,2026-02-24 16:15:00,SPX,2026-06-18,6360.0,C,0.0,0.0,0.0,0.0,0,2,696.3,2,698.7,6852.66,6913.22,2,0.3095890410958904
^SPX,2026-02-24 16:15:00,SPX,2026-06-18,6370.0,C,0.0,0.0,0.0,0.0,0,2,687.9,2,690.3,6852.66,6913.22,0,0.3095890410958904
^SPX,2026-02-24 16:15:00,SPX,2026-06-18,6375.0,C,0.0,0.0,0.0,0.0,0,2,683.6,2,686.1,6852.66,6913.22,548,0.3095890410958904
^SPX,2026-02-24 16:15:00,SPX,2026-06-18,6380.0,C,0.0,0.0,0.0,0.0,0,2,679.5,2,681.9,6852.66,6913.22,3,0.3095890410958904
^SPX,2026-02-24 16:15:00,SPX,2026-06-18,6390.0,C,0.0,0.0,0.0,0.0,0,2,671.2,2,673.6,6852.66,6913.22,0,0.3095890410958904
^SPX,2026-02-24 16:15:00,SPX,2026-06-18,6400.0,C,653.2,671.5,653.2,671.5,7,2,663.0,2,664.9,6852.66,6913.22,5401,0.3095890410958904
^SPX,2026-02-24 16:15:00,SPX,2026-06-18,6410.0,C,0.0,0.0,0.0,0.0,0,2,654.5,2,656.9,6852.66,6913.22,11,0.3095890410958904
^SPX,2026-02-24 16:15:00,SPX,2026-06-18,6420.0,C,0.0,0.0,0.0,0.0,0,2,646.2,2,648.6,6852.66,6913.22,0,0.3095890410958904
^SPX,2026-02-24 16:15:00,SPX,2026-06-18,6425.0,C,0.0,0.0,0.0,0.0,0,2,642.0,2,644.4,6852.66,6913.22,2121,0.3095890410958904
^SPX,2026-02-24 16:15:00,SPX,2026-06-18,6430.0,C,0.0,0.0,0.0,0.0,0,2,637.9,2,640.2,6852.66,6913.22,1,0.3095890410958904
^SPX,2026-02-24 16:15:00,SPX,2026-06-18,6440.0,C,0.0,0.0,0.0,0.0,0,2,629.7,2,632.0,6852.66,6913.22,3,0.3095890410958904
^SPX,2026-02-24 16:15:00,SPX,2026-06-18,6450.0,C,0.0,0.0,0.0,0.0,0,2,621.6,2,623.4,6852.66,6913.22,4802,0.3095890410958904
^SPX,2026-02-24 16:15:00,SPX,2026-06-18,6460.0,C,0.0,0.0,0.0,0.0,0,2,613.1,2,615.5,6852.66,6913.22,1,0.3095890410958904
^SPX,2026-02-24 16:15:00,SPX,2026-06-18,6470.0,C,0.0,0.0,0.0,0.0,0,2,605.0,2,607.4,6852.66,6913.22,0,0.3095890410958904
^SPX,2026-02-24 16:15:00,SPX,2026-06-18,6475.0,C,0.0,0.0,0.0,0.0,0,2,601.0,2,603.3,6852.66,6913.22,654,0.3095890410958904
^SPX,2026-02-24 16:15:00,SPX,2026-06-18,6480.0,C,0.0,0.0,0.0,0.0,0,2,596.9,2,599.2,6852.66,6913.22,0,0.3095890410958904
^SPX,2026-02-24 16:15:00,SPX,2026-06-18,6490.0,C,0.0,0.0,0.0,0.0,0,1,589.1,1,590.4,6852.66,6913.22,0,0.3095890410958904
^SPX,2026-02-24 16:15:00,SPX,2026-06-18,6500.0,C,543.88,543.88,543.88,543.88,1,1,581.0,1,582.3,6852.66,6913.22,15033,0.3095890410958904
^SPX,2026-02-24 16:15:00,SPX,2026-06-18,6510.0,C,0.0,0.0,0.0,0.0,0,1,572.9,1,574.2,6852.66,6913.22,4,0.3095890410958904
^SPX,2026-02-24 16:15:00,SPX,2026-06-18,6520.0,C,0.0,0.0,0.0,0.0,0,3,564.8,1,566.1,6852.66,6913.22,1,0.3095890410958904
^SPX,2026-02-24 16:15:00,SPX,2026-06-18,6525.0,C,0.0,0.0,0.0,0.0,0,3,560.8,3,562.1,6852.66,6913.22,879,0.3095890410958904
^SPX,2026-02-24 16:15:00,SPX,2026-06-18,6530.0,C,0.0,0.0,0.0,0.0,0,1,556.8,1,558.1,6852.66,6913.22,2,0.3095890410958904
^SPX,2026-02-24 16:15:00,SPX,2026-06-18,6540.0,C,0.0,0.0,0.0,0.0,0,3,548.8,3,550.1,6852.66,6913.22,2,0.3095890410958904
^SPX,2026-02-24 16:15:00,SPX,2026-06-18,6550.0,C,0.0,0.0,0.0,0.0,0,1,540.8,1,542.1,6852.66,6913.22,8498,0.3095890410958904
^SPX,2026-02-24 16:15:00,SPX,2026-06-18,6560.0,C,0.0,0.0,0.0,0.0,0,1,532.9,3,534.2,6852.66,6913.22,2,0.3095890410958904
^SPX,2026-02-24 16:15:00,SPX,2026-06-18,6570.0,C,0.0,0.0,0.0,0.0,0,14,524.9,1,526.2,6852.66,6913.22,1,0.3095890410958904
^SPX,2026-02-24 16:15:00,SPX,2026-06-18,6575.0,C,0.0,0.0,0.0,0.0,0,1,521.0,1,522.3,6852.66,6913.22,481,0.3095890410958904
^SPX,2026-02-24 16:15:00,SPX,2026-06-18,6580.0,C,0.0,0.0,0.0,0.0,0,13,517.0,1,518.3,6852.66,6913.22,3,0.3095890410958904
^SPX,2026-02-24 16:15:00,SPX,2026-06-18,6585.0,C,0.0,0.0,0.0,0.0,0,1,513.1,1,514.4,6852.66,6913.22,0,0.3095890410958904
^SPX,2026-02-24 16:15:00,SPX,2026-06-18,6590.0,C,0.0,0.0,0.0,0.0,0,3,509.2,3,510.5,6852.66,6913.22,3,0.3095890410958904
^SPX,2026-02-24 16:15:00,SPX,2026-06-18,6595.0,C,0.0,0.0,0.0,0.0,0,1,505.3,1,506.6,6852.66,6913.22,0,0.3095890410958904
^SPX,2026-02-24 16:15:00,SPX,2026-06-18,6600.0,C,460.13,498.14,460.13,498.14,3,2,501.4,1,502.6,6852.66,6913.22,9900,0.3095890410958904
^SPX,2026-02-24 16:15:00,SPX,2026-06-18,6605.0,C,0.0,0.0,0.0,0.0,0,1,497.4,1,498.7,6852.66,6913.22,0,0.3095890410958904
^SPX,2026-02-24 16:15:00,SPX,2026-06-18,6610.0,C,0.0,0.0,0.0,0.0,0,13,493.5,1,494.8,6852.66,6913.22,2,0.3095890410958904
^SPX,2026-02-24 16:15:00,SPX,2026-06-18,6615.0,C,0.0,0.0,0.0,0.0,0,1,489.7,1,490.9,6852.66,6913.22,0,0.3095890410958904
^SPX,2026-02-24 16:15:00,SPX,2026-06-18,6620.0,C,0.0,0.0,0.0,0.0,0,10,485.8,3,487.1,6852.66,6913.22,2,0.3095890410958904
^SPX,2026-02-24 16:15:00,SPX,2026-06-18,6625.0,C,0.0,0.0,0.0,0.0,0,14,481.9,1,483.2,6852.66,6913.22,2323,0.3095890410958904
^SPX,2026-02-24 16:15:00,SPX,2026-06-18,6630.0,C,0.0,0.0,0.0,0.0,0,13,478.0,1,479.3,6852.66,6913.22,1,0.3095890410958904
^SPX,2026-02-24 16:15:00,SPX,2026-06-18,6635.0,C,476.8,476.8,476.8,476.8,1,1,474.2,1,475.5,6852.66,6913.22,0,0.3095890410958904
^SPX,2026-02-24 16:15:00,SPX,2026-06-18,6640.0,C,0.0,0.0,0.0,0.0,0,15,470.3,1,471.6,6852.66,6913.22,3,0.3095890410958904
^SPX,2026-02-24 16:15:00,SPX,2026-06-18,6645.0,C,0.0,0.0,0.0,0.0,0,3,466.5,1,467.8,6852.66,6913.22,0,0.3095890410958904
^SPX,2026-02-24 16:15:00,SPX,2026-06-18,6650.0,C,0.0,0.0,0.0,0.0,0,13,462.7,3,464.0,6852.66,6913.22,5301,0.3095890410958904
^SPX,2026-02-24 16:15:00,SPX,2026-06-18,6655.0,C,0.0,0.0,0.0,0.0,0,1,458.8,1,460.1,6852.66,6913.22,0,0.3095890410958904
^SPX,2026-02-24 16:15:00,SPX,2026-06-18,6660.0,C,0.0,0.0,0.0,0.0,0,13,455.1,1,456.3,6852.66,6913.22,1,0.3095890410958904
^SPX,2026-02-24 16:15:00,SPX,2026-06-18,6665.0,C,0.0,0.0,0.0,0.0,0,1,451.2,1,452.5,6852.66,6913.22,0,0.3095890410958904
^SPX,2026-02-24 16:15:00,SPX,2026-06-18,6670.0,C,0.0,0.0,0.0,0.0,0,13,447.5,1,448.7,6852.66,6913.22,21,0.3095890410958904
^SPX,2026-02-24 16:15:00,SPX,2026-06-18,6675.0,C,0.0,0.0,0.0,0.0,0,13,443.7,1,444.9,6852.66,6913.22,2188,0.3095890410958904
^SPX,2026-02-24 16:15:00,SPX,2026-06-18,6680.0,C,0.0,0.0,0.0,0.0,0,14,439.9,1,441.2,6852.66,6913.22,5,0.3095890410958904
^SPX,2026-02-24 16:15:00,SPX,2026-06-18,6685.0,C,0.0,0.0,0.0,0.0,0,1,436.1,1,437.4,6852.66,6913.22,0,0.3095890410958904
^SPX,2026-02-24 16:15:00,SPX,2026-06-18,6690.0,C,0.0,0.0,0.0,0.0,0,13,432.4,1,433.6,6852.66,6913.22,6,0.3095890410958904
^SPX,2026-02-24 16:15:00,SPX,2026-06-18,6695.0,C,0.0,0.0,0.0,0.0,0,1,428.6,1,429.9,6852.66,6913.22,0,0.3095890410958904
^SPX,2026-02-24 16:15:00,SPX,2026-06-18,6700.0,C,410.05,427.2,410.05,422.58,33,2,425.0,3,426.2,6852.66,6913.22,6192,0.3095890410958904
^SPX,2026-02-24 16:15:00,SPX,2026-06-18,6705.0,C,0.0,0.0,0.0,0.0,0,1,421.1,1,422.4,6852.66,6913.22,0,0.3095890410958904
^SPX,2026-02-24 16:15:00,SPX,2026-06-18,6710.0,C,0.0,0.0,0.0,0.0,0,12,417.5,1,418.7,6852.66,6913.22,1,0.3095890410958904
^SPX,2026-02-24 16:15:00,SPX,2026-06-18,6715.0,C,0.0,0.0,0.0,0.0,0,1,413.7,1,415.0,6852.66,6913.22,0,0.3095890410958904
^SPX,2026-02-24 16:15:00,SPX,2026-06-18,6720.0,C,0.0,0.0,0.0,0.0,0,9,410.1,1,411.3,6852.66,6913.22,14,0.3095890410958904
^SPX,2026-02-24 16:15:00,SPX,2026-06-18,6725.0,C,0.0,0.0,0.0,0.0,0,12,406.4,1,407.6,6852.66,6913.22,961,0.3095890410958904
^SPX,2026-02-24 16:15:00,SPX,2026-06-18,6730.0,C,0.0,0.0,0.0,0.0,0,9,402.8,10,403.9,6852.66,6913.22,1,0.3095890410958904
^SPX,2026-02-24 16:15:00,SPX,2026-06-18,6735.0,C,0.0,0.0,0.0,0.0,0,9,399.2,10,400.3,6852.66,6913.22,0,0.3095890410958904
^SPX,2026-02-24 16:15:00,SPX,2026-06-18,6740.0,C,0.0,0.0,0.0,0.0,0,9,395.5,10,396.6,6852.66,6913.22,1,0.3095890410958904
^SPX,2026-02-24 16:15:00,SPX,2026-06-18,6745.0,C,0.0,0.0,0.0,0.0,0,9,391.9,9,392.9,6852.66,6913.22,0,0.3095890410958904
^SPX,2026-02-24 16:15:00,SPX,2026-06-18,6750.0,C,382.11,389.9,382.11,389.9,61,16,388.2,17,389.3,6852.66,6913.22,8225,0.3095890410958904
^SPX,2026-02-24 16:15:00,SPX,2026-06-18,6755.0,C,0.0,0.0,0.0,0.0,0,10,384.6,11,385.7,6852.66,6913.22,0,0.3095890410958904
^SPX,2026-02-24 16:15:00,SPX,2026-06-18,6760.0,C,0.0,0.0,0.0,0.0,0,10,381.0,11,382.1,6852.66,6913.22,0,0.3095890410958904
^SPX,2026-02-24 16:15:00,SPX,2026-06-18,6765.0,C,0.0,0.0,0.0,0.0,0,10,377.4,11,378.5,6852.66,6913.22,0,0.3095890410958904
^SPX,2026-02-24 16:15:00,SPX,2026-06-18,6770.0,C,375.9,375.9,375.9,375.9,1,10,373.8,11,374.9,6852.66,6913.22,1,0.3095890410958904
^SPX,2026-02-24 16:15:00,SPX,2026-06-18,6775.0,C,0.0,0.0,0.0,0.0,0,10,370.2,11,371.3,6852.66,6913.22,900,0.3095890410958904
^SPX,2026-02-24 16:15:00,SPX,2026-06-18,6780.0,C,0.0,0.0,0.0,0.0,0,11,366.7,11,367.7,6852.66,6913.22,11,0.3095890410958904
^SPX,2026-02-24 16:15:00,SPX,2026-06-18,6785.0,C,0.0,0.0,0.0,0.0,0,11,363.1,11,364.1,6852.66,6913.22,0,0.3095890410958904
^SPX,2026-02-24 16:15:00,SPX,2026-06-18,6790.0,C,0.0,0.0,0.0,0.0,0,11,359.6,12,360.6,6852.66,6913.22,2,0.3095890410958904
^SPX,2026-02-24 16:15:00,SPX,2026-06-18,6795.0,C,0.0,0.0,0.0,0.0,0,11,356.0,12,357.1,6852.66,6913.22,0,0.3095890410958904
^SPX,2026-02-24 16:15:00,SPX,2026-06-18,6800.0,C,316.0,355.16,316.0,355.16,11,17,352.5,18,353.6,6852.66,6913.22,10667,0.3095890410958904
^SPX,2026-02-24 16:15:00,SPX,2026-06-18,6805.0,C,0.0,0.0,0.0,0.0,0,11,349.0,11,350.0,6852.66,6913.22,0,0.3095890410958904
^SPX,2026-02-24 16:15:00,SPX,2026-06-18,6810.0,C,0.0,0.0,0.0,0.0,0,11,345.5,11,346.5,6852.66,6913.22,17,0.3095890410958904
^SPX,2026-02-24 16:15:00,SPX,2026-06-18,6815.0,C,0.0,0.0,0.0,0.0,0,11,342.0,11,343.0,6852.66,6913.22,0,0.3095890410958904
^SPX,2026-02-24 16:15:00,SPX,2026-06-18,6820.0,C,341.03,341.03,341.03,341.03,1,19,338.5,11,339.5,6852.66,6913.22,9,0.3095890410958904
^SPX,2026-02-24 16:15:00,SPX,2026-06-18,6825.0,C,336.1,338.1,336.1,338.1,2,17,335.1,17,336.1,6852.66,6913.22,1806,0.3095890410958904
^SPX,2026-02-24 16:15:00,SPX,2026-06-18,6830.0,C,0.0,0.0,0.0,0.0,0,11,331.6,11,332.6,6852.66,6913.22,13,0.3095890410958904
^SPX,2026-02-24 16:15:00,SPX,2026-06-18,6835.0,C,0.0,0.0,0.0,0.0,0,11,328.3,11,329.2,6852.66,6913.22,1,0.3095890410958904
^SPX,2026-02-24 16:15:00,SPX,2026-06-18,6840.0,C,305.49,326.5,305.49,326.5,2,11,324.8,11,325.8,6852.66,6913.22,17,0.3095890410958904
^SPX,2026-02-24 16:15:00,SPX,2026-06-18,6845.0,C,0.0,0.0,0.0,0.0,0,11,321.4,11,322.3,6852.66,6913.22,10,0.3095890410958904
^SPX,2026-02-24 16:15:00,SPX,2026-06-18,6850.0,C,290.0,320.8,290.0,320.8,123,11,318.1,19,319.0,6852.66,6913.22,8718,0.3095890410958904
^SPX,2026-02-24 16:15:00,SPX,2026-06-18,6855.0,C,0.0,0.0,0.0,0.0,0,12,314.7,12,315.6,6852.66,6913.22,9,0.3095890410958904
^SPX,2026-02-24 16:15:00,SPX,2026-06-18,6860.0,C,0.0,0.0,0.0,0.0,0,12,311.2,12,312.2,6852.66,6913.22,60,0.3095890410958904
^SPX,2026-02-24 16:15:00,SPX,2026-06-18,6865.0,C,0.0,0.0,0.0,0.0,0,13,307.8,12,308.8,6852.66,6913.22,0,0.3095890410958904
^SPX,2026-02-24 16:15:00,SPX,2026-06-18,6870.0,C,0.0,0.0,0.0,0.0,0,12,304.5,12,305.5,6852.66,6913.22,45,0.3095890410958904
^SPX,2026-02-24 16:15:00,SPX,2026-06-18,6875.0,C,293.25,293.9,293.25,293.9,63,19,301.2,18,302.1,6852.66,6913.22,1230,0.3095890410958904
^SPX,2026-02-24 16:15:00,SPX,2026-06-18,6880.0,C,0.0,0.0,0.0,0.0,0,12,297.9,12,298.8,6852.66,6913.22,10,0.3095890410958904
^SPX,2026-02-24 16:15:00,SPX,2026-06-18,6885.0,C,292.0,292.0,292.0,292.0,7,12,294.6,12,295.5,6852.66,6913.22,0,0.3095890410958904
^SPX,2026-02-24 16:15:00,SPX,2026-06-18,6890.0,C,273.2,273.2,273.2,273.2,1,12,291.3,12,292.2,6852.66,6913.22,11,0.3095890410958904
^SPX,2026-02-24 16:15:00,SPX,2026-06-18,6895.0,C,0.0,0.0,0.0,0.0,0,12,288.0,12,289.0,6852.66,6913.22,0,0.3095890410958904
^SPX,2026-02-24 16:15:00,SPX,2026-06-18,6900.0,C,276.0,288.19,276.0,282.29,149,32,284.7,18,285.7,6852.66,6913.22,13668,0.3095890410958904
^SPX,2026-02-24 16:15:00,SPX,2026-06-18,6905.0,C,0.0,0.0,0.0,0.0,0,12,281.5,12,282.5,6852.66,6913.22,0,0.3095890410958904
^SPX,2026-02-24 16:15:00,SPX,2026-06-18,6910.0,C,0.0,0.0,0.0,0.0,0,12,278.3,12,279.2,6852.66,6913.22,80,0.3095890410958904
^SPX,2026-02-24 16:15:00,SPX,2026-06-18,6915.0,C,0.0,0.0,0.0,0.0,0,13,275.1,13,276.0,6852.66,6913.22,0,0.3095890410958904
^SPX,2026-02-24 16:15:00,SPX,2026-06-18,6920.0,C,0.0,0.0,0.0,0.0,0,13,271.9,13,272.8,6852.66,6913.22,93,0.3095890410958904
^SPX,2026-02-24 16:15:00,SPX,2026-06-18,6925.0,C,242.3,271.3,242.0,271.3,152,27,268.7,26,269.6,6852.66,6913.22,1722,0.3095890410958904
^SPX,2026-02-24 16:15:00,SPX,2026-06-18,6930.0,C,266.3,268.0,266.3,268.0,2,20,265.5,20,266.4,6852.66,6913.22,218,0.3095890410958904
^SPX,2026-02-24 16:15:00,SPX,2026-06-18,6935.0,C,263.4,263.4,263.4,263.4,1,20,262.4,20,263.3,6852.66,6913.22,0,0.3095890410958904
^SPX,2026-02-24 16:15:00,SPX,2026-06-18,6940.0,C,260.46,260.46,260.46,260.46,15,28,259.2,27,260.1,6852.66,6913.22,141,0.3095890410958904
^SPX,2026-02-24 16:15:00,SPX,2026-06-18,6945.0,C,0.0,0.0,0.0,0.0,0,21,256.1,21,257.1,6852.66,6913.22,0,0.3095890410958904
^SPX,2026-02-24 16:15:00,SPX,2026-06-18,6950.0,C,248.03,248.03,246.95,246.95,165,28,253.0,27,253.9,6852.66,6913.22,7206,0.3095890410958904
^SPX,2026-02-24 16:15:00,SPX,2026-06-18,6955.0,C,0.0,0.0,0.0,0.0,0,21,249.9,21,250.8,6852.66,6913.22,0,0.3095890410958904
^SPX,2026-02-24 16:15:00,SPX,2026-06-18,6960.0,C,0.0,0.0,0.0,0.0,0,21,246.8,21,247.7,6852.66,6913.22,486,0.3095890410958904
^SPX,2026-02-24 16:15:00,SPX,2026-06-18,6965.0,C,0.0,0.0,0.0,0.0,0,21,243.8,21,244.7,6852.66,6913.22,1,0.3095890410958904
^SPX,2026-02-24 16:15:00,SPX,2026-06-18,6970.0,C,236.5,236.5,236.5,236.5,10,21,240.7,21,241.6,6852.66,6913.22,92,0.3095890410958904
^SPX,2026-02-24 16:15:00,SPX,2026-06-18,6975.0,C,233.04,241.02,233.04,241.02,432,28,237.7,47,238.6,6852.66,6913.22,1327,0.3095890410958904
^SPX,2026-02-24 16:15:00,SPX,2026-06-18,6980.0,C,0.0,0.0,0.0,0.0,0,21,234.7,31,235.6,6852.66,6913.22,164,0.3095890410958904
^SPX,2026-02-24 16:15:00,SPX,2026-06-18,6985.0,C,232.5,232.5,232.5,232.5,2,21,231.7,21,232.6,6852.66,6913.22,3,0.3095890410958904
^SPX,2026-02-24 16:15:00,SPX,2026-06-18,6990.0,C,0.0,0.0,0.0,0.0,0,22,228.7,31,229.6,6852.66,6913.22,97,0.3095890410958904
^SPX,2026-02-24 16:15:00,SPX,2026-06-18,7000.0,C,205.7,227.76,205.7,227.64,26468,31,222.8,41,223.7,6852.66,6913.22,84687,0.3095890410958904
^SPX,2026-02-24 16:15:00,SPX,2026-06-18,7010.0,C,0.0,0.0,0.0,0.0,0,21,217.0,31,217.9,6852.66,6913.22,402,0.3095890410958904
^SPX,2026-02-24 16:15:00,SPX,2026-06-18,7020.0,C,212.54,212.54,212.54,212.54,10,22,211.3,33,212.1,6852.66,6913.22,173,0.3095890410958904
^SPX,2026-02-24 16:15:00,SPX,2026-06-18,7025.0,C,209.0,211.0,207.7,211.0,6,34,208.4,33,209.2,6852.66,6913.22,1117,0.3095890410958904
^SPX,2026-02-24 16:15:00,SPX,2026-06-18,7030.0,C,205.14,205.14,205.14,205.14,25,22,205.6,32,206.4,6852.66,6913.22,120,0.3095890410958904
^SPX,2026-02-24 16:15:00,SPX,2026-06-18,7040.0,C,0.0,0.0,0.0,0.0,0,22,200.0,33,200.8,6852.66,6913.22,111,0.3095890410958904
^SPX,2026-02-24 16:15:00,SPX,2026-06-18,7050.0,C,194.6,194.6,193.5,193.5,2,30,194.4,56,195.3,6852.66,6913.22,3745,0.3095890410958904
^SPX,2026-02-24 16:15:00,SPX,2026-06-18,7060.0,C,0.0,0.0,0.0,0.0,0,23,189.0,34,189.8,6852.66,6913.22,125,0.3095890410958904
^SPX,2026-02-24 16:15:00,SPX,2026-06-18,7070.0,C,184.6,184.6,184.6,184.6,1,25,183.6,37,184.4,6852.66,6913.22,94,0.3095890410958904
^SPX,2026-02-24 16:15:00,SPX,2026-06-18,7075.0,C,181.5,182.8,181.2,182.8,3,20,181.0,54,181.8,6852.66,6913.22,1066,0.3095890410958904
^SPX,2026-02-24 16:15:00,SPX,2026-06-18,7080.0,C,178.4,179.3,178.4,179.3,8,25,178.3,37,179.1,6852.66,6913.22,101,0.3095890410958904
^SPX,2026-02-24 16:15:00,SPX,2026-06-18,7090.0,C,174.1,174.1,174.1,174.1,11,25,173.1,35,173.9,6852.66,6913.22,58,0.3095890410958904
^SPX,2026-02-24 16:15:00,SPX,2026-06-18,7100.0,C,168.4,169.7,168.4,169.7,4,32,168.0,60,168.7,6852.66,6913.22,12485,0.3095890410958904
^SPX,2026-02-24 16:15:00,SPX,2026-06-18,7110.0,C,146.32,163.9,141.29,163.9,21,25,162.9,38,163.7,6852.66,6913.22,523,0.3095890410958904
^SPX,2026-02-24 16:15:00,SPX,2026-06-18,7120.0,C,0.0,0.0,0.0,0.0,0,25,158.0,38,158.8,6852.66,6913.22,52,0.3095890410958904
^SPX,2026-02-24 16:15:00,SPX,2026-06-18,7125.0,C,155.1,157.1,155.1,156.3,9,26,155.5,38,156.3,6852.66,6913.22,593,0.3095890410958904
^SPX,2026-02-24 16:15:00,SPX,2026-06-18,7130.0,C,153.9,153.9,153.9,153.9,3,26,153.1,37,153.9,6852.66,6913.22,67,0.3095890410958904
^SPX,2026-02-24 16:15:00,SPX,2026-06-18,7140.0,C,136.54,136.54,136.54,136.54,1,26,148.3,41,149.1,6852.66,6913.22,51,0.3095890410958904
^SPX,2026-02-24 16:15:00,SPX,2026-06-18,7150.0,C,127.0,145.5,127.0,144.3,321,29,143.6,61,144.4,6852.66,6913.22,4879,0.3095890410958904
^SPX,2026-02-24 16:15:00,SPX,2026-06-18,7160.0,C,0.0,0.0,0.0,0.0,0,29,139.0,41,139.8,6852.66,6913.22,224,0.3095890410958904
^SPX,2026-02-24 16:15:00,SPX,2026-06-18,7170.0,C,0.0,0.0,0.0,0.0,0,27,134.5,40,135.3,6852.66,6913.22,123,0.3095890410958904
^SPX,2026-02-24 16:15:00,SPX,2026-06-18,7175.0,C,0.0,0.0,0.0,0.0,0,29,132.2,43,133.0,6852.66,6913.22,575,0.3095890410958904
^SPX,2026-02-24 16:15:00,SPX,2026-06-18,7180.0,C,130.7,130.7,130.7,130.7,1,31,130.0,43,130.8,6852.66,6913.22,69,0.3095890410958904
^SPX,2026-02-24 16:15:00,SPX,2026-06-18,7190.0,C,126.2,126.2,125.17,125.17,2,31,125.7,46,126.5,6852.66,6913.22,40,0.3095890410958904
^SPX,2026-02-24 16:15:00,SPX,2026-06-18,7200.0,C,116.7,124.43,116.7,124.37,840,41,121.4,65,122.2,6852.66,6913.22,9192,0.3095890410958904
^SPX,2026-02-24 16:15:00,SPX,2026-06-18,7210.0,C,119.29,119.29,119.29,119.29,1,33,117.3,46,118.1,6852.66,6913.22,153,0.3095890410958904
^SPX,2026-02-24 16:15:00,SPX,2026-06-18,7220.0,C,110.0,110.0,109.1,109.1,2,33,113.2,49,114.0,6852.66,6913.22,78,0.3095890410958904
^SPX,2026-02-24 16:15:00,SPX,2026-06-18,7225.0,C,111.7,112.7,111.7,112.7,2,44,111.2,68,112.0,6852.66,6913.22,1615,0.3095890410958904
^SPX,2026-02-24 16:15:00,SPX,2026-06-18,7230.0,C,108.0,110.6,108.0,109.8,5,31,109.3,46,110.1,6852.66,6913.22,123,0.3095890410958904
^SPX,2026-02-24 16:15:00,SPX,2026-06-18,7240.0,C,0.0,0.0,0.0,0.0,0,34,105.4,51,106.2,6852.66,6913.22,56,0.3095890410958904
^SPX,2026-02-24 16:15:00,SPX,2026-06-18,7250.0,C,96.59,102.8,96.59,102.8,1451,46,101.6,83,102.4,6852.66,6913.22,8346,0.3095890410958904
^SPX,2026-02-24 16:15:00,SPX,2026-06-18,7260.0,C,86.69,86.69,86.69,86.69,1,44,97.9,54,98.7,6852.66,6913.22,33,0.3095890410958904
^SPX,2026-02-24 16:15:00,SPX,2026-06-18,7270.0,C,94.82,94.82,94.82,94.82,10,45,94.3,56,95.1,6852.66,6913.22,549,0.3095890410958904
^SPX,2026-02-24 16:15:00,SPX,2026-06-18,7275.0,C,93.51,93.51,93.51,93.51,1,46,92.5,56,93.3,6852.66,6913.22,426,0.3095890410958904
^SPX,2026-02-24 16:15:00,SPX,2026-06-18,7280.0,C,0.0,0.0,0.0,0.0,0,46,90.8,56,91.6,6852.66,6913.22,52,0.3095890410958904
^SPX,2026-02-24 16:15:00,SPX,2026-06-18,7290.0,C,82.35,85.12,82.35,85.12,53,62,87.4,92,88.2,6852.66,6913.22,113,0.3095890410958904
^SPX,2026-02-24 16:15:00,SPX,2026-06-18,7300.0,C,79.74,85.1,76.5,84.12,236,47,84.1,95,84.9,6852.66,6913.22,8985,0.3095890410958904
^SPX,2026-02-24 16:15:00,SPX,2026-06-18,7310.0,C,73.14,81.3,73.14,80.43,16,49,80.8,61,81.6,6852.66,6913.22,307,0.3095890410958904
^SPX,2026-02-24 16:15:00,SPX,2026-06-18,7320.0,C,70.72,77.1,70.72,77.1,3,50,77.7,63,78.4,6852.66,6913.22,85,0.3095890410958904
^SPX,2026-02-24 16:15:00,SPX,2026-06-18,7325.0,C,76.31,76.31,76.31,76.31,8,50,76.2,80,77.0,6852.66,6913.22,1740,0.3095890410958904
^SPX,2026-02-24 16:15:00,SPX,2026-06-18,7330.0,C,0.0,0.0,0.0,0.0,0,50,74.7,61,75.4,6852.66,6913.22,193,0.3095890410958904
^SPX,2026-02-24 16:15:00,SPX,2026-06-18,7340.0,C,0.0,0.0,0.0,0.0,0,71,71.7,67,72.5,6852.66,6913.22,65,0.3095890410958904
^SPX,2026-02-24 16:15:00,SPX,2026-06-18,7350.0,C,61.8,67.04,61.8,66.49,251,110,68.8,84,69.5,6852.66,6913.22,3115,0.3095890410958904
^SPX,2026-02-24 16:15:00,SPX,2026-06-18,7360.0,C,0.0,0.0,0.0,0.0,0,53,66.1,67,66.9,6852.66,6913.22,231,0.3095890410958904
^SPX,2026-02-24 16:15:00,SPX,2026-06-18,7370.0,C,62.9,63.83,62.9,63.83,12,55,63.4,75,64.2,6852.66,6913.22,67,0.3095890410958904
^SPX,2026-02-24 16:15:00,SPX,2026-06-18,7375.0,C,59.9,63.35,59.9,62.85,18,46,62.1,97,62.8,6852.66,6913.22,3739,0.3095890410958904
^SPX,2026-02-24 16:15:00,SPX,2026-06-18,7380.0,C,0.0,0.0,0.0,0.0,0,56,60.8,78,61.6,6852.66,6913.22,46,0.3095890410958904
^SPX,2026-02-24 16:15:00,SPX,2026-06-18,7390.0,C,57.6,58.68,57.6,58.68,12,100,58.2,74,58.9,6852.66,6913.22,104,0.3095890410958904
^SPX,2026-02-24 16:15:00,SPX,2026-06-18,7400.0,C,53.6,56.71,53.6,55.65,243,126,55.8,101,56.5,6852.66,6913.22,9973,0.3095890410958904
^SPX,2026-02-24 16:15:00,SPX,2026-06-18,7425.0,C,49.2,50.86,49.2,50.86,156,84,50.1,83,50.7,6852.66,6913.22,1044,0.3095890410958904
^SPX,2026-02-24 16:15:00,SPX,2026-06-18,7450.0,C,40.4,43.45,39.9,43.44,72,166,44.8,122,45.5,6852.66,6913.22,6242,0.3095890410958904
^SPX,2026-02-24 16:15:00,SPX,2026-06-18,7475.0,C,36.22,40.15,36.22,40.15,9,195,40.0,138,40.7,6852.66,6913.22,2708,0.3095890410958904
^SPX,2026-02-24 16:15:00,SPX,2026-06-18,7500.0,C,31.1,36.5,31.1,36.19,1971,194,35.7,179,36.4,6852.66,6913.22,18443,0.3095890410958904
^SPX,2026-02-24 16:15:00,SPX,2026-06-18,7525.0,C,31.8,32.5,31.8,32.5,5,139,31.8,107,32.4,6852.66,6913.22,432,0.3095890410958904
^SPX,2026-02-24 16:15:00,SPX,2026-06-18,7550.0,C,27.15,28.9,27.15,28.4,87,170,28.3,162,28.8,6852.66,6913.22,2629,0.3095890410958904
^SPX,2026-02-24 16:15:00,SPX,2026-06-18,7575.0,C,25.2,25.3,25.2,25.3,40,207,25.1,163,25.6,6852.66,6913.22,172,0.3095890410958904
^SPX,2026-02-24 16:15:00,SPX,2026-06-18,7600.0,C,19.5,23.2,19.5,22.7,561,234,22.3,222,22.8,6852.66,6913.22,12005,0.3095890410958904
^SPX,2026-02-24 16:15:00,SPX,2026-06-18,7625.0,C,20.1,20.3,20.0,20.3,5,286,19.7,137,20.2,6852.66,6913.22,164,0.3095890410958904
^SPX,2026-02-24 16:15:00,SPX,2026-06-18,7650.0,C,16.9,18.3,16.9,17.75,172,433,17.5,70,17.9,6852.66,6913.22,3624,0.3095890410958904
^SPX,2026-02-24 16:15:00,SPX,2026-06-18,7675.0,C,0.0,0.0,0.0,0.0,0,187,15.5,86,15.9,6852.66,6913.22,199,0.3095890410958904
^SPX,2026-02-24 16:15:00,SPX,2026-06-18,7700.0,C,14.0,14.1,13.8,13.8,417,623,13.7,156,14.1,6852.66,6913.22,10110,0.3095890410958904
^SPX,2026-02-24 16:15:00,SPX,2026-06-18,7725.0,C,11.35,12.5,11.3,12.5,103,366,12.1,276,12.6,6852.66,6913.22,866,0.3095890410958904
^SPX,2026-02-24 16:15:00,SPX,2026-06-18,7750.0,C,9.9,10.99,9.9,10.97,106,402,10.8,70,11.1,6852.66,6913.22,1589,0.3095890410958904
^SPX,2026-02-24 16:15:00,SPX,2026-06-18,7775.0,C,0.0,0.0,0.0,0.0,0,461,9.5,116,9.9,6852.66,6913.22,256,0.3095890410958904
^SPX,2026-02-24 16:15:00,SPX,2026-06-18,7800.0,C,8.7,8.8,8.6,8.6,21,453,8.5,177,8.8,6852.66,6913.22,8579,0.3095890410958904
^SPX,2026-02-24 16:15:00,SPX,2026-06-18,7825.0,C,7.2,7.2,7.2,7.2,1,434,7.5,298,7.9,6852.66,6913.22,418,0.3095890410958904
^SPX,2026-02-24 16:15:00,SPX,2026-06-18,7850.0,C,6.25,7.0,6.25,7.0,4,315,6.7,342,7.1,6852.66,6913.22,536,0.3095890410958904
^SPX,2026-02-24 16:15:00,SPX,2026-06-18,7875.0,C,0.0,0.0,0.0,0.0,0,258,6.0,272,6.3,6852.66,6913.22,102,0.3095890410958904
^SPX,2026-02-24 16:15:00,SPX,2026-06-18,7900.0,C,5.0,5.5,5.0,5.5,72,1026,5.3,582,5.7,6852.66,6913.22,8002,0.3095890410958904
^SPX,2026-02-24 16:15:00,SPX,2026-06-18,7950.0,C,0.0,0.0,0.0,0.0,0,299,4.3,415,4.6,6852.66,6913.22,4,0.3095890410958904
^SPX,2026-02-24 16:15:00,SPX,2026-06-18,8000.0,C,3.5,3.7,3.44,3.5,13,173,3.5,397,3.7,6852.66,6913.22,12143,0.3095890410958904
^SPX,2026-02-24 16:15:00,SPX,2026-06-18,8100.0,C,2.35,2.4,2.35,2.4,56,20,2.35,650,2.55,6852.66,6913.22,5338,0.3095890410958904
^SPX,2026-02-24 16:15:00,SPX,2026-06-18,8200.0,C,1.65,1.65,1.65,1.65,6,80,1.6,1667,1.85,6852.66,6913.22,8484,0.3095890410958904
^SPX,2026-02-24 16:15:00,SPX,2026-06-18,8300.0,C,1.15,1.15,1.15,1.15,6,279,1.15,1527,1.35,6852.66,6913.22,4860,0.3095890410958904
^SPX,2026-02-24 16:15:00,SPX,2026-06-18,8400.0,C,0.9,0.9,0.9,0.9,6,561,0.8,1603,1.05,6852.66,6913.22,4144,0.3095890410958904
^SPX,2026-02-24 16:15:00,SPX,2026-06-18,8500.0,C,0.7,0.7,0.7,0.7,6,1497,0.5,849,0.85,6852.66,6913.22,236,0.3095890410958904
^SPX,2026-02-24 16:15:00,SPX,2026-06-18,8600.0,C,0.5,0.5,0.5,0.5,8,773,0.4,712,0.7,6852.66,6913.22,2416,0.3095890410958904
^SPX,2026-02-24 16:15:00,SPX,2026-06-18,8800.0,C,0.35,0.35,0.35,0.35,10,551,0.25,951,0.5,6852.66,6913.22,2651,0.3095890410958904
^SPX,2026-02-24 16:15:00,SPX,2026-06-18,9000.0,C,0.25,0.25,0.25,0.25,10,470,0.15,1,0.3,6852.66,6913.22,4698,0.3095890410958904
^SPX,2026-02-24 16:15:00,SPX,2026-06-18,9200.0,C,0.1,0.2,0.1,0.2,210,477,0.1,922,0.35,6852.66,6913.22,5308,0.3095890410958904
^SPX,2026-02-24 16:15:00,SPX,2026-06-18,9400.0,C,0.15,0.15,0.15,0.15,9,7,0.1,551,0.25,6852.66,6913.22,459,0.3095890410958904
^SPX,2026-02-24 16:15:00,SPX,2026-06-18,9600.0,C,0.1,0.1,0.1,0.1,13,0,0.0,3,0.15,6852.66,6913.22,318,0.3095890410958904
^SPX,2026-02-24 16:15:00,SPX,2026-06-18,10000.0,C,0.0,0.0,0.0,0.0,0,0,0.0,460,0.15,6852.66,6913.22,4623,0.3095890410958904
^SPX,2026-02-24 16:15:00,SPX,2026-06-18,10400.0,C,0.0,0.0,0.0,0.0,0,0,0.0,253,0.15,6852.66,6913.22,373,0.3095890410958904
^SPX,2026-02-24 16:15:00,SPX,2026-06-18,11000.0,C,0.0,0.0,0.0,0.0,0,0,0.0,607,0.15,6852.66,6913.22,238,0.3095890410958904
^SPX,2026-02-24 16:15:00,SPX,2026-06-18,12000.0,C,0.0,0.0,0.0,0.0,0,0,0.0,25,0.05,6852.66,6913.22,153,0.3095890410958904
^SPX,2026-02-24 16:15:00,SPX,2026-06-18,12400.0,C,0.05,0.05,0.05,0.05,3,0,0.0,22,0.05,6852.66,6913.22,1,0.3095890410958904
^SPX,2026-02-24 16:15:00,SPX,2026-07-17,200.0,C,0.0,0.0,0.0,0.0,0,2,6656.6,1,6674.1,6852.66,6913.22,28,0.38904109589041097
^SPX,2026-02-24 16:15:00,SPX,2026-07-17,400.0,C,0.0,0.0,0.0,0.0,0,2,6459.4,1,6477.2,6852.66,6913.22,20,0.38904109589041097
^SPX,2026-02-24 16:15:00,SPX,2026-07-17,600.0,C,0.0,0.0,0.0,0.0,0,2,6262.5,1,6280.4,6852.66,6913.22,4,0.38904109589041097
^SPX,2026-02-24 16:15:00,SPX,2026-07-17,800.0,C,0.0,0.0,0.0,0.0,0,2,6066.0,1,6083.7,6852.66,6913.22,2,0.38904109589041097
^SPX,2026-02-24 16:15:00,SPX,2026-07-17,1000.0,C,0.0,0.0,0.0,0.0,0,2,5870.0,5,5885.9,6852.66,6913.22,7,0.38904109589041097
^SPX,2026-02-24 16:15:00,SPX,2026-07-17,1200.0,C,0.0,0.0,0.0,0.0,0,2,5672.6,5,5688.7,6852.66,6913.22,2,0.38904109589041097
^SPX,2026-02-24 16:15:00,SPX,2026-07-17,1400.0,C,0.0,0.0,0.0,0.0,0,5,5475.7,5,5492.0,6852.66,6913.22,3,0.38904109589041097
^SPX,2026-02-24 16:15:00,SPX,2026-07-17,1600.0,C,0.0,0.0,0.0,0.0,0,2,5280.1,5,5295.2,6852.66,6913.22,1,0.38904109589041097
^SPX,2026-02-24 16:15:00,SPX,2026-07-17,1800.0,C,0.0,0.0,0.0,0.0,0,2,5083.5,5,5098.8,6852.66,6913.22,0,0.38904109589041097
^SPX,2026-02-24 16:15:00,SPX,2026-07-17,2000.0,C,0.0,0.0,0.0,0.0,0,5,4886.9,5,4902.1,6852.66,6913.22,11,0.38904109589041097
^SPX,2026-02-24 16:15:00,SPX,2026-07-17,2200.0,C,0.0,0.0,0.0,0.0,0,5,4691.7,5,4705.4,6852.66,6913.22,1,0.38904109589041097
^SPX,2026-02-24 16:15:00,SPX,2026-07-17,2400.0,C,0.0,0.0,0.0,0.0,0,5,4495.0,5,4509.3,6852.66,6913.22,1,0.38904109589041097
^SPX,2026-02-24 16:15:00,SPX,2026-07-17,2500.0,C,0.0,0.0,0.0,0.0,0,5,4397.0,5,4411.1,6852.66,6913.22,0,0.38904109589041097
^SPX,2026-02-24 16:15:00,SPX,2026-07-17,2600.0,C,0.0,0.0,0.0,0.0,0,5,4299.1,5,4313.2,6852.66,6913.22,0,0.38904109589041097
^SPX,2026-02-24 16:15:00,SPX,2026-07-17,2700.0,C,0.0,0.0,0.0,0.0,0,5,4201.7,5,4215.4,6852.66,6913.22,0,0.38904109589041097
^SPX,2026-02-24 16:15:00,SPX,2026-07-17,2800.0,C,0.0,0.0,0.0,0.0,0,5,4103.6,5,4117.2,6852.66,6913.22,1,0.38904109589041097
^SPX,2026-02-24 16:15:00,SPX,2026-07-17,2900.0,C,0.0,0.0,0.0,0.0,0,5,4006.0,5,4019.0,6852.66,6913.22,0,0.38904109589041097
^SPX,2026-02-24 16:15:00,SPX,2026-07-17,3000.0,C,0.0,0.0,0.0,0.0,0,5,3908.2,5,3921.3,6852.66,6913.22,5,0.38904109589041097
^SPX,2026-02-24 16:15:00,SPX,2026-07-17,3100.0,C,0.0,0.0,0.0,0.0,0,5,3809.7,5,3823.4,6852.66,6913.22,0,0.38904109589041097
^SPX,2026-02-24 16:15:00,SPX,2026-07-17,3200.0,C,0.0,0.0,0.0,0.0,0,5,3712.8,5,3725.4,6852.66,6913.22,1,0.38904109589041097
^SPX,2026-02-24 16:15:00,SPX,2026-07-17,3300.0,C,0.0,0.0,0.0,0.0,0,5,3615.2,5,3627.7,6852.66,6913.22,0,0.38904109589041097
^SPX,2026-02-24 16:15:00,SPX,2026-07-17,3400.0,C,0.0,0.0,0.0,0.0,0,5,3517.3,5,3529.8,6852.66,6913.22,11,0.38904109589041097
^SPX,2026-02-24 16:15:00,SPX,2026-07-17,3500.0,C,0.0,0.0,0.0,0.0,0,5,3420.0,5,3432.0,6852.66,6913.22,0,0.38904109589041097
^SPX,2026-02-24 16:15:00,SPX,2026-07-17,3600.0,C,0.0,0.0,0.0,0.0,0,5,3322.5,5,3334.4,6852.66,6913.22,0,0.38904109589041097
^SPX,2026-02-24 16:15:00,SPX,2026-07-17,3650.0,C,0.0,0.0,0.0,0.0,0,5,3273.8,5,3285.5,6852.66,6913.22,0,0.38904109589041097
^SPX,2026-02-24 16:15:00,SPX,2026-07-17,3700.0,C,0.0,0.0,0.0,0.0,0,5,3224.8,5,3236.4,6852.66,6913.22,1,0.38904109589041097
^SPX,2026-02-24 16:15:00,SPX,2026-07-17,3750.0,C,0.0,0.0,0.0,0.0,0,5,3176.4,5,3187.9,6852.66,6913.22,0,0.38904109589041097
^SPX,2026-02-24 16:15:00,SPX,2026-07-17,3800.0,C,0.0,0.0,0.0,0.0,0,5,3127.6,5,3139.1,6852.66,6913.22,0,0.38904109589041097
^SPX,2026-02-24 16:15:00,SPX,2026-07-17,3850.0,C,0.0,0.0,0.0,0.0,0,5,3079.1,5,3090.4,6852.66,6913.22,0,0.38904109589041097
^SPX,2026-02-24 16:15:00,SPX,2026-07-17,3900.0,C,0.0,0.0,0.0,0.0,0,5,3030.4,5,3041.6,6852.66,6913.22,0,0.38904109589041097
^SPX,2026-02-24 16:15:00,SPX,2026-07-17,3950.0,C,0.0,0.0,0.0,0.0,0,2,2984.8,2,2988.8,6852.66,6913.22,0,0.38904109589041097
^SPX,2026-02-24 16:15:00,SPX,2026-07-17,4000.0,C,0.0,0.0,0.0,0.0,0,2,2935.9,2,2940.1,6852.66,6913.22,19,0.38904109589041097
^SPX,2026-02-24 16:15:00,SPX,2026-07-17,4050.0,C,0.0,0.0,0.0,0.0,0,2,2887.3,2,2891.4,6852.66,6913.22,0,0.38904109589041097
^SPX,2026-02-24 16:15:00,SPX,2026-07-17,4100.0,C,0.0,0.0,0.0,0.0,0,2,2838.9,2,2842.8,6852.66,6913.22,0,0.38904109589041097
^SPX,2026-02-24 16:15:00,SPX,2026-07-17,4150.0,C,0.0,0.0,0.0,0.0,0,2,2790.1,2,2794.2,6852.66,6913.22,0,0.38904109589041097
^SPX,2026-02-24 16:15:00,SPX,2026-07-17,4200.0,C,0.0,0.0,0.0,0.0,0,2,2741.6,2,2745.6,6852.66,6913.22,1,0.38904109589041097
^SPX,2026-02-24 16:15:00,SPX,2026-07-17,4225.0,C,0.0,0.0,0.0,0.0,0,2,2717.0,2,2721.8,6852.66,6913.22,0,0.38904109589041097
^SPX,2026-02-24 16:15:00,SPX,2026-07-17,4250.0,C,0.0,0.0,0.0,0.0,0,2,2693.0,2,2697.0,6852.66,6913.22,0,0.38904109589041097
^SPX,2026-02-24 16:15:00,SPX,2026-07-17,4275.0,C,0.0,0.0,0.0,0.0,0,2,2668.3,2,2673.1,6852.66,6913.22,0,0.38904109589041097
^SPX,2026-02-24 16:15:00,SPX,2026-07-17,4300.0,C,0.0,0.0,0.0,0.0,0,2,2644.5,2,2648.5,6852.66,6913.22,0,0.38904109589041097
^SPX,2026-02-24 16:15:00,SPX,2026-07-17,4325.0,C,0.0,0.0,0.0,0.0,0,2,2620.0,2,2624.5,6852.66,6913.22,0,0.38904109589041097
^SPX,2026-02-24 16:15:00,SPX,2026-07-17,4350.0,C,0.0,0.0,0.0,0.0,0,2,2596.0,2,2599.8,6852.66,6913.22,0,0.38904109589041097
^SPX,2026-02-24 16:15:00,SPX,2026-07-17,4375.0,C,0.0,0.0,0.0,0.0,0,2,2571.3,2,2576.0,6852.66,6913.22,0,0.38904109589041097
^SPX,2026-02-24 16:15:00,SPX,2026-07-17,4400.0,C,0.0,0.0,0.0,0.0,0,2,2547.6,2,2551.5,6852.66,6913.22,1,0.38904109589041097
^SPX,2026-02-24 16:15:00,SPX,2026-07-17,4425.0,C,0.0,0.0,0.0,0.0,0,2,2523.1,2,2527.5,6852.66,6913.22,0,0.38904109589041097
^SPX,2026-02-24 16:15:00,SPX,2026-07-17,4450.0,C,0.0,0.0,0.0,0.0,0,2,2499.2,2,2503.0,6852.66,6913.22,0,0.38904109589041097
^SPX,2026-02-24 16:15:00,SPX,2026-07-17,4475.0,C,0.0,0.0,0.0,0.0,0,2,2474.7,2,2479.0,6852.66,6913.22,0,0.38904109589041097
^SPX,2026-02-24 16:15:00,SPX,2026-07-17,4500.0,C,0.0,0.0,0.0,0.0,0,2,2450.8,2,2454.6,6852.66,6913.22,11,0.38904109589041097
^SPX,2026-02-24 16:15:00,SPX,2026-07-17,4525.0,C,0.0,0.0,0.0,0.0,0,2,2426.3,2,2430.6,6852.66,6913.22,1,0.38904109589041097
^SPX,2026-02-24 16:15:00,SPX,2026-07-17,4550.0,C,0.0,0.0,0.0,0.0,0,2,2402.5,2,2406.2,6852.66,6913.22,0,0.38904109589041097
^SPX,2026-02-24 16:15:00,SPX,2026-07-17,4575.0,C,0.0,0.0,0.0,0.0,0,2,2378.0,2,2382.3,6852.66,6913.22,0,0.38904109589041097
^SPX,2026-02-24 16:15:00,SPX,2026-07-17,4600.0,C,0.0,0.0,0.0,0.0,0,2,2354.3,2,2357.9,6852.66,6913.22,0,0.38904109589041097
^SPX,2026-02-24 16:15:00,SPX,2026-07-17,4625.0,C,0.0,0.0,0.0,0.0,0,2,2329.7,2,2333.9,6852.66,6913.22,0,0.38904109589041097
^SPX,2026-02-24 16:15:00,SPX,2026-07-17,4650.0,C,0.0,0.0,0.0,0.0,0,2,2305.8,2,2309.6,6852.66,6913.22,0,0.38904109589041097
^SPX,2026-02-24 16:15:00,SPX,2026-07-17,4675.0,C,0.0,0.0,0.0,0.0,0,2,2281.5,2,2285.7,6852.66,6913.22,1,0.38904109589041097
^SPX,2026-02-24 16:15:00,SPX,2026-07-17,4700.0,C,0.0,0.0,0.0,0.0,0,2,2257.7,2,2261.3,6852.66,6913.22,2,0.38904109589041097
^SPX,2026-02-24 16:15:00,SPX,2026-07-17,4725.0,C,0.0,0.0,0.0,0.0,0,2,2233.3,2,2237.6,6852.66,6913.22,0,0.38904109589041097
^SPX,2026-02-24 16:15:00,SPX,2026-07-17,4750.0,C,0.0,0.0,0.0,0.0,0,2,2209.5,2,2213.1,6852.66,6913.22,0,0.38904109589041097
^SPX,2026-02-24 16:15:00,SPX,2026-07-17,4775.0,C,0.0,0.0,0.0,0.0,0,2,2185.2,2,2189.3,6852.66,6913.22,0,0.38904109589041097
^SPX,2026-02-24 16:15:00,SPX,2026-07-17,4800.0,C,0.0,0.0,0.0,0.0,0,2,2161.4,2,2165.0,6852.66,6913.22,2,0.38904109589041097
^SPX,2026-02-24 16:15:00,SPX,2026-07-17,4825.0,C,0.0,0.0,0.0,0.0,0,2,2137.1,2,2141.3,6852.66,6913.22,1,0.38904109589041097
^SPX,2026-02-24 16:15:00,SPX,2026-07-17,4850.0,C,0.0,0.0,0.0,0.0,0,2,2113.4,2,2116.8,6852.66,6913.22,1,0.38904109589041097
^SPX,2026-02-24 16:15:00,SPX,2026-07-17,4875.0,C,0.0,0.0,0.0,0.0,0,2,2089.1,2,2093.1,6852.66,6913.22,0,0.38904109589041097
^SPX,2026-02-24 16:15:00,SPX,2026-07-17,4900.0,C,0.0,0.0,0.0,0.0,0,2,2065.5,2,2068.9,6852.66,6913.22,1,0.38904109589041097
^SPX,2026-02-24 16:15:00,SPX,2026-07-17,4925.0,C,0.0,0.0,0.0,0.0,0,2,2041.2,2,2045.2,6852.66,6913.22,0,0.38904109589041097
^SPX,2026-02-24 16:15:00,SPX,2026-07-17,4950.0,C,0.0,0.0,0.0,0.0,0,2,2017.5,2,2021.0,6852.66,6913.22,0,0.38904109589041097
^SPX,2026-02-24 16:15:00,SPX,2026-07-17,4975.0,C,0.0,0.0,0.0,0.0,0,2,1993.3,2,1997.4,6852.66,6913.22,1,0.38904109589041097
^SPX,2026-02-24 16:15:00,SPX,2026-07-17,5000.0,C,1965.63,1974.96,1965.63,1974.96,50,2,1969.7,2,1973.0,6852.66,6913.22,22831,0.38904109589041097
^SPX,2026-02-24 16:15:00,SPX,2026-07-17,5025.0,C,0.0,0.0,0.0,0.0,0,2,1945.6,2,1949.4,6852.66,6913.22,0,0.38904109589041097
^SPX,2026-02-24 16:15:00,SPX,2026-07-17,5050.0,C,0.0,0.0,0.0,0.0,0,2,1922.0,2,1925.4,6852.66,6913.22,4,0.38904109589041097
^SPX,2026-02-24 16:15:00,SPX,2026-07-17,5075.0,C,0.0,0.0,0.0,0.0,0,2,1897.8,2,1901.9,6852.66,6913.22,1,0.38904109589041097
^SPX,2026-02-24 16:15:00,SPX,2026-07-17,5100.0,C,0.0,0.0,0.0,0.0,0,2,1874.3,2,1877.7,6852.66,6913.22,8,0.38904109589041097
^SPX,2026-02-24 16:15:00,SPX,2026-07-17,5125.0,C,0.0,0.0,0.0,0.0,0,2,1850.3,2,1854.1,6852.66,6913.22,0,0.38904109589041097
^SPX,2026-02-24 16:15:00,SPX,2026-07-17,5150.0,C,0.0,0.0,0.0,0.0,0,2,1826.8,2,1830.2,6852.66,6913.22,3,0.38904109589041097
^SPX,2026-02-24 16:15:00,SPX,2026-07-17,5175.0,C,0.0,0.0,0.0,0.0,0,2,1802.8,2,1806.6,6852.66,6913.22,0,0.38904109589041097
^SPX,2026-02-24 16:15:00,SPX,2026-07-17,5200.0,C,0.0,0.0,0.0,0.0,0,2,1779.4,2,1782.7,6852.66,6913.22,4,0.38904109589041097
^SPX,2026-02-24 16:15:00,SPX,2026-07-17,5225.0,C,0.0,0.0,0.0,0.0,0,2,1755.2,2,1759.2,6852.66,6913.22,0,0.38904109589041097
^SPX,2026-02-24 16:15:00,SPX,2026-07-17,5250.0,C,0.0,0.0,0.0,0.0,0,2,1732.2,2,1735.3,6852.66,6913.22,18,0.38904109589041097
^SPX,2026-02-24 16:15:00,SPX,2026-07-17,5275.0,C,0.0,0.0,0.0,0.0,0,2,1708.1,2,1712.0,6852.66,6913.22,3,0.38904109589041097
^SPX,2026-02-24 16:15:00,SPX,2026-07-17,5300.0,C,0.0,0.0,0.0,0.0,0,2,1685.0,2,1688.1,6852.66,6913.22,39,0.38904109589041097
^SPX,2026-02-24 16:15:00,SPX,2026-07-17,5325.0,C,0.0,0.0,0.0,0.0,0,2,1661.1,2,1664.7,6852.66,6913.22,0,0.38904109589041097
^SPX,2026-02-24 16:15:00,SPX,2026-07-17,5350.0,C,0.0,0.0,0.0,0.0,0,2,1637.8,2,1641.0,6852.66,6913.22,50,0.38904109589041097
^SPX,2026-02-24 16:15:00,SPX,2026-07-17,5375.0,C,0.0,0.0,0.0,0.0,0,2,1614.1,2,1617.7,6852.66,6913.22,1,0.38904109589041097
^SPX,2026-02-24 16:15:00,SPX,2026-07-17,5400.0,C,0.0,0.0,0.0,0.0,0,2,1590.9,2,1594.0,6852.66,6913.22,3,0.38904109589041097
^SPX,2026-02-24 16:15:00,SPX,2026-07-17,5425.0,C,0.0,0.0,0.0,0.0,0,2,1567.2,2,1570.9,6852.66,6913.22,0,0.38904109589041097
^SPX,2026-02-24 16:15:00,SPX,2026-07-17,5450.0,C,0.0,0.0,0.0,0.0,0,2,1544.1,2,1547.2,6852.66,6913.22,0,0.38904109589041097
^SPX,2026-02-24 16:15:00,SPX,2026-07-17,5475.0,C,0.0,0.0,0.0,0.0,0,2,1520.4,2,1524.1,6852.66,6913.22,3,0.38904109589041097
^SPX,2026-02-24 16:15:00,SPX,2026-07-17,5500.0,C,1499.07,1499.07,1499.07,1499.07,1,2,1497.6,2,1500.5,6852.66,6913.22,52,0.38904109589041097
^SPX,2026-02-24 16:15:00,SPX,2026-07-17,5525.0,C,1475.77,1475.77,1475.77,1475.77,1,2,1474.0,2,1477.5,6852.66,6913.22,9,0.38904109589041097
^SPX,2026-02-24 16:15:00,SPX,2026-07-17,5550.0,C,0.0,0.0,0.0,0.0,0,2,1451.2,2,1454.1,6852.66,6913.22,1,0.38904109589041097
^SPX,2026-02-24 16:15:00,SPX,2026-07-17,5575.0,C,0.0,0.0,0.0,0.0,0,2,1427.7,2,1431.1,6852.66,6913.22,4,0.38904109589041097
^SPX,2026-02-24 16:15:00,SPX,2026-07-17,5600.0,C,0.0,0.0,0.0,0.0,0,2,1404.8,2,1407.8,6852.66,6913.22,6,0.38904109589041097
^SPX,2026-02-24 16:15:00,SPX,2026-07-17,5625.0,C,0.0,0.0,0.0,0.0,0,2,1381.5,2,1384.8,6852.66,6913.22,1,0.38904109589041097
^SPX,2026-02-24 16:15:00,SPX,2026-07-17,5650.0,C,0.0,0.0,0.0,0.0,0,2,1358.8,2,1361.7,6852.66,6913.22,14,0.38904109589041097
^SPX,2026-02-24 16:15:00,SPX,2026-07-17,5675.0,C,0.0,0.0,0.0,0.0,0,2,1335.6,2,1338.9,6852.66,6913.22,6,0.38904109589041097
^SPX,2026-02-24 16:15:00,SPX,2026-07-17,5700.0,C,0.0,0.0,0.0,0.0,0,2,1313.0,2,1315.8,6852.66,6913.22,29,0.38904109589041097
^SPX,2026-02-24 16:15:00,SPX,2026-07-17,5725.0,C,0.0,0.0,0.0,0.0,0,2,1289.8,2,1292.9,6852.66,6913.22,0,0.38904109589041097
^SPX,2026-02-24 16:15:00,SPX,2026-07-17,5750.0,C,0.0,0.0,0.0,0.0,0,2,1267.3,2,1270.0,6852.66,6913.22,12,0.38904109589041097
^SPX,2026-02-24 16:15:00,SPX,2026-07-17,5775.0,C,0.0,0.0,0.0,0.0,0,2,1244.3,2,1247.5,6852.66,6913.22,4,0.38904109589041097
^SPX,2026-02-24 16:15:00,SPX,2026-07-17,5800.0,C,0.0,0.0,0.0,0.0,0,2,1221.9,2,1224.6,6852.66,6913.22,25,0.38904109589041097
^SPX,2026-02-24 16:15:00,SPX,2026-07-17,5825.0,C,0.0,0.0,0.0,0.0,0,2,1199.1,2,1202.2,6852.66,6913.22,9,0.38904109589041097
^SPX,2026-02-24 16:15:00,SPX,2026-07-17,5850.0,C,0.0,0.0,0.0,0.0,0,2,1176.7,2,1179.2,6852.66,6913.22,9,0.38904109589041097
^SPX,2026-02-24 16:15:00,SPX,2026-07-17,5875.0,C,0.0,0.0,0.0,0.0,0,2,1154.1,2,1157.1,6852.66,6913.22,29,0.38904109589041097
^SPX,2026-02-24 16:15:00,SPX,2026-07-17,5900.0,C,0.0,0.0,0.0,0.0,0,2,1131.9,2,1134.5,6852.66,6913.22,112,0.38904109589041097
^SPX,2026-02-24 16:15:00,SPX,2026-07-17,5925.0,C,0.0,0.0,0.0,0.0,0,2,1109.2,2,1112.3,6852.66,6913.22,30,0.38904109589041097
^SPX,2026-02-24 16:15:00,SPX,2026-07-17,5950.0,C,0.0,0.0,0.0,0.0,0,2,1087.3,2,1089.8,6852.66,6913.22,202,0.38904109589041097
^SPX,2026-02-24 16:15:00,SPX,2026-07-17,5970.0,C,0.0,0.0,0.0,0.0,0,2,1069.3,2,1072.2,6852.66,6913.22,0,0.38904109589041097
^SPX,2026-02-24 16:15:00,SPX,2026-07-17,5975.0,C,0.0,0.0,0.0,0.0,0,2,1064.9,2,1067.8,6852.66,6913.22,19,0.38904109589041097
^SPX,2026-02-24 16:15:00,SPX,2026-07-17,5980.0,C,0.0,0.0,0.0,0.0,0,2,1060.5,2,1063.4,6852.66,6913.22,0,0.38904109589041097
^SPX,2026-02-24 16:15:00,SPX,2026-07-17,5990.0,C,0.0,0.0,0.0,0.0,0,2,1051.6,2,1054.6,6852.66,6913.22,0,0.38904109589041097
^SPX,2026-02-24 16:15:00,SPX,2026-07-17,6000.0,C,1039.13,1047.11,1039.13,1047.11,50,2,1043.1,2,1045.6,6852.66,6913.22,28803,0.38904109589041097
^SPX,2026-02-24 16:15:00,SPX,2026-07-17,6010.0,C,0.0,0.0,0.0,0.0,0,2,1034.0,2,1036.9,6852.66,6913.22,0,0.38904109589041097
^SPX,2026-02-24 16:15:00,SPX,2026-07-17,6020.0,C,0.0,0.0,0.0,0.0,0,2,1025.2,2,1028.1,6852.66,6913.22,0,0.38904109589041097
^SPX,2026-02-24 16:15:00,SPX,2026-07-17,6025.0,C,0.0,0.0,0.0,0.0,0,2,1020.8,2,1023.7,6852.66,6913.22,72,0.38904109589041097
^SPX,2026-02-24 16:15:00,SPX,2026-07-17,6030.0,C,0.0,0.0,0.0,0.0,0,2,1016.4,2,1019.3,6852.66,6913.22,0,0.38904109589041097
^SPX,2026-02-24 16:15:00,SPX,2026-07-17,6040.0,C,0.0,0.0,0.0,0.0,0,2,1007.6,2,1010.4,6852.66,6913.22,0,0.38904109589041097
^SPX,2026-02-24 16:15:00,SPX,2026-07-17,6050.0,C,0.0,0.0,0.0,0.0,0,2,999.0,2,1001.3,6852.66,6913.22,14,0.38904109589041097
^SPX,2026-02-24 16:15:00,SPX,2026-07-17,6060.0,C,0.0,0.0,0.0,0.0,0,2,990.1,2,992.9,6852.66,6913.22,0,0.38904109589041097
^SPX,2026-02-24 16:15:00,SPX,2026-07-17,6070.0,C,0.0,0.0,0.0,0.0,0,2,981.4,2,984.2,6852.66,6913.22,0,0.38904109589041097
^SPX,2026-02-24 16:15:00,SPX,2026-07-17,6075.0,C,0.0,0.0,0.0,0.0,0,2,977.0,2,979.9,6852.66,6913.22,6,0.38904109589041097
^SPX,2026-02-24 16:15:00,SPX,2026-07-17,6080.0,C,0.0,0.0,0.0,0.0,0,2,972.5,2,975.4,6852.66,6913.22,0,0.38904109589041097
^SPX,2026-02-24 16:15:00,SPX,2026-07-17,6090.0,C,0.0,0.0,0.0,0.0,0,2,963.9,2,966.7,6852.66,6913.22,0,0.38904109589041097
^SPX,2026-02-24 16:15:00,SPX,2026-07-17,6100.0,C,0.0,0.0,0.0,0.0,0,2,955.4,2,957.7,6852.66,6913.22,217,0.38904109589041097
^SPX,2026-02-24 16:15:00,SPX,2026-07-17,6110.0,C,0.0,0.0,0.0,0.0,0,2,946.4,2,949.3,6852.66,6913.22,0,0.38904109589041097
^SPX,2026-02-24 16:15:00,SPX,2026-07-17,6120.0,C,0.0,0.0,0.0,0.0,0,2,937.9,2,940.7,6852.66,6913.22,0,0.38904109589041097
^SPX,2026-02-24 16:15:00,SPX,2026-07-17,6125.0,C,0.0,0.0,0.0,0.0,0,2,933.4,2,936.4,6852.66,6913.22,30,0.38904109589041097
^SPX,2026-02-24 16:15:00,SPX,2026-07-17,6130.0,C,0.0,0.0,0.0,0.0,0,2,929.1,2,931.9,6852.66,6913.22,0,0.38904109589041097
^SPX,2026-02-24 16:15:00,SPX,2026-07-17,6140.0,C,0.0,0.0,0.0,0.0,0,2,920.5,2,923.4,6852.66,6913.22,0,0.38904109589041097
^SPX,2026-02-24 16:15:00,SPX,2026-07-17,6150.0,C,0.0,0.0,0.0,0.0,0,2,912.3,2,914.5,6852.66,6913.22,184,0.38904109589041097
^SPX,2026-02-24 16:15:00,SPX,2026-07-17,6160.0,C,0.0,0.0,0.0,0.0,0,2,903.4,2,906.1,6852.66,6913.22,0,0.38904109589041097
^SPX,2026-02-24 16:15:00,SPX,2026-07-17,6170.0,C,0.0,0.0,0.0,0.0,0,2,894.7,2,897.5,6852.66,6913.22,0,0.38904109589041097
^SPX,2026-02-24 16:15:00,SPX,2026-07-17,6175.0,C,0.0,0.0,0.0,0.0,0,2,890.4,2,893.1,6852.66,6913.22,393,0.38904109589041097
^SPX,2026-02-24 16:15:00,SPX,2026-07-17,6180.0,C,0.0,0.0,0.0,0.0,0,2,886.1,2,888.8,6852.66,6913.22,17,0.38904109589041097
^SPX,2026-02-24 16:15:00,SPX,2026-07-17,6190.0,C,0.0,0.0,0.0,0.0,0,2,877.7,2,880.3,6852.66,6913.22,0,0.38904109589041097
^SPX,2026-02-24 16:15:00,SPX,2026-07-17,6200.0,C,0.0,0.0,0.0,0.0,0,2,869.4,2,871.4,6852.66,6913.22,1177,0.38904109589041097
^SPX,2026-02-24 16:15:00,SPX,2026-07-17,6210.0,C,0.0,0.0,0.0,0.0,0,2,860.6,2,863.2,6852.66,6913.22,0,0.38904109589041097
^SPX,2026-02-24 16:15:00,SPX,2026-07-17,6220.0,C,0.0,0.0,0.0,0.0,0,2,852.1,2,854.7,6852.66,6913.22,0,0.38904109589041097
^SPX,2026-02-24 16:15:00,SPX,2026-07-17,6225.0,C,0.0,0.0,0.0,0.0,0,2,847.7,2,850.3,6852.66,6913.22,2150,0.38904109589041097
^SPX,2026-02-24 16:15:00,SPX,2026-07-17,6230.0,C,0.0,0.0,0.0,0.0,0,2,843.6,2,846.1,6852.66,6913.22,0,0.38904109589041097
^SPX,2026-02-24 16:15:00,SPX,2026-07-17,6240.0,C,0.0,0.0,0.0,0.0,0,2,835.1,2,837.7,6852.66,6913.22,0,0.38904109589041097
^SPX,2026-02-24 16:15:00,SPX,2026-07-17,6250.0,C,0.0,0.0,0.0,0.0,0,2,826.8,2,829.0,6852.66,6913.22,5562,0.38904109589041097
^SPX,2026-02-24 16:15:00,SPX,2026-07-17,6260.0,C,0.0,0.0,0.0,0.0,0,2,818.2,2,820.8,6852.66,6913.22,0,0.38904109589041097
^SPX,2026-02-24 16:15:00,SPX,2026-07-17,6270.0,C,0.0,0.0,0.0,0.0,0,2,809.6,2,812.3,6852.66,6913.22,0,0.38904109589041097
^SPX,2026-02-24 16:15:00,SPX,2026-07-17,6275.0,C,0.0,0.0,0.0,0.0,0,2,805.4,2,808.0,6852.66,6913.22,1431,0.38904109589041097
^SPX,2026-02-24 16:15:00,SPX,2026-07-17,6280.0,C,0.0,0.0,0.0,0.0,0,2,801.2,2,803.9,6852.66,6913.22,0,0.38904109589041097
^SPX,2026-02-24 16:15:00,SPX,2026-07-17,6290.0,C,0.0,0.0,0.0,0.0,0,2,792.8,2,795.4,6852.66,6913.22,5,0.38904109589041097
^SPX,2026-02-24 16:15:00,SPX,2026-07-17,6300.0,C,0.0,0.0,0.0,0.0,0,2,784.8,2,786.7,6852.66,6913.22,4639,0.38904109589041097
^SPX,2026-02-24 16:15:00,SPX,2026-07-17,6310.0,C,0.0,0.0,0.0,0.0,0,2,776.2,2,778.7,6852.66,6913.22,0,0.38904109589041097
^SPX,2026-02-24 16:15:00,SPX,2026-07-17,6320.0,C,0.0,0.0,0.0,0.0,0,2,767.7,2,770.3,6852.66,6913.22,0,0.38904109589041097
^SPX,2026-02-24 16:15:00,SPX,2026-07-17,6325.0,C,0.0,0.0,0.0,0.0,0,2,763.7,2,766.1,6852.66,6913.22,1614,0.38904109589041097
^SPX,2026-02-24 16:15:00,SPX,2026-07-17,6330.0,C,0.0,0.0,0.0,0.0,0,2,759.4,2,761.9,6852.66,6913.22,1,0.38904109589041097
^SPX,2026-02-24 16:15:00,SPX,2026-07-17,6340.0,C,0.0,0.0,0.0,0.0,0,2,751.2,2,753.6,6852.66,6913.22,2,0.38904109589041097
^SPX,2026-02-24 16:15:00,SPX,2026-07-17,6350.0,C,0.0,0.0,0.0,0.0,0,2,743.1,2,745.0,6852.66,6913.22,1319,0.38904109589041097
^SPX,2026-02-24 16:15:00,SPX,2026-07-17,6360.0,C,0.0,0.0,0.0,0.0,0,2,734.5,2,737.0,6852.66,6913.22,0,0.38904109589041097
^SPX,2026-02-24 16:15:00,SPX,2026-07-17,6370.0,C,0.0,0.0,0.0,0.0,0,2,726.2,2,728.8,6852.66,6913.22,0,0.38904109589041097
^SPX,2026-02-24 16:15:00,SPX,2026-07-17,6375.0,C,0.0,0.0,0.0,0.0,0,2,722.1,2,724.8,6852.66,6913.22,371,0.38904109589041097
^SPX,2026-02-24 16:15:00,SPX,2026-07-17,6380.0,C,0.0,0.0,0.0,0.0,0,2,718.0,2,720.5,6852.66,6913.22,0,0.38904109589041097
^SPX,2026-02-24 16:15:00,SPX,2026-07-17,6390.0,C,0.0,0.0,0.0,0.0,0,2,709.9,2,712.4,6852.66,6913.22,0,0.38904109589041097
^SPX,2026-02-24 16:15:00,SPX,2026-07-17,6400.0,C,707.4,707.4,707.4,707.4,2,2,701.9,2,703.9,6852.66,6913.22,2334,0.38904109589041097
^SPX,2026-02-24 16:15:00,SPX,2026-07-17,6410.0,C,0.0,0.0,0.0,0.0,0,2,693.4,2,696.0,6852.66,6913.22,0,0.38904109589041097
^SPX,2026-02-24 16:15:00,SPX,2026-07-17,6420.0,C,0.0,0.0,0.0,0.0,0,2,685.4,2,687.7,6852.66,6913.22,0,0.38904109589041097
^SPX,2026-02-24 16:15:00,SPX,2026-07-17,6425.0,C,0.0,0.0,0.0,0.0,0,2,681.2,2,683.8,6852.66,6913.22,164,0.38904109589041097
^SPX,2026-02-24 16:15:00,SPX,2026-07-17,6430.0,C,0.0,0.0,0.0,0.0,0,2,677.2,2,679.7,6852.66,6913.22,0,0.38904109589041097
^SPX,2026-02-24 16:15:00,SPX,2026-07-17,6440.0,C,0.0,0.0,0.0,0.0,0,2,669.2,2,671.6,6852.66,6913.22,0,0.38904109589041097
^SPX,2026-02-24 16:15:00,SPX,2026-07-17,6450.0,C,0.0,0.0,0.0,0.0,0,1,661.6,1,663.4,6852.66,6913.22,289,0.38904109589041097
^SPX,2026-02-24 16:15:00,SPX,2026-07-17,6460.0,C,0.0,0.0,0.0,0.0,0,1,653.5,1,655.3,6852.66,6913.22,0,0.38904109589041097
^SPX,2026-02-24 16:15:00,SPX,2026-07-17,6470.0,C,0.0,0.0,0.0,0.0,0,1,645.5,1,647.3,6852.66,6913.22,0,0.38904109589041097
^SPX,2026-02-24 16:15:00,SPX,2026-07-17,6475.0,C,0.0,0.0,0.0,0.0,0,1,641.5,1,643.2,6852.66,6913.22,192,0.38904109589041097
^SPX,2026-02-24 16:15:00,SPX,2026-07-17,6480.0,C,0.0,0.0,0.0,0.0,0,1,637.6,1,639.2,6852.66,6913.22,0,0.38904109589041097
^SPX,2026-02-24 16:15:00,SPX,2026-07-17,6490.0,C,0.0,0.0,0.0,0.0,0,1,629.6,1,631.2,6852.66,6913.22,0,0.38904109589041097
^SPX,2026-02-24 16:15:00,SPX,2026-07-17,6500.0,C,622.86,622.86,622.86,622.86,1,12,621.6,11,623.1,6852.66,6913.22,1543,0.38904109589041097
^SPX,2026-02-24 16:15:00,SPX,2026-07-17,6510.0,C,0.0,0.0,0.0,0.0,0,12,613.6,9,615.2,6852.66,6913.22,1,0.38904109589041097
^SPX,2026-02-24 16:15:00,SPX,2026-07-17,6520.0,C,0.0,0.0,0.0,0.0,0,13,605.7,9,607.2,6852.66,6913.22,0,0.38904109589041097
^SPX,2026-02-24 16:15:00,SPX,2026-07-17,6525.0,C,0.0,0.0,0.0,0.0,0,13,601.7,9,603.3,6852.66,6913.22,180,0.38904109589041097
^SPX,2026-02-24 16:15:00,SPX,2026-07-17,6530.0,C,0.0,0.0,0.0,0.0,0,13,597.8,9,599.3,6852.66,6913.22,0,0.38904109589041097
^SPX,2026-02-24 16:15:00,SPX,2026-07-17,6540.0,C,0.0,0.0,0.0,0.0,0,12,589.9,9,591.4,6852.66,6913.22,1,0.38904109589041097
^SPX,2026-02-24 16:15:00,SPX,2026-07-17,6550.0,C,587.8,587.8,587.8,587.8,250,13,582.1,2,583.5,6852.66,6913.22,1646,0.38904109589041097
^SPX,2026-02-24 16:15:00,SPX,2026-07-17,6560.0,C,0.0,0.0,0.0,0.0,0,12,574.2,9,575.8,6852.66,6913.22,60,0.38904109589041097
^SPX,2026-02-24 16:15:00,SPX,2026-07-17,6570.0,C,0.0,0.0,0.0,0.0,0,13,566.5,9,568.0,6852.66,6913.22,0,0.38904109589041097
^SPX,2026-02-24 16:15:00,SPX,2026-07-17,6575.0,C,0.0,0.0,0.0,0.0,0,12,562.5,9,564.0,6852.66,6913.22,134,0.38904109589041097
^SPX,2026-02-24 16:15:00,SPX,2026-07-17,6580.0,C,0.0,0.0,0.0,0.0,0,10,558.7,9,560.2,6852.66,6913.22,1,0.38904109589041097
^SPX,2026-02-24 16:15:00,SPX,2026-07-17,6590.0,C,0.0,0.0,0.0,0.0,0,12,551.0,9,552.4,6852.66,6913.22,1,0.38904109589041097
^SPX,2026-02-24 16:15:00,SPX,2026-07-17,6600.0,C,517.64,517.64,517.64,517.64,2,12,543.2,9,544.7,6852.66,6913.22,5379,0.38904109589041097
^SPX,2026-02-24 16:15:00,SPX,2026-07-17,6610.0,C,0.0,0.0,0.0,0.0,0,12,535.6,9,537.0,6852.66,6913.22,0,0.38904109589041097
^SPX,2026-02-24 16:15:00,SPX,2026-07-17,6620.0,C,0.0,0.0,0.0,0.0,0,12,527.9,9,529.4,6852.66,6913.22,0,0.38904109589041097
^SPX,2026-02-24 16:15:00,SPX,2026-07-17,6625.0,C,0.0,0.0,0.0,0.0,0,12,524.1,9,525.5,6852.66,6913.22,825,0.38904109589041097
^SPX,2026-02-24 16:15:00,SPX,2026-07-17,6630.0,C,0.0,0.0,0.0,0.0,0,13,520.3,9,521.7,6852.66,6913.22,0,0.38904109589041097
^SPX,2026-02-24 16:15:00,SPX,2026-07-17,6640.0,C,0.0,0.0,0.0,0.0,0,12,512.7,9,514.1,6852.66,6913.22,0,0.38904109589041097
^SPX,2026-02-24 16:15:00,SPX,2026-07-17,6650.0,C,0.0,0.0,0.0,0.0,0,13,505.1,12,506.5,6852.66,6913.22,1278,0.38904109589041097
^SPX,2026-02-24 16:15:00,SPX,2026-07-17,6660.0,C,0.0,0.0,0.0,0.0,0,12,497.6,9,499.0,6852.66,6913.22,0,0.38904109589041097
^SPX,2026-02-24 16:15:00,SPX,2026-07-17,6670.0,C,0.0,0.0,0.0,0.0,0,13,490.0,9,491.5,6852.66,6913.22,0,0.38904109589041097
^SPX,2026-02-24 16:15:00,SPX,2026-07-17,6675.0,C,0.0,0.0,0.0,0.0,0,12,486.3,9,487.8,6852.66,6913.22,466,0.38904109589041097
^SPX,2026-02-24 16:15:00,SPX,2026-07-17,6680.0,C,0.0,0.0,0.0,0.0,0,12,482.6,9,484.0,6852.66,6913.22,3,0.38904109589041097
^SPX,2026-02-24 16:15:00,SPX,2026-07-17,6690.0,C,0.0,0.0,0.0,0.0,0,14,475.1,9,476.6,6852.66,6913.22,1,0.38904109589041097
^SPX,2026-02-24 16:15:00,SPX,2026-07-17,6700.0,C,468.89,468.89,468.89,468.89,2,13,467.7,9,469.2,6852.66,6913.22,2721,0.38904109589041097
^SPX,2026-02-24 16:15:00,SPX,2026-07-17,6710.0,C,0.0,0.0,0.0,0.0,0,13,460.3,9,461.8,6852.66,6913.22,0,0.38904109589041097
^SPX,2026-02-24 16:15:00,SPX,2026-07-17,6720.0,C,0.0,0.0,0.0,0.0,0,12,453.0,9,454.5,6852.66,6913.22,1,0.38904109589041097
^SPX,2026-02-24 16:15:00,SPX,2026-07-17,6725.0,C,0.0,0.0,0.0,0.0,0,20,449.3,9,450.7,6852.66,6913.22,378,0.38904109589041097
^SPX,2026-02-24 16:15:00,SPX,2026-07-17,6730.0,C,444.47,444.47,443.34,443.34,2,19,445.7,9,447.1,6852.66,6913.22,1,0.38904109589041097
^SPX,2026-02-24 16:15:00,SPX,2026-07-17,6740.0,C,0.0,0.0,0.0,0.0,0,21,438.4,9,439.8,6852.66,6913.22,12,0.38904109589041097
^SPX,2026-02-24 16:15:00,SPX,2026-07-17,6750.0,C,0.0,0.0,0.0,0.0,0,22,431.2,10,432.6,6852.66,6913.22,787,0.38904109589041097
^SPX,2026-02-24 16:15:00,SPX,2026-07-17,6760.0,C,0.0,0.0,0.0,0.0,0,23,424.0,10,425.4,6852.66,6913.22,0,0.38904109589041097
^SPX,2026-02-24 16:15:00,SPX,2026-07-17,6770.0,C,0.0,0.0,0.0,0.0,0,23,416.9,18,418.4,6852.66,6913.22,1,0.38904109589041097
^SPX,2026-02-24 16:15:00,SPX,2026-07-17,6775.0,C,0.0,0.0,0.0,0.0,0,31,413.3,16,414.7,6852.66,6913.22,1281,0.38904109589041097
^SPX,2026-02-24 16:15:00,SPX,2026-07-17,6780.0,C,0.0,0.0,0.0,0.0,0,24,409.8,19,411.3,6852.66,6913.22,100,0.38904109589041097
^SPX,2026-02-24 16:15:00,SPX,2026-07-17,6790.0,C,0.0,0.0,0.0,0.0,0,23,402.7,11,404.1,6852.66,6913.22,3,0.38904109589041097
^SPX,2026-02-24 16:15:00,SPX,2026-07-17,6800.0,C,396.33,396.33,396.33,396.33,4,29,395.7,17,397.1,6852.66,6913.22,3027,0.38904109589041097
^SPX,2026-02-24 16:15:00,SPX,2026-07-17,6810.0,C,0.0,0.0,0.0,0.0,0,23,388.7,11,390.1,6852.66,6913.22,2,0.38904109589041097
^SPX,2026-02-24 16:15:00,SPX,2026-07-17,6820.0,C,0.0,0.0,0.0,0.0,0,24,381.8,11,383.1,6852.66,6913.22,2,0.38904109589041097
^SPX,2026-02-24 16:15:00,SPX,2026-07-17,6825.0,C,0.0,0.0,0.0,0.0,0,24,378.3,11,379.7,6852.66,6913.22,660,0.38904109589041097
^SPX,2026-02-24 16:15:00,SPX,2026-07-17,6830.0,C,0.0,0.0,0.0,0.0,0,23,374.9,11,376.2,6852.66,6913.22,12,0.38904109589041097
^SPX,2026-02-24 16:15:00,SPX,2026-07-17,6840.0,C,0.0,0.0,0.0,0.0,0,20,368.1,11,369.4,6852.66,6913.22,1,0.38904109589041097
^SPX,2026-02-24 16:15:00,SPX,2026-07-17,6850.0,C,0.0,0.0,0.0,0.0,0,30,361.3,17,362.6,6852.66,6913.22,1217,0.38904109589041097
^SPX,2026-02-24 16:15:00,SPX,2026-07-17,6860.0,C,356.1,356.1,356.1,356.1,1,20,354.5,11,355.8,6852.66,6913.22,10,0.38904109589041097
^SPX,2026-02-24 16:15:00,SPX,2026-07-17,6870.0,C,0.0,0.0,0.0,0.0,0,33,347.8,12,349.1,6852.66,6913.22,2,0.38904109589041097
^SPX,2026-02-24 16:15:00,SPX,2026-07-17,6875.0,C,0.0,0.0,0.0,0.0,0,34,344.4,12,345.8,6852.66,6913.22,273,0.38904109589041097
^SPX,2026-02-24 16:15:00,SPX,2026-07-17,6880.0,C,0.0,0.0,0.0,0.0,0,34,341.1,12,342.5,6852.66,6913.22,2,0.38904109589041097
^SPX,2026-02-24 16:15:00,SPX,2026-07-17,6890.0,C,325.0,325.0,325.0,325.0,1,34,334.5,12,335.9,6852.66,6913.22,3,0.38904109589041097
^SPX,2026-02-24 16:15:00,SPX,2026-07-17,6900.0,C,0.0,0.0,0.0,0.0,0,52,327.9,20,329.3,6852.66,6913.22,3883,0.38904109589041097
^SPX,2026-02-24 16:15:00,SPX,2026-07-17,6910.0,C,312.2,312.2,312.2,312.2,1,36,321.4,12,322.8,6852.66,6913.22,22,0.38904109589041097
^SPX,2026-02-24 16:15:00,SPX,2026-07-17,6920.0,C,0.0,0.0,0.0,0.0,0,35,315.0,12,316.3,6852.66,6913.22,15,0.38904109589041097
^SPX,2026-02-24 16:15:00,SPX,2026-07-17,6925.0,C,313.96,313.96,313.96,313.96,10,56,311.8,20,313.1,6852.66,6913.22,1481,0.38904109589041097
^SPX,2026-02-24 16:15:00,SPX,2026-07-17,6930.0,C,0.0,0.0,0.0,0.0,0,40,308.6,13,309.9,6852.66,6913.22,8,0.38904109589041097
^SPX,2026-02-24 16:15:00,SPX,2026-07-17,6940.0,C,290.38,305.03,290.38,305.03,11,37,302.2,22,303.6,6852.66,6913.22,35,0.38904109589041097
^SPX,2026-02-24 16:15:00,SPX,2026-07-17,6950.0,C,298.2,299.7,297.8,299.3,139,67,295.9,30,297.2,6852.66,6913.22,1272,0.38904109589041097
^SPX,2026-02-24 16:15:00,SPX,2026-07-17,6960.0,C,0.0,0.0,0.0,0.0,0,44,289.7,20,291.0,6852.66,6913.22,70,0.38904109589041097
^SPX,2026-02-24 16:15:00,SPX,2026-07-17,6970.0,C,0.0,0.0,0.0,0.0,0,67,283.5,21,284.8,6852.66,6913.22,35,0.38904109589041097
^SPX,2026-02-24 16:15:00,SPX,2026-07-17,6975.0,C,280.42,280.42,280.42,280.42,50,66,280.4,36,281.8,6852.66,6913.22,579,0.38904109589041097
^SPX,2026-02-24 16:15:00,SPX,2026-07-17,6980.0,C,0.0,0.0,0.0,0.0,0,68,277.3,31,278.7,6852.66,6913.22,166,0.38904109589041097
^SPX,2026-02-24 16:15:00,SPX,2026-07-17,6990.0,C,0.0,0.0,0.0,0.0,0,67,271.3,21,272.6,6852.66,6913.22,25,0.38904109589041097
^SPX,2026-02-24 16:15:00,SPX,2026-07-17,7000.0,C,253.6,267.4,253.6,264.3,139,81,265.3,53,266.6,6852.66,6913.22,11594,0.38904109589041097
^SPX,2026-02-24 16:15:00,SPX,2026-07-17,7010.0,C,261.91,261.91,261.91,261.91,10,72,259.3,21,260.6,6852.66,6913.22,28,0.38904109589041097
^SPX,2026-02-24 16:15:00,SPX,2026-07-17,7020.0,C,0.0,0.0,0.0,0.0,0,52,253.4,31,254.8,6852.66,6913.22,10,0.38904109589041097
^SPX,2026-02-24 16:15:00,SPX,2026-07-17,7025.0,C,242.19,252.44,242.19,249.94,20,99,250.5,48,251.8,6852.66,6913.22,616,0.38904109589041097
^SPX,2026-02-24 16:15:00,SPX,2026-07-17,7030.0,C,0.0,0.0,0.0,0.0,0,51,247.6,37,248.9,6852.66,6913.22,48,0.38904109589041097
^SPX,2026-02-24 16:15:00,SPX,2026-07-17,7040.0,C,218.08,235.4,218.08,234.6,5,66,241.8,31,243.1,6852.66,6913.22,17,0.38904109589041097
^SPX,2026-02-24 16:15:00,SPX,2026-07-17,7050.0,C,229.6,240.0,229.6,240.0,251,49,236.2,29,237.3,6852.66,6913.22,1168,0.38904109589041097
^SPX,2026-02-24 16:15:00,SPX,2026-07-17,7060.0,C,226.5,227.8,226.5,226.7,5,53,230.5,22,231.7,6852.66,6913.22,158,0.38904109589041097
^SPX,2026-02-24 16:15:00,SPX,2026-07-17,7070.0,C,0.0,0.0,0.0,0.0,0,73,224.9,38,226.2,6852.66,6913.22,5,0.38904109589041097
^SPX,2026-02-24 16:15:00,SPX,2026-07-17,7075.0,C,0.0,0.0,0.0,0.0,0,75,222.1,33,223.4,6852.66,6913.22,1198,0.38904109589041097
^SPX,2026-02-24 16:15:00,SPX,2026-07-17,7080.0,C,213.8,219.0,213.8,219.0,2,48,219.4,22,220.6,6852.66,6913.22,29,0.38904109589041097
^SPX,2026-02-24 16:15:00,SPX,2026-07-17,7090.0,C,212.14,212.14,212.14,212.14,1,77,213.9,33,215.2,6852.66,6913.22,86,0.38904109589041097
^SPX,2026-02-24 16:15:00,SPX,2026-07-17,7100.0,C,192.1,193.4,191.5,193.4,11,77,208.6,30,209.8,6852.66,6913.22,2214,0.38904109589041097
^SPX,2026-02-24 16:15:00,SPX,2026-07-17,7110.0,C,195.0,205.4,195.0,205.4,2,56,203.3,36,204.5,6852.66,6913.22,39,0.38904109589041097
^SPX,2026-02-24 16:15:00,SPX,2026-07-17,7120.0,C,0.0,0.0,0.0,0.0,0,57,198.1,41,199.3,6852.66,6913.22,28,0.38904109589041097
^SPX,2026-02-24 16:15:00,SPX,2026-07-17,7125.0,C,0.0,0.0,0.0,0.0,0,59,195.5,41,196.8,6852.66,6913.22,203,0.38904109589041097
^SPX,2026-02-24 16:15:00,SPX,2026-07-17,7130.0,C,0.0,0.0,0.0,0.0,0,59,192.9,41,194.2,6852.66,6913.22,29,0.38904109589041097
^SPX,2026-02-24 16:15:00,SPX,2026-07-17,7140.0,C,0.0,0.0,0.0,0.0,0,61,187.8,42,189.1,6852.66,6913.22,78,0.38904109589041097
^SPX,2026-02-24 16:15:00,SPX,2026-07-17,7150.0,C,162.8,163.5,162.8,163.5,10,89,182.9,56,184.0,6852.66,6913.22,1067,0.38904109589041097
^SPX,2026-02-24 16:15:00,SPX,2026-07-17,7160.0,C,0.0,0.0,0.0,0.0,0,62,177.9,38,179.1,6852.66,6913.22,35,0.38904109589041097
^SPX,2026-02-24 16:15:00,SPX,2026-07-17,7170.0,C,159.19,159.19,159.19,159.19,1,61,173.0,39,174.3,6852.66,6913.22,16,0.38904109589041097
^SPX,2026-02-24 16:15:00,SPX,2026-07-17,7175.0,C,172.9,173.6,168.8,169.2,19,83,170.6,66,171.8,6852.66,6913.22,369,0.38904109589041097
^SPX,2026-02-24 16:15:00,SPX,2026-07-17,7180.0,C,0.0,0.0,0.0,0.0,0,59,168.3,37,169.5,6852.66,6913.22,56,0.38904109589041097
^SPX,2026-02-24 16:15:00,SPX,2026-07-17,7190.0,C,0.0,0.0,0.0,0.0,0,60,163.6,41,164.7,6852.66,6913.22,62,0.38904109589041097
^SPX,2026-02-24 16:15:00,SPX,2026-07-17,7200.0,C,154.56,158.57,153.58,158.57,358,90,159.0,57,160.1,6852.66,6913.22,3516,0.38904109589041097
^SPX,2026-02-24 16:15:00,SPX,2026-07-17,7210.0,C,0.0,0.0,0.0,0.0,0,64,154.4,41,155.6,6852.66,6913.22,36,0.38904109589041097
^SPX,2026-02-24 16:15:00,SPX,2026-07-17,7220.0,C,146.3,149.23,146.3,148.42,12,68,149.9,40,151.1,6852.66,6913.22,28,0.38904109589041097
^SPX,2026-02-24 16:15:00,SPX,2026-07-17,7225.0,C,144.3,144.3,144.3,144.3,1,93,147.7,61,148.9,6852.66,6913.22,1824,0.38904109589041097
^SPX,2026-02-24 16:15:00,SPX,2026-07-17,7230.0,C,145.55,147.42,145.55,147.42,6,72,145.5,44,146.7,6852.66,6913.22,34,0.38904109589041097
^SPX,2026-02-24 16:15:00,SPX,2026-07-17,7240.0,C,131.29,136.07,131.29,136.07,8,72,141.2,43,142.4,6852.66,6913.22,45,0.38904109589041097
^SPX,2026-02-24 16:15:00,SPX,2026-07-17,7250.0,C,135.53,138.8,135.52,138.8,36,96,137.1,65,138.1,6852.66,6913.22,1791,0.38904109589041097
^SPX,2026-02-24 16:15:00,SPX,2026-07-17,7260.0,C,0.0,0.0,0.0,0.0,0,70,132.9,45,134.0,6852.66,6913.22,85,0.38904109589041097
^SPX,2026-02-24 16:15:00,SPX,2026-07-17,7270.0,C,129.52,129.52,129.52,129.52,10,78,128.8,49,130.0,6852.66,6913.22,36,0.38904109589041097
^SPX,2026-02-24 16:15:00,SPX,2026-07-17,7275.0,C,127.07,128.16,127.07,128.16,4,73,126.8,48,128.0,6852.66,6913.22,700,0.38904109589041097
^SPX,2026-02-24 16:15:00,SPX,2026-07-17,7280.0,C,0.0,0.0,0.0,0.0,0,74,124.8,70,126.0,6852.66,6913.22,26,0.38904109589041097
^SPX,2026-02-24 16:15:00,SPX,2026-07-17,7290.0,C,0.0,0.0,0.0,0.0,0,78,120.9,67,122.1,6852.66,6913.22,48,0.38904109589041097
^SPX,2026-02-24 16:15:00,SPX,2026-07-17,7300.0,C,103.3,118.55,103.3,117.24,9,111,117.2,65,118.3,6852.66,6913.22,2449,0.38904109589041097
^SPX,2026-02-24 16:15:00,SPX,2026-07-17,7310.0,C,113.5,113.5,113.5,113.5,7,73,113.4,53,114.5,6852.66,6913.22,48,0.38904109589041097
^SPX,2026-02-24 16:15:00,SPX,2026-07-17,7320.0,C,111.24,111.24,111.24,111.24,1,82,109.7,74,110.9,6852.66,6913.22,62,0.38904109589041097
^SPX,2026-02-24 16:15:00,SPX,2026-07-17,7325.0,C,106.8,108.6,104.4,108.6,31,85,107.9,72,109.1,6852.66,6913.22,866,0.38904109589041097
^SPX,2026-02-24 16:15:00,SPX,2026-07-17,7330.0,C,0.0,0.0,0.0,0.0,0,77,106.2,58,107.3,6852.66,6913.22,58,0.38904109589041097
^SPX,2026-02-24 16:15:00,SPX,2026-07-17,7340.0,C,95.5,103.3,94.1,103.3,16,75,102.7,57,103.9,6852.66,6913.22,58,0.38904109589041097
^SPX,2026-02-24 16:15:00,SPX,2026-07-17,7350.0,C,89.9,100.25,89.9,100.2,128,72,99.4,92,100.4,6852.66,6913.22,1794,0.38904109589041097
^SPX,2026-02-24 16:15:00,SPX,2026-07-17,7360.0,C,0.0,0.0,0.0,0.0,0,93,95.9,80,97.1,6852.66,6913.22,107,0.38904109589041097
^SPX,2026-02-24 16:15:00,SPX,2026-07-17,7375.0,C,85.23,92.95,85.23,92.25,125,173,91.1,111,92.2,6852.66,6913.22,1513,0.38904109589041097
^SPX,2026-02-24 16:15:00,SPX,2026-07-17,7400.0,C,77.99,84.6,77.99,83.35,258,81,83.6,84,84.4,6852.66,6913.22,3798,0.38904109589041097
^SPX,2026-02-24 16:15:00,SPX,2026-07-17,7425.0,C,70.42,76.9,70.42,76.74,19,121,76.3,87,77.4,6852.66,6913.22,1061,0.38904109589041097
^SPX,2026-02-24 16:15:00,SPX,2026-07-17,7450.0,C,70.66,70.66,70.66,70.66,6,140,69.7,96,70.5,6852.66,6913.22,3037,0.38904109589041097
^SPX,2026-02-24 16:15:00,SPX,2026-07-17,7475.0,C,64.49,64.49,63.2,63.2,11,132,63.4,97,64.5,6852.66,6913.22,475,0.38904109589041097
^SPX,2026-02-24 16:15:00,SPX,2026-07-17,7500.0,C,51.32,58.5,50.4,57.8,130,111,57.8,105,58.5,6852.66,6913.22,3009,0.38904109589041097
^SPX,2026-02-24 16:15:00,SPX,2026-07-17,7525.0,C,51.3,53.08,51.3,53.08,21,152,52.3,107,53.3,6852.66,6913.22,875,0.38904109589041097
^SPX,2026-02-24 16:15:00,SPX,2026-07-17,7550.0,C,46.6,46.6,46.6,46.6,2,169,47.5,173,48.4,6852.66,6913.22,2209,0.38904109589041097
^SPX,2026-02-24 16:15:00,SPX,2026-07-17,7575.0,C,43.7,43.7,42.7,42.9,15,270,42.9,165,43.8,6852.66,6913.22,643,0.38904109589041097
^SPX,2026-02-24 16:15:00,SPX,2026-07-17,7600.0,C,33.7,39.7,33.6,39.7,48,156,38.9,202,39.7,6852.66,6913.22,1530,0.38904109589041097
^SPX,2026-02-24 16:15:00,SPX,2026-07-17,7625.0,C,34.4,35.79,34.4,35.25,6,232,35.1,171,35.8,6852.66,6913.22,1211,0.38904109589041097
^SPX,2026-02-24 16:15:00,SPX,2026-07-17,7650.0,C,30.8,31.92,30.7,31.8,8,120,31.7,147,32.4,6852.66,6913.22,197,0.38904109589041097
^SPX,2026-02-24 16:15:00,SPX,2026-07-17,7675.0,C,27.8,27.8,27.8,27.8,3,237,28.4,192,29.3,6852.66,6913.22,145,0.38904109589041097
^SPX,2026-02-24 16:15:00,SPX,2026-07-17,7700.0,C,23.3,26.2,23.3,25.8,60,176,25.7,176,26.3,6852.66,6913.22,1575,0.38904109589041097
^SPX,2026-02-24 16:15:00,SPX,2026-07-17,7725.0,C,22.74,22.74,22.74,22.74,4,432,23.0,167,23.7,6852.66,6913.22,263,0.38904109589041097
^SPX,2026-02-24 16:15:00,SPX,2026-07-17,7750.0,C,18.25,21.15,18.25,21.15,7,144,20.8,253,21.4,6852.66,6913.22,1148,0.38904109589041097
^SPX,2026-02-24 16:15:00,SPX,2026-07-17,7775.0,C,17.1,17.1,17.1,17.1,2,360,18.6,259,19.3,6852.66,6913.22,174,0.38904109589041097
^SPX,2026-02-24 16:15:00,SPX,2026-07-17,7800.0,C,16.4,17.06,16.4,17.06,6,423,16.8,152,17.3,6852.66,6913.22,2249,0.38904109589041097
^SPX,2026-02-24 16:15:00,SPX,2026-07-17,7825.0,C,14.75,15.45,14.75,15.45,32,483,15.0,164,15.6,6852.66,6913.22,147,0.38904109589041097
^SPX,2026-02-24 16:15:00,SPX,2026-07-17,7850.0,C,13.8,14.0,13.7,13.9,21,406,13.5,271,14.1,6852.66,6913.22,270,0.38904109589041097
^SPX,2026-02-24 16:15:00,SPX,2026-07-17,7875.0,C,11.45,11.45,11.45,11.45,8,560,12.1,286,12.7,6852.66,6913.22,151,0.38904109589041097
^SPX,2026-02-24 16:15:00,SPX,2026-07-17,7900.0,C,10.65,11.2,10.65,11.2,21,230,11.0,559,11.5,6852.66,6913.22,4831,0.38904109589041097
^SPX,2026-02-24 16:15:00,SPX,2026-07-17,7950.0,C,8.5,9.1,8.5,9.1,3,754,8.8,154,9.3,6852.66,6913.22,363,0.38904109589041097
^SPX,2026-02-24 16:15:00,SPX,2026-07-17,8000.0,C,7.14,7.6,7.14,7.6,16,779,7.2,305,7.6,6852.66,6913.22,3272,0.38904109589041097
^SPX,2026-02-24 16:15:00,SPX,2026-07-17,8100.0,C,4.55,5.1,4.55,5.0,272,1075,4.8,591,5.2,6852.66,6913.22,1132,0.38904109589041097
^SPX,2026-02-24 16:15:00,SPX,2026-07-17,8200.0,C,3.2,3.44,3.2,3.43,8,750,3.3,514,3.6,6852.66,6913.22,1109,0.38904109589041097
^SPX,2026-02-24 16:15:00,SPX,2026-07-17,8300.0,C,0.0,0.0,0.0,0.0,0,414,2.3,1261,2.65,6852.66,6913.22,602,0.38904109589041097
^SPX,2026-02-24 16:15:00,SPX,2026-07-17,8400.0,C,0.0,0.0,0.0,0.0,0,455,1.65,941,1.95,6852.66,6913.22,279,0.38904109589041097
^SPX,2026-02-24 16:15:00,SPX,2026-07-17,8500.0,C,0.0,0.0,0.0,0.0,0,498,1.2,951,1.5,6852.66,6913.22,319,0.38904109589041097
^SPX,2026-02-24 16:15:00,SPX,2026-07-17,8600.0,C,1.0,1.03,0.97,0.97,192,1616,0.85,1229,1.15,6852.66,6913.22,641,0.38904109589041097
^SPX,2026-02-24 16:15:00,SPX,2026-07-17,8800.0,C,0.65,0.65,0.63,0.64,7,1164,0.5,807,0.8,6852.66,6913.22,698,0.38904109589041097
^SPX,2026-02-24 16:15:00,SPX,2026-07-17,9000.0,C,0.55,0.55,0.46,0.46,3,617,0.35,485,0.6,6852.66,6913.22,856,0.38904109589041097
^SPX,2026-02-24 16:15:00,SPX,2026-07-17,9200.0,C,0.0,0.0,0.0,0.0,0,1644,0.15,181,0.45,6852.66,6913.22,888,0.38904109589041097
^SPX,2026-02-24 16:15:00,SPX,2026-07-17,9400.0,C,0.0,0.0,0.0,0.0,0,1571,0.1,181,0.35,6852.66,6913.22,239,0.38904109589041097
^SPX,2026-02-24 16:15:00,SPX,2026-07-17,9600.0,C,0.0,0.0,0.0,0.0,0,610,0.1,199,0.3,6852.66,6913.22,65,0.38904109589041097
^SPX,2026-02-24 16:15:00,SPX,2026-07-17,9800.0,C,0.25,0.25,0.25,0.25,26,184,0.1,416,0.3,6852.66,6913.22,40,0.38904109589041097
^SPX,2026-02-24 16:15:00,SPX,2026-07-17,10000.0,C,0.0,0.0,0.0,0.0,0,6,0.1,62,0.2,6852.66,6913.22,60,0.38904109589041097
^SPX,2026-02-24 16:15:00,SPX,2026-07-17,10200.0,C,0.0,0.0,0.0,0.0,0,1,0.1,382,0.2,6852.66,6913.22,64,0.38904109589041097
^SPX,2026-02-24 16:15:00,SPX,2026-07-17,10400.0,C,0.0,0.0,0.0,0.0,0,0,0.0,436,0.2,6852.66,6913.22,199,0.38904109589041097
^SPX,2026-02-24 16:15:00,SPX,2026-07-17,10800.0,C,0.0,0.0,0.0,0.0,0,0,0.0,428,0.15,6852.66,6913.22,11,0.38904109589041097
^SPX,2026-02-24 16:15:00,SPX,2026-07-17,11200.0,C,0.0,0.0,0.0,0.0,0,0,0.0,471,0.15,6852.66,6913.22,16,0.38904109589041097
^SPX,2026-02-24 16:15:00,SPX,2026-07-17,11600.0,C,0.0,0.0,0.0,0.0,0,0,0.0,490,0.15,6852.66,6913.22,0,0.38904109589041097
^SPX,2026-02-24 16:15:00,SPX,2026-07-17,12000.0,C,0.0,0.0,0.0,0.0,0,0,0.0,259,0.1,6852.66,6913.22,0,0.38904109589041097
^SPX,2026-02-24 16:15:00,SPX,2026-07-17,12400.0,C,0.0,0.0,0.0,0.0,0,0,0.0,272,0.1,6852.66,6913.22,1,0.38904109589041097
^SPX,2026-02-24 16:15:00,SPX,2026-08-21,200.0,C,0.0,0.0,0.0,0.0,0,2,6651.2,1,6668.7,6852.66,6913.22,5,0.4849315068493151
^SPX,2026-02-24 16:15:00,SPX,2026-08-21,400.0,C,0.0,0.0,0.0,0.0,0,2,6456.1,1,6472.6,6852.66,6913.22,1,0.4849315068493151
^SPX,2026-02-24 16:15:00,SPX,2026-08-21,600.0,C,0.0,0.0,0.0,0.0,0,1,6257.9,1,6278.4,6852.66,6913.22,0,0.4849315068493151
^SPX,2026-02-24 16:15:00,SPX,2026-08-21,800.0,C,0.0,0.0,0.0,0.0,0,2,6063.0,1,6080.5,6852.66,6913.22,0,0.4849315068493151
^SPX,2026-02-24 16:15:00,SPX,2026-08-21,1000.0,C,0.0,0.0,0.0,0.0,0,2,5867.1,5,5883.7,6852.66,6913.22,0,0.4849315068493151
^SPX,2026-02-24 16:15:00,SPX,2026-08-21,1200.0,C,0.0,0.0,0.0,0.0,0,5,5670.0,5,5687.2,6852.66,6913.22,0,0.4849315068493151
^SPX,2026-02-24 16:15:00,SPX,2026-08-21,1400.0,C,0.0,0.0,0.0,0.0,0,2,5475.8,5,5491.2,6852.66,6913.22,1,0.4849315068493151
^SPX,2026-02-24 16:15:00,SPX,2026-08-21,1600.0,C,0.0,0.0,0.0,0.0,0,2,5279.7,5,5295.4,6852.66,6913.22,0,0.4849315068493151
^SPX,2026-02-24 16:15:00,SPX,2026-08-21,1800.0,C,0.0,0.0,0.0,0.0,0,5,5083.7,5,5099.6,6852.66,6913.22,0,0.4849315068493151
^SPX,2026-02-24 16:15:00,SPX,2026-08-21,2000.0,C,0.0,0.0,0.0,0.0,0,2,4888.9,5,4904.2,6852.66,6913.22,0,0.4849315068493151
^SPX,2026-02-24 16:15:00,SPX,2026-08-21,2200.0,C,0.0,0.0,0.0,0.0,0,5,4693.3,5,4708.6,6852.66,6913.22,0,0.4849315068493151
^SPX,2026-02-24 16:15:00,SPX,2026-08-21,2400.0,C,0.0,0.0,0.0,0.0,0,5,4498.3,5,4512.9,6852.66,6913.22,0,0.4849315068493151
^SPX,2026-02-24 16:15:00,SPX,2026-08-21,2500.0,C,0.0,0.0,0.0,0.0,0,5,4401.1,5,4415.3,6852.66,6913.22,0,0.4849315068493151
^SPX,2026-02-24 16:15:00,SPX,2026-08-21,2600.0,C,0.0,0.0,0.0,0.0,0,5,4303.8,5,4317.8,6852.66,6913.22,0,0.4849315068493151
^SPX,2026-02-24 16:15:00,SPX,2026-08-21,2700.0,C,0.0,0.0,0.0,0.0,0,5,4206.1,5,4219.8,6852.66,6913.22,0,0.4849315068493151
^SPX,2026-02-24 16:15:00,SPX,2026-08-21,2800.0,C,0.0,0.0,0.0,0.0,0,5,4109.1,5,4122.9,6852.66,6913.22,0,0.4849315068493151
^SPX,2026-02-24 16:15:00,SPX,2026-08-21,2900.0,C,0.0,0.0,0.0,0.0,0,5,4012.0,5,4025.8,6852.66,6913.22,0,0.4849315068493151
^SPX,2026-02-24 16:15:00,SPX,2026-08-21,3000.0,C,0.0,0.0,0.0,0.0,0,5,3914.9,5,3928.4,6852.66,6913.22,1,0.4849315068493151
^SPX,2026-02-24 16:15:00,SPX,2026-08-21,3100.0,C,0.0,0.0,0.0,0.0,0,5,3817.7,5,3830.9,6852.66,6913.22,0,0.4849315068493151
^SPX,2026-02-24 16:15:00,SPX,2026-08-21,3200.0,C,0.0,0.0,0.0,0.0,0,5,3720.9,5,3733.9,6852.66,6913.22,3,0.4849315068493151
^SPX,2026-02-24 16:15:00,SPX,2026-08-21,3300.0,C,0.0,0.0,0.0,0.0,0,5,3623.5,5,3636.6,6852.66,6913.22,0,0.4849315068493151
^SPX,2026-02-24 16:15:00,SPX,2026-08-21,3400.0,C,0.0,0.0,0.0,0.0,0,5,3526.8,5,3539.4,6852.66,6913.22,0,0.4849315068493151
^SPX,2026-02-24 16:15:00,SPX,2026-08-21,3500.0,C,0.0,0.0,0.0,0.0,0,5,3429.2,5,3441.5,6852.66,6913.22,0,0.4849315068493151
^SPX,2026-02-24 16:15:00,SPX,2026-08-21,3600.0,C,0.0,0.0,0.0,0.0,0,5,3333.0,5,3345.2,6852.66,6913.22,0,0.4849315068493151
^SPX,2026-02-24 16:15:00,SPX,2026-08-21,3700.0,C,0.0,0.0,0.0,0.0,0,5,3236.1,5,3248.0,6852.66,6913.22,0,0.4849315068493151
^SPX,2026-02-24 16:15:00,SPX,2026-08-21,3750.0,C,0.0,0.0,0.0,0.0,0,2,3191.2,2,3195.7,6852.66,6913.22,0,0.4849315068493151
^SPX,2026-02-24 16:15:00,SPX,2026-08-21,3800.0,C,0.0,0.0,0.0,0.0,0,2,3142.8,2,3147.3,6852.66,6913.22,0,0.4849315068493151
^SPX,2026-02-24 16:15:00,SPX,2026-08-21,3850.0,C,0.0,0.0,0.0,0.0,0,2,3094.6,2,3098.9,6852.66,6913.22,0,0.4849315068493151
^SPX,2026-02-24 16:15:00,SPX,2026-08-21,3900.0,C,0.0,0.0,0.0,0.0,0,2,3046.1,2,3050.5,6852.66,6913.22,0,0.4849315068493151
^SPX,2026-02-24 16:15:00,SPX,2026-08-21,3950.0,C,0.0,0.0,0.0,0.0,0,2,2997.7,2,3002.1,6852.66,6913.22,0,0.4849315068493151
^SPX,2026-02-24 16:15:00,SPX,2026-08-21,4000.0,C,0.0,0.0,0.0,0.0,0,2,2949.6,2,2953.8,6852.66,6913.22,4,0.4849315068493151
^SPX,2026-02-24 16:15:00,SPX,2026-08-21,4050.0,C,0.0,0.0,0.0,0.0,0,2,2901.3,2,2905.5,6852.66,6913.22,0,0.4849315068493151
^SPX,2026-02-24 16:15:00,SPX,2026-08-21,4100.0,C,0.0,0.0,0.0,0.0,0,2,2852.9,2,2857.2,6852.66,6913.22,0,0.4849315068493151
^SPX,2026-02-24 16:15:00,SPX,2026-08-21,4150.0,C,0.0,0.0,0.0,0.0,0,2,2804.8,2,2808.9,6852.66,6913.22,0,0.4849315068493151
^SPX,2026-02-24 16:15:00,SPX,2026-08-21,4200.0,C,0.0,0.0,0.0,0.0,0,2,2756.5,2,2760.6,6852.66,6913.22,1,0.4849315068493151
^SPX,2026-02-24 16:15:00,SPX,2026-08-21,4250.0,C,0.0,0.0,0.0,0.0,0,2,2708.3,2,2712.4,6852.66,6913.22,0,0.4849315068493151
^SPX,2026-02-24 16:15:00,SPX,2026-08-21,4300.0,C,0.0,0.0,0.0,0.0,0,2,2660.1,2,2664.2,6852.66,6913.22,1,0.4849315068493151
^SPX,2026-02-24 16:15:00,SPX,2026-08-21,4350.0,C,0.0,0.0,0.0,0.0,0,2,2612.2,2,2616.0,6852.66,6913.22,0,0.4849315068493151
^SPX,2026-02-24 16:15:00,SPX,2026-08-21,4375.0,C,0.0,0.0,0.0,0.0,0,2,2587.7,2,2592.6,6852.66,6913.22,0,0.4849315068493151
^SPX,2026-02-24 16:15:00,SPX,2026-08-21,4400.0,C,0.0,0.0,0.0,0.0,0,2,2564.0,2,2568.0,6852.66,6913.22,0,0.4849315068493151
^SPX,2026-02-24 16:15:00,SPX,2026-08-21,4425.0,C,0.0,0.0,0.0,0.0,0,2,2539.7,2,2544.5,6852.66,6913.22,0,0.4849315068493151
^SPX,2026-02-24 16:15:00,SPX,2026-08-21,4450.0,C,0.0,0.0,0.0,0.0,0,2,2516.0,2,2519.9,6852.66,6913.22,0,0.4849315068493151
^SPX,2026-02-24 16:15:00,SPX,2026-08-21,4475.0,C,0.0,0.0,0.0,0.0,0,2,2491.5,2,2496.6,6852.66,6913.22,0,0.4849315068493151
^SPX,2026-02-24 16:15:00,SPX,2026-08-21,4500.0,C,0.0,0.0,0.0,0.0,0,2,2468.0,2,2471.9,6852.66,6913.22,0,0.4849315068493151
^SPX,2026-02-24 16:15:00,SPX,2026-08-21,4525.0,C,0.0,0.0,0.0,0.0,0,2,2443.8,2,2448.5,6852.66,6913.22,1,0.4849315068493151
^SPX,2026-02-24 16:15:00,SPX,2026-08-21,4550.0,C,0.0,0.0,0.0,0.0,0,2,2420.1,2,2424.0,6852.66,6913.22,1,0.4849315068493151
^SPX,2026-02-24 16:15:00,SPX,2026-08-21,4575.0,C,0.0,0.0,0.0,0.0,0,2,2395.7,2,2400.7,6852.66,6913.22,0,0.4849315068493151
^SPX,2026-02-24 16:15:00,SPX,2026-08-21,4600.0,C,0.0,0.0,0.0,0.0,0,2,2372.3,2,2376.1,6852.66,6913.22,0,0.4849315068493151
^SPX,2026-02-24 16:15:00,SPX,2026-08-21,4625.0,C,0.0,0.0,0.0,0.0,0,2,2348.1,2,2352.8,6852.66,6913.22,0,0.4849315068493151
^SPX,2026-02-24 16:15:00,SPX,2026-08-21,4650.0,C,0.0,0.0,0.0,0.0,0,2,2324.5,2,2328.2,6852.66,6913.22,0,0.4849315068493151
^SPX,2026-02-24 16:15:00,SPX,2026-08-21,4675.0,C,0.0,0.0,0.0,0.0,0,2,2300.2,2,2305.0,6852.66,6913.22,0,0.4849315068493151
^SPX,2026-02-24 16:15:00,SPX,2026-08-21,4700.0,C,0.0,0.0,0.0,0.0,0,2,2276.8,2,2280.5,6852.66,6913.22,0,0.4849315068493151
^SPX,2026-02-24 16:15:00,SPX,2026-08-21,4725.0,C,0.0,0.0,0.0,0.0,0,2,2252.5,2,2257.3,6852.66,6913.22,0,0.4849315068493151
^SPX,2026-02-24 16:15:00,SPX,2026-08-21,4750.0,C,0.0,0.0,0.0,0.0,0,2,2229.1,2,2232.8,6852.66,6913.22,0,0.4849315068493151
^SPX,2026-02-24 16:15:00,SPX,2026-08-21,4775.0,C,0.0,0.0,0.0,0.0,0,2,2204.9,2,2209.6,6852.66,6913.22,0,0.4849315068493151
^SPX,2026-02-24 16:15:00,SPX,2026-08-21,4800.0,C,0.0,0.0,0.0,0.0,0,2,2181.5,2,2185.2,6852.66,6913.22,1,0.4849315068493151
^SPX,2026-02-24 16:15:00,SPX,2026-08-21,4825.0,C,0.0,0.0,0.0,0.0,0,2,2157.3,2,2161.9,6852.66,6913.22,0,0.4849315068493151
^SPX,2026-02-24 16:15:00,SPX,2026-08-21,4850.0,C,0.0,0.0,0.0,0.0,0,2,2134.1,2,2137.7,6852.66,6913.22,0,0.4849315068493151
^SPX,2026-02-24 16:15:00,SPX,2026-08-21,4875.0,C,0.0,0.0,0.0,0.0,0,2,2109.9,2,2114.4,6852.66,6913.22,0,0.4849315068493151
^SPX,2026-02-24 16:15:00,SPX,2026-08-21,4900.0,C,0.0,0.0,0.0,0.0,0,2,2086.6,2,2090.2,6852.66,6913.22,0,0.4849315068493151
^SPX,2026-02-24 16:15:00,SPX,2026-08-21,4925.0,C,0.0,0.0,0.0,0.0,0,2,2062.7,2,2067.1,6852.66,6913.22,0,0.4849315068493151
^SPX,2026-02-24 16:15:00,SPX,2026-08-21,4950.0,C,0.0,0.0,0.0,0.0,0,2,2039.3,2,2042.8,6852.66,6913.22,0,0.4849315068493151
^SPX,2026-02-24 16:15:00,SPX,2026-08-21,4975.0,C,0.0,0.0,0.0,0.0,0,2,2015.3,2,2019.7,6852.66,6913.22,0,0.4849315068493151
^SPX,2026-02-24 16:15:00,SPX,2026-08-21,5000.0,C,0.0,0.0,0.0,0.0,0,2,1992.0,2,1995.5,6852.66,6913.22,18177,0.4849315068493151
^SPX,2026-02-24 16:15:00,SPX,2026-08-21,5025.0,C,0.0,0.0,0.0,0.0,0,2,1968.2,2,1972.4,6852.66,6913.22,0,0.4849315068493151
^SPX,2026-02-24 16:15:00,SPX,2026-08-21,5050.0,C,0.0,0.0,0.0,0.0,0,2,1944.9,2,1948.4,6852.66,6913.22,0,0.4849315068493151
^SPX,2026-02-24 16:15:00,SPX,2026-08-21,5075.0,C,0.0,0.0,0.0,0.0,0,2,1921.0,2,1925.4,6852.66,6913.22,0,0.4849315068493151
^SPX,2026-02-24 16:15:00,SPX,2026-08-21,5100.0,C,0.0,0.0,0.0,0.0,0,2,1897.9,2,1901.3,6852.66,6913.22,11,0.4849315068493151
^SPX,2026-02-24 16:15:00,SPX,2026-08-21,5125.0,C,0.0,0.0,0.0,0.0,0,2,1874.2,2,1878.4,6852.66,6913.22,0,0.4849315068493151
^SPX,2026-02-24 16:15:00,SPX,2026-08-21,5150.0,C,0.0,0.0,0.0,0.0,0,2,1851.0,2,1854.4,6852.66,6913.22,2,0.4849315068493151
^SPX,2026-02-24 16:15:00,SPX,2026-08-21,5175.0,C,0.0,0.0,0.0,0.0,0,2,1827.4,2,1831.5,6852.66,6913.22,0,0.4849315068493151
^SPX,2026-02-24 16:15:00,SPX,2026-08-21,5200.0,C,0.0,0.0,0.0,0.0,0,2,1804.2,2,1807.6,6852.66,6913.22,0,0.4849315068493151
^SPX,2026-02-24 16:15:00,SPX,2026-08-21,5225.0,C,0.0,0.0,0.0,0.0,0,2,1780.7,2,1784.8,6852.66,6913.22,0,0.4849315068493151
^SPX,2026-02-24 16:15:00,SPX,2026-08-21,5250.0,C,0.0,0.0,0.0,0.0,0,2,1757.6,2,1760.9,6852.66,6913.22,0,0.4849315068493151
^SPX,2026-02-24 16:15:00,SPX,2026-08-21,5275.0,C,0.0,0.0,0.0,0.0,0,2,1734.0,2,1738.2,6852.66,6913.22,0,0.4849315068493151
^SPX,2026-02-24 16:15:00,SPX,2026-08-21,5300.0,C,0.0,0.0,0.0,0.0,0,2,1711.1,2,1714.5,6852.66,6913.22,1,0.4849315068493151
^SPX,2026-02-24 16:15:00,SPX,2026-08-21,5325.0,C,0.0,0.0,0.0,0.0,0,2,1687.6,2,1691.6,6852.66,6913.22,1,0.4849315068493151
^SPX,2026-02-24 16:15:00,SPX,2026-08-21,5350.0,C,0.0,0.0,0.0,0.0,0,2,1664.9,2,1668.1,6852.66,6913.22,2,0.4849315068493151
^SPX,2026-02-24 16:15:00,SPX,2026-08-21,5375.0,C,0.0,0.0,0.0,0.0,0,2,1641.5,2,1645.3,6852.66,6913.22,0,0.4849315068493151
^SPX,2026-02-24 16:15:00,SPX,2026-08-21,5400.0,C,0.0,0.0,0.0,0.0,0,2,1618.6,2,1621.9,6852.66,6913.22,1,0.4849315068493151
^SPX,2026-02-24 16:15:00,SPX,2026-08-21,5425.0,C,0.0,0.0,0.0,0.0,0,2,1595.4,2,1599.1,6852.66,6913.22,1,0.4849315068493151
^SPX,2026-02-24 16:15:00,SPX,2026-08-21,5450.0,C,0.0,0.0,0.0,0.0,0,2,1572.6,2,1575.7,6852.66,6913.22,1,0.4849315068493151
^SPX,2026-02-24 16:15:00,SPX,2026-08-21,5475.0,C,0.0,0.0,0.0,0.0,0,2,1549.5,2,1553.2,6852.66,6913.22,0,0.4849315068493151
^SPX,2026-02-24 16:15:00,SPX,2026-08-21,5500.0,C,1532.76,1532.76,1532.76,1532.76,1,2,1526.8,2,1530.0,6852.66,6913.22,77,0.4849315068493151
^SPX,2026-02-24 16:15:00,SPX,2026-08-21,5525.0,C,0.0,0.0,0.0,0.0,0,2,1503.7,2,1507.4,6852.66,6913.22,1,0.4849315068493151
^SPX,2026-02-24 16:15:00,SPX,2026-08-21,5550.0,C,0.0,0.0,0.0,0.0,0,2,1481.3,2,1484.3,6852.66,6913.22,0,0.4849315068493151
^SPX,2026-02-24 16:15:00,SPX,2026-08-21,5575.0,C,0.0,0.0,0.0,0.0,0,2,1458.3,2,1461.8,6852.66,6913.22,0,0.4849315068493151
^SPX,2026-02-24 16:15:00,SPX,2026-08-21,5600.0,C,0.0,0.0,0.0,0.0,0,2,1435.9,2,1438.7,6852.66,6913.22,3,0.4849315068493151
^SPX,2026-02-24 16:15:00,SPX,2026-08-21,5625.0,C,0.0,0.0,0.0,0.0,0,2,1412.8,2,1416.5,6852.66,6913.22,1,0.4849315068493151
^SPX,2026-02-24 16:15:00,SPX,2026-08-21,5650.0,C,0.0,0.0,0.0,0.0,0,2,1390.7,2,1393.6,6852.66,6913.22,0,0.4849315068493151
^SPX,2026-02-24 16:15:00,SPX,2026-08-21,5675.0,C,0.0,0.0,0.0,0.0,0,2,1367.7,2,1371.4,6852.66,6913.22,0,0.4849315068493151
^SPX,2026-02-24 16:15:00,SPX,2026-08-21,5700.0,C,0.0,0.0,0.0,0.0,0,2,1345.6,2,1348.5,6852.66,6913.22,1,0.4849315068493151
^SPX,2026-02-24 16:15:00,SPX,2026-08-21,5725.0,C,0.0,0.0,0.0,0.0,0,2,1322.9,2,1326.5,6852.66,6913.22,0,0.4849315068493151
^SPX,2026-02-24 16:15:00,SPX,2026-08-21,5750.0,C,0.0,0.0,0.0,0.0,0,2,1300.8,2,1303.7,6852.66,6913.22,3,0.4849315068493151
^SPX,2026-02-24 16:15:00,SPX,2026-08-21,5775.0,C,0.0,0.0,0.0,0.0,0,2,1278.3,2,1281.8,6852.66,6913.22,0,0.4849315068493151
^SPX,2026-02-24 16:15:00,SPX,2026-08-21,5800.0,C,1254.57,1254.57,1254.57,1254.57,1,2,1256.5,2,1259.2,6852.66,6913.22,1502,0.4849315068493151
^SPX,2026-02-24 16:15:00,SPX,2026-08-21,5825.0,C,0.0,0.0,0.0,0.0,0,2,1234.1,2,1237.4,6852.66,6913.22,1,0.4849315068493151
^SPX,2026-02-24 16:15:00,SPX,2026-08-21,5850.0,C,0.0,0.0,0.0,0.0,0,2,1212.3,2,1214.9,6852.66,6913.22,1,0.4849315068493151
^SPX,2026-02-24 16:15:00,SPX,2026-08-21,5875.0,C,0.0,0.0,0.0,0.0,0,2,1190.0,2,1193.2,6852.66,6913.22,17,0.4849315068493151
^SPX,2026-02-24 16:15:00,SPX,2026-08-21,5900.0,C,1116.52,1116.52,1116.52,1116.52,1,2,1168.2,2,1171.0,6852.66,6913.22,23,0.4849315068493151
^SPX,2026-02-24 16:15:00,SPX,2026-08-21,5925.0,C,1144.64,1144.64,1144.64,1144.64,1,2,1146.1,2,1149.4,6852.66,6913.22,12,0.4849315068493151
^SPX,2026-02-24 16:15:00,SPX,2026-08-21,5950.0,C,0.0,0.0,0.0,0.0,0,2,1124.6,2,1127.3,6852.66,6913.22,25,0.4849315068493151
^SPX,2026-02-24 16:15:00,SPX,2026-08-21,5975.0,C,0.0,0.0,0.0,0.0,0,2,1102.7,2,1106.0,6852.66,6913.22,5,0.4849315068493151
^SPX,2026-02-24 16:15:00,SPX,2026-08-21,6000.0,C,1030.97,1086.66,1030.97,1086.66,2,2,1081.4,2,1083.9,6852.66,6913.22,18517,0.4849315068493151
^SPX,2026-02-24 16:15:00,SPX,2026-08-21,6025.0,C,0.0,0.0,0.0,0.0,0,2,1059.5,2,1062.7,6852.66,6913.22,62,0.4849315068493151
^SPX,2026-02-24 16:15:00,SPX,2026-08-21,6040.0,C,0.0,0.0,0.0,0.0,0,2,1046.6,2,1049.8,6852.66,6913.22,0,0.4849315068493151
^SPX,2026-02-24 16:15:00,SPX,2026-08-21,6050.0,C,0.0,0.0,0.0,0.0,0,2,1038.3,2,1040.9,6852.66,6913.22,61,0.4849315068493151
^SPX,2026-02-24 16:15:00,SPX,2026-08-21,6060.0,C,0.0,0.0,0.0,0.0,0,2,1029.6,2,1032.6,6852.66,6913.22,0,0.4849315068493151
^SPX,2026-02-24 16:15:00,SPX,2026-08-21,6070.0,C,0.0,0.0,0.0,0.0,0,2,1021.1,2,1024.1,6852.66,6913.22,0,0.4849315068493151
^SPX,2026-02-24 16:15:00,SPX,2026-08-21,6075.0,C,0.0,0.0,0.0,0.0,0,2,1016.8,2,1019.8,6852.66,6913.22,3,0.4849315068493151
^SPX,2026-02-24 16:15:00,SPX,2026-08-21,6080.0,C,0.0,0.0,0.0,0.0,0,2,1012.4,2,1015.5,6852.66,6913.22,0,0.4849315068493151
^SPX,2026-02-24 16:15:00,SPX,2026-08-21,6090.0,C,0.0,0.0,0.0,0.0,0,2,1003.9,2,1007.1,6852.66,6913.22,0,0.4849315068493151
^SPX,2026-02-24 16:15:00,SPX,2026-08-21,6100.0,C,0.0,0.0,0.0,0.0,0,2,995.8,2,998.2,6852.66,6913.22,260,0.4849315068493151
^SPX,2026-02-24 16:15:00,SPX,2026-08-21,6110.0,C,0.0,0.0,0.0,0.0,0,2,986.9,2,990.0,6852.66,6913.22,0,0.4849315068493151
^SPX,2026-02-24 16:15:00,SPX,2026-08-21,6120.0,C,0.0,0.0,0.0,0.0,0,2,978.6,2,981.6,6852.66,6913.22,0,0.4849315068493151
^SPX,2026-02-24 16:15:00,SPX,2026-08-21,6125.0,C,0.0,0.0,0.0,0.0,0,2,974.2,2,977.3,6852.66,6913.22,1,0.4849315068493151
^SPX,2026-02-24 16:15:00,SPX,2026-08-21,6130.0,C,0.0,0.0,0.0,0.0,0,2,970.1,2,973.0,6852.66,6913.22,0,0.4849315068493151
^SPX,2026-02-24 16:15:00,SPX,2026-08-21,6140.0,C,0.0,0.0,0.0,0.0,0,2,961.7,2,964.6,6852.66,6913.22,0,0.4849315068493151
^SPX,2026-02-24 16:15:00,SPX,2026-08-21,6150.0,C,0.0,0.0,0.0,0.0,0,2,953.5,2,955.8,6852.66,6913.22,77,0.4849315068493151
^SPX,2026-02-24 16:15:00,SPX,2026-08-21,6160.0,C,0.0,0.0,0.0,0.0,0,2,944.7,2,947.7,6852.66,6913.22,0,0.4849315068493151
^SPX,2026-02-24 16:15:00,SPX,2026-08-21,6170.0,C,0.0,0.0,0.0,0.0,0,2,936.3,2,939.3,6852.66,6913.22,0,0.4849315068493151
^SPX,2026-02-24 16:15:00,SPX,2026-08-21,6175.0,C,0.0,0.0,0.0,0.0,0,2,932.1,2,935.1,6852.66,6913.22,72,0.4849315068493151
^SPX,2026-02-24 16:15:00,SPX,2026-08-21,6180.0,C,0.0,0.0,0.0,0.0,0,2,928.1,2,930.9,6852.66,6913.22,0,0.4849315068493151
^SPX,2026-02-24 16:15:00,SPX,2026-08-21,6190.0,C,0.0,0.0,0.0,0.0,0,2,919.7,2,922.5,6852.66,6913.22,0,0.4849315068493151
^SPX,2026-02-24 16:15:00,SPX,2026-08-21,6200.0,C,0.0,0.0,0.0,0.0,0,2,911.5,2,913.9,6852.66,6913.22,2488,0.4849315068493151
^SPX,2026-02-24 16:15:00,SPX,2026-08-21,6210.0,C,0.0,0.0,0.0,0.0,0,2,903.0,2,905.8,6852.66,6913.22,0,0.4849315068493151
^SPX,2026-02-24 16:15:00,SPX,2026-08-21,6220.0,C,0.0,0.0,0.0,0.0,0,2,894.7,2,897.5,6852.66,6913.22,0,0.4849315068493151
^SPX,2026-02-24 16:15:00,SPX,2026-08-21,6225.0,C,0.0,0.0,0.0,0.0,0,2,890.4,2,893.3,6852.66,6913.22,75,0.4849315068493151
^SPX,2026-02-24 16:15:00,SPX,2026-08-21,6230.0,C,0.0,0.0,0.0,0.0,0,2,886.4,2,889.1,6852.66,6913.22,0,0.4849315068493151
^SPX,2026-02-24 16:15:00,SPX,2026-08-21,6240.0,C,0.0,0.0,0.0,0.0,0,2,878.0,2,880.9,6852.66,6913.22,0,0.4849315068493151
^SPX,2026-02-24 16:15:00,SPX,2026-08-21,6250.0,C,0.0,0.0,0.0,0.0,0,2,870.0,2,872.3,6852.66,6913.22,235,0.4849315068493151
^SPX,2026-02-24 16:15:00,SPX,2026-08-21,6260.0,C,0.0,0.0,0.0,0.0,0,2,861.4,2,864.3,6852.66,6913.22,0,0.4849315068493151
^SPX,2026-02-24 16:15:00,SPX,2026-08-21,6270.0,C,0.0,0.0,0.0,0.0,0,2,853.3,2,856.0,6852.66,6913.22,0,0.4849315068493151
^SPX,2026-02-24 16:15:00,SPX,2026-08-21,6275.0,C,0.0,0.0,0.0,0.0,0,2,849.1,2,852.0,6852.66,6913.22,128,0.4849315068493151
^SPX,2026-02-24 16:15:00,SPX,2026-08-21,6280.0,C,0.0,0.0,0.0,0.0,0,2,845.1,2,847.8,6852.66,6913.22,0,0.4849315068493151
^SPX,2026-02-24 16:15:00,SPX,2026-08-21,6290.0,C,0.0,0.0,0.0,0.0,0,2,836.9,2,839.6,6852.66,6913.22,0,0.4849315068493151
^SPX,2026-02-24 16:15:00,SPX,2026-08-21,6300.0,C,0.0,0.0,0.0,0.0,0,2,828.8,2,830.9,6852.66,6913.22,1450,0.4849315068493151
^SPX,2026-02-24 16:15:00,SPX,2026-08-21,6310.0,C,0.0,0.0,0.0,0.0,0,2,820.5,2,823.2,6852.66,6913.22,0,0.4849315068493151
^SPX,2026-02-24 16:15:00,SPX,2026-08-21,6320.0,C,0.0,0.0,0.0,0.0,0,2,812.2,2,815.1,6852.66,6913.22,0,0.4849315068493151
^SPX,2026-02-24 16:15:00,SPX,2026-08-21,6325.0,C,809.46,809.46,809.46,809.46,1,2,808.2,2,811.0,6852.66,6913.22,1991,0.4849315068493151
^SPX,2026-02-24 16:15:00,SPX,2026-08-21,6330.0,C,0.0,0.0,0.0,0.0,0,2,804.2,2,806.9,6852.66,6913.22,0,0.4849315068493151
^SPX,2026-02-24 16:15:00,SPX,2026-08-21,6340.0,C,0.0,0.0,0.0,0.0,0,2,796.1,2,798.7,6852.66,6913.22,0,0.4849315068493151
^SPX,2026-02-24 16:15:00,SPX,2026-08-21,6350.0,C,789.23,789.23,789.23,789.23,1,2,788.1,2,790.4,6852.66,6913.22,2539,0.4849315068493151
^SPX,2026-02-24 16:15:00,SPX,2026-08-21,6360.0,C,782.85,782.85,782.85,782.85,1,2,779.9,2,782.5,6852.66,6913.22,0,0.4849315068493151
^SPX,2026-02-24 16:15:00,SPX,2026-08-21,6370.0,C,0.0,0.0,0.0,0.0,0,2,771.7,2,774.5,6852.66,6913.22,0,0.4849315068493151
^SPX,2026-02-24 16:15:00,SPX,2026-08-21,6375.0,C,0.0,0.0,0.0,0.0,0,2,767.7,2,770.5,6852.66,6913.22,1956,0.4849315068493151
^SPX,2026-02-24 16:15:00,SPX,2026-08-21,6380.0,C,0.0,0.0,0.0,0.0,0,2,763.7,2,766.5,6852.66,6913.22,0,0.4849315068493151
^SPX,2026-02-24 16:15:00,SPX,2026-08-21,6390.0,C,0.0,0.0,0.0,0.0,0,2,755.6,2,758.5,6852.66,6913.22,0,0.4849315068493151
^SPX,2026-02-24 16:15:00,SPX,2026-08-21,6400.0,C,0.0,0.0,0.0,0.0,0,1,748.0,1,749.8,6852.66,6913.22,5943,0.4849315068493151
^SPX,2026-02-24 16:15:00,SPX,2026-08-21,6410.0,C,0.0,0.0,0.0,0.0,0,1,740.0,1,741.9,6852.66,6913.22,0,0.4849315068493151
^SPX,2026-02-24 16:15:00,SPX,2026-08-21,6420.0,C,0.0,0.0,0.0,0.0,0,1,732.0,1,733.9,6852.66,6913.22,0,0.4849315068493151
^SPX,2026-02-24 16:15:00,SPX,2026-08-21,6425.0,C,0.0,0.0,0.0,0.0,0,1,728.2,1,729.9,6852.66,6913.22,1076,0.4849315068493151
^SPX,2026-02-24 16:15:00,SPX,2026-08-21,6430.0,C,0.0,0.0,0.0,0.0,0,1,724.1,1,725.9,6852.66,6913.22,0,0.4849315068493151
^SPX,2026-02-24 16:15:00,SPX,2026-08-21,6440.0,C,0.0,0.0,0.0,0.0,0,1,716.1,1,718.0,6852.66,6913.22,0,0.4849315068493151
^SPX,2026-02-24 16:15:00,SPX,2026-08-21,6450.0,C,0.0,0.0,0.0,0.0,0,2,708.3,1,710.1,6852.66,6913.22,8694,0.4849315068493151
^SPX,2026-02-24 16:15:00,SPX,2026-08-21,6460.0,C,0.0,0.0,0.0,0.0,0,11,700.5,12,702.2,6852.66,6913.22,0,0.4849315068493151
^SPX,2026-02-24 16:15:00,SPX,2026-08-21,6470.0,C,0.0,0.0,0.0,0.0,0,13,692.7,14,694.3,6852.66,6913.22,0,0.4849315068493151
^SPX,2026-02-24 16:15:00,SPX,2026-08-21,6475.0,C,0.0,0.0,0.0,0.0,0,12,688.7,10,690.4,6852.66,6913.22,1634,0.4849315068493151
^SPX,2026-02-24 16:15:00,SPX,2026-08-21,6480.0,C,0.0,0.0,0.0,0.0,0,9,684.8,10,686.5,6852.66,6913.22,0,0.4849315068493151
^SPX,2026-02-24 16:15:00,SPX,2026-08-21,6490.0,C,0.0,0.0,0.0,0.0,0,9,677.0,1,678.6,6852.66,6913.22,0,0.4849315068493151
^SPX,2026-02-24 16:15:00,SPX,2026-08-21,6500.0,C,0.0,0.0,0.0,0.0,0,13,669.2,10,670.8,6852.66,6913.22,4345,0.4849315068493151
^SPX,2026-02-24 16:15:00,SPX,2026-08-21,6510.0,C,0.0,0.0,0.0,0.0,0,12,661.4,1,663.0,6852.66,6913.22,0,0.4849315068493151
^SPX,2026-02-24 16:15:00,SPX,2026-08-21,6520.0,C,0.0,0.0,0.0,0.0,0,13,653.6,10,655.3,6852.66,6913.22,0,0.4849315068493151
^SPX,2026-02-24 16:15:00,SPX,2026-08-21,6525.0,C,0.0,0.0,0.0,0.0,0,13,649.7,10,651.4,6852.66,6913.22,325,0.4849315068493151
^SPX,2026-02-24 16:15:00,SPX,2026-08-21,6530.0,C,0.0,0.0,0.0,0.0,0,13,645.9,1,647.5,6852.66,6913.22,0,0.4849315068493151
^SPX,2026-02-24 16:15:00,SPX,2026-08-21,6540.0,C,0.0,0.0,0.0,0.0,0,14,638.1,10,639.8,6852.66,6913.22,0,0.4849315068493151
^SPX,2026-02-24 16:15:00,SPX,2026-08-21,6550.0,C,0.0,0.0,0.0,0.0,0,10,630.4,10,632.1,6852.66,6913.22,161,0.4849315068493151
^SPX,2026-02-24 16:15:00,SPX,2026-08-21,6560.0,C,0.0,0.0,0.0,0.0,0,9,622.8,10,624.5,6852.66,6913.22,0,0.4849315068493151
^SPX,2026-02-24 16:15:00,SPX,2026-08-21,6570.0,C,0.0,0.0,0.0,0.0,0,13,615.1,10,616.8,6852.66,6913.22,0,0.4849315068493151
^SPX,2026-02-24 16:15:00,SPX,2026-08-21,6575.0,C,0.0,0.0,0.0,0.0,0,13,611.3,10,613.0,6852.66,6913.22,154,0.4849315068493151
^SPX,2026-02-24 16:15:00,SPX,2026-08-21,6580.0,C,0.0,0.0,0.0,0.0,0,13,607.5,10,609.2,6852.66,6913.22,0,0.4849315068493151
^SPX,2026-02-24 16:15:00,SPX,2026-08-21,6590.0,C,0.0,0.0,0.0,0.0,0,13,599.9,10,601.6,6852.66,6913.22,0,0.4849315068493151
^SPX,2026-02-24 16:15:00,SPX,2026-08-21,6600.0,C,0.0,0.0,0.0,0.0,0,9,592.3,10,594.0,6852.66,6913.22,2480,0.4849315068493151
^SPX,2026-02-24 16:15:00,SPX,2026-08-21,6610.0,C,0.0,0.0,0.0,0.0,0,9,584.8,9,586.4,6852.66,6913.22,0,0.4849315068493151
^SPX,2026-02-24 16:15:00,SPX,2026-08-21,6620.0,C,0.0,0.0,0.0,0.0,0,14,577.2,10,578.9,6852.66,6913.22,0,0.4849315068493151
^SPX,2026-02-24 16:15:00,SPX,2026-08-21,6625.0,C,0.0,0.0,0.0,0.0,0,13,573.5,10,575.2,6852.66,6913.22,355,0.4849315068493151
^SPX,2026-02-24 16:15:00,SPX,2026-08-21,6630.0,C,0.0,0.0,0.0,0.0,0,14,569.7,10,571.4,6852.66,6913.22,0,0.4849315068493151
^SPX,2026-02-24 16:15:00,SPX,2026-08-21,6640.0,C,0.0,0.0,0.0,0.0,0,13,562.3,10,564.0,6852.66,6913.22,0,0.4849315068493151
^SPX,2026-02-24 16:15:00,SPX,2026-08-21,6650.0,C,0.0,0.0,0.0,0.0,0,14,554.8,10,556.5,6852.66,6913.22,607,0.4849315068493151
^SPX,2026-02-24 16:15:00,SPX,2026-08-21,6660.0,C,0.0,0.0,0.0,0.0,0,13,547.4,10,549.1,6852.66,6913.22,0,0.4849315068493151
^SPX,2026-02-24 16:15:00,SPX,2026-08-21,6670.0,C,0.0,0.0,0.0,0.0,0,14,540.0,10,541.7,6852.66,6913.22,1,0.4849315068493151
^SPX,2026-02-24 16:15:00,SPX,2026-08-21,6675.0,C,0.0,0.0,0.0,0.0,0,14,536.3,10,538.0,6852.66,6913.22,1082,0.4849315068493151
^SPX,2026-02-24 16:15:00,SPX,2026-08-21,6680.0,C,0.0,0.0,0.0,0.0,0,13,532.7,9,534.3,6852.66,6913.22,0,0.4849315068493151
^SPX,2026-02-24 16:15:00,SPX,2026-08-21,6690.0,C,0.0,0.0,0.0,0.0,0,14,525.3,10,527.0,6852.66,6913.22,0,0.4849315068493151
^SPX,2026-02-24 16:15:00,SPX,2026-08-21,6700.0,C,521.1,521.1,521.1,521.1,2,10,518.1,10,519.7,6852.66,6913.22,1100,0.4849315068493151
^SPX,2026-02-24 16:15:00,SPX,2026-08-21,6710.0,C,0.0,0.0,0.0,0.0,0,13,510.8,10,512.5,6852.66,6913.22,0,0.4849315068493151
^SPX,2026-02-24 16:15:00,SPX,2026-08-21,6720.0,C,0.0,0.0,0.0,0.0,0,16,503.6,9,505.0,6852.66,6913.22,0,0.4849315068493151
^SPX,2026-02-24 16:15:00,SPX,2026-08-21,6725.0,C,0.0,0.0,0.0,0.0,0,17,500.0,9,501.4,6852.66,6913.22,1091,0.4849315068493151
^SPX,2026-02-24 16:15:00,SPX,2026-08-21,6730.0,C,0.0,0.0,0.0,0.0,0,16,496.4,9,497.8,6852.66,6913.22,0,0.4849315068493151
^SPX,2026-02-24 16:15:00,SPX,2026-08-21,6740.0,C,0.0,0.0,0.0,0.0,0,23,489.2,10,490.6,6852.66,6913.22,0,0.4849315068493151
^SPX,2026-02-24 16:15:00,SPX,2026-08-21,6750.0,C,0.0,0.0,0.0,0.0,0,25,482.1,16,483.4,6852.66,6913.22,1450,0.4849315068493151
^SPX,2026-02-24 16:15:00,SPX,2026-08-21,6760.0,C,0.0,0.0,0.0,0.0,0,24,474.9,10,476.4,6852.66,6913.22,0,0.4849315068493151
^SPX,2026-02-24 16:15:00,SPX,2026-08-21,6770.0,C,0.0,0.0,0.0,0.0,0,18,467.9,10,469.3,6852.66,6913.22,0,0.4849315068493151
^SPX,2026-02-24 16:15:00,SPX,2026-08-21,6775.0,C,467.91,467.91,467.91,467.91,4,23,464.4,10,465.8,6852.66,6913.22,657,0.4849315068493151
^SPX,2026-02-24 16:15:00,SPX,2026-08-21,6780.0,C,0.0,0.0,0.0,0.0,0,19,460.9,20,462.5,6852.66,6913.22,2,0.4849315068493151
^SPX,2026-02-24 16:15:00,SPX,2026-08-21,6790.0,C,0.0,0.0,0.0,0.0,0,24,453.9,11,455.3,6852.66,6913.22,0,0.4849315068493151
^SPX,2026-02-24 16:15:00,SPX,2026-08-21,6800.0,C,411.96,446.51,411.96,446.35,3,30,447.0,17,448.3,6852.66,6913.22,3681,0.4849315068493151
^SPX,2026-02-24 16:15:00,SPX,2026-08-21,6810.0,C,0.0,0.0,0.0,0.0,0,25,439.9,11,441.4,6852.66,6913.22,0,0.4849315068493151
^SPX,2026-02-24 16:15:00,SPX,2026-08-21,6820.0,C,0.0,0.0,0.0,0.0,0,25,433.0,11,434.5,6852.66,6913.22,0,0.4849315068493151
^SPX,2026-02-24 16:15:00,SPX,2026-08-21,6825.0,C,427.2,427.2,427.2,427.2,1,25,429.6,11,431.1,6852.66,6913.22,319,0.4849315068493151
^SPX,2026-02-24 16:15:00,SPX,2026-08-21,6830.0,C,423.8,423.8,423.8,423.8,1,23,426.3,19,427.8,6852.66,6913.22,1,0.4849315068493151
^SPX,2026-02-24 16:15:00,SPX,2026-08-21,6840.0,C,417.47,422.3,417.47,418.79,4,23,419.5,19,421.0,6852.66,6913.22,0,0.4849315068493151
^SPX,2026-02-24 16:15:00,SPX,2026-08-21,6850.0,C,410.67,415.55,410.67,411.71,12,20,412.7,11,414.0,6852.66,6913.22,1022,0.4849315068493151
^SPX,2026-02-24 16:15:00,SPX,2026-08-21,6860.0,C,0.0,0.0,0.0,0.0,0,23,405.9,11,407.3,6852.66,6913.22,2,0.4849315068493151
^SPX,2026-02-24 16:15:00,SPX,2026-08-21,6870.0,C,378.6,401.8,378.6,397.3,9,21,399.2,11,400.6,6852.66,6913.22,9,0.4849315068493151
^SPX,2026-02-24 16:15:00,SPX,2026-08-21,6875.0,C,0.0,0.0,0.0,0.0,0,22,395.8,12,397.3,6852.66,6913.22,1393,0.4849315068493151
^SPX,2026-02-24 16:15:00,SPX,2026-08-21,6880.0,C,395.7,395.7,395.7,395.7,1,26,392.5,12,394.0,6852.66,6913.22,1,0.4849315068493151
^SPX,2026-02-24 16:15:00,SPX,2026-08-21,6890.0,C,389.05,389.05,389.05,389.05,1,21,386.0,20,387.5,6852.66,6913.22,0,0.4849315068493151
^SPX,2026-02-24 16:15:00,SPX,2026-08-21,6900.0,C,346.0,384.45,346.0,384.45,19,31,379.5,18,380.7,6852.66,6913.22,5537,0.4849315068493151
^SPX,2026-02-24 16:15:00,SPX,2026-08-21,6910.0,C,0.0,0.0,0.0,0.0,0,23,372.9,21,374.4,6852.66,6913.22,0,0.4849315068493151
^SPX,2026-02-24 16:15:00,SPX,2026-08-21,6920.0,C,0.0,0.0,0.0,0.0,0,24,366.3,21,367.9,6852.66,6913.22,0,0.4849315068493151
^SPX,2026-02-24 16:15:00,SPX,2026-08-21,6925.0,C,0.0,0.0,0.0,0.0,0,24,363.1,21,364.7,6852.66,6913.22,212,0.4849315068493151
^SPX,2026-02-24 16:15:00,SPX,2026-08-21,6930.0,C,0.0,0.0,0.0,0.0,0,23,360.0,12,361.3,6852.66,6913.22,0,0.4849315068493151
^SPX,2026-02-24 16:15:00,SPX,2026-08-21,6940.0,C,0.0,0.0,0.0,0.0,0,27,353.5,12,354.9,6852.66,6913.22,0,0.4849315068493151
^SPX,2026-02-24 16:15:00,SPX,2026-08-21,6950.0,C,342.82,342.82,342.27,342.27,2,35,347.3,19,348.5,6852.66,6913.22,4116,0.4849315068493151
^SPX,2026-02-24 16:15:00,SPX,2026-08-21,6960.0,C,0.0,0.0,0.0,0.0,0,22,340.9,35,342.5,6852.66,6913.22,0,0.4849315068493151
^SPX,2026-02-24 16:15:00,SPX,2026-08-21,6970.0,C,0.0,0.0,0.0,0.0,0,22,334.7,13,336.0,6852.66,6913.22,0,0.4849315068493151
^SPX,2026-02-24 16:15:00,SPX,2026-08-21,6975.0,C,331.79,331.79,331.79,331.79,68,35,331.6,19,332.9,6852.66,6913.22,576,0.4849315068493151
^SPX,2026-02-24 16:15:00,SPX,2026-08-21,6980.0,C,0.0,0.0,0.0,0.0,0,29,328.5,20,329.8,6852.66,6913.22,0,0.4849315068493151
^SPX,2026-02-24 16:15:00,SPX,2026-08-21,6990.0,C,0.0,0.0,0.0,0.0,0,32,322.3,42,323.9,6852.66,6913.22,1,0.4849315068493151
^SPX,2026-02-24 16:15:00,SPX,2026-08-21,7000.0,C,287.21,317.63,287.21,316.49,224,46,316.3,28,317.5,6852.66,6913.22,9809,0.4849315068493151
^SPX,2026-02-24 16:15:00,SPX,2026-08-21,7010.0,C,0.0,0.0,0.0,0.0,0,35,310.2,21,311.5,6852.66,6913.22,1,0.4849315068493151
^SPX,2026-02-24 16:15:00,SPX,2026-08-21,7020.0,C,0.0,0.0,0.0,0.0,0,31,304.2,21,305.5,6852.66,6913.22,16,0.4849315068493151
^SPX,2026-02-24 16:15:00,SPX,2026-08-21,7025.0,C,0.0,0.0,0.0,0.0,0,33,301.2,21,302.5,6852.66,6913.22,331,0.4849315068493151
^SPX,2026-02-24 16:15:00,SPX,2026-08-21,7030.0,C,0.0,0.0,0.0,0.0,0,34,298.2,21,299.5,6852.66,6913.22,11,0.4849315068493151
^SPX,2026-02-24 16:15:00,SPX,2026-08-21,7040.0,C,0.0,0.0,0.0,0.0,0,38,292.3,21,293.6,6852.66,6913.22,0,0.4849315068493151
^SPX,2026-02-24 16:15:00,SPX,2026-08-21,7050.0,C,278.5,287.6,278.5,287.6,2,37,286.5,21,287.8,6852.66,6913.22,785,0.4849315068493151
^SPX,2026-02-24 16:15:00,SPX,2026-08-21,7060.0,C,0.0,0.0,0.0,0.0,0,36,280.7,21,282.0,6852.66,6913.22,7,0.4849315068493151
^SPX,2026-02-24 16:15:00,SPX,2026-08-21,7070.0,C,0.0,0.0,0.0,0.0,0,32,275.0,32,276.3,6852.66,6913.22,12,0.4849315068493151
^SPX,2026-02-24 16:15:00,SPX,2026-08-21,7075.0,C,0.0,0.0,0.0,0.0,0,34,272.1,21,273.4,6852.66,6913.22,533,0.4849315068493151
^SPX,2026-02-24 16:15:00,SPX,2026-08-21,7080.0,C,0.0,0.0,0.0,0.0,0,33,269.3,21,270.6,6852.66,6913.22,2,0.4849315068493151
^SPX,2026-02-24 16:15:00,SPX,2026-08-21,7090.0,C,0.0,0.0,0.0,0.0,0,32,263.7,32,265.0,6852.66,6913.22,1,0.4849315068493151
^SPX,2026-02-24 16:15:00,SPX,2026-08-21,7100.0,C,254.8,256.98,254.8,256.98,6,53,258.1,49,259.4,6852.66,6913.22,3335,0.4849315068493151
^SPX,2026-02-24 16:15:00,SPX,2026-08-21,7110.0,C,253.9,253.9,253.2,253.2,5,39,252.6,34,253.9,6852.66,6913.22,5,0.4849315068493151
^SPX,2026-02-24 16:15:00,SPX,2026-08-21,7120.0,C,0.0,0.0,0.0,0.0,0,35,247.1,22,248.4,6852.66,6913.22,1,0.4849315068493151
^SPX,2026-02-24 16:15:00,SPX,2026-08-21,7125.0,C,244.49,248.2,244.49,248.2,52,44,244.5,29,245.7,6852.66,6913.22,799,0.4849315068493151
^SPX,2026-02-24 16:15:00,SPX,2026-08-21,7130.0,C,0.0,0.0,0.0,0.0,0,33,241.8,22,243.0,6852.66,6913.22,0,0.4849315068493151
^SPX,2026-02-24 16:15:00,SPX,2026-08-21,7140.0,C,0.0,0.0,0.0,0.0,0,37,236.4,35,237.7,6852.66,6913.22,0,0.4849315068493151
^SPX,2026-02-24 16:15:00,SPX,2026-08-21,7150.0,C,0.0,0.0,0.0,0.0,0,40,231.2,23,232.4,6852.66,6913.22,695,0.4849315068493151
^SPX,2026-02-24 16:15:00,SPX,2026-08-21,7160.0,C,0.0,0.0,0.0,0.0,0,41,226.0,24,227.2,6852.66,6913.22,0,0.4849315068493151
^SPX,2026-02-24 16:15:00,SPX,2026-08-21,7170.0,C,219.2,222.7,219.2,222.5,8,37,220.8,35,222.1,6852.66,6913.22,7,0.4849315068493151
^SPX,2026-02-24 16:15:00,SPX,2026-08-21,7175.0,C,0.0,0.0,0.0,0.0,0,41,218.3,24,219.5,6852.66,6913.22,247,0.4849315068493151
^SPX,2026-02-24 16:15:00,SPX,2026-08-21,7180.0,C,217.0,217.0,216.4,216.4,4,36,215.8,37,217.0,6852.66,6913.22,0,0.4849315068493151
^SPX,2026-02-24 16:15:00,SPX,2026-08-21,7190.0,C,0.0,0.0,0.0,0.0,0,42,210.8,38,212.0,6852.66,6913.22,1,0.4849315068493151
^SPX,2026-02-24 16:15:00,SPX,2026-08-21,7200.0,C,207.83,207.83,206.35,206.35,9,64,205.8,56,207.0,6852.66,6913.22,1706,0.4849315068493151
^SPX,2026-02-24 16:15:00,SPX,2026-08-21,7210.0,C,0.0,0.0,0.0,0.0,0,43,200.9,37,202.2,6852.66,6913.22,0,0.4849315068493151
^SPX,2026-02-24 16:15:00,SPX,2026-08-21,7220.0,C,0.0,0.0,0.0,0.0,0,43,196.1,39,197.4,6852.66,6913.22,0,0.4849315068493151
^SPX,2026-02-24 16:15:00,SPX,2026-08-21,7225.0,C,191.78,191.78,191.78,191.78,20,57,193.8,56,195.0,6852.66,6913.22,1577,0.4849315068493151
^SPX,2026-02-24 16:15:00,SPX,2026-08-21,7230.0,C,187.4,192.0,185.9,192.0,3,38,191.4,39,192.6,6852.66,6913.22,8,0.4849315068493151
^SPX,2026-02-24 16:15:00,SPX,2026-08-21,7240.0,C,0.0,0.0,0.0,0.0,0,44,186.7,40,187.9,6852.66,6913.22,0,0.4849315068493151
^SPX,2026-02-24 16:15:00,SPX,2026-08-21,7250.0,C,180.22,183.6,180.22,182.56,17,67,182.1,53,183.3,6852.66,6913.22,1481,0.4849315068493151
^SPX,2026-02-24 16:15:00,SPX,2026-08-21,7260.0,C,0.0,0.0,0.0,0.0,0,39,177.6,41,178.8,6852.66,6913.22,0,0.4849315068493151
^SPX,2026-02-24 16:15:00,SPX,2026-08-21,7275.0,C,171.12,171.12,171.12,171.12,3,40,170.9,42,172.1,6852.66,6913.22,1022,0.4849315068493151
^SPX,2026-02-24 16:15:00,SPX,2026-08-21,7300.0,C,161.55,162.04,161.55,162.04,4,75,160.1,64,161.2,6852.66,6913.22,2806,0.4849315068493151
^SPX,2026-02-24 16:15:00,SPX,2026-08-21,7325.0,C,144.6,151.0,144.6,149.36,17,45,149.8,46,150.9,6852.66,6913.22,717,0.4849315068493151
^SPX,2026-02-24 16:15:00,SPX,2026-08-21,7350.0,C,124.74,140.71,124.74,140.61,9,47,139.9,49,141.0,6852.66,6913.22,1102,0.4849315068493151
^SPX,2026-02-24 16:15:00,SPX,2026-08-21,7375.0,C,119.2,131.29,119.2,130.16,140,76,130.5,79,131.6,6852.66,6913.22,1118,0.4849315068493151
^SPX,2026-02-24 16:15:00,SPX,2026-08-21,7400.0,C,122.22,122.73,120.3,120.92,133,77,121.5,76,122.6,6852.66,6913.22,3278,0.4849315068493151
^SPX,2026-02-24 16:15:00,SPX,2026-08-21,7425.0,C,113.4,113.5,113.4,113.5,3,72,112.9,57,113.9,6852.66,6913.22,379,0.4849315068493151
^SPX,2026-02-24 16:15:00,SPX,2026-08-21,7450.0,C,97.81,105.4,97.81,105.4,4,87,104.9,77,105.8,6852.66,6913.22,1108,0.4849315068493151
^SPX,2026-02-24 16:15:00,SPX,2026-08-21,7475.0,C,96.55,96.92,96.55,96.92,14,92,97.1,65,98.3,6852.66,6913.22,251,0.4849315068493151
^SPX,2026-02-24 16:15:00,SPX,2026-08-21,7500.0,C,88.1,91.21,88.1,91.21,89,95,90.0,84,90.9,6852.66,6913.22,2370,0.4849315068493151
^SPX,2026-02-24 16:15:00,SPX,2026-08-21,7525.0,C,82.6,83.15,82.6,83.15,12,98,83.1,70,84.2,6852.66,6913.22,937,0.4849315068493151
^SPX,2026-02-24 16:15:00,SPX,2026-08-21,7550.0,C,77.51,77.51,77.51,77.51,1,70,76.8,70,77.6,6852.66,6913.22,729,0.4849315068493151
^SPX,2026-02-24 16:15:00,SPX,2026-08-21,7575.0,C,71.5,71.5,71.5,71.5,1,129,70.7,102,71.8,6852.66,6913.22,396,0.4849315068493151
^SPX,2026-02-24 16:15:00,SPX,2026-08-21,7600.0,C,64.0,66.0,64.0,65.25,15,194,65.1,104,66.0,6852.66,6913.22,2060,0.4849315068493151
^SPX,2026-02-24 16:15:00,SPX,2026-08-21,7625.0,C,60.6,60.6,60.6,60.6,1,117,59.9,55,60.7,6852.66,6913.22,291,0.4849315068493151
^SPX,2026-02-24 16:15:00,SPX,2026-08-21,7650.0,C,54.09,54.09,53.9,53.9,2,116,55.1,58,55.8,6852.66,6913.22,707,0.4849315068493151
^SPX,2026-02-24 16:15:00,SPX,2026-08-21,7675.0,C,0.0,0.0,0.0,0.0,0,124,50.5,118,51.5,6852.66,6913.22,478,0.4849315068493151
^SPX,2026-02-24 16:15:00,SPX,2026-08-21,7700.0,C,47.15,47.15,47.15,47.15,4,119,46.4,96,47.1,6852.66,6913.22,745,0.4849315068493151
^SPX,2026-02-24 16:15:00,SPX,2026-08-21,7725.0,C,0.0,0.0,0.0,0.0,0,176,42.4,101,43.2,6852.66,6913.22,186,0.4849315068493151
^SPX,2026-02-24 16:15:00,SPX,2026-08-21,7750.0,C,39.1,39.1,39.1,39.1,1,133,38.9,175,39.8,6852.66,6913.22,239,0.4849315068493151
^SPX,2026-02-24 16:15:00,SPX,2026-08-21,7775.0,C,0.0,0.0,0.0,0.0,0,188,35.5,166,36.4,6852.66,6913.22,52,0.4849315068493151
^SPX,2026-02-24 16:15:00,SPX,2026-08-21,7800.0,C,32.85,32.85,32.85,32.85,1,253,32.5,215,33.3,6852.66,6913.22,2509,0.4849315068493151
^SPX,2026-02-24 16:15:00,SPX,2026-08-21,7825.0,C,0.0,0.0,0.0,0.0,0,226,29.6,197,30.5,6852.66,6913.22,665,0.4849315068493151
^SPX,2026-02-24 16:15:00,SPX,2026-08-21,7850.0,C,27.4,27.4,27.4,27.4,2,170,27.1,131,27.7,6852.66,6913.22,799,0.4849315068493151
^SPX,2026-02-24 16:15:00,SPX,2026-08-21,7875.0,C,0.0,0.0,0.0,0.0,0,224,24.7,223,25.5,6852.66,6913.22,268,0.4849315068493151
^SPX,2026-02-24 16:15:00,SPX,2026-08-21,7900.0,C,0.0,0.0,0.0,0.0,0,284,22.6,205,23.2,6852.66,6913.22,4001,0.4849315068493151
^SPX,2026-02-24 16:15:00,SPX,2026-08-21,7950.0,C,0.0,0.0,0.0,0.0,0,187,18.8,86,19.3,6852.66,6913.22,237,0.4849315068493151
^SPX,2026-02-24 16:15:00,SPX,2026-08-21,8000.0,C,0.0,0.0,0.0,0.0,0,407,15.6,60,16.1,6852.66,6913.22,2459,0.4849315068493151
^SPX,2026-02-24 16:15:00,SPX,2026-08-21,8100.0,C,10.0,10.0,10.0,10.0,1,489,10.8,286,11.3,6852.66,6913.22,1461,0.4849315068493151
^SPX,2026-02-24 16:15:00,SPX,2026-08-21,8200.0,C,7.2,7.2,7.2,7.2,3,283,7.6,454,8.0,6852.66,6913.22,1910,0.4849315068493151
^SPX,2026-02-24 16:15:00,SPX,2026-08-21,8300.0,C,5.1,5.2,5.1,5.2,8,550,5.3,197,5.7,6852.66,6913.22,660,0.4849315068493151
^SPX,2026-02-24 16:15:00,SPX,2026-08-21,8400.0,C,0.0,0.0,0.0,0.0,0,554,3.8,399,4.2,6852.66,6913.22,902,0.4849315068493151
^SPX,2026-02-24 16:15:00,SPX,2026-08-21,8500.0,C,0.0,0.0,0.0,0.0,0,185,2.8,617,3.2,6852.66,6913.22,118,0.4849315068493151
^SPX,2026-02-24 16:15:00,SPX,2026-08-21,8600.0,C,2.14,2.14,2.14,2.14,2,337,2.05,583,2.4,6852.66,6913.22,468,0.4849315068493151
^SPX,2026-02-24 16:15:00,SPX,2026-08-21,8800.0,C,0.0,0.0,0.0,0.0,0,821,1.15,1001,1.5,6852.66,6913.22,1081,0.4849315068493151
^SPX,2026-02-24 16:15:00,SPX,2026-08-21,9000.0,C,0.8,0.8,0.8,0.8,4,548,0.7,136,0.95,6852.66,6913.22,589,0.4849315068493151
^SPX,2026-02-24 16:15:00,SPX,2026-08-21,9200.0,C,0.0,0.0,0.0,0.0,0,698,0.45,1,0.7,6852.66,6913.22,326,0.4849315068493151
^SPX,2026-02-24 16:15:00,SPX,2026-08-21,9400.0,C,0.0,0.0,0.0,0.0,0,829,0.3,494,0.6,6852.66,6913.22,385,0.4849315068493151
^SPX,2026-02-24 16:15:00,SPX,2026-08-21,9600.0,C,0.0,0.0,0.0,0.0,0,1047,0.2,742,0.5,6852.66,6913.22,3960,0.4849315068493151
^SPX,2026-02-24 16:15:00,SPX,2026-08-21,9800.0,C,0.0,0.0,0.0,0.0,0,717,0.15,182,0.4,6852.66,6913.22,570,0.4849315068493151
^SPX,2026-02-24 16:15:00,SPX,2026-08-21,10000.0,C,0.3,0.3,0.3,0.3,4,759,0.1,3,0.3,6852.66,6913.22,2160,0.4849315068493151
^SPX,2026-02-24 16:15:00,SPX,2026-08-21,10200.0,C,0.0,0.0,0.0,0.0,0,10,0.1,576,0.3,6852.66,6913.22,2226,0.4849315068493151
^SPX,2026-02-24 16:15:00,SPX,2026-08-21,10400.0,C,0.0,0.0,0.0,0.0,0,7,0.1,578,0.25,6852.66,6913.22,901,0.4849315068493151
^SPX,2026-02-24 16:15:00,SPX,2026-08-21,10600.0,C,0.0,0.0,0.0,0.0,0,3,0.1,375,0.25,6852.66,6913.22,145,0.4849315068493151
^SPX,2026-02-24 16:15:00,SPX,2026-08-21,10800.0,C,0.0,0.0,0.0,0.0,0,0,0.0,368,0.2,6852.66,6913.22,29,0.4849315068493151
^SPX,2026-02-24 16:15:00,SPX,2026-08-21,11200.0,C,0.0,0.0,0.0,0.0,0,0,0.0,431,0.2,6852.66,6913.22,0,0.4849315068493151
^SPX,2026-02-24 16:15:00,SPX,2026-08-21,11600.0,C,0.0,0.0,0.0,0.0,0,0,0.0,404,0.15,6852.66,6913.22,0,0.4849315068493151
^SPX,2026-02-24 16:15:00,SPX,2026-08-21,12000.0,C,0.0,0.0,0.0,0.0,0,0,0.0,439,0.15,6852.66,6913.22,1,0.4849315068493151
^SPX,2026-02-24 16:15:00,SPX,2026-08-21,12400.0,C,0.0,0.0,0.0,0.0,0,0,0.0,469,0.15,6852.66,6913.22,0,0.4849315068493151
^SPX,2026-02-24 16:15:00,SPX,2026-09-18,200.0,C,0.0,0.0,0.0,0.0,0,1,6644.4,1,6664.9,6852.66,6913.22,29,0.5616438356164384
^SPX,2026-02-24 16:15:00,SPX,2026-09-18,400.0,C,0.0,0.0,0.0,0.0,0,2,6450.1,1,6469.4,6852.66,6913.22,1,0.5616438356164384
^SPX,2026-02-24 16:15:00,SPX,2026-09-18,600.0,C,0.0,0.0,0.0,0.0,0,1,6251.8,1,6272.6,6852.66,6913.22,0,0.5616438356164384
^SPX,2026-02-24 16:15:00,SPX,2026-09-18,800.0,C,0.0,0.0,0.0,0.0,0,2,6058.7,1,6077.2,6852.66,6913.22,0,0.5616438356164384
^SPX,2026-02-24 16:15:00,SPX,2026-09-18,1000.0,C,0.0,0.0,0.0,0.0,0,2,5863.4,5,5880.4,6852.66,6913.22,0,0.5616438356164384
^SPX,2026-02-24 16:15:00,SPX,2026-09-18,1200.0,C,0.0,0.0,0.0,0.0,0,5,5667.3,5,5685.0,6852.66,6913.22,0,0.5616438356164384
^SPX,2026-02-24 16:15:00,SPX,2026-09-18,1400.0,C,0.0,0.0,0.0,0.0,0,5,5472.4,5,5489.8,6852.66,6913.22,0,0.5616438356164384
^SPX,2026-02-24 16:15:00,SPX,2026-09-18,1600.0,C,0.0,0.0,0.0,0.0,0,2,5278.1,5,5294.4,6852.66,6913.22,0,0.5616438356164384
^SPX,2026-02-24 16:15:00,SPX,2026-09-18,1800.0,C,0.0,0.0,0.0,0.0,0,5,5082.8,5,5099.2,6852.66,6913.22,0,0.5616438356164384
^SPX,2026-02-24 16:15:00,SPX,2026-09-18,2000.0,C,0.0,0.0,0.0,0.0,0,5,4888.6,5,4904.7,6852.66,6913.22,57,0.5616438356164384
^SPX,2026-02-24 16:15:00,SPX,2026-09-18,2200.0,C,0.0,0.0,0.0,0.0,0,5,4694.4,5,4709.9,6852.66,6913.22,0,0.5616438356164384
^SPX,2026-02-24 16:15:00,SPX,2026-09-18,2300.0,C,0.0,0.0,0.0,0.0,0,5,4597.2,5,4612.5,6852.66,6913.22,18,0.5616438356164384
^SPX,2026-02-24 16:15:00,SPX,2026-09-18,2400.0,C,0.0,0.0,0.0,0.0,0,5,4500.0,5,4515.0,6852.66,6913.22,0,0.5616438356164384
^SPX,2026-02-24 16:15:00,SPX,2026-09-18,2500.0,C,0.0,0.0,0.0,0.0,0,5,4403.2,5,4417.8,6852.66,6913.22,0,0.5616438356164384
^SPX,2026-02-24 16:15:00,SPX,2026-09-18,2600.0,C,0.0,0.0,0.0,0.0,0,5,4305.9,5,4320.5,6852.66,6913.22,0,0.5616438356164384
^SPX,2026-02-24 16:15:00,SPX,2026-09-18,2700.0,C,0.0,0.0,0.0,0.0,0,5,4209.2,5,4223.6,6852.66,6913.22,0,0.5616438356164384
^SPX,2026-02-24 16:15:00,SPX,2026-09-18,2800.0,C,0.0,0.0,0.0,0.0,0,5,4112.4,5,4126.6,6852.66,6913.22,0,0.5616438356164384
^SPX,2026-02-24 16:15:00,SPX,2026-09-18,2900.0,C,0.0,0.0,0.0,0.0,0,5,4015.5,5,4029.5,6852.66,6913.22,0,0.5616438356164384
^SPX,2026-02-24 16:15:00,SPX,2026-09-18,3000.0,C,0.0,0.0,0.0,0.0,0,5,3918.8,5,3932.9,6852.66,6913.22,52,0.5616438356164384
^SPX,2026-02-24 16:15:00,SPX,2026-09-18,3100.0,C,0.0,0.0,0.0,0.0,0,5,3822.3,5,3836.0,6852.66,6913.22,0,0.5616438356164384
^SPX,2026-02-24 16:15:00,SPX,2026-09-18,3200.0,C,0.0,0.0,0.0,0.0,0,5,3725.9,5,3738.9,6852.66,6913.22,6,0.5616438356164384
^SPX,2026-02-24 16:15:00,SPX,2026-09-18,3300.0,C,0.0,0.0,0.0,0.0,0,5,3629.3,5,3642.5,6852.66,6913.22,0,0.5616438356164384
^SPX,2026-02-24 16:15:00,SPX,2026-09-18,3400.0,C,0.0,0.0,0.0,0.0,0,5,3532.5,5,3545.4,6852.66,6913.22,1,0.5616438356164384
^SPX,2026-02-24 16:15:00,SPX,2026-09-18,3450.0,C,0.0,0.0,0.0,0.0,0,5,3484.6,5,3497.4,6852.66,6913.22,0,0.5616438356164384
^SPX,2026-02-24 16:15:00,SPX,2026-09-18,3500.0,C,0.0,0.0,0.0,0.0,0,5,3436.3,5,3448.9,6852.66,6913.22,1,0.5616438356164384
^SPX,2026-02-24 16:15:00,SPX,2026-09-18,3550.0,C,0.0,0.0,0.0,0.0,0,5,3388.1,5,3400.6,6852.66,6913.22,0,0.5616438356164384
^SPX,2026-02-24 16:15:00,SPX,2026-09-18,3600.0,C,0.0,0.0,0.0,0.0,0,2,3343.1,2,3348.0,6852.66,6913.22,0,0.5616438356164384
^SPX,2026-02-24 16:15:00,SPX,2026-09-18,3650.0,C,0.0,0.0,0.0,0.0,0,2,3294.9,2,3299.8,6852.66,6913.22,0,0.5616438356164384
^SPX,2026-02-24 16:15:00,SPX,2026-09-18,3700.0,C,0.0,0.0,0.0,0.0,0,2,3246.9,2,3251.5,6852.66,6913.22,0,0.5616438356164384
^SPX,2026-02-24 16:15:00,SPX,2026-09-18,3750.0,C,0.0,0.0,0.0,0.0,0,2,3198.7,2,3203.5,6852.66,6913.22,0,0.5616438356164384
^SPX,2026-02-24 16:15:00,SPX,2026-09-18,3800.0,C,0.0,0.0,0.0,0.0,0,2,3150.6,2,3155.2,6852.66,6913.22,1,0.5616438356164384
^SPX,2026-02-24 16:15:00,SPX,2026-09-18,3850.0,C,0.0,0.0,0.0,0.0,0,2,3102.3,2,3107.0,6852.66,6913.22,0,0.5616438356164384
^SPX,2026-02-24 16:15:00,SPX,2026-09-18,3900.0,C,0.0,0.0,0.0,0.0,0,2,3054.2,2,3058.9,6852.66,6913.22,0,0.5616438356164384
^SPX,2026-02-24 16:15:00,SPX,2026-09-18,3950.0,C,0.0,0.0,0.0,0.0,0,2,3006.3,2,3010.8,6852.66,6913.22,0,0.5616438356164384
^SPX,2026-02-24 16:15:00,SPX,2026-09-18,3975.0,C,0.0,0.0,0.0,0.0,0,2,2981.7,2,2987.4,6852.66,6913.22,0,0.5616438356164384
^SPX,2026-02-24 16:15:00,SPX,2026-09-18,4000.0,C,0.0,0.0,0.0,0.0,0,2,2958.1,2,2962.7,6852.66,6913.22,14,0.5616438356164384
^SPX,2026-02-24 16:15:00,SPX,2026-09-18,4025.0,C,0.0,0.0,0.0,0.0,0,2,2933.7,2,2939.3,6852.66,6913.22,0,0.5616438356164384
^SPX,2026-02-24 16:15:00,SPX,2026-09-18,4050.0,C,0.0,0.0,0.0,0.0,0,2,2910.1,2,2914.8,6852.66,6913.22,0,0.5616438356164384
^SPX,2026-02-24 16:15:00,SPX,2026-09-18,4075.0,C,0.0,0.0,0.0,0.0,0,2,2885.7,2,2891.3,6852.66,6913.22,0,0.5616438356164384
^SPX,2026-02-24 16:15:00,SPX,2026-09-18,4100.0,C,0.0,0.0,0.0,0.0,0,2,2862.1,2,2866.6,6852.66,6913.22,0,0.5616438356164384
^SPX,2026-02-24 16:15:00,SPX,2026-09-18,4125.0,C,0.0,0.0,0.0,0.0,0,2,2837.8,2,2843.3,6852.66,6913.22,0,0.5616438356164384
^SPX,2026-02-24 16:15:00,SPX,2026-09-18,4150.0,C,0.0,0.0,0.0,0.0,0,2,2814.3,2,2818.6,6852.66,6913.22,1,0.5616438356164384
^SPX,2026-02-24 16:15:00,SPX,2026-09-18,4175.0,C,0.0,0.0,0.0,0.0,0,2,2789.9,2,2795.4,6852.66,6913.22,0,0.5616438356164384
^SPX,2026-02-24 16:15:00,SPX,2026-09-18,4200.0,C,0.0,0.0,0.0,0.0,0,2,2766.4,2,2770.7,6852.66,6913.22,1,0.5616438356164384
^SPX,2026-02-24 16:15:00,SPX,2026-09-18,4225.0,C,0.0,0.0,0.0,0.0,0,2,2741.9,2,2747.3,6852.66,6913.22,0,0.5616438356164384
^SPX,2026-02-24 16:15:00,SPX,2026-09-18,4250.0,C,0.0,0.0,0.0,0.0,0,2,2718.4,2,2722.7,6852.66,6913.22,0,0.5616438356164384
^SPX,2026-02-24 16:15:00,SPX,2026-09-18,4275.0,C,0.0,0.0,0.0,0.0,0,2,2694.1,2,2699.5,6852.66,6913.22,0,0.5616438356164384
^SPX,2026-02-24 16:15:00,SPX,2026-09-18,4300.0,C,0.0,0.0,0.0,0.0,0,2,2670.7,2,2674.9,6852.66,6913.22,0,0.5616438356164384
^SPX,2026-02-24 16:15:00,SPX,2026-09-18,4325.0,C,0.0,0.0,0.0,0.0,0,2,2646.3,2,2651.6,6852.66,6913.22,0,0.5616438356164384
^SPX,2026-02-24 16:15:00,SPX,2026-09-18,4350.0,C,0.0,0.0,0.0,0.0,0,2,2622.8,2,2627.1,6852.66,6913.22,0,0.5616438356164384
^SPX,2026-02-24 16:15:00,SPX,2026-09-18,4375.0,C,0.0,0.0,0.0,0.0,0,2,2598.6,2,2603.8,6852.66,6913.22,0,0.5616438356164384
^SPX,2026-02-24 16:15:00,SPX,2026-09-18,4400.0,C,0.0,0.0,0.0,0.0,0,2,2575.1,2,2579.4,6852.66,6913.22,400,0.5616438356164384
^SPX,2026-02-24 16:15:00,SPX,2026-09-18,4425.0,C,0.0,0.0,0.0,0.0,0,2,2550.9,2,2556.0,6852.66,6913.22,0,0.5616438356164384
^SPX,2026-02-24 16:15:00,SPX,2026-09-18,4450.0,C,0.0,0.0,0.0,0.0,0,2,2527.5,2,2531.6,6852.66,6913.22,400,0.5616438356164384
^SPX,2026-02-24 16:15:00,SPX,2026-09-18,4475.0,C,0.0,0.0,0.0,0.0,0,2,2503.2,2,2508.3,6852.66,6913.22,0,0.5616438356164384
^SPX,2026-02-24 16:15:00,SPX,2026-09-18,4500.0,C,0.0,0.0,0.0,0.0,0,2,2479.8,2,2484.0,6852.66,6913.22,7,0.5616438356164384
^SPX,2026-02-24 16:15:00,SPX,2026-09-18,4525.0,C,0.0,0.0,0.0,0.0,0,2,2455.7,2,2460.8,6852.66,6913.22,0,0.5616438356164384
^SPX,2026-02-24 16:15:00,SPX,2026-09-18,4550.0,C,0.0,0.0,0.0,0.0,0,2,2432.2,2,2436.3,6852.66,6913.22,1,0.5616438356164384
^SPX,2026-02-24 16:15:00,SPX,2026-09-18,4575.0,C,0.0,0.0,0.0,0.0,0,2,2408.1,2,2413.1,6852.66,6913.22,0,0.5616438356164384
^SPX,2026-02-24 16:15:00,SPX,2026-09-18,4600.0,C,0.0,0.0,0.0,0.0,0,2,2384.9,2,2388.8,6852.66,6913.22,1,0.5616438356164384
^SPX,2026-02-24 16:15:00,SPX,2026-09-18,4625.0,C,0.0,0.0,0.0,0.0,0,2,2360.7,2,2365.7,6852.66,6913.22,0,0.5616438356164384
^SPX,2026-02-24 16:15:00,SPX,2026-09-18,4650.0,C,0.0,0.0,0.0,0.0,0,2,2337.3,2,2341.3,6852.66,6913.22,0,0.5616438356164384
^SPX,2026-02-24 16:15:00,SPX,2026-09-18,4675.0,C,0.0,0.0,0.0,0.0,0,2,2313.3,2,2318.2,6852.66,6913.22,0,0.5616438356164384
^SPX,2026-02-24 16:15:00,SPX,2026-09-18,4700.0,C,0.0,0.0,0.0,0.0,0,2,2290.1,2,2293.9,6852.66,6913.22,1,0.5616438356164384
^SPX,2026-02-24 16:15:00,SPX,2026-09-18,4725.0,C,0.0,0.0,0.0,0.0,0,2,2265.9,2,2270.9,6852.66,6913.22,0,0.5616438356164384
^SPX,2026-02-24 16:15:00,SPX,2026-09-18,4750.0,C,0.0,0.0,0.0,0.0,0,2,2242.7,2,2246.6,6852.66,6913.22,0,0.5616438356164384
^SPX,2026-02-24 16:15:00,SPX,2026-09-18,4775.0,C,0.0,0.0,0.0,0.0,0,2,2218.8,2,2223.5,6852.66,6913.22,0,0.5616438356164384
^SPX,2026-02-24 16:15:00,SPX,2026-09-18,4800.0,C,0.0,0.0,0.0,0.0,0,2,2195.5,2,2199.6,6852.66,6913.22,1,0.5616438356164384
^SPX,2026-02-24 16:15:00,SPX,2026-09-18,4825.0,C,0.0,0.0,0.0,0.0,0,2,2171.7,2,2176.4,6852.66,6913.22,1,0.5616438356164384
^SPX,2026-02-24 16:15:00,SPX,2026-09-18,4850.0,C,0.0,0.0,0.0,0.0,0,2,2148.6,2,2152.3,6852.66,6913.22,0,0.5616438356164384
^SPX,2026-02-24 16:15:00,SPX,2026-09-18,4875.0,C,0.0,0.0,0.0,0.0,0,2,2124.7,2,2129.3,6852.66,6913.22,0,0.5616438356164384
^SPX,2026-02-24 16:15:00,SPX,2026-09-18,4900.0,C,0.0,0.0,0.0,0.0,0,2,2101.6,2,2105.2,6852.66,6913.22,0,0.5616438356164384
^SPX,2026-02-24 16:15:00,SPX,2026-09-18,4925.0,C,0.0,0.0,0.0,0.0,0,2,2077.6,2,2082.3,6852.66,6913.22,0,0.5616438356164384
^SPX,2026-02-24 16:15:00,SPX,2026-09-18,4950.0,C,0.0,0.0,0.0,0.0,0,2,2054.7,2,2058.4,6852.66,6913.22,3,0.5616438356164384
^SPX,2026-02-24 16:15:00,SPX,2026-09-18,4975.0,C,0.0,0.0,0.0,0.0,0,2,2030.7,2,2035.5,6852.66,6913.22,1,0.5616438356164384
^SPX,2026-02-24 16:15:00,SPX,2026-09-18,5000.0,C,0.0,0.0,0.0,0.0,0,2,2007.8,2,2011.5,6852.66,6913.22,26522,0.5616438356164384
^SPX,2026-02-24 16:15:00,SPX,2026-09-18,5025.0,C,0.0,0.0,0.0,0.0,0,2,1984.2,2,1988.7,6852.66,6913.22,0,0.5616438356164384
^SPX,2026-02-24 16:15:00,SPX,2026-09-18,5050.0,C,0.0,0.0,0.0,0.0,0,2,1961.3,2,1964.8,6852.66,6913.22,5,0.5616438356164384
^SPX,2026-02-24 16:15:00,SPX,2026-09-18,5075.0,C,0.0,0.0,0.0,0.0,0,2,1937.6,2,1942.0,6852.66,6913.22,0,0.5616438356164384
^SPX,2026-02-24 16:15:00,SPX,2026-09-18,5100.0,C,0.0,0.0,0.0,0.0,0,2,1914.7,2,1918.3,6852.66,6913.22,16,0.5616438356164384
^SPX,2026-02-24 16:15:00,SPX,2026-09-18,5125.0,C,0.0,0.0,0.0,0.0,0,2,1891.1,2,1895.5,6852.66,6913.22,0,0.5616438356164384
^SPX,2026-02-24 16:15:00,SPX,2026-09-18,5150.0,C,0.0,0.0,0.0,0.0,0,2,1868.2,2,1871.9,6852.66,6913.22,1,0.5616438356164384
^SPX,2026-02-24 16:15:00,SPX,2026-09-18,5175.0,C,0.0,0.0,0.0,0.0,0,2,1844.8,2,1849.1,6852.66,6913.22,3,0.5616438356164384
^SPX,2026-02-24 16:15:00,SPX,2026-09-18,5200.0,C,0.0,0.0,0.0,0.0,0,2,1821.9,2,1825.6,6852.66,6913.22,3,0.5616438356164384
^SPX,2026-02-24 16:15:00,SPX,2026-09-18,5225.0,C,0.0,0.0,0.0,0.0,0,2,1798.6,2,1802.9,6852.66,6913.22,0,0.5616438356164384
^SPX,2026-02-24 16:15:00,SPX,2026-09-18,5250.0,C,0.0,0.0,0.0,0.0,0,2,1775.9,2,1779.4,6852.66,6913.22,4,0.5616438356164384
^SPX,2026-02-24 16:15:00,SPX,2026-09-18,5275.0,C,0.0,0.0,0.0,0.0,0,2,1752.6,2,1756.8,6852.66,6913.22,0,0.5616438356164384
^SPX,2026-02-24 16:15:00,SPX,2026-09-18,5300.0,C,0.0,0.0,0.0,0.0,0,2,1730.0,2,1733.4,6852.66,6913.22,1,0.5616438356164384
^SPX,2026-02-24 16:15:00,SPX,2026-09-18,5325.0,C,0.0,0.0,0.0,0.0,0,2,1706.6,2,1710.9,6852.66,6913.22,0,0.5616438356164384
^SPX,2026-02-24 16:15:00,SPX,2026-09-18,5350.0,C,0.0,0.0,0.0,0.0,0,2,1684.1,2,1687.6,6852.66,6913.22,0,0.5616438356164384
^SPX,2026-02-24 16:15:00,SPX,2026-09-18,5375.0,C,0.0,0.0,0.0,0.0,0,2,1660.9,2,1665.1,6852.66,6913.22,0,0.5616438356164384
^SPX,2026-02-24 16:15:00,SPX,2026-09-18,5400.0,C,0.0,0.0,0.0,0.0,0,2,1638.6,2,1641.9,6852.66,6913.22,506,0.5616438356164384
^SPX,2026-02-24 16:15:00,SPX,2026-09-18,5425.0,C,0.0,0.0,0.0,0.0,0,2,1615.4,2,1619.6,6852.66,6913.22,1,0.5616438356164384
^SPX,2026-02-24 16:15:00,SPX,2026-09-18,5450.0,C,0.0,0.0,0.0,0.0,0,2,1593.2,2,1596.3,6852.66,6913.22,3,0.5616438356164384
^SPX,2026-02-24 16:15:00,SPX,2026-09-18,5475.0,C,0.0,0.0,0.0,0.0,0,2,1570.2,2,1574.1,6852.66,6913.22,0,0.5616438356164384
^SPX,2026-02-24 16:15:00,SPX,2026-09-18,5500.0,C,1490.53,1490.53,1490.53,1490.53,1,2,1547.9,2,1551.1,6852.66,6913.22,32,0.5616438356164384
^SPX,2026-02-24 16:15:00,SPX,2026-09-18,5525.0,C,0.0,0.0,0.0,0.0,0,2,1525.1,2,1528.8,6852.66,6913.22,5,0.5616438356164384
^SPX,2026-02-24 16:15:00,SPX,2026-09-18,5550.0,C,0.0,0.0,0.0,0.0,0,2,1502.8,2,1506.0,6852.66,6913.22,1,0.5616438356164384
^SPX,2026-02-24 16:15:00,SPX,2026-09-18,5575.0,C,0.0,0.0,0.0,0.0,0,2,1480.2,2,1483.7,6852.66,6913.22,0,0.5616438356164384
^SPX,2026-02-24 16:15:00,SPX,2026-09-18,5600.0,C,0.0,0.0,0.0,0.0,0,2,1458.1,2,1460.9,6852.66,6913.22,58,0.5616438356164384
^SPX,2026-02-24 16:15:00,SPX,2026-09-18,5625.0,C,0.0,0.0,0.0,0.0,0,2,1435.5,2,1439.2,6852.66,6913.22,0,0.5616438356164384
^SPX,2026-02-24 16:15:00,SPX,2026-09-18,5650.0,C,0.0,0.0,0.0,0.0,0,2,1413.4,2,1416.5,6852.66,6913.22,72,0.5616438356164384
^SPX,2026-02-24 16:15:00,SPX,2026-09-18,5675.0,C,0.0,0.0,0.0,0.0,0,2,1391.0,2,1394.7,6852.66,6913.22,70,0.5616438356164384
^SPX,2026-02-24 16:15:00,SPX,2026-09-18,5700.0,C,0.0,0.0,0.0,0.0,0,2,1369.2,2,1372.1,6852.66,6913.22,11,0.5616438356164384
^SPX,2026-02-24 16:15:00,SPX,2026-09-18,5725.0,C,0.0,0.0,0.0,0.0,0,2,1346.8,2,1350.4,6852.66,6913.22,3,0.5616438356164384
^SPX,2026-02-24 16:15:00,SPX,2026-09-18,5750.0,C,0.0,0.0,0.0,0.0,0,2,1325.1,2,1327.8,6852.66,6913.22,6,0.5616438356164384
^SPX,2026-02-24 16:15:00,SPX,2026-09-18,5775.0,C,0.0,0.0,0.0,0.0,0,2,1302.7,2,1306.3,6852.66,6913.22,4,0.5616438356164384
^SPX,2026-02-24 16:15:00,SPX,2026-09-18,5800.0,C,0.0,0.0,0.0,0.0,0,2,1281.3,2,1284.1,6852.66,6913.22,55,0.5616438356164384
^SPX,2026-02-24 16:15:00,SPX,2026-09-18,5825.0,C,0.0,0.0,0.0,0.0,0,2,1259.2,2,1262.7,6852.66,6913.22,6,0.5616438356164384
^SPX,2026-02-24 16:15:00,SPX,2026-09-18,5850.0,C,0.0,0.0,0.0,0.0,0,2,1237.6,2,1240.5,6852.66,6913.22,43,0.5616438356164384
^SPX,2026-02-24 16:15:00,SPX,2026-09-18,5875.0,C,0.0,0.0,0.0,0.0,0,2,1215.8,2,1219.2,6852.66,6913.22,7,0.5616438356164384
^SPX,2026-02-24 16:15:00,SPX,2026-09-18,5900.0,C,1200.94,1200.94,1200.94,1200.94,1,2,1194.5,2,1197.2,6852.66,6913.22,102,0.5616438356164384
^SPX,2026-02-24 16:15:00,SPX,2026-09-18,5925.0,C,0.0,0.0,0.0,0.0,0,2,1172.7,2,1176.1,6852.66,6913.22,5,0.5616438356164384
^SPX,2026-02-24 16:15:00,SPX,2026-09-18,5950.0,C,0.0,0.0,0.0,0.0,0,2,1151.5,2,1154.2,6852.66,6913.22,54,0.5616438356164384
^SPX,2026-02-24 16:15:00,SPX,2026-09-18,5975.0,C,0.0,0.0,0.0,0.0,0,2,1129.8,2,1133.2,6852.66,6913.22,2,0.5616438356164384
^SPX,2026-02-24 16:15:00,SPX,2026-09-18,6000.0,C,1057.48,1057.48,1057.48,1057.48,1,2,1108.8,2,1111.5,6852.66,6913.22,33558,0.5616438356164384
^SPX,2026-02-24 16:15:00,SPX,2026-09-18,6025.0,C,0.0,0.0,0.0,0.0,0,2,1087.3,2,1090.7,6852.66,6913.22,55,0.5616438356164384
^SPX,2026-02-24 16:15:00,SPX,2026-09-18,6050.0,C,0.0,0.0,0.0,0.0,0,2,1066.6,2,1069.2,6852.66,6913.22,257,0.5616438356164384
^SPX,2026-02-24 16:15:00,SPX,2026-09-18,6075.0,C,0.0,0.0,0.0,0.0,0,2,1045.3,2,1048.6,6852.66,6913.22,9,0.5616438356164384
^SPX,2026-02-24 16:15:00,SPX,2026-09-18,6100.0,C,0.0,0.0,0.0,0.0,0,2,1024.5,2,1027.1,6852.66,6913.22,540,0.5616438356164384
^SPX,2026-02-24 16:15:00,SPX,2026-09-18,6125.0,C,0.0,0.0,0.0,0.0,0,2,1003.4,2,1006.7,6852.66,6913.22,32,0.5616438356164384
^SPX,2026-02-24 16:15:00,SPX,2026-09-18,6150.0,C,0.0,0.0,0.0,0.0,0,2,982.9,2,985.4,6852.66,6913.22,390,0.5616438356164384
^SPX,2026-02-24 16:15:00,SPX,2026-09-18,6175.0,C,0.0,0.0,0.0,0.0,0,2,962.1,2,965.1,6852.66,6913.22,186,0.5616438356164384
^SPX,2026-02-24 16:15:00,SPX,2026-09-18,6200.0,C,0.0,0.0,0.0,0.0,0,2,941.7,2,944.1,6852.66,6913.22,2364,0.5616438356164384
^SPX,2026-02-24 16:15:00,SPX,2026-09-18,6225.0,C,0.0,0.0,0.0,0.0,0,2,921.1,2,924.0,6852.66,6913.22,150,0.5616438356164384
^SPX,2026-02-24 16:15:00,SPX,2026-09-18,6250.0,C,0.0,0.0,0.0,0.0,0,2,900.8,2,903.3,6852.66,6913.22,220,0.5616438356164384
^SPX,2026-02-24 16:15:00,SPX,2026-09-18,6275.0,C,0.0,0.0,0.0,0.0,0,2,880.3,2,883.3,6852.66,6913.22,109,0.5616438356164384
^SPX,2026-02-24 16:15:00,SPX,2026-09-18,6300.0,C,0.0,0.0,0.0,0.0,0,2,860.5,2,862.8,6852.66,6913.22,2538,0.5616438356164384
^SPX,2026-02-24 16:15:00,SPX,2026-09-18,6325.0,C,840.85,840.85,840.85,840.85,1,2,840.2,2,843.0,6852.66,6913.22,620,0.5616438356164384
^SPX,2026-02-24 16:15:00,SPX,2026-09-18,6350.0,C,820.8,820.8,820.8,820.8,1,2,820.4,2,822.6,6852.66,6913.22,1246,0.5616438356164384
^SPX,2026-02-24 16:15:00,SPX,2026-09-18,6375.0,C,0.0,0.0,0.0,0.0,0,1,800.7,1,802.4,6852.66,6913.22,223,0.5616438356164384
^SPX,2026-02-24 16:15:00,SPX,2026-09-18,6400.0,C,0.0,0.0,0.0,0.0,0,1,781.0,1,782.6,6852.66,6913.22,3172,0.5616438356164384
^SPX,2026-02-24 16:15:00,SPX,2026-09-18,6425.0,C,0.0,0.0,0.0,0.0,0,1,761.3,1,763.0,6852.66,6913.22,47,0.5616438356164384
^SPX,2026-02-24 16:15:00,SPX,2026-09-18,6450.0,C,0.0,0.0,0.0,0.0,0,13,742.1,1,743.5,6852.66,6913.22,2950,0.5616438356164384
^SPX,2026-02-24 16:15:00,SPX,2026-09-18,6475.0,C,0.0,0.0,0.0,0.0,0,13,722.7,1,724.1,6852.66,6913.22,1318,0.5616438356164384
^SPX,2026-02-24 16:15:00,SPX,2026-09-18,6500.0,C,692.08,692.08,692.08,692.08,1,13,703.4,1,704.8,6852.66,6913.22,4597,0.5616438356164384
^SPX,2026-02-24 16:15:00,SPX,2026-09-18,6525.0,C,0.0,0.0,0.0,0.0,0,13,684.3,1,685.7,6852.66,6913.22,1819,0.5616438356164384
^SPX,2026-02-24 16:15:00,SPX,2026-09-18,6550.0,C,0.0,0.0,0.0,0.0,0,13,665.3,1,666.7,6852.66,6913.22,2820,0.5616438356164384
^SPX,2026-02-24 16:15:00,SPX,2026-09-18,6575.0,C,0.0,0.0,0.0,0.0,0,9,646.4,1,647.9,6852.66,6913.22,1897,0.5616438356164384
^SPX,2026-02-24 16:15:00,SPX,2026-09-18,6600.0,C,0.0,0.0,0.0,0.0,0,13,627.8,1,629.1,6852.66,6913.22,9011,0.5616438356164384
^SPX,2026-02-24 16:15:00,SPX,2026-09-18,6625.0,C,0.0,0.0,0.0,0.0,0,13,609.1,1,610.6,6852.66,6913.22,829,0.5616438356164384
^SPX,2026-02-24 16:15:00,SPX,2026-09-18,6650.0,C,0.0,0.0,0.0,0.0,0,13,590.8,1,592.2,6852.66,6913.22,2058,0.5616438356164384
^SPX,2026-02-24 16:15:00,SPX,2026-09-18,6675.0,C,574.96,574.98,574.95,574.95,5,13,572.5,1,573.9,6852.66,6913.22,567,0.5616438356164384
^SPX,2026-02-24 16:15:00,SPX,2026-09-18,6700.0,C,527.4,541.22,527.4,541.22,14,13,554.5,1,555.8,6852.66,6913.22,5650,0.5616438356164384
^SPX,2026-02-24 16:15:00,SPX,2026-09-18,6725.0,C,0.0,0.0,0.0,0.0,0,21,536.5,10,537.9,6852.66,6913.22,677,0.5616438356164384
^SPX,2026-02-24 16:15:00,SPX,2026-09-18,6750.0,C,0.0,0.0,0.0,0.0,0,24,518.8,17,520.2,6852.66,6913.22,2031,0.5616438356164384
^SPX,2026-02-24 16:15:00,SPX,2026-09-18,6775.0,C,0.0,0.0,0.0,0.0,0,23,501.3,11,502.7,6852.66,6913.22,438,0.5616438356164384
^SPX,2026-02-24 16:15:00,SPX,2026-09-18,6800.0,C,468.9,488.75,468.9,482.05,559,30,483.9,17,485.2,6852.66,6913.22,4846,0.5616438356164384
^SPX,2026-02-24 16:15:00,SPX,2026-09-18,6825.0,C,436.0,470.2,434.0,470.2,4,24,466.8,12,468.2,6852.66,6913.22,825,0.5616438356164384
^SPX,2026-02-24 16:15:00,SPX,2026-09-18,6850.0,C,451.1,453.2,450.2,450.2,5,30,449.9,18,451.3,6852.66,6913.22,3637,0.5616438356164384
^SPX,2026-02-24 16:15:00,SPX,2026-09-18,6875.0,C,424.76,424.76,424.76,424.76,120,29,433.2,17,434.6,6852.66,6913.22,709,0.5616438356164384
^SPX,2026-02-24 16:15:00,SPX,2026-09-18,6900.0,C,407.59,420.53,407.59,417.28,61,31,416.8,18,418.1,6852.66,6913.22,4966,0.5616438356164384
^SPX,2026-02-24 16:15:00,SPX,2026-09-18,6925.0,C,401.7,403.5,401.6,403.5,4,36,400.5,12,401.7,6852.66,6913.22,692,0.5616438356164384
^SPX,2026-02-24 16:15:00,SPX,2026-09-18,6950.0,C,385.6,387.5,385.6,387.5,2,32,384.6,20,385.8,6852.66,6913.22,1930,0.5616438356164384
^SPX,2026-02-24 16:15:00,SPX,2026-09-18,6975.0,C,368.7,371.7,368.49,368.49,57,20,368.9,21,370.1,6852.66,6913.22,1334,0.5616438356164384
^SPX,2026-02-24 16:15:00,SPX,2026-09-18,7000.0,C,334.72,355.9,330.0,353.09,455,36,353.4,20,354.5,6852.66,6913.22,33640,0.5616438356164384
^SPX,2026-02-24 16:15:00,SPX,2026-09-18,7025.0,C,326.79,326.79,320.7,320.7,500,30,338.3,30,339.3,6852.66,6913.22,1005,0.5616438356164384
^SPX,2026-02-24 16:15:00,SPX,2026-09-18,7050.0,C,324.77,324.77,321.5,321.5,3,33,323.4,31,324.4,6852.66,6913.22,4286,0.5616438356164384
^SPX,2026-02-24 16:15:00,SPX,2026-09-18,7075.0,C,307.21,312.75,306.23,312.75,600,45,308.8,28,309.8,6852.66,6913.22,572,0.5616438356164384
^SPX,2026-02-24 16:15:00,SPX,2026-09-18,7100.0,C,296.2,296.2,296.2,296.2,1,45,294.5,28,295.5,6852.66,6913.22,8030,0.5616438356164384
^SPX,2026-02-24 16:15:00,SPX,2026-09-18,7125.0,C,0.0,0.0,0.0,0.0,0,22,280.6,33,281.6,6852.66,6913.22,1501,0.5616438356164384
^SPX,2026-02-24 16:15:00,SPX,2026-09-18,7150.0,C,267.19,267.19,266.97,266.97,400,48,266.9,29,267.9,6852.66,6913.22,2412,0.5616438356164384
^SPX,2026-02-24 16:15:00,SPX,2026-09-18,7175.0,C,253.3,255.8,253.3,255.1,3,24,253.7,32,254.7,6852.66,6913.22,1913,0.5616438356164384
^SPX,2026-02-24 16:15:00,SPX,2026-09-18,7200.0,C,240.3,242.8,240.3,242.8,2,56,240.7,32,241.7,6852.66,6913.22,7253,0.5616438356164384
^SPX,2026-02-24 16:15:00,SPX,2026-09-18,7225.0,C,227.9,230.1,227.9,230.1,2,38,228.2,36,229.4,6852.66,6913.22,882,0.5616438356164384
^SPX,2026-02-24 16:15:00,SPX,2026-09-18,7250.0,C,208.58,217.9,208.58,217.9,102,50,216.0,35,217.0,6852.66,6913.22,2762,0.5616438356164384
^SPX,2026-02-24 16:15:00,SPX,2026-09-18,7275.0,C,204.8,205.9,204.8,205.9,2,41,204.2,25,205.2,6852.66,6913.22,828,0.5616438356164384
^SPX,2026-02-24 16:15:00,SPX,2026-09-18,7300.0,C,187.9,194.5,187.9,191.15,5,52,192.8,38,193.8,6852.66,6913.22,6493,0.5616438356164384
^SPX,2026-02-24 16:15:00,SPX,2026-09-18,7325.0,C,174.0,183.5,174.0,183.5,4,61,181.7,36,182.8,6852.66,6913.22,2318,0.5616438356164384
^SPX,2026-02-24 16:15:00,SPX,2026-09-18,7350.0,C,163.8,172.9,163.8,170.0,406,63,171.1,37,172.1,6852.66,6913.22,1350,0.5616438356164384
^SPX,2026-02-24 16:15:00,SPX,2026-09-18,7375.0,C,158.9,161.74,158.9,159.55,126,66,160.9,40,161.9,6852.66,6913.22,628,0.5616438356164384
^SPX,2026-02-24 16:15:00,SPX,2026-09-18,7400.0,C,147.54,151.9,145.9,149.93,365,62,151.2,73,152.2,6852.66,6913.22,8304,0.5616438356164384
^SPX,2026-02-24 16:15:00,SPX,2026-09-18,7425.0,C,140.81,140.81,140.78,140.78,8,50,141.8,50,142.8,6852.66,6913.22,813,0.5616438356164384
^SPX,2026-02-24 16:15:00,SPX,2026-09-18,7450.0,C,130.2,132.0,130.2,132.0,402,86,132.8,73,133.8,6852.66,6913.22,2145,0.5616438356164384
^SPX,2026-02-24 16:15:00,SPX,2026-09-18,7475.0,C,121.8,124.59,120.07,124.01,29,84,124.3,72,125.3,6852.66,6913.22,393,0.5616438356164384
^SPX,2026-02-24 16:15:00,SPX,2026-09-18,7500.0,C,105.72,117.08,103.0,116.2,387,62,116.2,72,117.1,6852.66,6913.22,5280,0.5616438356164384
^SPX,2026-02-24 16:15:00,SPX,2026-09-18,7525.0,C,109.09,109.23,107.53,109.23,26,120,108.4,52,109.3,6852.66,6913.22,1995,0.5616438356164384
^SPX,2026-02-24 16:15:00,SPX,2026-09-18,7550.0,C,101.94,102.3,100.79,100.79,128,64,101.1,81,102.0,6852.66,6913.22,1368,0.5616438356164384
^SPX,2026-02-24 16:15:00,SPX,2026-09-18,7575.0,C,93.9,95.3,93.9,95.3,2,68,94.2,65,95.1,6852.66,6913.22,294,0.5616438356164384
^SPX,2026-02-24 16:15:00,SPX,2026-09-18,7600.0,C,88.5,89.2,87.45,87.45,18,123,87.6,91,88.5,6852.66,6913.22,7905,0.5616438356164384
^SPX,2026-02-24 16:15:00,SPX,2026-09-18,7625.0,C,81.3,82.4,81.3,82.4,2,93,81.4,71,82.3,6852.66,6913.22,434,0.5616438356164384
^SPX,2026-02-24 16:15:00,SPX,2026-09-18,7650.0,C,75.5,76.6,75.5,76.6,2,98,75.6,101,76.4,6852.66,6913.22,2894,0.5616438356164384
^SPX,2026-02-24 16:15:00,SPX,2026-09-18,7675.0,C,0.0,0.0,0.0,0.0,0,101,70.1,78,71.0,6852.66,6913.22,825,0.5616438356164384
^SPX,2026-02-24 16:15:00,SPX,2026-09-18,7700.0,C,64.9,65.9,64.7,65.15,14,171,64.9,72,65.7,6852.66,6913.22,3486,0.5616438356164384
^SPX,2026-02-24 16:15:00,SPX,2026-09-18,7725.0,C,0.0,0.0,0.0,0.0,0,119,60.1,86,61.0,6852.66,6913.22,706,0.5616438356164384
^SPX,2026-02-24 16:15:00,SPX,2026-09-18,7750.0,C,54.1,54.1,54.1,54.1,1,124,55.6,92,56.4,6852.66,6913.22,653,0.5616438356164384
^SPX,2026-02-24 16:15:00,SPX,2026-09-18,7775.0,C,0.0,0.0,0.0,0.0,0,125,51.4,100,52.2,6852.66,6913.22,176,0.5616438356164384
^SPX,2026-02-24 16:15:00,SPX,2026-09-18,7800.0,C,0.0,0.0,0.0,0.0,0,195,47.5,132,48.2,6852.66,6913.22,7065,0.5616438356164384
^SPX,2026-02-24 16:15:00,SPX,2026-09-18,7825.0,C,0.0,0.0,0.0,0.0,0,105,43.9,151,44.5,6852.66,6913.22,3135,0.5616438356164384
^SPX,2026-02-24 16:15:00,SPX,2026-09-18,7850.0,C,0.0,0.0,0.0,0.0,0,74,40.5,117,41.2,6852.66,6913.22,450,0.5616438356164384
^SPX,2026-02-24 16:15:00,SPX,2026-09-18,7875.0,C,0.0,0.0,0.0,0.0,0,112,37.3,129,38.0,6852.66,6913.22,110,0.5616438356164384
^SPX,2026-02-24 16:15:00,SPX,2026-09-18,7900.0,C,34.3,35.0,34.3,35.0,2,159,34.4,190,35.1,6852.66,6913.22,6199,0.5616438356164384
^SPX,2026-02-24 16:15:00,SPX,2026-09-18,7950.0,C,29.3,29.7,29.3,29.7,2,107,29.2,186,29.7,6852.66,6913.22,1600,0.5616438356164384
^SPX,2026-02-24 16:15:00,SPX,2026-09-18,8000.0,C,24.1,25.2,24.1,25.1,7,266,24.7,222,25.3,6852.66,6913.22,11334,0.5616438356164384
^SPX,2026-02-24 16:15:00,SPX,2026-09-18,8100.0,C,17.0,18.1,17.0,18.0,207,361,17.7,314,18.2,6852.66,6913.22,8292,0.5616438356164384
^SPX,2026-02-24 16:15:00,SPX,2026-09-18,8200.0,C,12.89,12.93,12.89,12.93,2,371,12.7,175,13.1,6852.66,6913.22,8035,0.5616438356164384
^SPX,2026-02-24 16:15:00,SPX,2026-09-18,8300.0,C,0.0,0.0,0.0,0.0,0,204,9.2,200,9.5,6852.66,6913.22,3272,0.5616438356164384
^SPX,2026-02-24 16:15:00,SPX,2026-09-18,8400.0,C,0.0,0.0,0.0,0.0,0,575,6.6,338,7.0,6852.66,6913.22,3979,0.5616438356164384
^SPX,2026-02-24 16:15:00,SPX,2026-09-18,8500.0,C,4.9,5.0,4.9,4.9,120,232,4.9,438,5.2,6852.66,6913.22,5424,0.5616438356164384
^SPX,2026-02-24 16:15:00,SPX,2026-09-18,8600.0,C,3.62,3.72,3.6,3.69,198,578,3.6,472,3.9,6852.66,6913.22,5913,0.5616438356164384
^SPX,2026-02-24 16:15:00,SPX,2026-09-18,8800.0,C,2.04,2.09,2.04,2.09,6,15,2.1,590,2.35,6852.66,6913.22,3979,0.5616438356164384
^SPX,2026-02-24 16:15:00,SPX,2026-09-18,9000.0,C,1.4,1.4,1.27,1.31,4,463,1.25,613,1.5,6852.66,6913.22,3023,0.5616438356164384
^SPX,2026-02-24 16:15:00,SPX,2026-09-18,9200.0,C,0.95,0.95,0.9,0.9,2,1077,0.75,136,1.0,6852.66,6913.22,3939,0.5616438356164384
^SPX,2026-02-24 16:15:00,SPX,2026-09-18,9400.0,C,0.0,0.0,0.0,0.0,0,706,0.55,917,0.8,6852.66,6913.22,3314,0.5616438356164384
^SPX,2026-02-24 16:15:00,SPX,2026-09-18,9600.0,C,0.5,0.5,0.5,0.5,2,703,0.35,638,0.65,6852.66,6913.22,79,0.5616438356164384
^SPX,2026-02-24 16:15:00,SPX,2026-09-18,9800.0,C,0.0,0.0,0.0,0.0,0,685,0.3,951,0.55,6852.66,6913.22,4556,0.5616438356164384
^SPX,2026-02-24 16:15:00,SPX,2026-10-16,200.0,C,0.0,0.0,0.0,0.0,0,1,6641.4,1,6662.0,6852.66,6913.22,13,0.6383561643835617
^SPX,2026-02-24 16:15:00,SPX,2026-10-16,400.0,C,0.0,0.0,0.0,0.0,0,1,6446.6,1,6467.1,6852.66,6913.22,1,0.6383561643835617
^SPX,2026-02-24 16:15:00,SPX,2026-10-16,600.0,C,0.0,0.0,0.0,0.0,0,1,6251.7,1,6272.3,6852.66,6913.22,31,0.6383561643835617
^SPX,2026-02-24 16:15:00,SPX,2026-10-16,800.0,C,0.0,0.0,0.0,0.0,0,1,6056.9,1,6077.4,6852.66,6913.22,1,0.6383561643835617
^SPX,2026-02-24 16:15:00,SPX,2026-10-16,1000.0,C,0.0,0.0,0.0,0.0,0,1,5862.1,5,5880.0,6852.66,6913.22,42,0.6383561643835617
^SPX,2026-02-24 16:15:00,SPX,2026-10-16,1200.0,C,0.0,0.0,0.0,0.0,0,1,5667.5,5,5685.4,6852.66,6913.22,5,0.6383561643835617
^SPX,2026-02-24 16:15:00,SPX,2026-10-16,1400.0,C,0.0,0.0,0.0,0.0,0,5,5472.9,5,5490.8,6852.66,6913.22,165,0.6383561643835617
^SPX,2026-02-24 16:15:00,SPX,2026-10-16,1600.0,C,0.0,0.0,0.0,0.0,0,5,5278.9,5,5296.5,6852.66,6913.22,31,0.6383561643835617
^SPX,2026-02-24 16:15:00,SPX,2026-10-16,1800.0,C,0.0,0.0,0.0,0.0,0,5,5084.9,5,5101.7,6852.66,6913.22,0,0.6383561643835617
^SPX,2026-02-24 16:15:00,SPX,2026-10-16,2000.0,C,0.0,0.0,0.0,0.0,0,5,4891.0,5,4907.4,6852.66,6913.22,1,0.6383561643835617
^SPX,2026-02-24 16:15:00,SPX,2026-10-16,2200.0,C,0.0,0.0,0.0,0.0,0,5,4697.6,5,4713.5,6852.66,6913.22,0,0.6383561643835617
^SPX,2026-02-24 16:15:00,SPX,2026-10-16,2400.0,C,0.0,0.0,0.0,0.0,0,5,4504.4,5,4519.9,6852.66,6913.22,0,0.6383561643835617
^SPX,2026-02-24 16:15:00,SPX,2026-10-16,2600.0,C,0.0,0.0,0.0,0.0,0,5,4311.3,5,4325.5,6852.66,6913.22,0,0.6383561643835617
^SPX,2026-02-24 16:15:00,SPX,2026-10-16,2700.0,C,0.0,0.0,0.0,0.0,0,5,4214.5,5,4229.3,6852.66,6913.22,0,0.6383561643835617
^SPX,2026-02-24 16:15:00,SPX,2026-10-16,2800.0,C,0.0,0.0,0.0,0.0,0,5,4118.3,5,4132.9,6852.66,6913.22,0,0.6383561643835617
^SPX,2026-02-24 16:15:00,SPX,2026-10-16,2900.0,C,0.0,0.0,0.0,0.0,0,5,4021.9,5,4036.3,6852.66,6913.22,0,0.6383561643835617
^SPX,2026-02-24 16:15:00,SPX,2026-10-16,3000.0,C,0.0,0.0,0.0,0.0,0,5,3926.0,5,3939.9,6852.66,6913.22,1,0.6383561643835617
^SPX,2026-02-24 16:15:00,SPX,2026-10-16,3100.0,C,0.0,0.0,0.0,0.0,0,5,3829.3,5,3843.2,6852.66,6913.22,0,0.6383561643835617
^SPX,2026-02-24 16:15:00,SPX,2026-10-16,3200.0,C,0.0,0.0,0.0,0.0,0,5,3733.2,5,3746.9,6852.66,6913.22,1,0.6383561643835617
^SPX,2026-02-24 16:15:00,SPX,2026-10-16,3300.0,C,0.0,0.0,0.0,0.0,0,5,3637.1,5,3650.7,6852.66,6913.22,0,0.6383561643835617
^SPX,2026-02-24 16:15:00,SPX,2026-10-16,3400.0,C,0.0,0.0,0.0,0.0,0,5,3541.1,5,3554.3,6852.66,6913.22,1,0.6383561643835617
^SPX,2026-02-24 16:15:00,SPX,2026-10-16,3500.0,C,0.0,0.0,0.0,0.0,0,2,3448.9,2,3454.2,6852.66,6913.22,0,0.6383561643835617
^SPX,2026-02-24 16:15:00,SPX,2026-10-16,3600.0,C,0.0,0.0,0.0,0.0,0,2,3352.9,2,3358.1,6852.66,6913.22,0,0.6383561643835617
^SPX,2026-02-24 16:15:00,SPX,2026-10-16,3700.0,C,0.0,0.0,0.0,0.0,0,2,3257.0,2,3262.1,6852.66,6913.22,0,0.6383561643835617
^SPX,2026-02-24 16:15:00,SPX,2026-10-16,3800.0,C,0.0,0.0,0.0,0.0,0,2,3161.2,2,3166.3,6852.66,6913.22,0,0.6383561643835617
^SPX,2026-02-24 16:15:00,SPX,2026-10-16,3900.0,C,0.0,0.0,0.0,0.0,0,2,3065.5,2,3070.3,6852.66,6913.22,0,0.6383561643835617
^SPX,2026-02-24 16:15:00,SPX,2026-10-16,4000.0,C,0.0,0.0,0.0,0.0,0,2,2970.0,2,2974.7,6852.66,6913.22,2,0.6383561643835617
^SPX,2026-02-24 16:15:00,SPX,2026-10-16,4050.0,C,0.0,0.0,0.0,0.0,0,2,2922.0,2,2926.9,6852.66,6913.22,0,0.6383561643835617
^SPX,2026-02-24 16:15:00,SPX,2026-10-16,4100.0,C,0.0,0.0,0.0,0.0,0,2,2874.3,2,2879.2,6852.66,6913.22,0,0.6383561643835617
^SPX,2026-02-24 16:15:00,SPX,2026-10-16,4150.0,C,0.0,0.0,0.0,0.0,0,2,2826.9,2,2831.5,6852.66,6913.22,0,0.6383561643835617
^SPX,2026-02-24 16:15:00,SPX,2026-10-16,4200.0,C,0.0,0.0,0.0,0.0,0,2,2779.2,2,2783.9,6852.66,6913.22,0,0.6383561643835617
^SPX,2026-02-24 16:15:00,SPX,2026-10-16,4250.0,C,0.0,0.0,0.0,0.0,0,2,2731.7,2,2736.2,6852.66,6913.22,0,0.6383561643835617
^SPX,2026-02-24 16:15:00,SPX,2026-10-16,4300.0,C,0.0,0.0,0.0,0.0,0,2,2684.2,2,2688.6,6852.66,6913.22,0,0.6383561643835617
^SPX,2026-02-24 16:15:00,SPX,2026-10-16,4350.0,C,0.0,0.0,0.0,0.0,0,2,2636.5,2,2641.2,6852.66,6913.22,0,0.6383561643835617
^SPX,2026-02-24 16:15:00,SPX,2026-10-16,4400.0,C,0.0,0.0,0.0,0.0,0,2,2589.1,2,2593.7,6852.66,6913.22,0,0.6383561643835617
^SPX,2026-02-24 16:15:00,SPX,2026-10-16,4450.0,C,0.0,0.0,0.0,0.0,0,2,2542.0,2,2546.3,6852.66,6913.22,0,0.6383561643835617
^SPX,2026-02-24 16:15:00,SPX,2026-10-16,4500.0,C,0.0,0.0,0.0,0.0,0,2,2494.5,2,2499.0,6852.66,6913.22,1,0.6383561643835617
^SPX,2026-02-24 16:15:00,SPX,2026-10-16,4550.0,C,0.0,0.0,0.0,0.0,0,2,2447.3,2,2451.7,6852.66,6913.22,0,0.6383561643835617
^SPX,2026-02-24 16:15:00,SPX,2026-10-16,4600.0,C,0.0,0.0,0.0,0.0,0,2,2400.4,2,2404.6,6852.66,6913.22,0,0.6383561643835617
^SPX,2026-02-24 16:15:00,SPX,2026-10-16,4625.0,C,0.0,0.0,0.0,0.0,0,2,2376.4,2,2381.6,6852.66,6913.22,0,0.6383561643835617
^SPX,2026-02-24 16:15:00,SPX,2026-10-16,4650.0,C,0.0,0.0,0.0,0.0,0,2,2353.3,2,2357.4,6852.66,6913.22,0,0.6383561643835617
^SPX,2026-02-24 16:15:00,SPX,2026-10-16,4675.0,C,0.0,0.0,0.0,0.0,0,2,2329.3,2,2334.5,6852.66,6913.22,0,0.6383561643835617
^SPX,2026-02-24 16:15:00,SPX,2026-10-16,4700.0,C,0.0,0.0,0.0,0.0,0,2,2306.3,2,2310.5,6852.66,6913.22,0,0.6383561643835617
^SPX,2026-02-24 16:15:00,SPX,2026-10-16,4725.0,C,0.0,0.0,0.0,0.0,0,2,2282.5,2,2287.6,6852.66,6913.22,0,0.6383561643835617
^SPX,2026-02-24 16:15:00,SPX,2026-10-16,4750.0,C,0.0,0.0,0.0,0.0,0,2,2259.5,2,2263.5,6852.66,6913.22,0,0.6383561643835617
^SPX,2026-02-24 16:15:00,SPX,2026-10-16,4775.0,C,0.0,0.0,0.0,0.0,0,2,2235.6,2,2240.7,6852.66,6913.22,0,0.6383561643835617
^SPX,2026-02-24 16:15:00,SPX,2026-10-16,4800.0,C,0.0,0.0,0.0,0.0,0,2,2212.6,2,2216.8,6852.66,6913.22,0,0.6383561643835617
^SPX,2026-02-24 16:15:00,SPX,2026-10-16,4825.0,C,0.0,0.0,0.0,0.0,0,2,2188.7,2,2193.9,6852.66,6913.22,0,0.6383561643835617
^SPX,2026-02-24 16:15:00,SPX,2026-10-16,4850.0,C,0.0,0.0,0.0,0.0,0,2,2166.0,2,2170.0,6852.66,6913.22,0,0.6383561643835617
^SPX,2026-02-24 16:15:00,SPX,2026-10-16,4875.0,C,0.0,0.0,0.0,0.0,0,2,2142.1,2,2147.3,6852.66,6913.22,0,0.6383561643835617
^SPX,2026-02-24 16:15:00,SPX,2026-10-16,4900.0,C,0.0,0.0,0.0,0.0,0,2,2119.5,2,2123.5,6852.66,6913.22,0,0.6383561643835617
^SPX,2026-02-24 16:15:00,SPX,2026-10-16,4925.0,C,0.0,0.0,0.0,0.0,0,2,2095.8,2,2100.6,6852.66,6913.22,0,0.6383561643835617
^SPX,2026-02-24 16:15:00,SPX,2026-10-16,4950.0,C,0.0,0.0,0.0,0.0,0,2,2072.9,2,2076.9,6852.66,6913.22,0,0.6383561643835617
^SPX,2026-02-24 16:15:00,SPX,2026-10-16,4975.0,C,0.0,0.0,0.0,0.0,0,2,2049.4,2,2054.2,6852.66,6913.22,20,0.6383561643835617
^SPX,2026-02-24 16:15:00,SPX,2026-10-16,5000.0,C,0.0,0.0,0.0,0.0,0,2,2026.6,2,2030.4,6852.66,6913.22,108,0.6383561643835617
^SPX,2026-02-24 16:15:00,SPX,2026-10-16,5025.0,C,0.0,0.0,0.0,0.0,0,2,2003.2,2,2007.9,6852.66,6913.22,0,0.6383561643835617
^SPX,2026-02-24 16:15:00,SPX,2026-10-16,5050.0,C,0.0,0.0,0.0,0.0,0,2,1980.5,2,1984.2,6852.66,6913.22,0,0.6383561643835617
^SPX,2026-02-24 16:15:00,SPX,2026-10-16,5075.0,C,0.0,0.0,0.0,0.0,0,2,1957.1,2,1961.7,6852.66,6913.22,0,0.6383561643835617
^SPX,2026-02-24 16:15:00,SPX,2026-10-16,5100.0,C,0.0,0.0,0.0,0.0,0,2,1934.3,2,1938.1,6852.66,6913.22,0,0.6383561643835617
^SPX,2026-02-24 16:15:00,SPX,2026-10-16,5125.0,C,0.0,0.0,0.0,0.0,0,2,1911.0,2,1915.7,6852.66,6913.22,0,0.6383561643835617
^SPX,2026-02-24 16:15:00,SPX,2026-10-16,5150.0,C,0.0,0.0,0.0,0.0,0,2,1888.4,2,1892.1,6852.66,6913.22,0,0.6383561643835617
^SPX,2026-02-24 16:15:00,SPX,2026-10-16,5175.0,C,0.0,0.0,0.0,0.0,0,2,1865.2,2,1869.8,6852.66,6913.22,0,0.6383561643835617
^SPX,2026-02-24 16:15:00,SPX,2026-10-16,5200.0,C,0.0,0.0,0.0,0.0,0,2,1842.7,2,1846.4,6852.66,6913.22,1,0.6383561643835617
^SPX,2026-02-24 16:15:00,SPX,2026-10-16,5225.0,C,0.0,0.0,0.0,0.0,0,2,1819.3,2,1824.1,6852.66,6913.22,0,0.6383561643835617
^SPX,2026-02-24 16:15:00,SPX,2026-10-16,5250.0,C,0.0,0.0,0.0,0.0,0,2,1797.0,2,1800.6,6852.66,6913.22,0,0.6383561643835617
^SPX,2026-02-24 16:15:00,SPX,2026-10-16,5275.0,C,0.0,0.0,0.0,0.0,0,2,1774.0,2,1778.3,6852.66,6913.22,1,0.6383561643835617
^SPX,2026-02-24 16:15:00,SPX,2026-10-16,5300.0,C,0.0,0.0,0.0,0.0,0,2,1751.7,2,1755.1,6852.66,6913.22,0,0.6383561643835617
^SPX,2026-02-24 16:15:00,SPX,2026-10-16,5325.0,C,0.0,0.0,0.0,0.0,0,2,1728.5,2,1733.1,6852.66,6913.22,0,0.6383561643835617
^SPX,2026-02-24 16:15:00,SPX,2026-10-16,5350.0,C,0.0,0.0,0.0,0.0,0,2,1706.3,2,1709.8,6852.66,6913.22,0,0.6383561643835617
^SPX,2026-02-24 16:15:00,SPX,2026-10-16,5375.0,C,0.0,0.0,0.0,0.0,0,2,1683.5,2,1687.8,6852.66,6913.22,0,0.6383561643835617
^SPX,2026-02-24 16:15:00,SPX,2026-10-16,5400.0,C,0.0,0.0,0.0,0.0,0,2,1661.2,2,1664.7,6852.66,6913.22,1,0.6383561643835617
^SPX,2026-02-24 16:15:00,SPX,2026-10-16,5425.0,C,0.0,0.0,0.0,0.0,0,2,1638.4,2,1642.8,6852.66,6913.22,0,0.6383561643835617
^SPX,2026-02-24 16:15:00,SPX,2026-10-16,5450.0,C,0.0,0.0,0.0,0.0,0,2,1616.3,2,1619.7,6852.66,6913.22,0,0.6383561643835617
^SPX,2026-02-24 16:15:00,SPX,2026-10-16,5475.0,C,0.0,0.0,0.0,0.0,0,2,1593.6,2,1597.9,6852.66,6913.22,0,0.6383561643835617
^SPX,2026-02-24 16:15:00,SPX,2026-10-16,5500.0,C,0.0,0.0,0.0,0.0,0,2,1571.7,2,1575.1,6852.66,6913.22,14,0.6383561643835617
^SPX,2026-02-24 16:15:00,SPX,2026-10-16,5525.0,C,0.0,0.0,0.0,0.0,0,2,1549.2,2,1553.3,6852.66,6913.22,5,0.6383561643835617
^SPX,2026-02-24 16:15:00,SPX,2026-10-16,5550.0,C,0.0,0.0,0.0,0.0,0,2,1527.3,2,1530.6,6852.66,6913.22,1,0.6383561643835617
^SPX,2026-02-24 16:15:00,SPX,2026-10-16,5575.0,C,0.0,0.0,0.0,0.0,0,2,1504.7,2,1508.8,6852.66,6913.22,1,0.6383561643835617
^SPX,2026-02-24 16:15:00,SPX,2026-10-16,5600.0,C,0.0,0.0,0.0,0.0,0,2,1483.0,2,1486.2,6852.66,6913.22,2,0.6383561643835617
^SPX,2026-02-24 16:15:00,SPX,2026-10-16,5625.0,C,0.0,0.0,0.0,0.0,0,2,1460.7,2,1464.6,6852.66,6913.22,0,0.6383561643835617
^SPX,2026-02-24 16:15:00,SPX,2026-10-16,5650.0,C,0.0,0.0,0.0,0.0,0,2,1439.1,2,1442.3,6852.66,6913.22,0,0.6383561643835617
^SPX,2026-02-24 16:15:00,SPX,2026-10-16,5675.0,C,0.0,0.0,0.0,0.0,0,2,1416.7,2,1420.8,6852.66,6913.22,0,0.6383561643835617
^SPX,2026-02-24 16:15:00,SPX,2026-10-16,5700.0,C,0.0,0.0,0.0,0.0,0,2,1395.3,2,1398.4,6852.66,6913.22,0,0.6383561643835617
^SPX,2026-02-24 16:15:00,SPX,2026-10-16,5725.0,C,0.0,0.0,0.0,0.0,0,2,1373.2,2,1377.0,6852.66,6913.22,0,0.6383561643835617
^SPX,2026-02-24 16:15:00,SPX,2026-10-16,5750.0,C,0.0,0.0,0.0,0.0,0,2,1351.8,2,1354.8,6852.66,6913.22,0,0.6383561643835617
^SPX,2026-02-24 16:15:00,SPX,2026-10-16,5775.0,C,0.0,0.0,0.0,0.0,0,2,1329.7,2,1333.6,6852.66,6913.22,0,0.6383561643835617
^SPX,2026-02-24 16:15:00,SPX,2026-10-16,5800.0,C,0.0,0.0,0.0,0.0,0,2,1308.6,2,1311.6,6852.66,6913.22,2,0.6383561643835617
^SPX,2026-02-24 16:15:00,SPX,2026-10-16,5825.0,C,0.0,0.0,0.0,0.0,0,2,1286.8,2,1290.5,6852.66,6913.22,0,0.6383561643835617
^SPX,2026-02-24 16:15:00,SPX,2026-10-16,5850.0,C,0.0,0.0,0.0,0.0,0,2,1265.5,2,1268.5,6852.66,6913.22,1,0.6383561643835617
^SPX,2026-02-24 16:15:00,SPX,2026-10-16,5875.0,C,0.0,0.0,0.0,0.0,0,2,1243.9,2,1247.6,6852.66,6913.22,0,0.6383561643835617
^SPX,2026-02-24 16:15:00,SPX,2026-10-16,5900.0,C,0.0,0.0,0.0,0.0,0,2,1222.9,2,1225.9,6852.66,6913.22,6,0.6383561643835617
^SPX,2026-02-24 16:15:00,SPX,2026-10-16,5925.0,C,0.0,0.0,0.0,0.0,0,2,1201.5,2,1205.1,6852.66,6913.22,0,0.6383561643835617
^SPX,2026-02-24 16:15:00,SPX,2026-10-16,5950.0,C,0.0,0.0,0.0,0.0,0,2,1180.5,2,1183.5,6852.66,6913.22,10,0.6383561643835617
^SPX,2026-02-24 16:15:00,SPX,2026-10-16,5975.0,C,0.0,0.0,0.0,0.0,0,2,1159.3,2,1162.8,6852.66,6913.22,1,0.6383561643835617
^SPX,2026-02-24 16:15:00,SPX,2026-10-16,6000.0,C,0.0,0.0,0.0,0.0,0,2,1138.6,2,1141.4,6852.66,6913.22,1641,0.6383561643835617
^SPX,2026-02-24 16:15:00,SPX,2026-10-16,6025.0,C,0.0,0.0,0.0,0.0,0,2,1117.3,2,1120.9,6852.66,6913.22,31,0.6383561643835617
^SPX,2026-02-24 16:15:00,SPX,2026-10-16,6050.0,C,0.0,0.0,0.0,0.0,0,2,1096.9,2,1099.6,6852.66,6913.22,24,0.6383561643835617
^SPX,2026-02-24 16:15:00,SPX,2026-10-16,6075.0,C,0.0,0.0,0.0,0.0,0,2,1075.9,2,1079.3,6852.66,6913.22,6,0.6383561643835617
^SPX,2026-02-24 16:15:00,SPX,2026-10-16,6100.0,C,0.0,0.0,0.0,0.0,0,2,1055.5,2,1058.2,6852.66,6913.22,29,0.6383561643835617
^SPX,2026-02-24 16:15:00,SPX,2026-10-16,6125.0,C,0.0,0.0,0.0,0.0,0,2,1034.7,2,1038.0,6852.66,6913.22,11,0.6383561643835617
^SPX,2026-02-24 16:15:00,SPX,2026-10-16,6150.0,C,0.0,0.0,0.0,0.0,0,2,1014.5,2,1017.1,6852.66,6913.22,39,0.6383561643835617
^SPX,2026-02-24 16:15:00,SPX,2026-10-16,6175.0,C,0.0,0.0,0.0,0.0,0,2,993.7,2,997.1,6852.66,6913.22,21,0.6383561643835617
^SPX,2026-02-24 16:15:00,SPX,2026-10-16,6200.0,C,0.0,0.0,0.0,0.0,0,2,973.8,2,976.4,6852.66,6913.22,76,0.6383561643835617
^SPX,2026-02-24 16:15:00,SPX,2026-10-16,6225.0,C,950.82,950.82,950.82,950.82,1,2,953.3,2,956.6,6852.66,6913.22,36,0.6383561643835617
^SPX,2026-02-24 16:15:00,SPX,2026-10-16,6250.0,C,930.73,930.73,930.73,930.73,1,2,933.6,2,936.1,6852.66,6913.22,22,0.6383561643835617
^SPX,2026-02-24 16:15:00,SPX,2026-10-16,6275.0,C,0.0,0.0,0.0,0.0,0,2,913.2,2,916.4,6852.66,6913.22,6,0.6383561643835617
^SPX,2026-02-24 16:15:00,SPX,2026-10-16,6300.0,C,0.0,0.0,0.0,0.0,0,2,893.7,2,896.1,6852.66,6913.22,14,0.6383561643835617
^SPX,2026-02-24 16:15:00,SPX,2026-10-16,6325.0,C,0.0,0.0,0.0,0.0,0,2,873.5,2,876.7,6852.66,6913.22,12,0.6383561643835617
^SPX,2026-02-24 16:15:00,SPX,2026-10-16,6350.0,C,0.0,0.0,0.0,0.0,0,1,854.3,1,856.3,6852.66,6913.22,11,0.6383561643835617
^SPX,2026-02-24 16:15:00,SPX,2026-10-16,6375.0,C,0.0,0.0,0.0,0.0,0,1,834.7,1,836.7,6852.66,6913.22,129,0.6383561643835617
^SPX,2026-02-24 16:15:00,SPX,2026-10-16,6400.0,C,0.0,0.0,0.0,0.0,0,2,815.3,1,817.2,6852.66,6913.22,351,0.6383561643835617
^SPX,2026-02-24 16:15:00,SPX,2026-10-16,6425.0,C,0.0,0.0,0.0,0.0,0,13,795.9,14,797.8,6852.66,6913.22,47,0.6383561643835617
^SPX,2026-02-24 16:15:00,SPX,2026-10-16,6450.0,C,0.0,0.0,0.0,0.0,0,9,776.7,10,778.6,6852.66,6913.22,83,0.6383561643835617
^SPX,2026-02-24 16:15:00,SPX,2026-10-16,6475.0,C,0.0,0.0,0.0,0.0,0,13,757.5,10,759.4,6852.66,6913.22,569,0.6383561643835617
^SPX,2026-02-24 16:15:00,SPX,2026-10-16,6500.0,C,0.0,0.0,0.0,0.0,0,13,738.6,10,740.4,6852.66,6913.22,466,0.6383561643835617
^SPX,2026-02-24 16:15:00,SPX,2026-10-16,6525.0,C,0.0,0.0,0.0,0.0,0,13,719.6,10,721.5,6852.66,6913.22,84,0.6383561643835617
^SPX,2026-02-24 16:15:00,SPX,2026-10-16,6550.0,C,700.32,700.4,698.87,698.87,8,9,700.8,10,702.7,6852.66,6913.22,837,0.6383561643835617
^SPX,2026-02-24 16:15:00,SPX,2026-10-16,6575.0,C,0.0,0.0,0.0,0.0,0,14,682.1,10,684.1,6852.66,6913.22,56,0.6383561643835617
^SPX,2026-02-24 16:15:00,SPX,2026-10-16,6600.0,C,664.83,664.83,664.5,664.5,4,13,663.7,10,665.6,6852.66,6913.22,4486,0.6383561643835617
^SPX,2026-02-24 16:15:00,SPX,2026-10-16,6625.0,C,0.0,0.0,0.0,0.0,0,9,645.4,10,647.2,6852.66,6913.22,684,0.6383561643835617
^SPX,2026-02-24 16:15:00,SPX,2026-10-16,6650.0,C,628.25,628.25,627.82,627.82,2,13,627.2,10,629.0,6852.66,6913.22,3398,0.6383561643835617
^SPX,2026-02-24 16:15:00,SPX,2026-10-16,6675.0,C,0.0,0.0,0.0,0.0,0,13,609.2,10,610.9,6852.66,6913.22,1339,0.6383561643835617
^SPX,2026-02-24 16:15:00,SPX,2026-10-16,6700.0,C,591.98,593.82,591.98,593.47,14,9,591.2,10,593.0,6852.66,6913.22,5604,0.6383561643835617
^SPX,2026-02-24 16:15:00,SPX,2026-10-16,6725.0,C,575.25,575.87,575.25,575.87,8,23,573.5,9,575.1,6852.66,6913.22,687,0.6383561643835617
^SPX,2026-02-24 16:15:00,SPX,2026-10-16,6750.0,C,554.57,557.6,554.57,557.6,72,23,555.9,10,557.5,6852.66,6913.22,1550,0.6383561643835617
^SPX,2026-02-24 16:15:00,SPX,2026-10-16,6775.0,C,538.73,538.73,538.52,538.52,3,23,538.4,18,540.1,6852.66,6913.22,1098,0.6383561643835617
^SPX,2026-02-24 16:15:00,SPX,2026-10-16,6800.0,C,521.47,521.57,521.47,521.57,2,31,521.2,27,523.0,6852.66,6913.22,1802,0.6383561643835617
^SPX,2026-02-24 16:15:00,SPX,2026-10-16,6825.0,C,0.0,0.0,0.0,0.0,0,24,504.1,19,505.9,6852.66,6913.22,842,0.6383561643835617
^SPX,2026-02-24 16:15:00,SPX,2026-10-16,6850.0,C,0.0,0.0,0.0,0.0,0,30,487.3,26,488.9,6852.66,6913.22,2414,0.6383561643835617
^SPX,2026-02-24 16:15:00,SPX,2026-10-16,6875.0,C,0.0,0.0,0.0,0.0,0,24,470.6,19,472.2,6852.66,6913.22,883,0.6383561643835617
^SPX,2026-02-24 16:15:00,SPX,2026-10-16,6900.0,C,0.0,0.0,0.0,0.0,0,31,454.2,18,455.7,6852.66,6913.22,1372,0.6383561643835617
^SPX,2026-02-24 16:15:00,SPX,2026-10-16,6925.0,C,0.0,0.0,0.0,0.0,0,23,437.9,33,439.6,6852.66,6913.22,686,0.6383561643835617
^SPX,2026-02-24 16:15:00,SPX,2026-10-16,6950.0,C,0.0,0.0,0.0,0.0,0,22,421.9,21,423.4,6852.66,6913.22,886,0.6383561643835617
^SPX,2026-02-24 16:15:00,SPX,2026-10-16,6975.0,C,405.37,405.37,405.37,405.37,56,36,406.0,45,407.7,6852.66,6913.22,195,0.6383561643835617
^SPX,2026-02-24 16:15:00,SPX,2026-10-16,7000.0,C,391.7,391.7,389.92,389.92,57,34,390.5,28,392.0,6852.66,6913.22,2425,0.6383561643835617
^SPX,2026-02-24 16:15:00,SPX,2026-10-16,7025.0,C,374.81,374.81,373.74,373.76,16,25,375.2,22,376.7,6852.66,6913.22,409,0.6383561643835617
^SPX,2026-02-24 16:15:00,SPX,2026-10-16,7050.0,C,0.0,0.0,0.0,0.0,0,33,360.1,29,361.6,6852.66,6913.22,971,0.6383561643835617
^SPX,2026-02-24 16:15:00,SPX,2026-10-16,7075.0,C,347.88,348.19,346.12,346.12,10,37,345.4,32,346.8,6852.66,6913.22,358,0.6383561643835617
^SPX,2026-02-24 16:15:00,SPX,2026-10-16,7100.0,C,311.32,311.32,308.79,308.79,2,55,330.8,63,332.3,6852.66,6913.22,2060,0.6383561643835617
^SPX,2026-02-24 16:15:00,SPX,2026-10-16,7125.0,C,317.42,317.42,317.11,317.11,4,34,316.6,31,318.0,6852.66,6913.22,429,0.6383561643835617
^SPX,2026-02-24 16:15:00,SPX,2026-10-16,7150.0,C,0.0,0.0,0.0,0.0,0,32,302.7,45,304.1,6852.66,6913.22,221,0.6383561643835617
^SPX,2026-02-24 16:15:00,SPX,2026-10-16,7175.0,C,289.58,290.39,289.58,290.36,8,34,289.0,46,290.4,6852.66,6913.22,611,0.6383561643835617
^SPX,2026-02-24 16:15:00,SPX,2026-10-16,7200.0,C,277.0,277.52,276.99,277.36,32,53,275.7,66,277.1,6852.66,6913.22,2415,0.6383561643835617
^SPX,2026-02-24 16:15:00,SPX,2026-10-16,7225.0,C,261.86,264.26,261.83,264.26,148,59,262.7,67,264.1,6852.66,6913.22,435,0.6383561643835617
^SPX,2026-02-24 16:15:00,SPX,2026-10-16,7250.0,C,227.1,250.22,227.1,250.18,10,51,250.1,50,251.3,6852.66,6913.22,2839,0.6383561643835617
^SPX,2026-02-24 16:15:00,SPX,2026-10-16,7275.0,C,237.93,238.03,237.93,238.03,4,40,237.7,52,239.1,6852.66,6913.22,488,0.6383561643835617
^SPX,2026-02-24 16:15:00,SPX,2026-10-16,7300.0,C,204.3,204.3,204.3,204.3,4,59,225.8,56,227.0,6852.66,6913.22,3990,0.6383561643835617
^SPX,2026-02-24 16:15:00,SPX,2026-10-16,7325.0,C,208.52,208.52,208.52,208.52,3,41,214.2,52,215.6,6852.66,6913.22,276,0.6383561643835617
^SPX,2026-02-24 16:15:00,SPX,2026-10-16,7350.0,C,0.0,0.0,0.0,0.0,0,41,203.0,57,204.3,6852.66,6913.22,785,0.6383561643835617
^SPX,2026-02-24 16:15:00,SPX,2026-10-16,7375.0,C,190.93,190.93,190.5,190.5,101,66,192.1,56,193.4,6852.66,6913.22,340,0.6383561643835617
^SPX,2026-02-24 16:15:00,SPX,2026-10-16,7400.0,C,180.2,181.01,180.2,181.01,98,71,181.6,84,183.0,6852.66,6913.22,4941,0.6383561643835617
^SPX,2026-02-24 16:15:00,SPX,2026-10-16,7425.0,C,171.49,171.49,170.56,170.56,5,50,171.5,64,172.9,6852.66,6913.22,365,0.6383561643835617
^SPX,2026-02-24 16:15:00,SPX,2026-10-16,7450.0,C,163.35,163.35,162.74,162.74,51,73,161.8,87,163.2,6852.66,6913.22,1666,0.6383561643835617
^SPX,2026-02-24 16:15:00,SPX,2026-10-16,7475.0,C,149.3,152.94,147.82,152.55,22,75,152.5,98,153.9,6852.66,6913.22,389,0.6383561643835617
^SPX,2026-02-24 16:15:00,SPX,2026-10-16,7500.0,C,132.76,144.51,131.42,143.0,22,44,143.6,88,144.9,6852.66,6913.22,2530,0.6383561643835617
^SPX,2026-02-24 16:15:00,SPX,2026-10-16,7525.0,C,0.0,0.0,0.0,0.0,0,53,135.0,74,136.4,6852.66,6913.22,367,0.6383561643835617
^SPX,2026-02-24 16:15:00,SPX,2026-10-16,7550.0,C,122.92,127.63,122.92,127.59,7,36,126.9,75,128.2,6852.66,6913.22,576,0.6383561643835617
^SPX,2026-02-24 16:15:00,SPX,2026-10-16,7575.0,C,0.0,0.0,0.0,0.0,0,62,119.0,83,120.4,6852.66,6913.22,414,0.6383561643835617
^SPX,2026-02-24 16:15:00,SPX,2026-10-16,7600.0,C,112.76,112.76,112.1,112.1,222,62,111.7,103,112.9,6852.66,6913.22,2424,0.6383561643835617
^SPX,2026-02-24 16:15:00,SPX,2026-10-16,7625.0,C,0.0,0.0,0.0,0.0,0,85,104.5,86,105.9,6852.66,6913.22,284,0.6383561643835617
^SPX,2026-02-24 16:15:00,SPX,2026-10-16,7650.0,C,95.36,98.93,95.36,98.85,26,97,97.9,109,99.1,6852.66,6913.22,1557,0.6383561643835617
^SPX,2026-02-24 16:15:00,SPX,2026-10-16,7675.0,C,91.76,92.43,91.75,92.3,12,77,91.5,93,92.8,6852.66,6913.22,381,0.6383561643835617
^SPX,2026-02-24 16:15:00,SPX,2026-10-16,7700.0,C,85.35,86.3,85.35,86.3,68,101,85.6,104,86.7,6852.66,6913.22,2141,0.6383561643835617
^SPX,2026-02-24 16:15:00,SPX,2026-10-16,7725.0,C,80.16,80.16,80.14,80.14,3,80,79.8,120,81.1,6852.66,6913.22,265,0.6383561643835617
^SPX,2026-02-24 16:15:00,SPX,2026-10-16,7750.0,C,74.84,74.89,74.84,74.89,2,51,74.6,105,75.7,6852.66,6913.22,974,0.6383561643835617
^SPX,2026-02-24 16:15:00,SPX,2026-10-16,7775.0,C,67.92,67.96,67.8,67.96,66,142,69.4,215,70.7,6852.66,6913.22,104,0.6383561643835617
^SPX,2026-02-24 16:15:00,SPX,2026-10-16,7800.0,C,59.86,63.12,59.86,63.12,1024,78,64.8,124,65.6,6852.66,6913.22,1638,0.6383561643835617
^SPX,2026-02-24 16:15:00,SPX,2026-10-16,7825.0,C,58.19,58.92,58.19,58.75,122,132,60.2,120,61.1,6852.66,6913.22,230,0.6383561643835617
^SPX,2026-02-24 16:15:00,SPX,2026-10-16,7850.0,C,0.0,0.0,0.0,0.0,0,62,56.1,96,56.9,6852.66,6913.22,255,0.6383561643835617
^SPX,2026-02-24 16:15:00,SPX,2026-10-16,7875.0,C,0.0,0.0,0.0,0.0,0,107,52.1,161,53.2,6852.66,6913.22,167,0.6383561643835617
^SPX,2026-02-24 16:15:00,SPX,2026-10-16,7900.0,C,44.55,44.55,44.05,44.05,2,40,48.5,145,49.4,6852.66,6913.22,388,0.6383561643835617
^SPX,2026-02-24 16:15:00,SPX,2026-10-16,7950.0,C,0.0,0.0,0.0,0.0,0,140,41.7,174,42.7,6852.66,6913.22,105,0.6383561643835617
^SPX,2026-02-24 16:15:00,SPX,2026-10-16,8000.0,C,36.35,36.35,36.35,36.35,1,189,35.9,172,36.6,6852.66,6913.22,1651,0.6383561643835617
^SPX,2026-02-24 16:15:00,SPX,2026-10-16,8100.0,C,26.02,26.02,26.0,26.01,66,207,26.5,199,27.2,6852.66,6913.22,1218,0.6383561643835617
^SPX,2026-02-24 16:15:00,SPX,2026-10-16,8200.0,C,18.99,19.22,18.99,19.2,146,113,19.6,156,20.1,6852.66,6913.22,1259,0.6383561643835617
^SPX,2026-02-24 16:15:00,SPX,2026-10-16,8300.0,C,14.31,14.34,14.31,14.34,2,121,14.5,178,15.0,6852.66,6913.22,249,0.6383561643835617
^SPX,2026-02-24 16:15:00,SPX,2026-10-16,8400.0,C,10.64,11.0,10.61,11.0,30,370,10.7,403,11.2,6852.66,6913.22,546,0.6383561643835617
^SPX,2026-02-24 16:15:00,SPX,2026-10-16,8500.0,C,0.0,0.0,0.0,0.0,0,223,8.0,262,8.4,6852.66,6913.22,774,0.6383561643835617
^SPX,2026-02-24 16:15:00,SPX,2026-10-16,8600.0,C,0.0,0.0,0.0,0.0,0,280,6.0,327,6.4,6852.66,6913.22,904,0.6383561643835617
^SPX,2026-02-24 16:15:00,SPX,2026-10-16,8800.0,C,0.0,0.0,0.0,0.0,0,559,3.4,582,3.9,6852.66,6913.22,249,0.6383561643835617
^SPX,2026-02-24 16:15:00,SPX,2026-10-16,9000.0,C,2.01,2.09,2.01,2.07,4,471,2.05,1,2.25,6852.66,6913.22,818,0.6383561643835617
^SPX,2026-02-24 16:15:00,SPX,2026-10-16,9200.0,C,0.0,0.0,0.0,0.0,0,271,1.25,1,1.4,6852.66,6913.22,95,0.6383561643835617
^SPX,2026-02-24 16:15:00,SPX,2026-10-16,9400.0,C,0.95,0.95,0.95,0.95,1,530,0.8,644,1.15,6852.66,6913.22,62,0.6383561643835617
^SPX,2026-02-24 16:15:00,SPX,2026-10-16,9600.0,C,0.0,0.0,0.0,0.0,0,736,0.55,758,0.9,6852.66,6913.22,758,0.6383561643835617
^SPX,2026-02-24 16:15:00,SPX,2026-10-16,9800.0,C,0.0,0.0,0.0,0.0,0,729,0.4,802,0.75,6852.66,6913.22,332,0.6383561643835617
^SPX,2026-02-24 16:15:00,SPX,2026-10-16,10000.0,C,0.0,0.0,0.0,0.0,0,736,0.3,577,0.6,6852.66,6913.22,511,0.6383561643835617
^SPX,2026-02-24 16:15:00,SPX,2026-10-16,10200.0,C,0.0,0.0,0.0,0.0,0,459,0.2,463,0.55,6852.66,6913.22,325,0.6383561643835617
^SPX,2026-02-24 16:15:00,SPX,2026-10-16,10400.0,C,0.0,0.0,0.0,0.0,0,465,0.15,474,0.5,6852.66,6913.22,512,0.6383561643835617
^SPX,2026-02-24 16:15:00,SPX,2026-10-16,10600.0,C,0.0,0.0,0.0,0.0,0,489,0.1,490,0.45,6852.66,6913.22,173,0.6383561643835617
^SPX,2026-02-24 16:15:00,SPX,2026-10-16,10800.0,C,0.3,0.3,0.3,0.3,1,305,0.1,491,0.4,6852.66,6913.22,112,0.6383561643835617
^SPX,2026-02-24 16:15:00,SPX,2026-10-16,11000.0,C,0.0,0.0,0.0,0.0,0,1,0.1,487,0.35,6852.66,6913.22,6,0.6383561643835617
^SPX,2026-02-24 16:15:00,SPX,2026-10-16,11200.0,C,0.0,0.0,0.0,0.0,0,1,0.1,525,0.35,6852.66,6913.22,7,0.6383561643835617
^SPX,2026-02-24 16:15:00,SPX,2026-10-16,11400.0,C,0.0,0.0,0.0,0.0,0,1,0.1,863,0.3,6852.66,6913.22,134,0.6383561643835617
^SPX,2026-02-24 16:15:00,SPX,2026-11-20,400.0,C,0.0,0.0,0.0,0.0,0,2,6442.7,1,6462.2,6852.66,6913.22,9,0.7342465753424657
^SPX,2026-02-24 16:15:00,SPX,2026-11-20,600.0,C,0.0,0.0,0.0,0.0,0,1,6247.4,1,6268.0,6852.66,6913.22,0,0.7342465753424657
^SPX,2026-02-24 16:15:00,SPX,2026-11-20,800.0,C,0.0,0.0,0.0,0.0,0,2,6054.4,1,6074.0,6852.66,6913.22,0,0.7342465753424657
^SPX,2026-02-24 16:15:00,SPX,2026-11-20,1000.0,C,0.0,0.0,0.0,0.0,0,2,5860.4,5,5877.3,6852.66,6913.22,0,0.7342465753424657
^SPX,2026-02-24 16:15:00,SPX,2026-11-20,1200.0,C,0.0,0.0,0.0,0.0,0,5,5665.4,5,5684.2,6852.66,6913.22,0,0.7342465753424657
^SPX,2026-02-24 16:15:00,SPX,2026-11-20,1400.0,C,0.0,0.0,0.0,0.0,0,1,5471.7,5,5489.5,6852.66,6913.22,0,0.7342465753424657
^SPX,2026-02-24 16:15:00,SPX,2026-11-20,1600.0,C,0.0,0.0,0.0,0.0,0,5,5277.9,5,5295.8,6852.66,6913.22,0,0.7342465753424657
^SPX,2026-02-24 16:15:00,SPX,2026-11-20,1800.0,C,0.0,0.0,0.0,0.0,0,2,5085.7,5,5102.4,6852.66,6913.22,0,0.7342465753424657
^SPX,2026-02-24 16:15:00,SPX,2026-11-20,2000.0,C,0.0,0.0,0.0,0.0,0,2,4893.5,5,4909.0,6852.66,6913.22,0,0.7342465753424657
^SPX,2026-02-24 16:15:00,SPX,2026-11-20,2200.0,C,0.0,0.0,0.0,0.0,0,2,4700.0,5,4715.6,6852.66,6913.22,0,0.7342465753424657
^SPX,2026-02-24 16:15:00,SPX,2026-11-20,2400.0,C,0.0,0.0,0.0,0.0,0,2,4506.9,5,4522.9,6852.66,6913.22,0,0.7342465753424657
^SPX,2026-02-24 16:15:00,SPX,2026-11-20,2600.0,C,0.0,0.0,0.0,0.0,0,2,4315.1,5,4330.2,6852.66,6913.22,0,0.7342465753424657
^SPX,2026-02-24 16:15:00,SPX,2026-11-20,2800.0,C,0.0,0.0,0.0,0.0,0,5,4123.1,5,4138.0,6852.66,6913.22,0,0.7342465753424657
^SPX,2026-02-24 16:15:00,SPX,2026-11-20,3000.0,C,0.0,0.0,0.0,0.0,0,5,3931.0,5,3945.6,6852.66,6913.22,0,0.7342465753424657
^SPX,2026-02-24 16:15:00,SPX,2026-11-20,3200.0,C,0.0,0.0,0.0,0.0,0,5,3739.9,5,3754.0,6852.66,6913.22,0,0.7342465753424657
^SPX,2026-02-24 16:15:00,SPX,2026-11-20,3400.0,C,0.0,0.0,0.0,0.0,0,2,3552.4,2,3558.3,6852.66,6913.22,1,0.7342465753424657
^SPX,2026-02-24 16:15:00,SPX,2026-11-20,3500.0,C,0.0,0.0,0.0,0.0,0,2,3456.9,2,3462.7,6852.66,6913.22,0,0.7342465753424657
^SPX,2026-02-24 16:15:00,SPX,2026-11-20,3600.0,C,0.0,0.0,0.0,0.0,0,2,3361.5,2,3367.2,6852.66,6913.22,0,0.7342465753424657
^SPX,2026-02-24 16:15:00,SPX,2026-11-20,3700.0,C,0.0,0.0,0.0,0.0,0,2,3266.3,2,3271.8,6852.66,6913.22,0,0.7342465753424657
^SPX,2026-02-24 16:15:00,SPX,2026-11-20,3800.0,C,0.0,0.0,0.0,0.0,0,2,3171.1,2,3176.5,6852.66,6913.22,0,0.7342465753424657
^SPX,2026-02-24 16:15:00,SPX,2026-11-20,3900.0,C,0.0,0.0,0.0,0.0,0,2,3076.1,2,3081.5,6852.66,6913.22,0,0.7342465753424657
^SPX,2026-02-24 16:15:00,SPX,2026-11-20,4000.0,C,0.0,0.0,0.0,0.0,0,2,2981.2,2,2986.5,6852.66,6913.22,0,0.7342465753424657
^SPX,2026-02-24 16:15:00,SPX,2026-11-20,4050.0,C,0.0,0.0,0.0,0.0,0,2,2933.8,2,2939.0,6852.66,6913.22,0,0.7342465753424657
^SPX,2026-02-24 16:15:00,SPX,2026-11-20,4100.0,C,0.0,0.0,0.0,0.0,0,2,2886.4,2,2891.6,6852.66,6913.22,0,0.7342465753424657
^SPX,2026-02-24 16:15:00,SPX,2026-11-20,4150.0,C,0.0,0.0,0.0,0.0,0,2,2839.3,2,2844.3,6852.66,6913.22,0,0.7342465753424657
^SPX,2026-02-24 16:15:00,SPX,2026-11-20,4200.0,C,0.0,0.0,0.0,0.0,0,2,2792.0,2,2796.9,6852.66,6913.22,0,0.7342465753424657
^SPX,2026-02-24 16:15:00,SPX,2026-11-20,4250.0,C,0.0,0.0,0.0,0.0,0,2,2744.8,2,2749.7,6852.66,6913.22,0,0.7342465753424657
^SPX,2026-02-24 16:15:00,SPX,2026-11-20,4300.0,C,0.0,0.0,0.0,0.0,0,2,2697.8,2,2702.5,6852.66,6913.22,0,0.7342465753424657
^SPX,2026-02-24 16:15:00,SPX,2026-11-20,4350.0,C,0.0,0.0,0.0,0.0,0,2,2650.7,2,2655.5,6852.66,6913.22,0,0.7342465753424657
^SPX,2026-02-24 16:15:00,SPX,2026-11-20,4400.0,C,0.0,0.0,0.0,0.0,0,2,2603.7,2,2608.4,6852.66,6913.22,0,0.7342465753424657
^SPX,2026-02-24 16:15:00,SPX,2026-11-20,4450.0,C,0.0,0.0,0.0,0.0,0,2,2556.8,2,2561.5,6852.66,6913.22,0,0.7342465753424657
^SPX,2026-02-24 16:15:00,SPX,2026-11-20,4500.0,C,0.0,0.0,0.0,0.0,0,2,2510.0,2,2514.5,6852.66,6913.22,1,0.7342465753424657
^SPX,2026-02-24 16:15:00,SPX,2026-11-20,4550.0,C,0.0,0.0,0.0,0.0,0,2,2463.2,2,2467.7,6852.66,6913.22,0,0.7342465753424657
^SPX,2026-02-24 16:15:00,SPX,2026-11-20,4600.0,C,0.0,0.0,0.0,0.0,0,2,2416.6,2,2420.9,6852.66,6913.22,1,0.7342465753424657
^SPX,2026-02-24 16:15:00,SPX,2026-11-20,4650.0,C,0.0,0.0,0.0,0.0,0,2,2370.0,2,2374.3,6852.66,6913.22,0,0.7342465753424657
^SPX,2026-02-24 16:15:00,SPX,2026-11-20,4700.0,C,0.0,0.0,0.0,0.0,0,2,2323.4,2,2327.9,6852.66,6913.22,0,0.7342465753424657
^SPX,2026-02-24 16:15:00,SPX,2026-11-20,4750.0,C,0.0,0.0,0.0,0.0,0,2,2277.1,2,2281.5,6852.66,6913.22,2,0.7342465753424657
^SPX,2026-02-24 16:15:00,SPX,2026-11-20,4800.0,C,0.0,0.0,0.0,0.0,0,2,2230.8,2,2235.2,6852.66,6913.22,7,0.7342465753424657
^SPX,2026-02-24 16:15:00,SPX,2026-11-20,4825.0,C,0.0,0.0,0.0,0.0,0,2,2207.1,2,2212.5,6852.66,6913.22,0,0.7342465753424657
^SPX,2026-02-24 16:15:00,SPX,2026-11-20,4850.0,C,0.0,0.0,0.0,0.0,0,2,2184.7,2,2188.8,6852.66,6913.22,1,0.7342465753424657
^SPX,2026-02-24 16:15:00,SPX,2026-11-20,4875.0,C,0.0,0.0,0.0,0.0,0,2,2161.0,2,2166.3,6852.66,6913.22,0,0.7342465753424657
^SPX,2026-02-24 16:15:00,SPX,2026-11-20,4900.0,C,0.0,0.0,0.0,0.0,0,2,2138.7,2,2142.7,6852.66,6913.22,1,0.7342465753424657
^SPX,2026-02-24 16:15:00,SPX,2026-11-20,4925.0,C,0.0,0.0,0.0,0.0,0,7,2115.1,2,2120.3,6852.66,6913.22,0,0.7342465753424657
^SPX,2026-02-24 16:15:00,SPX,2026-11-20,4950.0,C,0.0,0.0,0.0,0.0,0,2,2092.7,2,2096.8,6852.66,6913.22,0,0.7342465753424657
^SPX,2026-02-24 16:15:00,SPX,2026-11-20,4975.0,C,0.0,0.0,0.0,0.0,0,7,2069.2,2,2074.3,6852.66,6913.22,0,0.7342465753424657
^SPX,2026-02-24 16:15:00,SPX,2026-11-20,5000.0,C,0.0,0.0,0.0,0.0,0,2,2047.0,2,2050.9,6852.66,6913.22,57,0.7342465753424657
^SPX,2026-02-24 16:15:00,SPX,2026-11-20,5025.0,C,0.0,0.0,0.0,0.0,0,7,2023.5,2,2028.6,6852.66,6913.22,0,0.7342465753424657
^SPX,2026-02-24 16:15:00,SPX,2026-11-20,5050.0,C,0.0,0.0,0.0,0.0,0,2,2001.1,2,2005.4,6852.66,6913.22,0,0.7342465753424657
^SPX,2026-02-24 16:15:00,SPX,2026-11-20,5075.0,C,0.0,0.0,0.0,0.0,0,7,1978.0,2,1983.0,6852.66,6913.22,0,0.7342465753424657
^SPX,2026-02-24 16:15:00,SPX,2026-11-20,5100.0,C,0.0,0.0,0.0,0.0,0,2,1955.7,2,1959.7,6852.66,6913.22,1,0.7342465753424657
^SPX,2026-02-24 16:15:00,SPX,2026-11-20,5125.0,C,0.0,0.0,0.0,0.0,0,7,1932.6,2,1937.5,6852.66,6913.22,0,0.7342465753424657
^SPX,2026-02-24 16:15:00,SPX,2026-11-20,5150.0,C,0.0,0.0,0.0,0.0,0,2,1910.5,2,1914.3,6852.66,6913.22,0,0.7342465753424657
^SPX,2026-02-24 16:15:00,SPX,2026-11-20,5175.0,C,0.0,0.0,0.0,0.0,0,7,1887.3,2,1892.2,6852.66,6913.22,0,0.7342465753424657
^SPX,2026-02-24 16:15:00,SPX,2026-11-20,5200.0,C,0.0,0.0,0.0,0.0,0,2,1865.3,2,1869.1,6852.66,6913.22,0,0.7342465753424657
^SPX,2026-02-24 16:15:00,SPX,2026-11-20,5225.0,C,0.0,0.0,0.0,0.0,0,2,1842.3,2,1847.0,6852.66,6913.22,0,0.7342465753424657
^SPX,2026-02-24 16:15:00,SPX,2026-11-20,5250.0,C,0.0,0.0,0.0,0.0,0,2,1820.3,2,1824.2,6852.66,6913.22,1,0.7342465753424657
^SPX,2026-02-24 16:15:00,SPX,2026-11-20,5275.0,C,0.0,0.0,0.0,0.0,0,2,1797.4,2,1802.0,6852.66,6913.22,0,0.7342465753424657
^SPX,2026-02-24 16:15:00,SPX,2026-11-20,5300.0,C,0.0,0.0,0.0,0.0,0,2,1775.3,2,1779.2,6852.66,6913.22,1,0.7342465753424657
^SPX,2026-02-24 16:15:00,SPX,2026-11-20,5325.0,C,0.0,0.0,0.0,0.0,0,2,1752.6,2,1757.3,6852.66,6913.22,0,0.7342465753424657
^SPX,2026-02-24 16:15:00,SPX,2026-11-20,5350.0,C,0.0,0.0,0.0,0.0,0,2,1730.9,2,1734.5,6852.66,6913.22,0,0.7342465753424657
^SPX,2026-02-24 16:15:00,SPX,2026-11-20,5375.0,C,0.0,0.0,0.0,0.0,0,2,1708.1,2,1712.7,6852.66,6913.22,0,0.7342465753424657
^SPX,2026-02-24 16:15:00,SPX,2026-11-20,5400.0,C,0.0,0.0,0.0,0.0,0,2,1686.5,2,1690.0,6852.66,6913.22,7,0.7342465753424657
^SPX,2026-02-24 16:15:00,SPX,2026-11-20,5425.0,C,0.0,0.0,0.0,0.0,0,2,1663.8,2,1668.3,6852.66,6913.22,0,0.7342465753424657
^SPX,2026-02-24 16:15:00,SPX,2026-11-20,5450.0,C,0.0,0.0,0.0,0.0,0,2,1642.1,2,1645.9,6852.66,6913.22,0,0.7342465753424657
^SPX,2026-02-24 16:15:00,SPX,2026-11-20,5475.0,C,0.0,0.0,0.0,0.0,0,2,1619.7,2,1624.2,6852.66,6913.22,0,0.7342465753424657
^SPX,2026-02-24 16:15:00,SPX,2026-11-20,5500.0,C,0.0,0.0,0.0,0.0,0,2,1598.1,2,1601.7,6852.66,6913.22,6,0.7342465753424657
^SPX,2026-02-24 16:15:00,SPX,2026-11-20,5525.0,C,0.0,0.0,0.0,0.0,0,2,1575.8,2,1580.1,6852.66,6913.22,0,0.7342465753424657
^SPX,2026-02-24 16:15:00,SPX,2026-11-20,5550.0,C,0.0,0.0,0.0,0.0,0,2,1554.5,2,1558.0,6852.66,6913.22,2,0.7342465753424657
^SPX,2026-02-24 16:15:00,SPX,2026-11-20,5575.0,C,0.0,0.0,0.0,0.0,0,2,1532.2,2,1536.4,6852.66,6913.22,0,0.7342465753424657
^SPX,2026-02-24 16:15:00,SPX,2026-11-20,5600.0,C,0.0,0.0,0.0,0.0,0,2,1510.8,2,1514.3,6852.66,6913.22,2,0.7342465753424657
^SPX,2026-02-24 16:15:00,SPX,2026-11-20,5625.0,C,0.0,0.0,0.0,0.0,0,2,1488.8,2,1492.9,6852.66,6913.22,0,0.7342465753424657
^SPX,2026-02-24 16:15:00,SPX,2026-11-20,5650.0,C,0.0,0.0,0.0,0.0,0,2,1467.5,2,1470.9,6852.66,6913.22,0,0.7342465753424657
^SPX,2026-02-24 16:15:00,SPX,2026-11-20,5675.0,C,0.0,0.0,0.0,0.0,0,2,1445.6,2,1449.7,6852.66,6913.22,0,0.7342465753424657
^SPX,2026-02-24 16:15:00,SPX,2026-11-20,5700.0,C,0.0,0.0,0.0,0.0,0,2,1424.6,2,1427.8,6852.66,6913.22,7,0.7342465753424657
^SPX,2026-02-24 16:15:00,SPX,2026-11-20,5725.0,C,0.0,0.0,0.0,0.0,0,2,1402.7,2,1406.8,6852.66,6913.22,0,0.7342465753424657
^SPX,2026-02-24 16:15:00,SPX,2026-11-20,5750.0,C,0.0,0.0,0.0,0.0,0,2,1381.8,2,1385.0,6852.66,6913.22,0,0.7342465753424657
^SPX,2026-02-24 16:15:00,SPX,2026-11-20,5775.0,C,0.0,0.0,0.0,0.0,0,2,1360.0,2,1364.2,6852.66,6913.22,0,0.7342465753424657
^SPX,2026-02-24 16:15:00,SPX,2026-11-20,5800.0,C,0.0,0.0,0.0,0.0,0,2,1339.3,2,1342.5,6852.66,6913.22,0,0.7342465753424657
^SPX,2026-02-24 16:15:00,SPX,2026-11-20,5825.0,C,0.0,0.0,0.0,0.0,0,2,1317.7,2,1321.7,6852.66,6913.22,0,0.7342465753424657
^SPX,2026-02-24 16:15:00,SPX,2026-11-20,5850.0,C,0.0,0.0,0.0,0.0,0,2,1297.0,2,1300.3,6852.66,6913.22,0,0.7342465753424657
^SPX,2026-02-24 16:15:00,SPX,2026-11-20,5875.0,C,0.0,0.0,0.0,0.0,0,2,1275.4,2,1279.5,6852.66,6913.22,0,0.7342465753424657
^SPX,2026-02-24 16:15:00,SPX,2026-11-20,5900.0,C,0.0,0.0,0.0,0.0,0,2,1255.0,2,1258.2,6852.66,6913.22,2,0.7342465753424657
^SPX,2026-02-24 16:15:00,SPX,2026-11-20,5925.0,C,0.0,0.0,0.0,0.0,0,2,1233.9,2,1237.7,6852.66,6913.22,0,0.7342465753424657
^SPX,2026-02-24 16:15:00,SPX,2026-11-20,5950.0,C,0.0,0.0,0.0,0.0,0,2,1213.4,2,1216.7,6852.66,6913.22,52,0.7342465753424657
^SPX,2026-02-24 16:15:00,SPX,2026-11-20,5975.0,C,0.0,0.0,0.0,0.0,0,2,1192.4,2,1196.3,6852.66,6913.22,0,0.7342465753424657
^SPX,2026-02-24 16:15:00,SPX,2026-11-20,6000.0,C,1168.94,1168.94,1168.94,1168.94,5,2,1172.2,2,1175.2,6852.66,6913.22,2587,0.7342465753424657
^SPX,2026-02-24 16:15:00,SPX,2026-11-20,6025.0,C,0.0,0.0,0.0,0.0,0,2,1151.3,2,1155.0,6852.66,6913.22,408,0.7342465753424657
^SPX,2026-02-24 16:15:00,SPX,2026-11-20,6050.0,C,0.0,0.0,0.0,0.0,0,2,1131.2,2,1134.3,6852.66,6913.22,2,0.7342465753424657
^SPX,2026-02-24 16:15:00,SPX,2026-11-20,6075.0,C,0.0,0.0,0.0,0.0,0,2,1110.4,2,1114.1,6852.66,6913.22,3,0.7342465753424657
^SPX,2026-02-24 16:15:00,SPX,2026-11-20,6100.0,C,0.0,0.0,0.0,0.0,0,2,1090.4,2,1093.4,6852.66,6913.22,15,0.7342465753424657
^SPX,2026-02-24 16:15:00,SPX,2026-11-20,6125.0,C,0.0,0.0,0.0,0.0,0,2,1070.0,2,1073.5,6852.66,6913.22,8,0.7342465753424657
^SPX,2026-02-24 16:15:00,SPX,2026-11-20,6150.0,C,0.0,0.0,0.0,0.0,0,2,1050.2,2,1053.1,6852.66,6913.22,19,0.7342465753424657
^SPX,2026-02-24 16:15:00,SPX,2026-11-20,6175.0,C,1029.6,1029.6,1029.6,1029.6,1,2,1029.8,2,1033.3,6852.66,6913.22,27,0.7342465753424657
^SPX,2026-02-24 16:15:00,SPX,2026-11-20,6200.0,C,1009.65,1009.65,1009.65,1009.65,1,2,1010.1,2,1013.1,6852.66,6913.22,44,0.7342465753424657
^SPX,2026-02-24 16:15:00,SPX,2026-11-20,6225.0,C,0.0,0.0,0.0,0.0,0,41,990.5,2,993.5,6852.66,6913.22,80,0.7342465753424657
^SPX,2026-02-24 16:15:00,SPX,2026-11-20,6250.0,C,0.0,0.0,0.0,0.0,0,2,970.7,2,973.4,6852.66,6913.22,6,0.7342465753424657
^SPX,2026-02-24 16:15:00,SPX,2026-11-20,6275.0,C,0.0,0.0,0.0,0.0,0,2,950.7,2,954.0,6852.66,6913.22,5,0.7342465753424657
^SPX,2026-02-24 16:15:00,SPX,2026-11-20,6300.0,C,0.0,0.0,0.0,0.0,0,2,931.5,2,934.1,6852.66,6913.22,12,0.7342465753424657
^SPX,2026-02-24 16:15:00,SPX,2026-11-20,6325.0,C,0.0,0.0,0.0,0.0,0,1,912.3,1,914.6,6852.66,6913.22,4,0.7342465753424657
^SPX,2026-02-24 16:15:00,SPX,2026-11-20,6350.0,C,0.0,0.0,0.0,0.0,0,1,893.2,1,895.2,6852.66,6913.22,10,0.7342465753424657
^SPX,2026-02-24 16:15:00,SPX,2026-11-20,6375.0,C,0.0,0.0,0.0,0.0,0,1,873.9,1,876.0,6852.66,6913.22,25,0.7342465753424657
^SPX,2026-02-24 16:15:00,SPX,2026-11-20,6400.0,C,0.0,0.0,0.0,0.0,0,1,854.6,2,856.7,6852.66,6913.22,1007,0.7342465753424657
^SPX,2026-02-24 16:15:00,SPX,2026-11-20,6425.0,C,0.0,0.0,0.0,0.0,0,1,835.7,1,837.8,6852.66,6913.22,8,0.7342465753424657
^SPX,2026-02-24 16:15:00,SPX,2026-11-20,6450.0,C,0.0,0.0,0.0,0.0,0,1,816.6,2,818.7,6852.66,6913.22,72,0.7342465753424657
^SPX,2026-02-24 16:15:00,SPX,2026-11-20,6475.0,C,0.0,0.0,0.0,0.0,0,1,797.7,1,800.0,6852.66,6913.22,5,0.7342465753424657
^SPX,2026-02-24 16:15:00,SPX,2026-11-20,6500.0,C,0.0,0.0,0.0,0.0,0,1,779.2,12,781.2,6852.66,6913.22,2147,0.7342465753424657
^SPX,2026-02-24 16:15:00,SPX,2026-11-20,6525.0,C,0.0,0.0,0.0,0.0,0,1,760.6,1,762.7,6852.66,6913.22,914,0.7342465753424657
^SPX,2026-02-24 16:15:00,SPX,2026-11-20,6550.0,C,0.0,0.0,0.0,0.0,0,1,742.1,13,744.2,6852.66,6913.22,122,0.7342465753424657
^SPX,2026-02-24 16:15:00,SPX,2026-11-20,6575.0,C,0.0,0.0,0.0,0.0,0,1,723.8,1,725.8,6852.66,6913.22,850,0.7342465753424657
^SPX,2026-02-24 16:15:00,SPX,2026-11-20,6600.0,C,702.33,705.49,702.0,705.0,154,1,705.5,12,707.5,6852.66,6913.22,1739,0.7342465753424657
^SPX,2026-02-24 16:15:00,SPX,2026-11-20,6625.0,C,686.73,688.65,686.73,688.45,4,1,687.4,1,689.5,6852.66,6913.22,118,0.7342465753424657
^SPX,2026-02-24 16:15:00,SPX,2026-11-20,6650.0,C,668.75,670.57,668.39,670.35,82,13,669.3,1,671.5,6852.66,6913.22,1671,0.7342465753424657
^SPX,2026-02-24 16:15:00,SPX,2026-11-20,6675.0,C,651.35,651.42,650.82,650.83,4,1,651.6,1,653.7,6852.66,6913.22,1315,0.7342465753424657
^SPX,2026-02-24 16:15:00,SPX,2026-11-20,6700.0,C,0.0,0.0,0.0,0.0,0,20,634.1,9,635.8,6852.66,6913.22,3659,0.7342465753424657
^SPX,2026-02-24 16:15:00,SPX,2026-11-20,6725.0,C,0.0,0.0,0.0,0.0,0,23,616.5,9,618.3,6852.66,6913.22,2265,0.7342465753424657
^SPX,2026-02-24 16:15:00,SPX,2026-11-20,6750.0,C,0.0,0.0,0.0,0.0,0,23,599.0,18,600.9,6852.66,6913.22,2630,0.7342465753424657
^SPX,2026-02-24 16:15:00,SPX,2026-11-20,6775.0,C,0.0,0.0,0.0,0.0,0,29,581.8,26,583.8,6852.66,6913.22,1881,0.7342465753424657
^SPX,2026-02-24 16:15:00,SPX,2026-11-20,6800.0,C,0.0,0.0,0.0,0.0,0,27,564.7,18,566.5,6852.66,6913.22,3740,0.7342465753424657
^SPX,2026-02-24 16:15:00,SPX,2026-11-20,6825.0,C,524.7,543.7,524.7,540.2,6,32,547.8,18,549.5,6852.66,6913.22,1584,0.7342465753424657
^SPX,2026-02-24 16:15:00,SPX,2026-11-20,6850.0,C,0.0,0.0,0.0,0.0,0,31,531.1,18,532.8,6852.66,6913.22,1269,0.7342465753424657
^SPX,2026-02-24 16:15:00,SPX,2026-11-20,6875.0,C,0.0,0.0,0.0,0.0,0,25,514.5,11,516.2,6852.66,6913.22,616,0.7342465753424657
^SPX,2026-02-24 16:15:00,SPX,2026-11-20,6900.0,C,0.0,0.0,0.0,0.0,0,32,498.1,18,499.8,6852.66,6913.22,1526,0.7342465753424657
^SPX,2026-02-24 16:15:00,SPX,2026-11-20,6925.0,C,0.0,0.0,0.0,0.0,0,34,481.9,20,483.6,6852.66,6913.22,300,0.7342465753424657
^SPX,2026-02-24 16:15:00,SPX,2026-11-20,6950.0,C,0.0,0.0,0.0,0.0,0,26,466.0,21,467.6,6852.66,6913.22,1136,0.7342465753424657
^SPX,2026-02-24 16:15:00,SPX,2026-11-20,6975.0,C,449.84,449.84,449.84,449.84,72,40,450.2,28,451.8,6852.66,6913.22,113,0.7342465753424657
^SPX,2026-02-24 16:15:00,SPX,2026-11-20,7000.0,C,436.16,436.16,432.67,432.67,121,36,434.6,30,436.1,6852.66,6913.22,4084,0.7342465753424657
^SPX,2026-02-24 16:15:00,SPX,2026-11-20,7025.0,C,420.76,420.76,420.25,420.25,44,36,419.2,29,420.9,6852.66,6913.22,299,0.7342465753424657
^SPX,2026-02-24 16:15:00,SPX,2026-11-20,7050.0,C,0.0,0.0,0.0,0.0,0,32,404.1,30,405.7,6852.66,6913.22,3120,0.7342465753424657
^SPX,2026-02-24 16:15:00,SPX,2026-11-20,7075.0,C,386.65,389.21,386.55,388.83,308,41,389.2,40,390.8,6852.66,6913.22,959,0.7342465753424657
^SPX,2026-02-24 16:15:00,SPX,2026-11-20,7100.0,C,360.15,378.42,359.43,378.42,124,44,374.5,42,376.0,6852.66,6913.22,830,0.7342465753424657
^SPX,2026-02-24 16:15:00,SPX,2026-11-20,7125.0,C,359.6,360.85,359.28,360.72,164,32,360.1,42,361.5,6852.66,6913.22,718,0.7342465753424657
^SPX,2026-02-24 16:15:00,SPX,2026-11-20,7150.0,C,345.75,345.75,345.31,345.34,8,22,345.9,32,347.4,6852.66,6913.22,741,0.7342465753424657
^SPX,2026-02-24 16:15:00,SPX,2026-11-20,7175.0,C,0.0,0.0,0.0,0.0,0,33,331.9,33,333.5,6852.66,6913.22,535,0.7342465753424657
^SPX,2026-02-24 16:15:00,SPX,2026-11-20,7200.0,C,317.33,317.59,317.33,317.59,2,34,318.3,45,319.8,6852.66,6913.22,2150,0.7342465753424657
^SPX,2026-02-24 16:15:00,SPX,2026-11-20,7225.0,C,0.0,0.0,0.0,0.0,0,23,304.9,35,306.3,6852.66,6913.22,601,0.7342465753424657
^SPX,2026-02-24 16:15:00,SPX,2026-11-20,7250.0,C,0.0,0.0,0.0,0.0,0,36,291.8,36,293.3,6852.66,6913.22,883,0.7342465753424657
^SPX,2026-02-24 16:15:00,SPX,2026-11-20,7275.0,C,0.0,0.0,0.0,0.0,0,36,279.0,36,280.5,6852.66,6913.22,81,0.7342465753424657
^SPX,2026-02-24 16:15:00,SPX,2026-11-20,7300.0,C,0.0,0.0,0.0,0.0,0,61,266.5,52,268.1,6852.66,6913.22,2836,0.7342465753424657
^SPX,2026-02-24 16:15:00,SPX,2026-11-20,7325.0,C,255.12,255.65,255.12,255.65,56,37,254.4,49,255.7,6852.66,6913.22,284,0.7342465753424657
^SPX,2026-02-24 16:15:00,SPX,2026-11-20,7350.0,C,0.0,0.0,0.0,0.0,0,68,242.5,49,244.1,6852.66,6913.22,1175,0.7342465753424657
^SPX,2026-02-24 16:15:00,SPX,2026-11-20,7375.0,C,229.62,229.62,229.62,229.62,124,71,231.0,52,232.6,6852.66,6913.22,397,0.7342465753424657
^SPX,2026-02-24 16:15:00,SPX,2026-11-20,7400.0,C,218.62,219.37,218.62,219.37,125,37,219.9,53,221.2,6852.66,6913.22,3594,0.7342465753424657
^SPX,2026-02-24 16:15:00,SPX,2026-11-20,7425.0,C,0.0,0.0,0.0,0.0,0,27,209.1,45,210.6,6852.66,6913.22,244,0.7342465753424657
^SPX,2026-02-24 16:15:00,SPX,2026-11-20,7450.0,C,196.08,196.11,195.96,195.96,3,63,198.6,58,200.1,6852.66,6913.22,1239,0.7342465753424657
^SPX,2026-02-24 16:15:00,SPX,2026-11-20,7475.0,C,181.04,188.9,181.04,188.9,65,40,188.5,60,190.0,6852.66,6913.22,323,0.7342465753424657
^SPX,2026-02-24 16:15:00,SPX,2026-11-20,7500.0,C,169.56,178.66,169.23,178.66,138,68,178.7,62,180.2,6852.66,6913.22,3816,0.7342465753424657
^SPX,2026-02-24 16:15:00,SPX,2026-11-20,7525.0,C,170.29,170.29,168.3,169.58,43,69,169.3,64,170.8,6852.66,6913.22,617,0.7342465753424657
^SPX,2026-02-24 16:15:00,SPX,2026-11-20,7550.0,C,159.27,159.52,159.17,159.52,110,91,160.2,67,161.7,6852.66,6913.22,786,0.7342465753424657
^SPX,2026-02-24 16:15:00,SPX,2026-11-20,7575.0,C,151.62,152.17,151.62,152.17,6,70,151.5,56,153.0,6852.66,6913.22,287,0.7342465753424657
^SPX,2026-02-24 16:15:00,SPX,2026-11-20,7600.0,C,144.94,144.94,143.07,144.32,94,95,143.2,72,144.7,6852.66,6913.22,2413,0.7342465753424657
^SPX,2026-02-24 16:15:00,SPX,2026-11-20,7625.0,C,136.4,136.4,135.25,135.3,6,74,135.2,59,136.7,6852.66,6913.22,306,0.7342465753424657
^SPX,2026-02-24 16:15:00,SPX,2026-11-20,7650.0,C,124.48,127.33,124.48,127.33,7,73,127.6,63,129.0,6852.66,6913.22,496,0.7342465753424657
^SPX,2026-02-24 16:15:00,SPX,2026-11-20,7675.0,C,117.34,120.04,117.34,120.04,5,59,120.3,63,121.7,6852.66,6913.22,250,0.7342465753424657
^SPX,2026-02-24 16:15:00,SPX,2026-11-20,7700.0,C,113.7,113.7,113.7,113.7,1,82,113.3,65,114.7,6852.66,6913.22,627,0.7342465753424657
^SPX,2026-02-24 16:15:00,SPX,2026-11-20,7725.0,C,0.0,0.0,0.0,0.0,0,84,106.6,68,108.0,6852.66,6913.22,626,0.7342465753424657
^SPX,2026-02-24 16:15:00,SPX,2026-11-20,7750.0,C,0.0,0.0,0.0,0.0,0,88,100.3,70,101.7,6852.66,6913.22,225,0.7342465753424657
^SPX,2026-02-24 16:15:00,SPX,2026-11-20,7775.0,C,0.0,0.0,0.0,0.0,0,93,94.3,94,95.7,6852.66,6913.22,284,0.7342465753424657
^SPX,2026-02-24 16:15:00,SPX,2026-11-20,7800.0,C,88.93,89.78,88.93,89.78,1201,109,88.6,136,90.0,6852.66,6913.22,2247,0.7342465753424657
^SPX,2026-02-24 16:15:00,SPX,2026-11-20,7825.0,C,0.0,0.0,0.0,0.0,0,83,83.2,103,84.5,6852.66,6913.22,148,0.7342465753424657
^SPX,2026-02-24 16:15:00,SPX,2026-11-20,7850.0,C,75.14,78.55,75.14,78.5,122,107,78.1,144,79.4,6852.66,6913.22,364,0.7342465753424657
^SPX,2026-02-24 16:15:00,SPX,2026-11-20,7875.0,C,0.0,0.0,0.0,0.0,0,90,73.2,112,74.5,6852.66,6913.22,51,0.7342465753424657
^SPX,2026-02-24 16:15:00,SPX,2026-11-20,7900.0,C,64.27,69.27,64.15,69.27,124,120,68.7,120,69.6,6852.66,6913.22,1759,0.7342465753424657
^SPX,2026-02-24 16:15:00,SPX,2026-11-20,7950.0,C,57.21,60.8,57.21,60.8,7,99,60.2,128,61.4,6852.66,6913.22,111,0.7342465753424657
^SPX,2026-02-24 16:15:00,SPX,2026-11-20,8000.0,C,0.0,0.0,0.0,0.0,0,107,52.7,141,53.8,6852.66,6913.22,600,0.7342465753424657
^SPX,2026-02-24 16:15:00,SPX,2026-11-20,8100.0,C,39.2,39.2,39.2,39.2,1,155,40.1,184,41.2,6852.66,6913.22,569,0.7342465753424657
^SPX,2026-02-24 16:15:00,SPX,2026-11-20,8200.0,C,0.0,0.0,0.0,0.0,0,182,30.5,144,31.3,6852.66,6913.22,664,0.7342465753424657
^SPX,2026-02-24 16:15:00,SPX,2026-11-20,8300.0,C,22.49,23.6,22.49,23.5,122,302,23.2,86,23.8,6852.66,6913.22,330,0.7342465753424657
^SPX,2026-02-24 16:15:00,SPX,2026-11-20,8400.0,C,18.04,18.04,18.04,18.04,2,248,17.6,212,18.3,6852.66,6913.22,103,0.7342465753424657
^SPX,2026-02-24 16:15:00,SPX,2026-11-20,8500.0,C,12.5,12.5,12.5,12.5,1,296,13.4,61,14.0,6852.66,6913.22,367,0.7342465753424657
^SPX,2026-02-24 16:15:00,SPX,2026-11-20,8600.0,C,10.27,10.68,10.27,10.59,8,290,10.3,72,10.8,6852.66,6913.22,759,0.7342465753424657
^SPX,2026-02-24 16:15:00,SPX,2026-11-20,8800.0,C,0.0,0.0,0.0,0.0,0,312,6.2,516,6.7,6852.66,6913.22,771,0.7342465753424657
^SPX,2026-02-24 16:15:00,SPX,2026-11-20,9000.0,C,3.8,3.85,3.8,3.85,4,378,3.8,519,4.2,6852.66,6913.22,290,0.7342465753424657
^SPX,2026-02-24 16:15:00,SPX,2026-11-20,9200.0,C,0.0,0.0,0.0,0.0,0,350,2.35,522,2.7,6852.66,6913.22,106,0.7342465753424657
^SPX,2026-02-24 16:15:00,SPX,2026-11-20,9400.0,C,0.0,0.0,0.0,0.0,0,548,1.45,413,1.8,6852.66,6913.22,17,0.7342465753424657
^SPX,2026-02-24 16:15:00,SPX,2026-12-18,200.0,C,6627.52,6637.0,6627.52,6637.0,2,1,6619.1,1,6658.0,6852.66,6913.22,253,0.810958904109589
^SPX,2026-02-24 16:15:00,SPX,2026-12-18,400.0,C,0.0,0.0,0.0,0.0,0,1,6424.3,1,6466.5,6852.66,6913.22,122,0.810958904109589
^SPX,2026-02-24 16:15:00,SPX,2026-12-18,600.0,C,0.0,0.0,0.0,0.0,0,1,6230.8,1,6273.0,6852.66,6913.22,131,0.810958904109589
^SPX,2026-02-24 16:15:00,SPX,2026-12-18,800.0,C,0.0,0.0,0.0,0.0,0,1,6039.9,1,6078.8,6852.66,6913.22,0,0.810958904109589
^SPX,2026-02-24 16:15:00,SPX,2026-12-18,1000.0,C,0.0,0.0,0.0,0.0,0,12,5857.5,10,5871.2,6852.66,6913.22,3363,0.810958904109589
^SPX,2026-02-24 16:15:00,SPX,2026-12-18,1200.0,C,0.0,0.0,0.0,0.0,0,5,5662.9,5,5682.5,6852.66,6913.22,14,0.810958904109589
^SPX,2026-02-24 16:15:00,SPX,2026-12-18,1400.0,C,0.0,0.0,0.0,0.0,0,5,5468.7,5,5487.7,6852.66,6913.22,1,0.810958904109589
^SPX,2026-02-24 16:15:00,SPX,2026-12-18,1600.0,C,0.0,0.0,0.0,0.0,0,5,5276.2,5,5294.6,6852.66,6913.22,0,0.810958904109589
^SPX,2026-02-24 16:15:00,SPX,2026-12-18,1800.0,C,0.0,0.0,0.0,0.0,0,5,5083.9,5,5101.9,6852.66,6913.22,9,0.810958904109589
^SPX,2026-02-24 16:15:00,SPX,2026-12-18,2000.0,C,0.0,0.0,0.0,0.0,0,10,4893.2,10,4906.8,6852.66,6913.22,2123,0.810958904109589
^SPX,2026-02-24 16:15:00,SPX,2026-12-18,2200.0,C,0.0,0.0,0.0,0.0,0,5,4699.6,5,4716.8,6852.66,6913.22,2,0.810958904109589
^SPX,2026-02-24 16:15:00,SPX,2026-12-18,2400.0,C,0.0,0.0,0.0,0.0,0,5,4507.9,5,4524.5,6852.66,6913.22,30,0.810958904109589
^SPX,2026-02-24 16:15:00,SPX,2026-12-18,2500.0,C,0.0,0.0,0.0,0.0,0,5,4412.1,5,4428.4,6852.66,6913.22,4,0.810958904109589
^SPX,2026-02-24 16:15:00,SPX,2026-12-18,2600.0,C,0.0,0.0,0.0,0.0,0,5,4316.7,5,4332.6,6852.66,6913.22,273,0.810958904109589
^SPX,2026-02-24 16:15:00,SPX,2026-12-18,2700.0,C,0.0,0.0,0.0,0.0,0,5,4221.0,5,4236.8,6852.66,6913.22,1,0.810958904109589
^SPX,2026-02-24 16:15:00,SPX,2026-12-18,2800.0,C,0.0,0.0,0.0,0.0,0,5,4125.5,5,4141.3,6852.66,6913.22,79,0.810958904109589
^SPX,2026-02-24 16:15:00,SPX,2026-12-18,2900.0,C,0.0,0.0,0.0,0.0,0,5,4030.2,5,4045.5,6852.66,6913.22,1,0.810958904109589
^SPX,2026-02-24 16:15:00,SPX,2026-12-18,3000.0,C,0.0,0.0,0.0,0.0,0,5,3934.8,10,3948.2,6852.66,6913.22,1455,0.810958904109589
^SPX,2026-02-24 16:15:00,SPX,2026-12-18,3100.0,C,0.0,0.0,0.0,0.0,0,5,3839.5,5,3854.3,6852.66,6913.22,0,0.810958904109589
^SPX,2026-02-24 16:15:00,SPX,2026-12-18,3200.0,C,3740.32,3740.32,3740.32,3740.32,1,5,3745.0,5,3758.6,6852.66,6913.22,10,0.810958904109589
^SPX,2026-02-24 16:15:00,SPX,2026-12-18,3300.0,C,0.0,0.0,0.0,0.0,0,2,3652.9,2,3659.2,6852.66,6913.22,58,0.810958904109589
^SPX,2026-02-24 16:15:00,SPX,2026-12-18,3400.0,C,0.0,0.0,0.0,0.0,0,2,3557.9,2,3564.0,6852.66,6913.22,5,0.810958904109589
^SPX,2026-02-24 16:15:00,SPX,2026-12-18,3500.0,C,0.0,0.0,0.0,0.0,0,2,3462.8,2,3468.9,6852.66,6913.22,26,0.810958904109589
^SPX,2026-02-24 16:15:00,SPX,2026-12-18,3600.0,C,0.0,0.0,0.0,0.0,0,2,3367.9,2,3373.7,6852.66,6913.22,103,0.810958904109589
^SPX,2026-02-24 16:15:00,SPX,2026-12-18,3700.0,C,0.0,0.0,0.0,0.0,0,2,3273.1,2,3278.8,6852.66,6913.22,261,0.810958904109589
^SPX,2026-02-24 16:15:00,SPX,2026-12-18,3800.0,C,0.0,0.0,0.0,0.0,0,2,3178.4,2,3184.0,6852.66,6913.22,370,0.810958904109589
^SPX,2026-02-24 16:15:00,SPX,2026-12-18,3850.0,C,0.0,0.0,0.0,0.0,0,2,3131.1,2,3136.6,6852.66,6913.22,20,0.810958904109589
^SPX,2026-02-24 16:15:00,SPX,2026-12-18,3900.0,C,0.0,0.0,0.0,0.0,0,2,3083.8,2,3089.3,6852.66,6913.22,455,0.810958904109589
^SPX,2026-02-24 16:15:00,SPX,2026-12-18,3950.0,C,0.0,0.0,0.0,0.0,0,2,3036.6,7,3042.2,6852.66,6913.22,65,0.810958904109589
^SPX,2026-02-24 16:15:00,SPX,2026-12-18,4000.0,C,0.0,0.0,0.0,0.0,0,2,2989.4,7,2994.9,6852.66,6913.22,64411,0.810958904109589
^SPX,2026-02-24 16:15:00,SPX,2026-12-18,4050.0,C,0.0,0.0,0.0,0.0,0,2,2942.4,2,2947.7,6852.66,6913.22,10,0.810958904109589
^SPX,2026-02-24 16:15:00,SPX,2026-12-18,4100.0,C,0.0,0.0,0.0,0.0,0,2,2895.3,7,2900.7,6852.66,6913.22,828,0.810958904109589
^SPX,2026-02-24 16:15:00,SPX,2026-12-18,4125.0,C,0.0,0.0,0.0,0.0,0,2,2870.9,2,2878.0,6852.66,6913.22,0,0.810958904109589
^SPX,2026-02-24 16:15:00,SPX,2026-12-18,4150.0,C,0.0,0.0,0.0,0.0,0,2,2848.3,2,2853.5,6852.66,6913.22,252,0.810958904109589
^SPX,2026-02-24 16:15:00,SPX,2026-12-18,4175.0,C,0.0,0.0,0.0,0.0,0,2,2824.0,2,2830.9,6852.66,6913.22,0,0.810958904109589
^SPX,2026-02-24 16:15:00,SPX,2026-12-18,4200.0,C,0.0,0.0,0.0,0.0,0,2,2801.3,2,2806.6,6852.66,6913.22,1701,0.810958904109589
^SPX,2026-02-24 16:15:00,SPX,2026-12-18,4225.0,C,0.0,0.0,0.0,0.0,0,2,2777.0,2,2783.9,6852.66,6913.22,4,0.810958904109589
^SPX,2026-02-24 16:15:00,SPX,2026-12-18,4250.0,C,0.0,0.0,0.0,0.0,0,2,2754.4,7,2759.7,6852.66,6913.22,10,0.810958904109589
^SPX,2026-02-24 16:15:00,SPX,2026-12-18,4275.0,C,0.0,0.0,0.0,0.0,0,2,2730.2,2,2736.9,6852.66,6913.22,114,0.810958904109589
^SPX,2026-02-24 16:15:00,SPX,2026-12-18,4300.0,C,0.0,0.0,0.0,0.0,0,2,2707.7,7,2712.8,6852.66,6913.22,1740,0.810958904109589
^SPX,2026-02-24 16:15:00,SPX,2026-12-18,4325.0,C,0.0,0.0,0.0,0.0,0,2,2683.5,2,2690.0,6852.66,6913.22,2,0.810958904109589
^SPX,2026-02-24 16:15:00,SPX,2026-12-18,4350.0,C,0.0,0.0,0.0,0.0,0,2,2660.9,7,2666.0,6852.66,6913.22,24,0.810958904109589
^SPX,2026-02-24 16:15:00,SPX,2026-12-18,4375.0,C,0.0,0.0,0.0,0.0,0,2,2636.8,2,2643.2,6852.66,6913.22,42,0.810958904109589
^SPX,2026-02-24 16:15:00,SPX,2026-12-18,4400.0,C,0.0,0.0,0.0,0.0,0,2,2614.3,2,2619.2,6852.66,6913.22,982,0.810958904109589
^SPX,2026-02-24 16:15:00,SPX,2026-12-18,4425.0,C,0.0,0.0,0.0,0.0,0,2,2590.2,2,2596.5,6852.66,6913.22,7,0.810958904109589
^SPX,2026-02-24 16:15:00,SPX,2026-12-18,4450.0,C,0.0,0.0,0.0,0.0,0,2,2567.7,2,2572.6,6852.66,6913.22,27,0.810958904109589
^SPX,2026-02-24 16:15:00,SPX,2026-12-18,4475.0,C,0.0,0.0,0.0,0.0,0,2,2543.7,2,2549.9,6852.66,6913.22,112,0.810958904109589
^SPX,2026-02-24 16:15:00,SPX,2026-12-18,4500.0,C,0.0,0.0,0.0,0.0,0,2,2521.2,2,2526.0,6852.66,6913.22,3162,0.810958904109589
^SPX,2026-02-24 16:15:00,SPX,2026-12-18,4525.0,C,0.0,0.0,0.0,0.0,0,2,2497.2,2,2503.3,6852.66,6913.22,2,0.810958904109589
^SPX,2026-02-24 16:15:00,SPX,2026-12-18,4550.0,C,0.0,0.0,0.0,0.0,0,2,2474.8,2,2479.5,6852.66,6913.22,16,0.810958904109589
^SPX,2026-02-24 16:15:00,SPX,2026-12-18,4575.0,C,0.0,0.0,0.0,0.0,0,2,2450.8,2,2456.9,6852.66,6913.22,1,0.810958904109589
^SPX,2026-02-24 16:15:00,SPX,2026-12-18,4600.0,C,0.0,0.0,0.0,0.0,0,2,2428.4,2,2433.2,6852.66,6913.22,2397,0.810958904109589
^SPX,2026-02-24 16:15:00,SPX,2026-12-18,4625.0,C,0.0,0.0,0.0,0.0,0,2,2404.6,2,2410.6,6852.66,6913.22,0,0.810958904109589
^SPX,2026-02-24 16:15:00,SPX,2026-12-18,4650.0,C,0.0,0.0,0.0,0.0,0,2,2382.1,2,2386.8,6852.66,6913.22,147,0.810958904109589
^SPX,2026-02-24 16:15:00,SPX,2026-12-18,4675.0,C,0.0,0.0,0.0,0.0,0,2,2358.4,2,2364.3,6852.66,6913.22,48,0.810958904109589
^SPX,2026-02-24 16:15:00,SPX,2026-12-18,4700.0,C,0.0,0.0,0.0,0.0,0,2,2336.0,2,2340.7,6852.66,6913.22,2473,0.810958904109589
^SPX,2026-02-24 16:15:00,SPX,2026-12-18,4725.0,C,0.0,0.0,0.0,0.0,0,2,2312.3,2,2318.1,6852.66,6913.22,92,0.810958904109589
^SPX,2026-02-24 16:15:00,SPX,2026-12-18,4750.0,C,0.0,0.0,0.0,0.0,0,2,2290.1,2,2294.5,6852.66,6913.22,46,0.810958904109589
^SPX,2026-02-24 16:15:00,SPX,2026-12-18,4775.0,C,0.0,0.0,0.0,0.0,0,2,2266.4,2,2272.2,6852.66,6913.22,8,0.810958904109589
^SPX,2026-02-24 16:15:00,SPX,2026-12-18,4800.0,C,0.0,0.0,0.0,0.0,0,2,2244.1,2,2248.6,6852.66,6913.22,2230,0.810958904109589
^SPX,2026-02-24 16:15:00,SPX,2026-12-18,4825.0,C,0.0,0.0,0.0,0.0,0,7,2220.5,2,2226.2,6852.66,6913.22,0,0.810958904109589
^SPX,2026-02-24 16:15:00,SPX,2026-12-18,4850.0,C,2175.57,2175.57,2175.57,2175.57,1,2,2198.4,2,2202.7,6852.66,6913.22,1,0.810958904109589
^SPX,2026-02-24 16:15:00,SPX,2026-12-18,4875.0,C,0.0,0.0,0.0,0.0,0,7,2174.9,2,2180.5,6852.66,6913.22,1,0.810958904109589
^SPX,2026-02-24 16:15:00,SPX,2026-12-18,4900.0,C,0.0,0.0,0.0,0.0,0,2,2152.7,2,2157.0,6852.66,6913.22,2588,0.810958904109589
^SPX,2026-02-24 16:15:00,SPX,2026-12-18,4925.0,C,0.0,0.0,0.0,0.0,0,7,2129.3,2,2134.8,6852.66,6913.22,1,0.810958904109589
^SPX,2026-02-24 16:15:00,SPX,2026-12-18,4950.0,C,2083.83,2083.83,2083.83,2083.83,1,2,2107.2,2,2111.5,6852.66,6913.22,65,0.810958904109589
^SPX,2026-02-24 16:15:00,SPX,2026-12-18,4975.0,C,0.0,0.0,0.0,0.0,0,7,2083.8,2,2089.3,6852.66,6913.22,2,0.810958904109589
^SPX,2026-02-24 16:15:00,SPX,2026-12-18,5000.0,C,0.0,0.0,0.0,0.0,0,2,2061.8,2,2066.0,6852.66,6913.22,89944,0.810958904109589
^SPX,2026-02-24 16:15:00,SPX,2026-12-18,5025.0,C,0.0,0.0,0.0,0.0,0,7,2038.6,2,2043.9,6852.66,6913.22,15,0.810958904109589
^SPX,2026-02-24 16:15:00,SPX,2026-12-18,5050.0,C,0.0,0.0,0.0,0.0,0,2,2016.6,2,2020.7,6852.66,6913.22,92,0.810958904109589
^SPX,2026-02-24 16:15:00,SPX,2026-12-18,5075.0,C,0.0,0.0,0.0,0.0,0,7,1993.4,2,1998.7,6852.66,6913.22,31,0.810958904109589
^SPX,2026-02-24 16:15:00,SPX,2026-12-18,5100.0,C,0.0,0.0,0.0,0.0,0,2,1971.5,2,1975.6,6852.66,6913.22,3307,0.810958904109589
^SPX,2026-02-24 16:15:00,SPX,2026-12-18,5125.0,C,0.0,0.0,0.0,0.0,0,7,1948.4,2,1953.6,6852.66,6913.22,333,0.810958904109589
^SPX,2026-02-24 16:15:00,SPX,2026-12-18,5150.0,C,0.0,0.0,0.0,0.0,0,2,1926.6,2,1930.6,6852.66,6913.22,188,0.810958904109589
^SPX,2026-02-24 16:15:00,SPX,2026-12-18,5175.0,C,0.0,0.0,0.0,0.0,0,7,1903.6,2,1908.8,6852.66,6913.22,31,0.810958904109589
^SPX,2026-02-24 16:15:00,SPX,2026-12-18,5200.0,C,0.0,0.0,0.0,0.0,0,2,1881.8,2,1886.0,6852.66,6913.22,3093,0.810958904109589
^SPX,2026-02-24 16:15:00,SPX,2026-12-18,5225.0,C,0.0,0.0,0.0,0.0,0,8,1858.9,2,1864.1,6852.66,6913.22,51,0.810958904109589
^SPX,2026-02-24 16:15:00,SPX,2026-12-18,5250.0,C,0.0,0.0,0.0,0.0,0,2,1837.3,2,1841.2,6852.66,6913.22,476,0.810958904109589
^SPX,2026-02-24 16:15:00,SPX,2026-12-18,5275.0,C,0.0,0.0,0.0,0.0,0,8,1814.4,2,1819.5,6852.66,6913.22,2,0.810958904109589
^SPX,2026-02-24 16:15:00,SPX,2026-12-18,5300.0,C,0.0,0.0,0.0,0.0,0,2,1792.9,2,1796.8,6852.66,6913.22,3990,0.810958904109589
^SPX,2026-02-24 16:15:00,SPX,2026-12-18,5325.0,C,0.0,0.0,0.0,0.0,0,2,1770.2,2,1775.2,6852.66,6913.22,2,0.810958904109589
^SPX,2026-02-24 16:15:00,SPX,2026-12-18,5350.0,C,0.0,0.0,0.0,0.0,0,2,1748.7,2,1752.5,6852.66,6913.22,831,0.810958904109589
^SPX,2026-02-24 16:15:00,SPX,2026-12-18,5375.0,C,0.0,0.0,0.0,0.0,0,2,1726.1,2,1731.0,6852.66,6913.22,1,0.810958904109589
^SPX,2026-02-24 16:15:00,SPX,2026-12-18,5400.0,C,1654.8,1654.8,1648.0,1648.0,9,2,1704.6,2,1708.5,6852.66,6913.22,2522,0.810958904109589
^SPX,2026-02-24 16:15:00,SPX,2026-12-18,5425.0,C,0.0,0.0,0.0,0.0,0,2,1682.3,2,1687.0,6852.66,6913.22,5,0.810958904109589
^SPX,2026-02-24 16:15:00,SPX,2026-12-18,5450.0,C,0.0,0.0,0.0,0.0,0,2,1661.0,2,1664.7,6852.66,6913.22,180,0.810958904109589
^SPX,2026-02-24 16:15:00,SPX,2026-12-18,5475.0,C,0.0,0.0,0.0,0.0,0,2,1638.6,2,1643.4,6852.66,6913.22,7,0.810958904109589
^SPX,2026-02-24 16:15:00,SPX,2026-12-18,5500.0,C,1608.71,1609.24,1608.71,1609.24,2,2,1617.5,2,1621.1,6852.66,6913.22,6439,0.810958904109589
^SPX,2026-02-24 16:15:00,SPX,2026-12-18,5525.0,C,0.0,0.0,0.0,0.0,0,2,1595.3,2,1599.8,6852.66,6913.22,7,0.810958904109589
^SPX,2026-02-24 16:15:00,SPX,2026-12-18,5550.0,C,0.0,0.0,0.0,0.0,0,2,1574.1,2,1577.9,6852.66,6913.22,610,0.810958904109589
^SPX,2026-02-24 16:15:00,SPX,2026-12-18,5575.0,C,0.0,0.0,0.0,0.0,0,2,1552.1,2,1556.6,6852.66,6913.22,581,0.810958904109589
^SPX,2026-02-24 16:15:00,SPX,2026-12-18,5600.0,C,0.0,0.0,0.0,0.0,0,2,1531.1,2,1534.8,6852.66,6913.22,4336,0.810958904109589
^SPX,2026-02-24 16:15:00,SPX,2026-12-18,5625.0,C,0.0,0.0,0.0,0.0,0,2,1509.1,2,1513.6,6852.66,6913.22,307,0.810958904109589
^SPX,2026-02-24 16:15:00,SPX,2026-12-18,5650.0,C,0.0,0.0,0.0,0.0,0,2,1488.2,2,1491.8,6852.66,6913.22,1400,0.810958904109589
^SPX,2026-02-24 16:15:00,SPX,2026-12-18,5675.0,C,0.0,0.0,0.0,0.0,0,2,1466.5,2,1470.8,6852.66,6913.22,35,0.810958904109589
^SPX,2026-02-24 16:15:00,SPX,2026-12-18,5700.0,C,0.0,0.0,0.0,0.0,0,2,1445.8,2,1449.2,6852.66,6913.22,3663,0.810958904109589
^SPX,2026-02-24 16:15:00,SPX,2026-12-18,5725.0,C,0.0,0.0,0.0,0.0,0,2,1424.1,2,1428.4,6852.66,6913.22,58,0.810958904109589
^SPX,2026-02-24 16:15:00,SPX,2026-12-18,5750.0,C,0.0,0.0,0.0,0.0,0,2,1403.5,2,1406.8,6852.66,6913.22,1429,0.810958904109589
^SPX,2026-02-24 16:15:00,SPX,2026-12-18,5775.0,C,0.0,0.0,0.0,0.0,0,2,1381.9,2,1386.2,6852.66,6913.22,224,0.810958904109589
^SPX,2026-02-24 16:15:00,SPX,2026-12-18,5800.0,C,0.0,0.0,0.0,0.0,0,2,1361.4,2,1364.8,6852.66,6913.22,6939,0.810958904109589
^SPX,2026-02-24 16:15:00,SPX,2026-12-18,5825.0,C,0.0,0.0,0.0,0.0,0,2,1340.1,2,1344.3,6852.66,6913.22,18,0.810958904109589
^SPX,2026-02-24 16:15:00,SPX,2026-12-18,5850.0,C,0.0,0.0,0.0,0.0,0,2,1319.7,2,1323.0,6852.66,6913.22,598,0.810958904109589
^SPX,2026-02-24 16:15:00,SPX,2026-12-18,5875.0,C,0.0,0.0,0.0,0.0,0,2,1298.5,2,1302.6,6852.66,6913.22,171,0.810958904109589
^SPX,2026-02-24 16:15:00,SPX,2026-12-18,5900.0,C,0.0,0.0,0.0,0.0,0,2,1278.3,2,1281.7,6852.66,6913.22,3560,0.810958904109589
^SPX,2026-02-24 16:15:00,SPX,2026-12-18,5925.0,C,0.0,0.0,0.0,0.0,0,2,1257.2,2,1261.3,6852.66,6913.22,29,0.810958904109589
^SPX,2026-02-24 16:15:00,SPX,2026-12-18,5950.0,C,0.0,0.0,0.0,0.0,0,2,1237.0,2,1240.5,6852.66,6913.22,723,0.810958904109589
^SPX,2026-02-24 16:15:00,SPX,2026-12-18,5975.0,C,0.0,0.0,0.0,0.0,0,2,1216.3,2,1220.3,6852.66,6913.22,119,0.810958904109589
^SPX,2026-02-24 16:15:00,SPX,2026-12-18,6000.0,C,1149.66,1200.85,1149.66,1197.3,36,2,1196.2,2,1199.5,6852.66,6913.22,94462,0.810958904109589
^SPX,2026-02-24 16:15:00,SPX,2026-12-18,6025.0,C,0.0,0.0,0.0,0.0,0,2,1175.6,2,1179.5,6852.66,6913.22,405,0.810958904109589
^SPX,2026-02-24 16:15:00,SPX,2026-12-18,6050.0,C,0.0,0.0,0.0,0.0,0,2,1155.7,2,1158.9,6852.66,6913.22,1272,0.810958904109589
^SPX,2026-02-24 16:15:00,SPX,2026-12-18,6075.0,C,0.0,0.0,0.0,0.0,0,2,1135.2,2,1139.1,6852.66,6913.22,44,0.810958904109589
^SPX,2026-02-24 16:15:00,SPX,2026-12-18,6100.0,C,0.0,0.0,0.0,0.0,0,2,1115.5,2,1118.7,6852.66,6913.22,3706,0.810958904109589
^SPX,2026-02-24 16:15:00,SPX,2026-12-18,6125.0,C,1097.59,1097.59,1097.59,1097.59,3,2,1095.3,2,1099.1,6852.66,6913.22,18,0.810958904109589
^SPX,2026-02-24 16:15:00,SPX,2026-12-18,6150.0,C,1077.67,1077.67,1077.67,1077.67,3,2,1075.8,2,1078.8,6852.66,6913.22,633,0.810958904109589
^SPX,2026-02-24 16:15:00,SPX,2026-12-18,6175.0,C,0.0,0.0,0.0,0.0,0,2,1055.6,2,1059.4,6852.66,6913.22,195,0.810958904109589
^SPX,2026-02-24 16:15:00,SPX,2026-12-18,6200.0,C,1040.67,1040.67,1039.9,1039.9,21,2,1036.3,2,1039.3,6852.66,6913.22,8918,0.810958904109589
^SPX,2026-02-24 16:15:00,SPX,2026-12-18,6225.0,C,0.0,0.0,0.0,0.0,0,2,1016.2,2,1019.9,6852.66,6913.22,1092,0.810958904109589
^SPX,2026-02-24 16:15:00,SPX,2026-12-18,6250.0,C,0.0,0.0,0.0,0.0,0,2,997.2,2,1000.1,6852.66,6913.22,698,0.810958904109589
^SPX,2026-02-24 16:15:00,SPX,2026-12-18,6275.0,C,0.0,0.0,0.0,0.0,0,2,977.3,2,981.0,6852.66,6913.22,51,0.810958904109589
^SPX,2026-02-24 16:15:00,SPX,2026-12-18,6300.0,C,0.0,0.0,0.0,0.0,0,1,959.2,1,961.0,6852.66,6913.22,4671,0.810958904109589
^SPX,2026-02-24 16:15:00,SPX,2026-12-18,6325.0,C,0.0,0.0,0.0,0.0,0,1,940.1,1,941.8,6852.66,6913.22,121,0.810958904109589
^SPX,2026-02-24 16:15:00,SPX,2026-12-18,6350.0,C,0.0,0.0,0.0,0.0,0,1,920.8,1,922.7,6852.66,6913.22,922,0.810958904109589
^SPX,2026-02-24 16:15:00,SPX,2026-12-18,6375.0,C,0.0,0.0,0.0,0.0,0,1,901.8,1,903.6,6852.66,6913.22,54,0.810958904109589
^SPX,2026-02-24 16:15:00,SPX,2026-12-18,6400.0,C,0.0,0.0,0.0,0.0,0,1,883.0,1,884.7,6852.66,6913.22,5892,0.810958904109589
^SPX,2026-02-24 16:15:00,SPX,2026-12-18,6425.0,C,0.0,0.0,0.0,0.0,0,1,864.0,1,865.9,6852.66,6913.22,286,0.810958904109589
^SPX,2026-02-24 16:15:00,SPX,2026-12-18,6450.0,C,0.0,0.0,0.0,0.0,0,1,845.3,1,847.1,6852.66,6913.22,942,0.810958904109589
^SPX,2026-02-24 16:15:00,SPX,2026-12-18,6475.0,C,0.0,0.0,0.0,0.0,0,1,826.7,1,828.5,6852.66,6913.22,385,0.810958904109589
^SPX,2026-02-24 16:15:00,SPX,2026-12-18,6500.0,C,801.05,801.05,801.05,801.05,1,1,808.2,1,810.0,6852.66,6913.22,10472,0.810958904109589
^SPX,2026-02-24 16:15:00,SPX,2026-12-18,6525.0,C,0.0,0.0,0.0,0.0,0,1,789.8,1,791.6,6852.66,6913.22,141,0.810958904109589
^SPX,2026-02-24 16:15:00,SPX,2026-12-18,6550.0,C,0.0,0.0,0.0,0.0,0,1,771.5,1,773.3,6852.66,6913.22,1382,0.810958904109589
^SPX,2026-02-24 16:15:00,SPX,2026-12-18,6575.0,C,0.0,0.0,0.0,0.0,0,1,753.3,1,755.2,6852.66,6913.22,136,0.810958904109589
^SPX,2026-02-24 16:15:00,SPX,2026-12-18,6600.0,C,0.0,0.0,0.0,0.0,0,1,735.4,1,737.1,6852.66,6913.22,7267,0.810958904109589
^SPX,2026-02-24 16:15:00,SPX,2026-12-18,6625.0,C,0.0,0.0,0.0,0.0,0,1,717.5,1,719.2,6852.66,6913.22,271,0.810958904109589
^SPX,2026-02-24 16:15:00,SPX,2026-12-18,6650.0,C,0.0,0.0,0.0,0.0,0,1,699.7,1,701.4,6852.66,6913.22,2397,0.810958904109589
^SPX,2026-02-24 16:15:00,SPX,2026-12-18,6675.0,C,0.0,0.0,0.0,0.0,0,1,681.9,1,683.7,6852.66,6913.22,657,0.810958904109589
^SPX,2026-02-24 16:15:00,SPX,2026-12-18,6700.0,C,0.0,0.0,0.0,0.0,0,21,664.5,9,666.0,6852.66,6913.22,7899,0.810958904109589
^SPX,2026-02-24 16:15:00,SPX,2026-12-18,6725.0,C,636.19,641.28,636.19,637.7,8,21,647.2,10,648.8,6852.66,6913.22,861,0.810958904109589
^SPX,2026-02-24 16:15:00,SPX,2026-12-18,6750.0,C,0.0,0.0,0.0,0.0,0,18,629.9,10,631.5,6852.66,6913.22,4595,0.810958904109589
^SPX,2026-02-24 16:15:00,SPX,2026-12-18,6775.0,C,0.0,0.0,0.0,0.0,0,23,612.8,10,614.4,6852.66,6913.22,1144,0.810958904109589
^SPX,2026-02-24 16:15:00,SPX,2026-12-18,6800.0,C,598.9,599.9,593.8,593.8,17,30,595.9,18,597.4,6852.66,6913.22,18236,0.810958904109589
^SPX,2026-02-24 16:15:00,SPX,2026-12-18,6825.0,C,0.0,0.0,0.0,0.0,0,30,579.1,11,580.6,6852.66,6913.22,3207,0.810958904109589
^SPX,2026-02-24 16:15:00,SPX,2026-12-18,6850.0,C,0.0,0.0,0.0,0.0,0,31,562.5,18,563.9,6852.66,6913.22,13938,0.810958904109589
^SPX,2026-02-24 16:15:00,SPX,2026-12-18,6875.0,C,537.1,549.05,537.1,546.83,67,26,546.0,11,547.4,6852.66,6913.22,2282,0.810958904109589
^SPX,2026-02-24 16:15:00,SPX,2026-12-18,6900.0,C,531.0,532.24,527.97,529.35,38,30,529.7,11,531.1,6852.66,6913.22,12071,0.810958904109589
^SPX,2026-02-24 16:15:00,SPX,2026-12-18,6925.0,C,0.0,0.0,0.0,0.0,0,27,513.6,19,515.0,6852.66,6913.22,3631,0.810958904109589
^SPX,2026-02-24 16:15:00,SPX,2026-12-18,6950.0,C,496.0,496.0,496.0,496.0,1,19,497.7,19,498.9,6852.66,6913.22,5019,0.810958904109589
^SPX,2026-02-24 16:15:00,SPX,2026-12-18,6975.0,C,481.52,481.52,481.52,481.52,59,13,481.9,12,483.3,6852.66,6913.22,265,0.810958904109589
^SPX,2026-02-24 16:15:00,SPX,2026-12-18,7000.0,C,435.07,468.3,435.07,466.65,88,19,466.4,19,467.5,6852.66,6913.22,86063,0.810958904109589
^SPX,2026-02-24 16:15:00,SPX,2026-12-18,7025.0,C,441.83,445.58,441.83,442.36,5,14,451.0,13,452.2,6852.66,6913.22,855,0.810958904109589
^SPX,2026-02-24 16:15:00,SPX,2026-12-18,7050.0,C,415.8,430.9,411.43,430.9,5,21,435.8,20,437.0,6852.66,6913.22,2926,0.810958904109589
^SPX,2026-02-24 16:15:00,SPX,2026-12-18,7075.0,C,423.28,423.74,421.9,421.9,7,14,420.9,13,422.0,6852.66,6913.22,744,0.810958904109589
^SPX,2026-02-24 16:15:00,SPX,2026-12-18,7100.0,C,388.4,408.83,388.4,406.89,35,16,406.2,27,407.3,6852.66,6913.22,5633,0.810958904109589
^SPX,2026-02-24 16:15:00,SPX,2026-12-18,7125.0,C,0.0,0.0,0.0,0.0,0,18,391.6,28,392.8,6852.66,6913.22,1974,0.810958904109589
^SPX,2026-02-24 16:15:00,SPX,2026-12-18,7150.0,C,373.22,381.45,373.22,381.45,450,1,377.4,18,378.4,6852.66,6913.22,5585,0.810958904109589
^SPX,2026-02-24 16:15:00,SPX,2026-12-18,7175.0,C,0.0,0.0,0.0,0.0,0,19,363.3,28,364.4,6852.66,6913.22,2349,0.810958904109589
^SPX,2026-02-24 16:15:00,SPX,2026-12-18,7200.0,C,350.6,351.0,350.6,350.9,6,18,349.5,28,350.5,6852.66,6913.22,14791,0.810958904109589
^SPX,2026-02-24 16:15:00,SPX,2026-12-18,7225.0,C,0.0,0.0,0.0,0.0,0,18,335.9,18,337.0,6852.66,6913.22,2848,0.810958904109589
^SPX,2026-02-24 16:15:00,SPX,2026-12-18,7250.0,C,298.0,321.4,295.2,321.4,29,1,322.7,29,323.7,6852.66,6913.22,6546,0.810958904109589
^SPX,2026-02-24 16:15:00,SPX,2026-12-18,7275.0,C,0.0,0.0,0.0,0.0,0,30,309.6,42,310.7,6852.66,6913.22,2411,0.810958904109589
^SPX,2026-02-24 16:15:00,SPX,2026-12-18,7300.0,C,290.7,298.0,290.7,297.7,7,12,296.9,30,297.9,6852.66,6913.22,4177,0.810958904109589
^SPX,2026-02-24 16:15:00,SPX,2026-12-18,7325.0,C,0.0,0.0,0.0,0.0,0,50,284.2,44,285.5,6852.66,6913.22,7294,0.810958904109589
^SPX,2026-02-24 16:15:00,SPX,2026-12-18,7350.0,C,0.0,0.0,0.0,0.0,0,13,272.3,45,273.3,6852.66,6913.22,5629,0.810958904109589
^SPX,2026-02-24 16:15:00,SPX,2026-12-18,7375.0,C,259.47,259.47,259.47,259.47,105,25,260.4,49,261.5,6852.66,6913.22,597,0.810958904109589
^SPX,2026-02-24 16:15:00,SPX,2026-12-18,7400.0,C,234.36,249.7,234.36,247.94,121,25,248.9,46,249.9,6852.66,6913.22,12465,0.810958904109589
^SPX,2026-02-24 16:15:00,SPX,2026-12-18,7425.0,C,0.0,0.0,0.0,0.0,0,28,237.6,39,238.7,6852.66,6913.22,1111,0.810958904109589
^SPX,2026-02-24 16:15:00,SPX,2026-12-18,7450.0,C,211.61,213.1,210.45,210.45,9,28,226.7,47,227.7,6852.66,6913.22,2634,0.810958904109589
^SPX,2026-02-24 16:15:00,SPX,2026-12-18,7475.0,C,215.37,215.37,215.37,215.37,2,30,216.1,42,217.1,6852.66,6913.22,662,0.810958904109589
^SPX,2026-02-24 16:15:00,SPX,2026-12-18,7500.0,C,188.6,207.41,188.6,207.41,34,30,205.9,57,206.9,6852.66,6913.22,14190,0.810958904109589
^SPX,2026-02-24 16:15:00,SPX,2026-12-18,7525.0,C,0.0,0.0,0.0,0.0,0,32,195.9,45,196.9,6852.66,6913.22,596,0.810958904109589
^SPX,2026-02-24 16:15:00,SPX,2026-12-18,7550.0,C,187.88,187.88,187.88,187.88,2,42,186.3,61,187.3,6852.66,6913.22,1930,0.810958904109589
^SPX,2026-02-24 16:15:00,SPX,2026-12-18,7575.0,C,178.83,178.83,178.83,178.83,2,17,177.1,15,178.0,6852.66,6913.22,445,0.810958904109589
^SPX,2026-02-24 16:15:00,SPX,2026-12-18,7600.0,C,163.1,169.9,163.1,169.12,45,45,168.1,65,169.1,6852.66,6913.22,9392,0.810958904109589
^SPX,2026-02-24 16:15:00,SPX,2026-12-18,7625.0,C,0.0,0.0,0.0,0.0,0,48,159.5,63,160.5,6852.66,6913.22,1594,0.810958904109589
^SPX,2026-02-24 16:15:00,SPX,2026-12-18,7650.0,C,0.0,0.0,0.0,0.0,0,37,151.3,35,152.2,6852.66,6913.22,1672,0.810958904109589
^SPX,2026-02-24 16:15:00,SPX,2026-12-18,7675.0,C,0.0,0.0,0.0,0.0,0,38,143.3,55,144.3,6852.66,6913.22,960,0.810958904109589
^SPX,2026-02-24 16:15:00,SPX,2026-12-18,7700.0,C,129.15,136.3,129.15,135.0,67,52,135.7,77,136.7,6852.66,6913.22,7281,0.810958904109589
^SPX,2026-02-24 16:15:00,SPX,2026-12-18,7725.0,C,122.85,128.2,122.85,128.2,430,53,128.4,79,129.4,6852.66,6913.22,1978,0.810958904109589
^SPX,2026-02-24 16:15:00,SPX,2026-12-18,7750.0,C,113.2,118.29,113.2,118.29,196,41,121.5,73,122.4,6852.66,6913.22,3443,0.810958904109589
^SPX,2026-02-24 16:15:00,SPX,2026-12-18,7775.0,C,0.0,0.0,0.0,0.0,0,21,114.8,41,115.7,6852.66,6913.22,486,0.810958904109589
^SPX,2026-02-24 16:15:00,SPX,2026-12-18,7800.0,C,99.73,109.5,99.57,109.5,23,69,108.4,56,109.3,6852.66,6913.22,12168,0.810958904109589
^SPX,2026-02-24 16:15:00,SPX,2026-12-18,7825.0,C,103.88,103.88,103.88,103.88,1,73,102.3,92,103.3,6852.66,6913.22,1588,0.810958904109589
^SPX,2026-02-24 16:15:00,SPX,2026-12-18,7850.0,C,89.9,96.8,89.9,96.4,49,104,96.5,95,97.5,6852.66,6913.22,2943,0.810958904109589
^SPX,2026-02-24 16:15:00,SPX,2026-12-18,7875.0,C,0.0,0.0,0.0,0.0,0,84,91.0,75,92.0,6852.66,6913.22,325,0.810958904109589
^SPX,2026-02-24 16:15:00,SPX,2026-12-18,7900.0,C,77.2,86.1,77.2,85.5,18,109,85.8,103,86.7,6852.66,6913.22,13279,0.810958904109589
^SPX,2026-02-24 16:15:00,SPX,2026-12-18,7950.0,C,0.0,0.0,0.0,0.0,0,94,76.1,85,77.0,6852.66,6913.22,1049,0.810958904109589
^SPX,2026-02-24 16:15:00,SPX,2026-12-18,8000.0,C,61.7,68.4,61.7,67.6,77,135,67.3,124,68.2,6852.66,6913.22,18657,0.810958904109589
^SPX,2026-02-24 16:15:00,SPX,2026-12-18,8050.0,C,60.48,60.48,60.48,60.48,1,108,59.5,98,60.3,6852.66,6913.22,133,0.810958904109589
^SPX,2026-02-24 16:15:00,SPX,2026-12-18,8100.0,C,49.94,53.35,49.25,52.55,21,60,52.5,89,53.2,6852.66,6913.22,4386,0.810958904109589
^SPX,2026-02-24 16:15:00,SPX,2026-12-18,8150.0,C,0.0,0.0,0.0,0.0,0,5,46.3,114,47.0,6852.66,6913.22,733,0.810958904109589
^SPX,2026-02-24 16:15:00,SPX,2026-12-18,8200.0,C,40.0,41.5,39.9,40.85,64,60,40.8,76,41.3,6852.66,6913.22,8700,0.810958904109589
^SPX,2026-02-24 16:15:00,SPX,2026-12-18,8300.0,C,29.94,32.2,29.65,31.75,40,120,31.6,194,32.2,6852.66,6913.22,7021,0.810958904109589
^SPX,2026-02-24 16:15:00,SPX,2026-12-18,8400.0,C,24.7,24.7,24.7,24.7,6,92,24.5,372,25.1,6852.66,6913.22,9250,0.810958904109589
^SPX,2026-02-24 16:15:00,SPX,2026-12-18,8500.0,C,18.7,19.4,18.7,19.3,110,319,19.0,189,19.5,6852.66,6913.22,12145,0.810958904109589
^SPX,2026-02-24 16:15:00,SPX,2026-12-18,8600.0,C,14.99,15.1,14.99,15.1,9,343,14.8,202,15.3,6852.66,6913.22,7496,0.810958904109589
^SPX,2026-02-24 16:15:00,SPX,2026-12-18,8700.0,C,11.9,11.9,11.9,11.9,5,210,11.6,198,12.1,6852.66,6913.22,337,0.810958904109589
^SPX,2026-02-24 16:15:00,SPX,2026-12-18,8800.0,C,9.4,9.4,9.4,9.4,5,397,9.1,79,9.5,6852.66,6913.22,11417,0.810958904109589
^SPX,2026-02-24 16:15:00,SPX,2026-12-18,8900.0,C,7.2,7.5,7.2,7.5,6,216,7.3,212,7.6,6852.66,6913.22,112,0.810958904109589
^SPX,2026-02-24 16:15:00,SPX,2026-12-18,9000.0,C,5.9,5.9,5.9,5.9,7,206,5.8,347,6.1,6852.66,6913.22,40209,0.810958904109589
^SPX,2026-02-24 16:15:00,SPX,2026-12-18,9200.0,C,3.7,3.8,3.7,3.8,16,620,3.6,739,4.0,6852.66,6913.22,20538,0.810958904109589
^SPX,2026-02-24 16:15:00,SPX,2026-12-18,9400.0,C,2.45,2.45,2.45,2.45,9,650,2.3,389,2.6,6852.66,6913.22,4925,0.810958904109589
^SPX,2026-02-24 16:15:00,SPX,2026-12-18,9600.0,C,1.65,1.65,1.65,1.65,9,583,1.5,1,1.7,6852.66,6913.22,2059,0.810958904109589
^SPX,2026-02-24 16:15:00,SPX,2026-12-18,9800.0,C,1.1,1.1,1.1,1.1,8,457,1.0,413,1.3,6852.66,6913.22,521,0.810958904109589
^SPX,2026-02-24 16:15:00,SPX,2026-12-18,10000.0,C,0.9,0.9,0.9,0.9,10,673,0.7,1007,1.05,6852.66,6913.22,34514,0.810958904109589
^SPX,2026-02-24 16:15:00,SPX,2026-12-18,10200.0,C,0.75,0.75,0.75,0.75,8,379,0.5,432,0.85,6852.66,6913.22,458,0.810958904109589
^SPX,2026-02-24 16:15:00,SPX,2026-12-18,10400.0,C,0.65,0.65,0.6,0.6,7,437,0.35,443,0.75,6852.66,6913.22,313,0.810958904109589
^SPX,2026-02-24 16:15:00,SPX,2026-12-18,10600.0,C,0.55,0.55,0.5,0.5,7,463,0.3,460,0.65,6852.66,6913.22,589,0.810958904109589
^SPX,2026-02-24 16:15:00,SPX,2026-12-18,10800.0,C,0.45,0.45,0.4,0.4,7,460,0.25,465,0.6,6852.66,6913.22,500,0.810958904109589
^SPX,2026-02-24 16:15:00,SPX,2026-12-18,11000.0,C,0.4,0.4,0.4,0.4,7,463,0.2,428,0.5,6852.66,6913.22,782,0.810958904109589
^SPX,2026-02-24 16:15:00,SPX,2026-12-18,11200.0,C,0.35,0.35,0.35,0.35,6,472,0.15,436,0.45,6852.66,6913.22,27,0.810958904109589
^SPX,2026-02-24 16:15:00,SPX,2026-12-18,11400.0,C,0.3,0.3,0.3,0.3,12,496,0.1,438,0.4,6852.66,6913.22,78,0.810958904109589
^SPX,2026-02-24 16:15:00,SPX,2026-12-18,12000.0,C,0.1,0.15,0.1,0.15,9,0,0.0,17,0.15,6852.66,6913.22,14486,0.810958904109589
^SPX,2026-02-24 16:15:00,SPX,2027-01-15,200.0,C,0.0,0.0,0.0,0.0,0,1,6620.2,1,6659.1,6852.66,6913.22,74,0.8876712328767123
^SPX,2026-02-24 16:15:00,SPX,2027-01-15,400.0,C,0.0,0.0,0.0,0.0,0,1,6427.8,1,6466.1,6852.66,6913.22,19,0.8876712328767123
^SPX,2026-02-24 16:15:00,SPX,2027-01-15,600.0,C,0.0,0.0,0.0,0.0,0,1,6234.2,1,6271.6,6852.66,6913.22,0,0.8876712328767123
^SPX,2026-02-24 16:15:00,SPX,2027-01-15,800.0,C,0.0,0.0,0.0,0.0,0,1,6039.8,1,6078.7,6852.66,6913.22,0,0.8876712328767123
^SPX,2026-02-24 16:15:00,SPX,2027-01-15,1000.0,C,0.0,0.0,0.0,0.0,0,5,5856.0,5,5876.6,6852.66,6913.22,38,0.8876712328767123
^SPX,2026-02-24 16:15:00,SPX,2027-01-15,1200.0,C,0.0,0.0,0.0,0.0,0,5,5663.6,5,5683.8,6852.66,6913.22,2,0.8876712328767123
^SPX,2026-02-24 16:15:00,SPX,2027-01-15,1400.0,C,0.0,0.0,0.0,0.0,0,5,5471.6,5,5491.3,6852.66,6913.22,0,0.8876712328767123
^SPX,2026-02-24 16:15:00,SPX,2027-01-15,1600.0,C,0.0,0.0,0.0,0.0,0,5,5279.6,5,5298.8,6852.66,6913.22,10,0.8876712328767123
^SPX,2026-02-24 16:15:00,SPX,2027-01-15,1800.0,C,0.0,0.0,0.0,0.0,0,5,5087.9,5,5106.5,6852.66,6913.22,0,0.8876712328767123
^SPX,2026-02-24 16:15:00,SPX,2027-01-15,2000.0,C,0.0,0.0,0.0,0.0,0,5,4896.6,5,4914.8,6852.66,6913.22,97,0.8876712328767123
^SPX,2026-02-24 16:15:00,SPX,2027-01-15,2200.0,C,0.0,0.0,0.0,0.0,0,5,4705.6,5,4723.1,6852.66,6913.22,0,0.8876712328767123
^SPX,2026-02-24 16:15:00,SPX,2027-01-15,2400.0,C,0.0,0.0,0.0,0.0,0,5,4514.5,5,4531.7,6852.66,6913.22,0,0.8876712328767123
^SPX,2026-02-24 16:15:00,SPX,2027-01-15,2600.0,C,0.0,0.0,0.0,0.0,0,5,4323.8,5,4340.4,6852.66,6913.22,0,0.8876712328767123
^SPX,2026-02-24 16:15:00,SPX,2027-01-15,2700.0,C,0.0,0.0,0.0,0.0,0,5,4228.5,5,4244.9,6852.66,6913.22,0,0.8876712328767123
^SPX,2026-02-24 16:15:00,SPX,2027-01-15,2800.0,C,0.0,0.0,0.0,0.0,0,5,4133.6,5,4149.7,6852.66,6913.22,0,0.8876712328767123
^SPX,2026-02-24 16:15:00,SPX,2027-01-15,2900.0,C,0.0,0.0,0.0,0.0,0,5,4038.6,5,4054.4,6852.66,6913.22,0,0.8876712328767123
^SPX,2026-02-24 16:15:00,SPX,2027-01-15,3000.0,C,0.0,0.0,0.0,0.0,0,5,3943.6,5,3959.3,6852.66,6913.22,97,0.8876712328767123
^SPX,2026-02-24 16:15:00,SPX,2027-01-15,3100.0,C,0.0,0.0,0.0,0.0,0,5,3848.9,5,3864.2,6852.66,6913.22,0,0.8876712328767123
^SPX,2026-02-24 16:15:00,SPX,2027-01-15,3200.0,C,0.0,0.0,0.0,0.0,0,5,3754.0,5,3769.1,6852.66,6913.22,6,0.8876712328767123
^SPX,2026-02-24 16:15:00,SPX,2027-01-15,3300.0,C,0.0,0.0,0.0,0.0,0,2,3663.5,2,3670.0,6852.66,6913.22,0,0.8876712328767123
^SPX,2026-02-24 16:15:00,SPX,2027-01-15,3400.0,C,0.0,0.0,0.0,0.0,0,2,3568.8,2,3575.5,6852.66,6913.22,16,0.8876712328767123
^SPX,2026-02-24 16:15:00,SPX,2027-01-15,3500.0,C,0.0,0.0,0.0,0.0,0,2,3474.2,2,3480.8,6852.66,6913.22,0,0.8876712328767123
^SPX,2026-02-24 16:15:00,SPX,2027-01-15,3600.0,C,0.0,0.0,0.0,0.0,0,2,3379.7,2,3386.2,6852.66,6913.22,0,0.8876712328767123
^SPX,2026-02-24 16:15:00,SPX,2027-01-15,3700.0,C,0.0,0.0,0.0,0.0,0,2,3285.3,2,3291.7,6852.66,6913.22,0,0.8876712328767123
^SPX,2026-02-24 16:15:00,SPX,2027-01-15,3800.0,C,0.0,0.0,0.0,0.0,0,2,3191.1,2,3197.3,6852.66,6913.22,0,0.8876712328767123
^SPX,2026-02-24 16:15:00,SPX,2027-01-15,3900.0,C,0.0,0.0,0.0,0.0,0,2,3097.0,2,3103.2,6852.66,6913.22,0,0.8876712328767123
^SPX,2026-02-24 16:15:00,SPX,2027-01-15,4000.0,C,0.0,0.0,0.0,0.0,0,2,3003.2,2,3009.2,6852.66,6913.22,8,0.8876712328767123
^SPX,2026-02-24 16:15:00,SPX,2027-01-15,4050.0,C,0.0,0.0,0.0,0.0,0,2,2956.3,2,2962.3,6852.66,6913.22,0,0.8876712328767123
^SPX,2026-02-24 16:15:00,SPX,2027-01-15,4100.0,C,0.0,0.0,0.0,0.0,0,2,2909.4,2,2915.4,6852.66,6913.22,0,0.8876712328767123
^SPX,2026-02-24 16:15:00,SPX,2027-01-15,4150.0,C,0.0,0.0,0.0,0.0,0,2,2862.7,2,2868.5,6852.66,6913.22,0,0.8876712328767123
^SPX,2026-02-24 16:15:00,SPX,2027-01-15,4200.0,C,0.0,0.0,0.0,0.0,0,2,2816.0,2,2821.7,6852.66,6913.22,0,0.8876712328767123
^SPX,2026-02-24 16:15:00,SPX,2027-01-15,4250.0,C,0.0,0.0,0.0,0.0,0,2,2769.4,2,2775.2,6852.66,6913.22,0,0.8876712328767123
^SPX,2026-02-24 16:15:00,SPX,2027-01-15,4300.0,C,0.0,0.0,0.0,0.0,0,2,2722.9,2,2728.4,6852.66,6913.22,0,0.8876712328767123
^SPX,2026-02-24 16:15:00,SPX,2027-01-15,4350.0,C,0.0,0.0,0.0,0.0,0,2,2676.4,2,2681.9,6852.66,6913.22,0,0.8876712328767123
^SPX,2026-02-24 16:15:00,SPX,2027-01-15,4400.0,C,0.0,0.0,0.0,0.0,0,2,2630.0,2,2635.5,6852.66,6913.22,2,0.8876712328767123
^SPX,2026-02-24 16:15:00,SPX,2027-01-15,4450.0,C,0.0,0.0,0.0,0.0,0,2,2583.7,2,2589.1,6852.66,6913.22,0,0.8876712328767123
^SPX,2026-02-24 16:15:00,SPX,2027-01-15,4500.0,C,0.0,0.0,0.0,0.0,0,2,2537.6,2,2542.7,6852.66,6913.22,3,0.8876712328767123
^SPX,2026-02-24 16:15:00,SPX,2027-01-15,4550.0,C,0.0,0.0,0.0,0.0,0,2,2491.4,2,2496.6,6852.66,6913.22,0,0.8876712328767123
^SPX,2026-02-24 16:15:00,SPX,2027-01-15,4600.0,C,0.0,0.0,0.0,0.0,0,2,2445.4,2,2450.5,6852.66,6913.22,0,0.8876712328767123
^SPX,2026-02-24 16:15:00,SPX,2027-01-15,4625.0,C,0.0,0.0,0.0,0.0,0,2,2421.8,2,2428.4,6852.66,6913.22,0,0.8876712328767123
^SPX,2026-02-24 16:15:00,SPX,2027-01-15,4650.0,C,0.0,0.0,0.0,0.0,0,2,2399.5,2,2404.5,6852.66,6913.22,0,0.8876712328767123
^SPX,2026-02-24 16:15:00,SPX,2027-01-15,4675.0,C,0.0,0.0,0.0,0.0,0,2,2376.0,2,2382.4,6852.66,6913.22,0,0.8876712328767123
^SPX,2026-02-24 16:15:00,SPX,2027-01-15,4700.0,C,0.0,0.0,0.0,0.0,0,2,2353.7,2,2358.7,6852.66,6913.22,0,0.8876712328767123
^SPX,2026-02-24 16:15:00,SPX,2027-01-15,4725.0,C,0.0,0.0,0.0,0.0,0,2,2330.2,2,2336.6,6852.66,6913.22,0,0.8876712328767123
^SPX,2026-02-24 16:15:00,SPX,2027-01-15,4750.0,C,0.0,0.0,0.0,0.0,0,2,2307.8,2,2313.0,6852.66,6913.22,0,0.8876712328767123
^SPX,2026-02-24 16:15:00,SPX,2027-01-15,4775.0,C,0.0,0.0,0.0,0.0,0,2,2284.6,2,2290.9,6852.66,6913.22,0,0.8876712328767123
^SPX,2026-02-24 16:15:00,SPX,2027-01-15,4800.0,C,0.0,0.0,0.0,0.0,0,2,2262.4,2,2267.3,6852.66,6913.22,0,0.8876712328767123
^SPX,2026-02-24 16:15:00,SPX,2027-01-15,4825.0,C,0.0,0.0,0.0,0.0,0,2,2239.1,2,2245.3,6852.66,6913.22,0,0.8876712328767123
^SPX,2026-02-24 16:15:00,SPX,2027-01-15,4850.0,C,0.0,0.0,0.0,0.0,0,2,2217.0,2,2221.8,6852.66,6913.22,0,0.8876712328767123
^SPX,2026-02-24 16:15:00,SPX,2027-01-15,4875.0,C,0.0,0.0,0.0,0.0,0,2,2193.8,2,2199.9,6852.66,6913.22,0,0.8876712328767123
^SPX,2026-02-24 16:15:00,SPX,2027-01-15,4900.0,C,0.0,0.0,0.0,0.0,0,2,2171.7,2,2176.4,6852.66,6913.22,0,0.8876712328767123
^SPX,2026-02-24 16:15:00,SPX,2027-01-15,4925.0,C,0.0,0.0,0.0,0.0,0,2,2148.5,2,2154.6,6852.66,6913.22,0,0.8876712328767123
^SPX,2026-02-24 16:15:00,SPX,2027-01-15,4950.0,C,0.0,0.0,0.0,0.0,0,2,2126.3,2,2131.2,6852.66,6913.22,0,0.8876712328767123
^SPX,2026-02-24 16:15:00,SPX,2027-01-15,4975.0,C,0.0,0.0,0.0,0.0,0,2,2103.4,2,2109.4,6852.66,6913.22,0,0.8876712328767123
^SPX,2026-02-24 16:15:00,SPX,2027-01-15,5000.0,C,0.0,0.0,0.0,0.0,0,2,2081.5,2,2086.0,6852.66,6913.22,573,0.8876712328767123
^SPX,2026-02-24 16:15:00,SPX,2027-01-15,5025.0,C,0.0,0.0,0.0,0.0,0,2,2058.5,2,2064.0,6852.66,6913.22,0,0.8876712328767123
^SPX,2026-02-24 16:15:00,SPX,2027-01-15,5050.0,C,0.0,0.0,0.0,0.0,0,2,2036.4,2,2041.1,6852.66,6913.22,30,0.8876712328767123
^SPX,2026-02-24 16:15:00,SPX,2027-01-15,5075.0,C,0.0,0.0,0.0,0.0,0,2,2013.7,2,2019.4,6852.66,6913.22,1,0.8876712328767123
^SPX,2026-02-24 16:15:00,SPX,2027-01-15,5100.0,C,0.0,0.0,0.0,0.0,0,2,1991.9,2,1996.3,6852.66,6913.22,3,0.8876712328767123
^SPX,2026-02-24 16:15:00,SPX,2027-01-15,5125.0,C,0.0,0.0,0.0,0.0,0,2,1969.0,2,1974.6,6852.66,6913.22,0,0.8876712328767123
^SPX,2026-02-24 16:15:00,SPX,2027-01-15,5150.0,C,0.0,0.0,0.0,0.0,0,2,1947.3,2,1951.7,6852.66,6913.22,3,0.8876712328767123
^SPX,2026-02-24 16:15:00,SPX,2027-01-15,5175.0,C,0.0,0.0,0.0,0.0,0,2,1924.6,2,1930.1,6852.66,6913.22,0,0.8876712328767123
^SPX,2026-02-24 16:15:00,SPX,2027-01-15,5200.0,C,0.0,0.0,0.0,0.0,0,2,1902.8,2,1907.3,6852.66,6913.22,3,0.8876712328767123
^SPX,2026-02-24 16:15:00,SPX,2027-01-15,5225.0,C,0.0,0.0,0.0,0.0,0,2,1880.3,2,1885.7,6852.66,6913.22,0,0.8876712328767123
^SPX,2026-02-24 16:15:00,SPX,2027-01-15,5250.0,C,0.0,0.0,0.0,0.0,0,2,1858.5,2,1863.1,6852.66,6913.22,0,0.8876712328767123
^SPX,2026-02-24 16:15:00,SPX,2027-01-15,5275.0,C,0.0,0.0,0.0,0.0,0,2,1836.1,2,1841.6,6852.66,6913.22,1,0.8876712328767123
^SPX,2026-02-24 16:15:00,SPX,2027-01-15,5300.0,C,0.0,0.0,0.0,0.0,0,2,1814.7,2,1819.0,6852.66,6913.22,1,0.8876712328767123
^SPX,2026-02-24 16:15:00,SPX,2027-01-15,5325.0,C,0.0,0.0,0.0,0.0,0,2,1792.2,2,1797.6,6852.66,6913.22,2,0.8876712328767123
^SPX,2026-02-24 16:15:00,SPX,2027-01-15,5350.0,C,0.0,0.0,0.0,0.0,0,2,1770.9,2,1775.1,6852.66,6913.22,0,0.8876712328767123
^SPX,2026-02-24 16:15:00,SPX,2027-01-15,5375.0,C,0.0,0.0,0.0,0.0,0,2,1748.6,2,1753.9,6852.66,6913.22,2,0.8876712328767123
^SPX,2026-02-24 16:15:00,SPX,2027-01-15,5400.0,C,0.0,0.0,0.0,0.0,0,2,1727.2,2,1731.4,6852.66,6913.22,4,0.8876712328767123
^SPX,2026-02-24 16:15:00,SPX,2027-01-15,5425.0,C,0.0,0.0,0.0,0.0,0,2,1705.1,2,1710.3,6852.66,6913.22,1,0.8876712328767123
^SPX,2026-02-24 16:15:00,SPX,2027-01-15,5450.0,C,0.0,0.0,0.0,0.0,0,2,1683.9,2,1688.0,6852.66,6913.22,0,0.8876712328767123
^SPX,2026-02-24 16:15:00,SPX,2027-01-15,5475.0,C,0.0,0.0,0.0,0.0,0,2,1661.8,2,1667.0,6852.66,6913.22,0,0.8876712328767123
^SPX,2026-02-24 16:15:00,SPX,2027-01-15,5500.0,C,0.0,0.0,0.0,0.0,0,2,1640.8,2,1644.9,6852.66,6913.22,55,0.8876712328767123
^SPX,2026-02-24 16:15:00,SPX,2027-01-15,5525.0,C,0.0,0.0,0.0,0.0,0,2,1618.8,2,1623.9,6852.66,6913.22,0,0.8876712328767123
^SPX,2026-02-24 16:15:00,SPX,2027-01-15,5550.0,C,0.0,0.0,0.0,0.0,0,2,1597.9,2,1601.9,6852.66,6913.22,4,0.8876712328767123
^SPX,2026-02-24 16:15:00,SPX,2027-01-15,5575.0,C,0.0,0.0,0.0,0.0,0,2,1576.1,2,1581.0,6852.66,6913.22,0,0.8876712328767123
^SPX,2026-02-24 16:15:00,SPX,2027-01-15,5600.0,C,0.0,0.0,0.0,0.0,0,2,1555.1,2,1559.2,6852.66,6913.22,5,0.8876712328767123
^SPX,2026-02-24 16:15:00,SPX,2027-01-15,5625.0,C,0.0,0.0,0.0,0.0,0,2,1533.5,2,1538.4,6852.66,6913.22,0,0.8876712328767123
^SPX,2026-02-24 16:15:00,SPX,2027-01-15,5650.0,C,0.0,0.0,0.0,0.0,0,2,1512.7,2,1516.6,6852.66,6913.22,0,0.8876712328767123
^SPX,2026-02-24 16:15:00,SPX,2027-01-15,5675.0,C,0.0,0.0,0.0,0.0,0,2,1491.3,2,1496.1,6852.66,6913.22,0,0.8876712328767123
^SPX,2026-02-24 16:15:00,SPX,2027-01-15,5700.0,C,0.0,0.0,0.0,0.0,0,2,1470.6,2,1474.4,6852.66,6913.22,0,0.8876712328767123
^SPX,2026-02-24 16:15:00,SPX,2027-01-15,5725.0,C,0.0,0.0,0.0,0.0,0,2,1449.3,2,1453.9,6852.66,6913.22,0,0.8876712328767123
^SPX,2026-02-24 16:15:00,SPX,2027-01-15,5750.0,C,0.0,0.0,0.0,0.0,0,2,1428.7,2,1432.4,6852.66,6913.22,21,0.8876712328767123
^SPX,2026-02-24 16:15:00,SPX,2027-01-15,5775.0,C,0.0,0.0,0.0,0.0,0,2,1407.5,2,1412.2,6852.66,6913.22,2,0.8876712328767123
^SPX,2026-02-24 16:15:00,SPX,2027-01-15,5800.0,C,0.0,0.0,0.0,0.0,0,2,1387.2,2,1390.7,6852.66,6913.22,5,0.8876712328767123
^SPX,2026-02-24 16:15:00,SPX,2027-01-15,5825.0,C,0.0,0.0,0.0,0.0,0,2,1366.0,2,1370.6,6852.66,6913.22,3,0.8876712328767123
^SPX,2026-02-24 16:15:00,SPX,2027-01-15,5850.0,C,0.0,0.0,0.0,0.0,0,2,1345.8,2,1349.4,6852.66,6913.22,27,0.8876712328767123
^SPX,2026-02-24 16:15:00,SPX,2027-01-15,5875.0,C,0.0,0.0,0.0,0.0,0,2,1324.9,2,1329.4,6852.66,6913.22,1,0.8876712328767123
^SPX,2026-02-24 16:15:00,SPX,2027-01-15,5900.0,C,0.0,0.0,0.0,0.0,0,2,1304.6,2,1308.3,6852.66,6913.22,7,0.8876712328767123
^SPX,2026-02-24 16:15:00,SPX,2027-01-15,5925.0,C,0.0,0.0,0.0,0.0,0,2,1283.9,2,1288.4,6852.66,6913.22,0,0.8876712328767123
^SPX,2026-02-24 16:15:00,SPX,2027-01-15,5950.0,C,0.0,0.0,0.0,0.0,0,2,1263.9,2,1267.4,6852.66,6913.22,5,0.8876712328767123
^SPX,2026-02-24 16:15:00,SPX,2027-01-15,5975.0,C,0.0,0.0,0.0,0.0,0,2,1243.3,2,1247.7,6852.66,6913.22,10,0.8876712328767123
^SPX,2026-02-24 16:15:00,SPX,2027-01-15,6000.0,C,0.0,0.0,0.0,0.0,0,2,1223.4,2,1227.0,6852.66,6913.22,9246,0.8876712328767123
^SPX,2026-02-24 16:15:00,SPX,2027-01-15,6025.0,C,0.0,0.0,0.0,0.0,0,2,1203.1,2,1207.4,6852.66,6913.22,54,0.8876712328767123
^SPX,2026-02-24 16:15:00,SPX,2027-01-15,6050.0,C,0.0,0.0,0.0,0.0,0,2,1183.4,2,1186.7,6852.66,6913.22,1,0.8876712328767123
^SPX,2026-02-24 16:15:00,SPX,2027-01-15,6075.0,C,1167.75,1167.75,1167.75,1167.75,2,2,1163.1,2,1167.4,6852.66,6913.22,0,0.8876712328767123
^SPX,2026-02-24 16:15:00,SPX,2027-01-15,6100.0,C,1145.94,1147.7,1145.94,1147.7,4,2,1143.4,2,1146.9,6852.66,6913.22,13,0.8876712328767123
^SPX,2026-02-24 16:15:00,SPX,2027-01-15,6125.0,C,0.0,0.0,0.0,0.0,0,2,1123.4,2,1127.6,6852.66,6913.22,11,0.8876712328767123
^SPX,2026-02-24 16:15:00,SPX,2027-01-15,6150.0,C,0.0,0.0,0.0,0.0,0,2,1103.9,2,1107.3,6852.66,6913.22,3,0.8876712328767123
^SPX,2026-02-24 16:15:00,SPX,2027-01-15,6175.0,C,0.0,0.0,0.0,0.0,0,2,1084.1,2,1088.2,6852.66,6913.22,1,0.8876712328767123
^SPX,2026-02-24 16:15:00,SPX,2027-01-15,6200.0,C,0.0,0.0,0.0,0.0,0,2,1064.9,2,1068.1,6852.66,6913.22,37,0.8876712328767123
^SPX,2026-02-24 16:15:00,SPX,2027-01-15,6225.0,C,0.0,0.0,0.0,0.0,0,2,1045.1,2,1049.2,6852.66,6913.22,2,0.8876712328767123
^SPX,2026-02-24 16:15:00,SPX,2027-01-15,6250.0,C,0.0,0.0,0.0,0.0,0,2,1026.1,2,1029.3,6852.66,6913.22,4,0.8876712328767123
^SPX,2026-02-24 16:15:00,SPX,2027-01-15,6275.0,C,0.0,0.0,0.0,0.0,0,2,1006.5,2,1010.5,6852.66,6913.22,35,0.8876712328767123
^SPX,2026-02-24 16:15:00,SPX,2027-01-15,6300.0,C,0.0,0.0,0.0,0.0,0,1,988.2,1,990.6,6852.66,6913.22,86,0.8876712328767123
^SPX,2026-02-24 16:15:00,SPX,2027-01-15,6325.0,C,0.0,0.0,0.0,0.0,0,1,969.1,1,971.5,6852.66,6913.22,2,0.8876712328767123
^SPX,2026-02-24 16:15:00,SPX,2027-01-15,6350.0,C,953.7,953.7,953.7,953.7,1,1,950.1,1,952.5,6852.66,6913.22,7,0.8876712328767123
^SPX,2026-02-24 16:15:00,SPX,2027-01-15,6375.0,C,0.0,0.0,0.0,0.0,0,1,931.2,1,933.6,6852.66,6913.22,5,0.8876712328767123
^SPX,2026-02-24 16:15:00,SPX,2027-01-15,6400.0,C,0.0,0.0,0.0,0.0,0,1,912.5,1,914.9,6852.66,6913.22,35,0.8876712328767123
^SPX,2026-02-24 16:15:00,SPX,2027-01-15,6425.0,C,886.44,886.44,886.44,886.44,1,1,893.8,1,896.2,6852.66,6913.22,11,0.8876712328767123
^SPX,2026-02-24 16:15:00,SPX,2027-01-15,6450.0,C,0.0,0.0,0.0,0.0,0,1,875.2,1,877.6,6852.66,6913.22,12,0.8876712328767123
^SPX,2026-02-24 16:15:00,SPX,2027-01-15,6475.0,C,860.1,860.1,860.1,860.1,1,1,856.7,1,859.1,6852.66,6913.22,28,0.8876712328767123
^SPX,2026-02-24 16:15:00,SPX,2027-01-15,6500.0,C,0.0,0.0,0.0,0.0,0,1,838.3,1,840.7,6852.66,6913.22,846,0.8876712328767123
^SPX,2026-02-24 16:15:00,SPX,2027-01-15,6525.0,C,0.0,0.0,0.0,0.0,0,1,820.1,1,822.5,6852.66,6913.22,153,0.8876712328767123
^SPX,2026-02-24 16:15:00,SPX,2027-01-15,6550.0,C,0.0,0.0,0.0,0.0,0,1,801.9,1,804.3,6852.66,6913.22,46,0.8876712328767123
^SPX,2026-02-24 16:15:00,SPX,2027-01-15,6575.0,C,0.0,0.0,0.0,0.0,0,1,783.8,1,786.2,6852.66,6913.22,33,0.8876712328767123
^SPX,2026-02-24 16:15:00,SPX,2027-01-15,6600.0,C,0.0,0.0,0.0,0.0,0,14,765.9,12,768.3,6852.66,6913.22,184,0.8876712328767123
^SPX,2026-02-24 16:15:00,SPX,2027-01-15,6625.0,C,0.0,0.0,0.0,0.0,0,1,748.1,1,750.5,6852.66,6913.22,44,0.8876712328767123
^SPX,2026-02-24 16:15:00,SPX,2027-01-15,6650.0,C,0.0,0.0,0.0,0.0,0,13,730.4,1,732.8,6852.66,6913.22,75,0.8876712328767123
^SPX,2026-02-24 16:15:00,SPX,2027-01-15,6675.0,C,706.43,706.43,706.43,706.43,1,1,712.8,1,715.2,6852.66,6913.22,54,0.8876712328767123
^SPX,2026-02-24 16:15:00,SPX,2027-01-15,6700.0,C,0.0,0.0,0.0,0.0,0,12,695.4,1,697.7,6852.66,6913.22,545,0.8876712328767123
^SPX,2026-02-24 16:15:00,SPX,2027-01-15,6725.0,C,0.0,0.0,0.0,0.0,0,22,678.1,17,680.2,6852.66,6913.22,118,0.8876712328767123
^SPX,2026-02-24 16:15:00,SPX,2027-01-15,6750.0,C,0.0,0.0,0.0,0.0,0,24,660.9,18,663.0,6852.66,6913.22,2282,0.8876712328767123
^SPX,2026-02-24 16:15:00,SPX,2027-01-15,6775.0,C,644.4,644.4,644.4,644.4,8,23,643.9,10,645.9,6852.66,6913.22,78,0.8876712328767123
^SPX,2026-02-24 16:15:00,SPX,2027-01-15,6800.0,C,0.0,0.0,0.0,0.0,0,23,627.0,18,629.0,6852.66,6913.22,2723,0.8876712328767123
^SPX,2026-02-24 16:15:00,SPX,2027-01-15,6825.0,C,0.0,0.0,0.0,0.0,0,23,610.3,11,612.2,6852.66,6913.22,428,0.8876712328767123
^SPX,2026-02-24 16:15:00,SPX,2027-01-15,6850.0,C,0.0,0.0,0.0,0.0,0,31,593.7,27,595.6,6852.66,6913.22,4011,0.8876712328767123
^SPX,2026-02-24 16:15:00,SPX,2027-01-15,6875.0,C,0.0,0.0,0.0,0.0,0,24,577.2,19,579.2,6852.66,6913.22,251,0.8876712328767123
^SPX,2026-02-24 16:15:00,SPX,2027-01-15,6900.0,C,0.0,0.0,0.0,0.0,0,31,561.0,19,562.8,6852.66,6913.22,5543,0.8876712328767123
^SPX,2026-02-24 16:15:00,SPX,2027-01-15,6925.0,C,0.0,0.0,0.0,0.0,0,31,544.8,27,546.7,6852.66,6913.22,2633,0.8876712328767123
^SPX,2026-02-24 16:15:00,SPX,2027-01-15,6950.0,C,0.0,0.0,0.0,0.0,0,34,528.9,29,530.7,6852.66,6913.22,5837,0.8876712328767123
^SPX,2026-02-24 16:15:00,SPX,2027-01-15,6975.0,C,0.0,0.0,0.0,0.0,0,33,513.1,29,515.0,6852.66,6913.22,2170,0.8876712328767123
^SPX,2026-02-24 16:15:00,SPX,2027-01-15,7000.0,C,466.8,501.0,463.0,501.0,105,34,497.6,29,499.4,6852.66,6913.22,12412,0.8876712328767123
^SPX,2026-02-24 16:15:00,SPX,2027-01-15,7025.0,C,484.6,484.6,484.6,484.6,2,26,482.1,21,484.0,6852.66,6913.22,298,0.8876712328767123
^SPX,2026-02-24 16:15:00,SPX,2027-01-15,7050.0,C,469.1,469.1,469.1,469.1,1,26,466.9,22,468.8,6852.66,6913.22,417,0.8876712328767123
^SPX,2026-02-24 16:15:00,SPX,2027-01-15,7075.0,C,0.0,0.0,0.0,0.0,0,27,451.8,23,453.7,6852.66,6913.22,164,0.8876712328767123
^SPX,2026-02-24 16:15:00,SPX,2027-01-15,7100.0,C,435.88,438.2,435.88,438.2,16,36,437.0,31,438.7,6852.66,6913.22,744,0.8876712328767123
^SPX,2026-02-24 16:15:00,SPX,2027-01-15,7125.0,C,424.7,424.7,424.7,424.7,1,29,422.3,24,424.2,6852.66,6913.22,361,0.8876712328767123
^SPX,2026-02-24 16:15:00,SPX,2027-01-15,7150.0,C,0.0,0.0,0.0,0.0,0,36,407.9,31,409.8,6852.66,6913.22,141,0.8876712328767123
^SPX,2026-02-24 16:15:00,SPX,2027-01-15,7175.0,C,0.0,0.0,0.0,0.0,0,37,393.7,32,395.6,6852.66,6913.22,241,0.8876712328767123
^SPX,2026-02-24 16:15:00,SPX,2027-01-15,7200.0,C,0.0,0.0,0.0,0.0,0,49,379.7,42,381.3,6852.66,6913.22,1807,0.8876712328767123
^SPX,2026-02-24 16:15:00,SPX,2027-01-15,7225.0,C,0.0,0.0,0.0,0.0,0,22,366.0,32,367.8,6852.66,6913.22,195,0.8876712328767123
^SPX,2026-02-24 16:15:00,SPX,2027-01-15,7250.0,C,0.0,0.0,0.0,0.0,0,21,352.5,34,354.0,6852.66,6913.22,569,0.8876712328767123
^SPX,2026-02-24 16:15:00,SPX,2027-01-15,7275.0,C,0.0,0.0,0.0,0.0,0,33,339.2,34,341.0,6852.66,6913.22,114,0.8876712328767123
^SPX,2026-02-24 16:15:00,SPX,2027-01-15,7300.0,C,0.0,0.0,0.0,0.0,0,34,326.2,35,327.9,6852.66,6913.22,958,0.8876712328767123
^SPX,2026-02-24 16:15:00,SPX,2027-01-15,7325.0,C,0.0,0.0,0.0,0.0,0,41,313.4,36,315.2,6852.66,6913.22,327,0.8876712328767123
^SPX,2026-02-24 16:15:00,SPX,2027-01-15,7350.0,C,286.7,286.7,286.7,286.7,4,41,300.9,37,302.7,6852.66,6913.22,989,0.8876712328767123
^SPX,2026-02-24 16:15:00,SPX,2027-01-15,7375.0,C,0.0,0.0,0.0,0.0,0,41,288.7,37,290.5,6852.66,6913.22,230,0.8876712328767123
^SPX,2026-02-24 16:15:00,SPX,2027-01-15,7400.0,C,261.81,277.6,261.81,277.6,9,56,276.8,48,278.6,6852.66,6913.22,4294,0.8876712328767123
^SPX,2026-02-24 16:15:00,SPX,2027-01-15,7425.0,C,0.0,0.0,0.0,0.0,0,43,265.2,38,266.9,6852.66,6913.22,242,0.8876712328767123
^SPX,2026-02-24 16:15:00,SPX,2027-01-15,7450.0,C,238.16,238.16,237.98,237.98,2,57,253.9,49,255.4,6852.66,6913.22,1821,0.8876712328767123
^SPX,2026-02-24 16:15:00,SPX,2027-01-15,7475.0,C,0.0,0.0,0.0,0.0,0,44,242.9,41,244.5,6852.66,6913.22,369,0.8876712328767123
^SPX,2026-02-24 16:15:00,SPX,2027-01-15,7500.0,C,217.11,233.44,216.31,233.42,16,61,232.1,53,233.8,6852.66,6913.22,5339,0.8876712328767123
^SPX,2026-02-24 16:15:00,SPX,2027-01-15,7525.0,C,0.0,0.0,0.0,0.0,0,50,221.7,44,223.4,6852.66,6913.22,185,0.8876712328767123
^SPX,2026-02-24 16:15:00,SPX,2027-01-15,7550.0,C,198.82,206.84,196.99,206.82,10,50,211.6,44,213.2,6852.66,6913.22,540,0.8876712328767123
^SPX,2026-02-24 16:15:00,SPX,2027-01-15,7575.0,C,0.0,0.0,0.0,0.0,0,53,201.8,47,203.4,6852.66,6913.22,755,0.8876712328767123
^SPX,2026-02-24 16:15:00,SPX,2027-01-15,7600.0,C,193.07,193.07,193.07,193.07,6,71,192.3,62,193.9,6852.66,6913.22,2496,0.8876712328767123
^SPX,2026-02-24 16:15:00,SPX,2027-01-15,7625.0,C,185.29,185.29,185.29,185.29,1,54,183.2,49,184.8,6852.66,6913.22,330,0.8876712328767123
^SPX,2026-02-24 16:15:00,SPX,2027-01-15,7650.0,C,0.0,0.0,0.0,0.0,0,54,174.5,50,175.8,6852.66,6913.22,149,0.8876712328767123
^SPX,2026-02-24 16:15:00,SPX,2027-01-15,7675.0,C,0.0,0.0,0.0,0.0,0,52,165.9,34,167.2,6852.66,6913.22,317,0.8876712328767123
^SPX,2026-02-24 16:15:00,SPX,2027-01-15,7700.0,C,145.3,145.3,145.3,145.3,1,77,157.8,46,159.0,6852.66,6913.22,1363,0.8876712328767123
^SPX,2026-02-24 16:15:00,SPX,2027-01-15,7725.0,C,147.4,147.4,147.4,147.4,2,54,149.8,55,151.3,6852.66,6913.22,44,0.8876712328767123
^SPX,2026-02-24 16:15:00,SPX,2027-01-15,7750.0,C,134.1,134.1,134.1,134.1,2,62,142.3,37,143.5,6852.66,6913.22,341,0.8876712328767123
^SPX,2026-02-24 16:15:00,SPX,2027-01-15,7775.0,C,0.0,0.0,0.0,0.0,0,59,134.9,58,136.4,6852.66,6913.22,559,0.8876712328767123
^SPX,2026-02-24 16:15:00,SPX,2027-01-15,7800.0,C,124.76,124.82,124.76,124.82,2,79,128.0,81,129.4,6852.66,6913.22,1638,0.8876712328767123
^SPX,2026-02-24 16:15:00,SPX,2027-01-15,7825.0,C,0.0,0.0,0.0,0.0,0,66,121.3,63,122.7,6852.66,6913.22,823,0.8876712328767123
^SPX,2026-02-24 16:15:00,SPX,2027-01-15,7850.0,C,106.16,106.7,106.16,106.7,6,68,114.9,63,116.3,6852.66,6913.22,508,0.8876712328767123
^SPX,2026-02-24 16:15:00,SPX,2027-01-15,7875.0,C,0.0,0.0,0.0,0.0,0,71,108.8,65,110.1,6852.66,6913.22,185,0.8876712328767123
^SPX,2026-02-24 16:15:00,SPX,2027-01-15,7900.0,C,95.2,95.2,95.2,95.2,1,70,103.0,70,104.3,6852.66,6913.22,839,0.8876712328767123
^SPX,2026-02-24 16:15:00,SPX,2027-01-15,7950.0,C,0.0,0.0,0.0,0.0,0,76,92.1,74,93.4,6852.66,6913.22,880,0.8876712328767123
^SPX,2026-02-24 16:15:00,SPX,2027-01-15,8000.0,C,78.35,83.0,77.05,82.24,25,116,82.2,108,83.6,6852.66,6913.22,4707,0.8876712328767123
^SPX,2026-02-24 16:15:00,SPX,2027-01-15,8050.0,C,0.0,0.0,0.0,0.0,0,91,73.3,87,74.4,6852.66,6913.22,195,0.8876712328767123
^SPX,2026-02-24 16:15:00,SPX,2027-01-15,8100.0,C,62.1,63.9,60.7,63.9,4,99,65.2,98,66.3,6852.66,6913.22,419,0.8876712328767123
^SPX,2026-02-24 16:15:00,SPX,2027-01-15,8150.0,C,54.1,54.1,54.1,54.1,1,106,58.0,101,59.0,6852.66,6913.22,56,0.8876712328767123
^SPX,2026-02-24 16:15:00,SPX,2027-01-15,8200.0,C,51.6,51.6,51.6,51.6,1,117,51.4,69,52.3,6852.66,6913.22,691,0.8876712328767123
^SPX,2026-02-24 16:15:00,SPX,2027-01-15,8300.0,C,0.0,0.0,0.0,0.0,0,136,40.4,127,41.3,6852.66,6913.22,270,0.8876712328767123
^SPX,2026-02-24 16:15:00,SPX,2027-01-15,8400.0,C,31.0,31.0,31.0,31.0,1,154,31.8,152,32.6,6852.66,6913.22,912,0.8876712328767123
^SPX,2026-02-24 16:15:00,SPX,2027-01-15,8500.0,C,0.0,0.0,0.0,0.0,0,156,25.0,157,25.7,6852.66,6913.22,624,0.8876712328767123
^SPX,2026-02-24 16:15:00,SPX,2027-01-15,8600.0,C,20.1,20.1,20.1,20.1,2,304,19.8,190,20.4,6852.66,6913.22,7872,0.8876712328767123
^SPX,2026-02-24 16:15:00,SPX,2027-01-15,8700.0,C,15.0,15.9,15.0,15.9,102,182,15.6,109,16.2,6852.66,6913.22,90,0.8876712328767123
^SPX,2026-02-24 16:15:00,SPX,2027-01-15,8800.0,C,12.8,12.8,12.8,12.8,1,368,12.4,266,13.0,6852.66,6913.22,1380,0.8876712328767123
^SPX,2026-02-24 16:15:00,SPX,2027-01-15,8900.0,C,0.0,0.0,0.0,0.0,0,257,9.9,92,10.4,6852.66,6913.22,244,0.8876712328767123
^SPX,2026-02-24 16:15:00,SPX,2027-01-15,9000.0,C,7.65,7.97,7.6,7.97,9,394,8.0,333,8.5,6852.66,6913.22,1648,0.8876712328767123
^SPX,2026-02-24 16:15:00,SPX,2027-01-15,9200.0,C,0.0,0.0,0.0,0.0,0,365,5.2,75,5.6,6852.66,6913.22,157,0.8876712328767123
^SPX,2026-02-24 16:15:00,SPX,2027-01-15,9400.0,C,0.0,0.0,0.0,0.0,0,444,3.4,408,3.9,6852.66,6913.22,357,0.8876712328767123
^SPX,2026-02-24 16:15:00,SPX,2027-01-15,9600.0,C,0.0,0.0,0.0,0.0,0,377,2.3,316,2.7,6852.66,6913.22,1193,0.8876712328767123
^SPX,2026-02-24 16:15:00,SPX,2027-01-15,9800.0,C,0.0,0.0,0.0,0.0,0,560,1.55,1,1.8,6852.66,6913.22,416,0.8876712328767123
^SPX,2026-02-24 16:15:00,SPX,2027-01-15,10000.0,C,1.25,1.25,1.25,1.25,1,669,1.05,1,1.35,6852.66,6913.22,1414,0.8876712328767123
^SPX,2026-02-24 16:15:00,SPX,2027-01-15,10200.0,C,0.0,0.0,0.0,0.0,0,194,0.7,194,1.35,6852.66,6913.22,828,0.8876712328767123
^SPX,2026-02-24 16:15:00,SPX,2027-01-15,10400.0,C,0.0,0.0,0.0,0.0,0,94,0.55,196,1.1,6852.66,6913.22,31,0.8876712328767123
^SPX,2026-02-24 16:15:00,SPX,2027-01-15,10600.0,C,0.0,0.0,0.0,0.0,0,285,0.45,565,1.0,6852.66,6913.22,256,0.8876712328767123
^SPX,2026-02-24 16:15:00,SPX,2027-01-15,10800.0,C,0.0,0.0,0.0,0.0,0,194,0.35,196,0.95,6852.66,6913.22,570,0.8876712328767123
^SPX,2026-02-24 16:15:00,SPX,2027-01-15,11000.0,C,0.54,0.54,0.47,0.47,2,194,0.25,194,0.85,6852.66,6913.22,711,0.8876712328767123
^SPX,2026-02-24 16:15:00,SPX,2027-01-15,11200.0,C,0.0,0.0,0.0,0.0,0,194,0.15,194,0.8,6852.66,6913.22,258,0.8876712328767123
^SPX,2026-02-24 16:15:00,SPX,2027-01-15,11400.0,C,0.0,0.0,0.0,0.0,0,651,0.15,10,0.4,6852.66,6913.22,1626,0.8876712328767123
^SPX,2026-02-24 16:15:00,SPX,2027-02-19,200.0,C,6621.29,6621.29,6621.29,6621.29,1,10,6624.8,10,6646.7,6852.66,6913.22,22,0.9835616438356164
^SPX,2026-02-24 16:15:00,SPX,2027-02-19,400.0,C,0.0,0.0,0.0,0.0,0,10,6432.5,10,6454.2,6852.66,6913.22,6,0.9835616438356164
^SPX,2026-02-24 16:15:00,SPX,2027-02-19,600.0,C,0.0,0.0,0.0,0.0,0,10,6240.4,10,6261.9,6852.66,6913.22,0,0.9835616438356164
^SPX,2026-02-24 16:15:00,SPX,2027-02-19,800.0,C,0.0,0.0,0.0,0.0,0,10,6048.4,10,6069.6,6852.66,6913.22,0,0.9835616438356164
^SPX,2026-02-24 16:15:00,SPX,2027-02-19,1000.0,C,0.0,0.0,0.0,0.0,0,10,5856.5,5,5876.5,6852.66,6913.22,1,0.9835616438356164
^SPX,2026-02-24 16:15:00,SPX,2027-02-19,1200.0,C,0.0,0.0,0.0,0.0,0,10,5664.8,5,5682.4,6852.66,6913.22,0,0.9835616438356164
^SPX,2026-02-24 16:15:00,SPX,2027-02-19,1400.0,C,0.0,0.0,0.0,0.0,0,10,5473.3,5,5490.6,6852.66,6913.22,0,0.9835616438356164
^SPX,2026-02-24 16:15:00,SPX,2027-02-19,1600.0,C,0.0,0.0,0.0,0.0,0,10,5282.0,5,5300.5,6852.66,6913.22,0,0.9835616438356164
^SPX,2026-02-24 16:15:00,SPX,2027-02-19,1800.0,C,0.0,0.0,0.0,0.0,0,10,5091.0,5,5107.5,6852.66,6913.22,0,0.9835616438356164
^SPX,2026-02-24 16:15:00,SPX,2027-02-19,2000.0,C,0.0,0.0,0.0,0.0,0,10,4900.2,10,4913.5,6852.66,6913.22,1,0.9835616438356164
^SPX,2026-02-24 16:15:00,SPX,2027-02-19,2200.0,C,0.0,0.0,0.0,0.0,0,10,4709.7,10,4722.8,6852.66,6913.22,0,0.9835616438356164
^SPX,2026-02-24 16:15:00,SPX,2027-02-19,2400.0,C,0.0,0.0,0.0,0.0,0,10,4519.4,10,4532.3,6852.66,6913.22,0,0.9835616438356164
^SPX,2026-02-24 16:15:00,SPX,2027-02-19,2600.0,C,0.0,0.0,0.0,0.0,0,10,4329.5,10,4342.4,6852.66,6913.22,0,0.9835616438356164
^SPX,2026-02-24 16:15:00,SPX,2027-02-19,2800.0,C,0.0,0.0,0.0,0.0,0,10,4139.9,10,4152.6,6852.66,6913.22,0,0.9835616438356164
^SPX,2026-02-24 16:15:00,SPX,2027-02-19,2900.0,C,0.0,0.0,0.0,0.0,0,10,4045.3,10,4057.9,6852.66,6913.22,0,0.9835616438356164
^SPX,2026-02-24 16:15:00,SPX,2027-02-19,3000.0,C,0.0,0.0,0.0,0.0,0,10,3950.7,10,3963.2,6852.66,6913.22,0,0.9835616438356164
^SPX,2026-02-24 16:15:00,SPX,2027-02-19,3100.0,C,0.0,0.0,0.0,0.0,0,10,3856.3,10,3868.7,6852.66,6913.22,0,0.9835616438356164
^SPX,2026-02-24 16:15:00,SPX,2027-02-19,3200.0,C,3757.24,3757.24,3757.24,3757.24,1,2,3764.1,2,3771.8,6852.66,6913.22,1,0.9835616438356164
^SPX,2026-02-24 16:15:00,SPX,2027-02-19,3300.0,C,0.0,0.0,0.0,0.0,0,2,3669.8,2,3677.4,6852.66,6913.22,0,0.9835616438356164
^SPX,2026-02-24 16:15:00,SPX,2027-02-19,3400.0,C,0.0,0.0,0.0,0.0,0,2,3575.6,2,3583.1,6852.66,6913.22,7,0.9835616438356164
^SPX,2026-02-24 16:15:00,SPX,2027-02-19,3500.0,C,0.0,0.0,0.0,0.0,0,2,3481.6,2,3489.0,6852.66,6913.22,1,0.9835616438356164
^SPX,2026-02-24 16:15:00,SPX,2027-02-19,3600.0,C,0.0,0.0,0.0,0.0,0,2,3387.6,2,3394.9,6852.66,6913.22,0,0.9835616438356164
^SPX,2026-02-24 16:15:00,SPX,2027-02-19,3700.0,C,0.0,0.0,0.0,0.0,0,2,3293.8,2,3301.0,6852.66,6913.22,0,0.9835616438356164
^SPX,2026-02-24 16:15:00,SPX,2027-02-19,3800.0,C,0.0,0.0,0.0,0.0,0,2,3200.2,2,3207.1,6852.66,6913.22,0,0.9835616438356164
^SPX,2026-02-24 16:15:00,SPX,2027-02-19,3900.0,C,0.0,0.0,0.0,0.0,0,2,3106.8,2,3113.6,6852.66,6913.22,0,0.9835616438356164
^SPX,2026-02-24 16:15:00,SPX,2027-02-19,4000.0,C,0.0,0.0,0.0,0.0,0,2,3013.6,2,3020.2,6852.66,6913.22,0,0.9835616438356164
^SPX,2026-02-24 16:15:00,SPX,2027-02-19,4100.0,C,0.0,0.0,0.0,0.0,0,2,2920.6,2,2927.1,6852.66,6913.22,0,0.9835616438356164
^SPX,2026-02-24 16:15:00,SPX,2027-02-19,4150.0,C,0.0,0.0,0.0,0.0,0,2,2874.2,2,2880.6,6852.66,6913.22,0,0.9835616438356164
^SPX,2026-02-24 16:15:00,SPX,2027-02-19,4200.0,C,0.0,0.0,0.0,0.0,0,2,2827.8,2,2834.2,6852.66,6913.22,0,0.9835616438356164
^SPX,2026-02-24 16:15:00,SPX,2027-02-19,4250.0,C,0.0,0.0,0.0,0.0,0,2,2781.6,2,2787.9,6852.66,6913.22,0,0.9835616438356164
^SPX,2026-02-24 16:15:00,SPX,2027-02-19,4300.0,C,0.0,0.0,0.0,0.0,0,2,2735.4,2,2741.7,6852.66,6913.22,0,0.9835616438356164
^SPX,2026-02-24 16:15:00,SPX,2027-02-19,4350.0,C,0.0,0.0,0.0,0.0,0,2,2689.3,2,2695.5,6852.66,6913.22,0,0.9835616438356164
^SPX,2026-02-24 16:15:00,SPX,2027-02-19,4400.0,C,0.0,0.0,0.0,0.0,0,2,2643.3,2,2649.5,6852.66,6913.22,0,0.9835616438356164
^SPX,2026-02-24 16:15:00,SPX,2027-02-19,4450.0,C,0.0,0.0,0.0,0.0,0,2,2597.4,2,2603.5,6852.66,6913.22,0,0.9835616438356164
^SPX,2026-02-24 16:15:00,SPX,2027-02-19,4500.0,C,0.0,0.0,0.0,0.0,0,2,2551.6,2,2557.6,6852.66,6913.22,0,0.9835616438356164
^SPX,2026-02-24 16:15:00,SPX,2027-02-19,4550.0,C,0.0,0.0,0.0,0.0,0,2,2505.9,2,2511.9,6852.66,6913.22,0,0.9835616438356164
^SPX,2026-02-24 16:15:00,SPX,2027-02-19,4600.0,C,0.0,0.0,0.0,0.0,0,2,2460.2,2,2466.2,6852.66,6913.22,0,0.9835616438356164
^SPX,2026-02-24 16:15:00,SPX,2027-02-19,4650.0,C,0.0,0.0,0.0,0.0,0,2,2414.9,2,2420.5,6852.66,6913.22,0,0.9835616438356164
^SPX,2026-02-24 16:15:00,SPX,2027-02-19,4700.0,C,0.0,0.0,0.0,0.0,0,2,2369.5,2,2375.1,6852.66,6913.22,0,0.9835616438356164
^SPX,2026-02-24 16:15:00,SPX,2027-02-19,4750.0,C,0.0,0.0,0.0,0.0,0,2,2324.2,2,2329.8,6852.66,6913.22,0,0.9835616438356164
^SPX,2026-02-24 16:15:00,SPX,2027-02-19,4800.0,C,0.0,0.0,0.0,0.0,0,2,2279.1,2,2284.6,6852.66,6913.22,0,0.9835616438356164
^SPX,2026-02-24 16:15:00,SPX,2027-02-19,4850.0,C,0.0,0.0,0.0,0.0,0,2,2234.1,2,2239.5,6852.66,6913.22,0,0.9835616438356164
^SPX,2026-02-24 16:15:00,SPX,2027-02-19,4875.0,C,0.0,0.0,0.0,0.0,0,2,2210.9,2,2217.7,6852.66,6913.22,0,0.9835616438356164
^SPX,2026-02-24 16:15:00,SPX,2027-02-19,4900.0,C,0.0,0.0,0.0,0.0,0,2,2189.3,2,2194.6,6852.66,6913.22,0,0.9835616438356164
^SPX,2026-02-24 16:15:00,SPX,2027-02-19,4925.0,C,0.0,0.0,0.0,0.0,0,2,2166.1,2,2172.8,6852.66,6913.22,0,0.9835616438356164
^SPX,2026-02-24 16:15:00,SPX,2027-02-19,4950.0,C,0.0,0.0,0.0,0.0,0,2,2144.5,2,2149.7,6852.66,6913.22,0,0.9835616438356164
^SPX,2026-02-24 16:15:00,SPX,2027-02-19,4975.0,C,0.0,0.0,0.0,0.0,0,2,2121.5,2,2128.0,6852.66,6913.22,0,0.9835616438356164
^SPX,2026-02-24 16:15:00,SPX,2027-02-19,5000.0,C,0.0,0.0,0.0,0.0,0,2,2099.9,2,2105.1,6852.66,6913.22,7,0.9835616438356164
^SPX,2026-02-24 16:15:00,SPX,2027-02-19,5025.0,C,0.0,0.0,0.0,0.0,0,2,2077.0,2,2083.5,6852.66,6913.22,0,0.9835616438356164
^SPX,2026-02-24 16:15:00,SPX,2027-02-19,5050.0,C,0.0,0.0,0.0,0.0,0,2,2055.5,2,2060.6,6852.66,6913.22,0,0.9835616438356164
^SPX,2026-02-24 16:15:00,SPX,2027-02-19,5075.0,C,0.0,0.0,0.0,0.0,0,2,2032.6,2,2039.0,6852.66,6913.22,0,0.9835616438356164
^SPX,2026-02-24 16:15:00,SPX,2027-02-19,5100.0,C,0.0,0.0,0.0,0.0,0,2,2011.2,2,2016.3,6852.66,6913.22,0,0.9835616438356164
^SPX,2026-02-24 16:15:00,SPX,2027-02-19,5125.0,C,0.0,0.0,0.0,0.0,0,2,1988.4,2,1994.8,6852.66,6913.22,0,0.9835616438356164
^SPX,2026-02-24 16:15:00,SPX,2027-02-19,5150.0,C,0.0,0.0,0.0,0.0,0,2,1967.1,2,1972.1,6852.66,6913.22,0,0.9835616438356164
^SPX,2026-02-24 16:15:00,SPX,2027-02-19,5175.0,C,0.0,0.0,0.0,0.0,0,2,1944.3,2,1950.7,6852.66,6913.22,0,0.9835616438356164
^SPX,2026-02-24 16:15:00,SPX,2027-02-19,5200.0,C,1868.9,1868.9,1868.9,1868.9,1,2,1923.2,2,1928.2,6852.66,6913.22,1,0.9835616438356164
^SPX,2026-02-24 16:15:00,SPX,2027-02-19,5225.0,C,0.0,0.0,0.0,0.0,0,2,1900.5,2,1906.9,6852.66,6913.22,0,0.9835616438356164
^SPX,2026-02-24 16:15:00,SPX,2027-02-19,5250.0,C,0.0,0.0,0.0,0.0,0,2,1879.4,2,1884.5,6852.66,6913.22,0,0.9835616438356164
^SPX,2026-02-24 16:15:00,SPX,2027-02-19,5275.0,C,0.0,0.0,0.0,0.0,0,2,1856.9,2,1863.2,6852.66,6913.22,0,0.9835616438356164
^SPX,2026-02-24 16:15:00,SPX,2027-02-19,5300.0,C,0.0,0.0,0.0,0.0,0,2,1835.9,2,1840.9,6852.66,6913.22,0,0.9835616438356164
^SPX,2026-02-24 16:15:00,SPX,2027-02-19,5325.0,C,0.0,0.0,0.0,0.0,0,2,1813.4,2,1819.8,6852.66,6913.22,0,0.9835616438356164
^SPX,2026-02-24 16:15:00,SPX,2027-02-19,5350.0,C,0.0,0.0,0.0,0.0,0,2,1792.7,2,1797.5,6852.66,6913.22,0,0.9835616438356164
^SPX,2026-02-24 16:15:00,SPX,2027-02-19,5375.0,C,0.0,0.0,0.0,0.0,0,2,1770.2,2,1776.5,6852.66,6913.22,0,0.9835616438356164
^SPX,2026-02-24 16:15:00,SPX,2027-02-19,5400.0,C,0.0,0.0,0.0,0.0,0,2,1749.5,2,1754.3,6852.66,6913.22,0,0.9835616438356164
^SPX,2026-02-24 16:15:00,SPX,2027-02-19,5425.0,C,0.0,0.0,0.0,0.0,0,2,1727.3,2,1733.5,6852.66,6913.22,0,0.9835616438356164
^SPX,2026-02-24 16:15:00,SPX,2027-02-19,5450.0,C,0.0,0.0,0.0,0.0,0,2,1706.8,2,1711.5,6852.66,6913.22,0,0.9835616438356164
^SPX,2026-02-24 16:15:00,SPX,2027-02-19,5475.0,C,0.0,0.0,0.0,0.0,0,2,1684.6,2,1690.7,6852.66,6913.22,0,0.9835616438356164
^SPX,2026-02-24 16:15:00,SPX,2027-02-19,5500.0,C,0.0,0.0,0.0,0.0,0,2,1664.1,2,1668.8,6852.66,6913.22,3,0.9835616438356164
^SPX,2026-02-24 16:15:00,SPX,2027-02-19,5525.0,C,0.0,0.0,0.0,0.0,0,2,1642.2,2,1648.1,6852.66,6913.22,0,0.9835616438356164
^SPX,2026-02-24 16:15:00,SPX,2027-02-19,5550.0,C,0.0,0.0,0.0,0.0,0,2,1621.8,2,1626.4,6852.66,6913.22,0,0.9835616438356164
^SPX,2026-02-24 16:15:00,SPX,2027-02-19,5575.0,C,0.0,0.0,0.0,0.0,0,2,1600.1,2,1605.8,6852.66,6913.22,0,0.9835616438356164
^SPX,2026-02-24 16:15:00,SPX,2027-02-19,5600.0,C,0.0,0.0,0.0,0.0,0,2,1579.7,2,1584.1,6852.66,6913.22,0,0.9835616438356164
^SPX,2026-02-24 16:15:00,SPX,2027-02-19,5625.0,C,0.0,0.0,0.0,0.0,0,2,1558.1,2,1563.7,6852.66,6913.22,0,0.9835616438356164
^SPX,2026-02-24 16:15:00,SPX,2027-02-19,5650.0,C,0.0,0.0,0.0,0.0,0,2,1537.8,2,1542.1,6852.66,6913.22,0,0.9835616438356164
^SPX,2026-02-24 16:15:00,SPX,2027-02-19,5675.0,C,0.0,0.0,0.0,0.0,0,2,1516.4,2,1521.8,6852.66,6913.22,0,0.9835616438356164
^SPX,2026-02-24 16:15:00,SPX,2027-02-19,5700.0,C,0.0,0.0,0.0,0.0,0,2,1496.2,2,1500.4,6852.66,6913.22,0,0.9835616438356164
^SPX,2026-02-24 16:15:00,SPX,2027-02-19,5725.0,C,0.0,0.0,0.0,0.0,0,2,1474.9,2,1480.2,6852.66,6913.22,0,0.9835616438356164
^SPX,2026-02-24 16:15:00,SPX,2027-02-19,5750.0,C,0.0,0.0,0.0,0.0,0,2,1455.0,2,1459.0,6852.66,6913.22,0,0.9835616438356164
^SPX,2026-02-24 16:15:00,SPX,2027-02-19,5775.0,C,0.0,0.0,0.0,0.0,0,2,1433.7,2,1438.9,6852.66,6913.22,0,0.9835616438356164
^SPX,2026-02-24 16:15:00,SPX,2027-02-19,5800.0,C,0.0,0.0,0.0,0.0,0,2,1413.9,2,1417.8,6852.66,6913.22,0,0.9835616438356164
^SPX,2026-02-24 16:15:00,SPX,2027-02-19,5825.0,C,0.0,0.0,0.0,0.0,0,2,1392.8,2,1397.8,6852.66,6913.22,0,0.9835616438356164
^SPX,2026-02-24 16:15:00,SPX,2027-02-19,5850.0,C,0.0,0.0,0.0,0.0,0,2,1372.9,2,1377.0,6852.66,6913.22,0,0.9835616438356164
^SPX,2026-02-24 16:15:00,SPX,2027-02-19,5875.0,C,0.0,0.0,0.0,0.0,0,2,1352.0,2,1357.2,6852.66,6913.22,6,0.9835616438356164
^SPX,2026-02-24 16:15:00,SPX,2027-02-19,5900.0,C,0.0,0.0,0.0,0.0,0,2,1332.4,2,1336.4,6852.66,6913.22,1,0.9835616438356164
^SPX,2026-02-24 16:15:00,SPX,2027-02-19,5925.0,C,0.0,0.0,0.0,0.0,0,2,1311.7,2,1316.7,6852.66,6913.22,1,0.9835616438356164
^SPX,2026-02-24 16:15:00,SPX,2027-02-19,5950.0,C,0.0,0.0,0.0,0.0,0,2,1292.1,2,1296.0,6852.66,6913.22,4,0.9835616438356164
^SPX,2026-02-24 16:15:00,SPX,2027-02-19,5975.0,C,0.0,0.0,0.0,0.0,0,2,1271.6,2,1276.4,6852.66,6913.22,0,0.9835616438356164
^SPX,2026-02-24 16:15:00,SPX,2027-02-19,6000.0,C,1225.07,1253.73,1225.07,1253.73,12,2,1252.2,2,1256.0,6852.66,6913.22,53,0.9835616438356164
^SPX,2026-02-24 16:15:00,SPX,2027-02-19,6025.0,C,0.0,0.0,0.0,0.0,0,2,1231.8,2,1236.5,6852.66,6913.22,1,0.9835616438356164
^SPX,2026-02-24 16:15:00,SPX,2027-02-19,6050.0,C,0.0,0.0,0.0,0.0,0,2,1212.6,2,1216.3,6852.66,6913.22,0,0.9835616438356164
^SPX,2026-02-24 16:15:00,SPX,2027-02-19,6075.0,C,0.0,0.0,0.0,0.0,0,2,1192.3,2,1197.0,6852.66,6913.22,0,0.9835616438356164
^SPX,2026-02-24 16:15:00,SPX,2027-02-19,6100.0,C,0.0,0.0,0.0,0.0,0,2,1173.2,2,1176.8,6852.66,6913.22,0,0.9835616438356164
^SPX,2026-02-24 16:15:00,SPX,2027-02-19,6125.0,C,0.0,0.0,0.0,0.0,0,2,1153.1,2,1157.7,6852.66,6913.22,0,0.9835616438356164
^SPX,2026-02-24 16:15:00,SPX,2027-02-19,6150.0,C,0.0,0.0,0.0,0.0,0,2,1134.2,2,1137.8,6852.66,6913.22,5,0.9835616438356164
^SPX,2026-02-24 16:15:00,SPX,2027-02-19,6175.0,C,0.0,0.0,0.0,0.0,0,2,1114.3,2,1118.8,6852.66,6913.22,0,0.9835616438356164
^SPX,2026-02-24 16:15:00,SPX,2027-02-19,6200.0,C,0.0,0.0,0.0,0.0,0,2,1095.5,2,1099.0,6852.66,6913.22,1,0.9835616438356164
^SPX,2026-02-24 16:15:00,SPX,2027-02-19,6225.0,C,0.0,0.0,0.0,0.0,0,2,1075.7,2,1080.2,6852.66,6913.22,1,0.9835616438356164
^SPX,2026-02-24 16:15:00,SPX,2027-02-19,6250.0,C,0.0,0.0,0.0,0.0,0,2,1057.1,2,1060.6,6852.66,6913.22,10,0.9835616438356164
^SPX,2026-02-24 16:15:00,SPX,2027-02-19,6275.0,C,0.0,0.0,0.0,0.0,0,1,1039.5,1,1042.1,6852.66,6913.22,15,0.9835616438356164
^SPX,2026-02-24 16:15:00,SPX,2027-02-19,6300.0,C,0.0,0.0,0.0,0.0,0,1,1020.6,1,1023.1,6852.66,6913.22,4,0.9835616438356164
^SPX,2026-02-24 16:15:00,SPX,2027-02-19,6325.0,C,0.0,0.0,0.0,0.0,0,1,1001.7,1,1004.3,6852.66,6913.22,0,0.9835616438356164
^SPX,2026-02-24 16:15:00,SPX,2027-02-19,6350.0,C,0.0,0.0,0.0,0.0,0,1,983.0,1,985.5,6852.66,6913.22,0,0.9835616438356164
^SPX,2026-02-24 16:15:00,SPX,2027-02-19,6375.0,C,0.0,0.0,0.0,0.0,0,1,964.3,1,966.8,6852.66,6913.22,3,0.9835616438356164
^SPX,2026-02-24 16:15:00,SPX,2027-02-19,6400.0,C,0.0,0.0,0.0,0.0,0,1,945.7,1,948.2,6852.66,6913.22,40,0.9835616438356164
^SPX,2026-02-24 16:15:00,SPX,2027-02-19,6425.0,C,0.0,0.0,0.0,0.0,0,1,927.2,1,929.7,6852.66,6913.22,0,0.9835616438356164
^SPX,2026-02-24 16:15:00,SPX,2027-02-19,6450.0,C,0.0,0.0,0.0,0.0,0,1,908.8,1,911.3,6852.66,6913.22,0,0.9835616438356164
^SPX,2026-02-24 16:15:00,SPX,2027-02-19,6475.0,C,0.0,0.0,0.0,0.0,0,1,890.5,1,893.0,6852.66,6913.22,4,0.9835616438356164
^SPX,2026-02-24 16:15:00,SPX,2027-02-19,6500.0,C,861.26,873.37,859.38,871.69,13,1,872.3,1,874.8,6852.66,6913.22,97,0.9835616438356164
^SPX,2026-02-24 16:15:00,SPX,2027-02-19,6525.0,C,848.9,848.9,848.9,848.9,7,1,854.2,1,856.7,6852.66,6913.22,2,0.9835616438356164
^SPX,2026-02-24 16:15:00,SPX,2027-02-19,6550.0,C,0.0,0.0,0.0,0.0,0,1,836.2,1,838.7,6852.66,6913.22,2,0.9835616438356164
^SPX,2026-02-24 16:15:00,SPX,2027-02-19,6575.0,C,0.0,0.0,0.0,0.0,0,1,818.3,1,820.8,6852.66,6913.22,1,0.9835616438356164
^SPX,2026-02-24 16:15:00,SPX,2027-02-19,6600.0,C,790.02,799.92,788.08,799.92,3,1,800.5,1,803.0,6852.66,6913.22,1,0.9835616438356164
^SPX,2026-02-24 16:15:00,SPX,2027-02-19,6625.0,C,0.0,0.0,0.0,0.0,0,1,782.9,1,785.4,6852.66,6913.22,2,0.9835616438356164
^SPX,2026-02-24 16:15:00,SPX,2027-02-19,6650.0,C,0.0,0.0,0.0,0.0,0,1,765.3,1,767.8,6852.66,6913.22,3,0.9835616438356164
^SPX,2026-02-24 16:15:00,SPX,2027-02-19,6675.0,C,719.81,720.46,718.86,720.46,7,1,747.9,1,750.4,6852.66,6913.22,0,0.9835616438356164
^SPX,2026-02-24 16:15:00,SPX,2027-02-19,6700.0,C,725.2,725.8,725.2,725.8,2,1,730.6,1,733.0,6852.66,6913.22,57,0.9835616438356164
^SPX,2026-02-24 16:15:00,SPX,2027-02-19,6725.0,C,0.0,0.0,0.0,0.0,0,22,713.4,9,715.5,6852.66,6913.22,26,0.9835616438356164
^SPX,2026-02-24 16:15:00,SPX,2027-02-19,6750.0,C,0.0,0.0,0.0,0.0,0,21,696.4,9,698.3,6852.66,6913.22,182,0.9835616438356164
^SPX,2026-02-24 16:15:00,SPX,2027-02-19,6775.0,C,652.58,653.18,651.73,653.18,7,23,679.5,10,681.5,6852.66,6913.22,99,0.9835616438356164
^SPX,2026-02-24 16:15:00,SPX,2027-02-19,6800.0,C,0.0,0.0,0.0,0.0,0,22,662.7,10,664.6,6852.66,6913.22,1368,0.9835616438356164
^SPX,2026-02-24 16:15:00,SPX,2027-02-19,6825.0,C,648.68,648.68,648.68,648.68,1293,32,646.0,20,648.0,6852.66,6913.22,3194,0.9835616438356164
^SPX,2026-02-24 16:15:00,SPX,2027-02-19,6850.0,C,608.7,632.17,608.7,632.17,112,28,629.5,20,631.4,6852.66,6913.22,3163,0.9835616438356164
^SPX,2026-02-24 16:15:00,SPX,2027-02-19,6875.0,C,615.63,615.63,615.63,615.63,1293,28,613.1,20,615.1,6852.66,6913.22,2476,0.9835616438356164
^SPX,2026-02-24 16:15:00,SPX,2027-02-19,6900.0,C,588.91,598.7,588.91,598.27,321,28,596.9,20,598.8,6852.66,6913.22,3476,0.9835616438356164
^SPX,2026-02-24 16:15:00,SPX,2027-02-19,6925.0,C,0.0,0.0,0.0,0.0,0,23,580.8,11,582.8,6852.66,6913.22,272,0.9835616438356164
^SPX,2026-02-24 16:15:00,SPX,2027-02-19,6950.0,C,0.0,0.0,0.0,0.0,0,28,564.9,20,566.8,6852.66,6913.22,2538,0.9835616438356164
^SPX,2026-02-24 16:15:00,SPX,2027-02-19,6975.0,C,0.0,0.0,0.0,0.0,0,26,549.2,21,551.1,6852.66,6913.22,108,0.9835616438356164
^SPX,2026-02-24 16:15:00,SPX,2027-02-19,7000.0,C,514.03,533.99,514.03,533.99,12,35,533.6,30,535.5,6852.66,6913.22,2705,0.9835616438356164
^SPX,2026-02-24 16:15:00,SPX,2027-02-19,7025.0,C,520.8,520.8,520.8,520.8,1,26,518.1,21,520.1,6852.66,6913.22,29,0.9835616438356164
^SPX,2026-02-24 16:15:00,SPX,2027-02-19,7050.0,C,495.41,495.41,495.41,495.41,7,26,503.0,21,504.9,6852.66,6913.22,70,0.9835616438356164
^SPX,2026-02-24 16:15:00,SPX,2027-02-19,7075.0,C,0.0,0.0,0.0,0.0,0,27,487.8,22,489.8,6852.66,6913.22,451,0.9835616438356164
^SPX,2026-02-24 16:15:00,SPX,2027-02-19,7100.0,C,474.05,474.05,474.05,474.05,300,37,473.0,31,474.9,6852.66,6913.22,38,0.9835616438356164
^SPX,2026-02-24 16:15:00,SPX,2027-02-19,7125.0,C,0.0,0.0,0.0,0.0,0,27,458.3,23,460.3,6852.66,6913.22,23,0.9835616438356164
^SPX,2026-02-24 16:15:00,SPX,2027-02-19,7150.0,C,0.0,0.0,0.0,0.0,0,29,443.8,24,445.5,6852.66,6913.22,14,0.9835616438356164
^SPX,2026-02-24 16:15:00,SPX,2027-02-19,7175.0,C,0.0,0.0,0.0,0.0,0,35,429.5,31,431.4,6852.66,6913.22,71,0.9835616438356164
^SPX,2026-02-24 16:15:00,SPX,2027-02-19,7200.0,C,414.63,414.94,414.63,414.94,2,22,415.5,32,417.1,6852.66,6913.22,1147,0.9835616438356164
^SPX,2026-02-24 16:15:00,SPX,2027-02-19,7225.0,C,0.0,0.0,0.0,0.0,0,22,401.6,32,403.4,6852.66,6913.22,172,0.9835616438356164
^SPX,2026-02-24 16:15:00,SPX,2027-02-19,7250.0,C,0.0,0.0,0.0,0.0,0,38,387.9,32,389.6,6852.66,6913.22,472,0.9835616438356164
^SPX,2026-02-24 16:15:00,SPX,2027-02-19,7275.0,C,370.95,370.95,370.95,370.95,7,34,374.5,45,376.3,6852.66,6913.22,8,0.9835616438356164
^SPX,2026-02-24 16:15:00,SPX,2027-02-19,7300.0,C,0.0,0.0,0.0,0.0,0,22,361.3,34,363.0,6852.66,6913.22,277,0.9835616438356164
^SPX,2026-02-24 16:15:00,SPX,2027-02-19,7325.0,C,0.0,0.0,0.0,0.0,0,22,348.3,35,350.0,6852.66,6913.22,579,0.9835616438356164
^SPX,2026-02-24 16:15:00,SPX,2027-02-19,7350.0,C,0.0,0.0,0.0,0.0,0,24,335.6,35,337.2,6852.66,6913.22,408,0.9835616438356164
^SPX,2026-02-24 16:15:00,SPX,2027-02-19,7375.0,C,0.0,0.0,0.0,0.0,0,24,323.1,34,324.8,6852.66,6913.22,129,0.9835616438356164
^SPX,2026-02-24 16:15:00,SPX,2027-02-19,7400.0,C,311.5,311.5,311.5,311.5,2,33,310.9,49,312.5,6852.66,6913.22,1567,0.9835616438356164
^SPX,2026-02-24 16:15:00,SPX,2027-02-19,7425.0,C,0.0,0.0,0.0,0.0,0,42,298.8,38,300.6,6852.66,6913.22,25,0.9835616438356164
^SPX,2026-02-24 16:15:00,SPX,2027-02-19,7450.0,C,0.0,0.0,0.0,0.0,0,34,287.3,49,288.8,6852.66,6913.22,1626,0.9835616438356164
^SPX,2026-02-24 16:15:00,SPX,2027-02-19,7475.0,C,0.0,0.0,0.0,0.0,0,41,275.7,39,277.4,6852.66,6913.22,88,0.9835616438356164
^SPX,2026-02-24 16:15:00,SPX,2027-02-19,7500.0,C,265.87,265.87,264.79,264.79,85,34,264.7,49,266.2,6852.66,6913.22,2112,0.9835616438356164
^SPX,2026-02-24 16:15:00,SPX,2027-02-19,7525.0,C,0.0,0.0,0.0,0.0,0,28,253.8,40,255.4,6852.66,6913.22,14,0.9835616438356164
^SPX,2026-02-24 16:15:00,SPX,2027-02-19,7550.0,C,244.51,244.51,244.51,244.51,110,37,243.3,54,244.7,6852.66,6913.22,1250,0.9835616438356164
^SPX,2026-02-24 16:15:00,SPX,2027-02-19,7575.0,C,0.0,0.0,0.0,0.0,0,16,233.0,29,234.4,6852.66,6913.22,48,0.9835616438356164
^SPX,2026-02-24 16:15:00,SPX,2027-02-19,7600.0,C,0.0,0.0,0.0,0.0,0,30,223.0,42,224.4,6852.66,6913.22,91,0.9835616438356164
^SPX,2026-02-24 16:15:00,SPX,2027-02-19,7625.0,C,0.0,0.0,0.0,0.0,0,17,213.3,32,214.7,6852.66,6913.22,52,0.9835616438356164
^SPX,2026-02-24 16:15:00,SPX,2027-02-19,7650.0,C,0.0,0.0,0.0,0.0,0,32,203.9,30,205.2,6852.66,6913.22,2,0.9835616438356164
^SPX,2026-02-24 16:15:00,SPX,2027-02-19,7675.0,C,0.0,0.0,0.0,0.0,0,15,194.8,15,196.1,6852.66,6913.22,2,0.9835616438356164
^SPX,2026-02-24 16:15:00,SPX,2027-02-19,7700.0,C,0.0,0.0,0.0,0.0,0,54,185.9,32,187.3,6852.66,6913.22,295,0.9835616438356164
^SPX,2026-02-24 16:15:00,SPX,2027-02-19,7725.0,C,0.0,0.0,0.0,0.0,0,40,177.4,34,178.9,6852.66,6913.22,35,0.9835616438356164
^SPX,2026-02-24 16:15:00,SPX,2027-02-19,7750.0,C,0.0,0.0,0.0,0.0,0,56,169.2,34,170.5,6852.66,6913.22,214,0.9835616438356164
^SPX,2026-02-24 16:15:00,SPX,2027-02-19,7775.0,C,0.0,0.0,0.0,0.0,0,43,161.3,17,162.6,6852.66,6913.22,0,0.9835616438356164
^SPX,2026-02-24 16:15:00,SPX,2027-02-19,7800.0,C,149.96,150.07,149.96,150.07,2,62,153.6,36,154.9,6852.66,6913.22,41,0.9835616438356164
^SPX,2026-02-24 16:15:00,SPX,2027-02-19,7825.0,C,0.0,0.0,0.0,0.0,0,45,146.3,37,147.5,6852.66,6913.22,532,0.9835616438356164
^SPX,2026-02-24 16:15:00,SPX,2027-02-19,7850.0,C,0.0,0.0,0.0,0.0,0,41,139.2,38,140.4,6852.66,6913.22,25,0.9835616438356164
^SPX,2026-02-24 16:15:00,SPX,2027-02-19,7875.0,C,0.0,0.0,0.0,0.0,0,41,132.4,39,133.6,6852.66,6913.22,1,0.9835616438356164
^SPX,2026-02-24 16:15:00,SPX,2027-02-19,7900.0,C,0.0,0.0,0.0,0.0,0,25,125.9,40,127.0,6852.66,6913.22,4,0.9835616438356164
^SPX,2026-02-24 16:15:00,SPX,2027-02-19,7925.0,C,117.33,117.33,117.33,117.33,230,58,119.6,54,120.8,6852.66,6913.22,487,0.9835616438356164
^SPX,2026-02-24 16:15:00,SPX,2027-02-19,7950.0,C,0.0,0.0,0.0,0.0,0,71,113.6,43,114.8,6852.66,6913.22,108,0.9835616438356164
^SPX,2026-02-24 16:15:00,SPX,2027-02-19,8000.0,C,0.0,0.0,0.0,0.0,0,77,102.3,47,103.5,6852.66,6913.22,514,0.9835616438356164
^SPX,2026-02-24 16:15:00,SPX,2027-02-19,8050.0,C,0.0,0.0,0.0,0.0,0,85,92.0,50,93.2,6852.66,6913.22,18,0.9835616438356164
^SPX,2026-02-24 16:15:00,SPX,2027-02-19,8100.0,C,0.0,0.0,0.0,0.0,0,94,82.7,54,83.8,6852.66,6913.22,150,0.9835616438356164
^SPX,2026-02-24 16:15:00,SPX,2027-02-19,8150.0,C,0.0,0.0,0.0,0.0,0,100,74.1,58,75.3,6852.66,6913.22,20,0.9835616438356164
^SPX,2026-02-24 16:15:00,SPX,2027-02-19,8200.0,C,0.0,0.0,0.0,0.0,0,109,66.4,62,67.5,6852.66,6913.22,2,0.9835616438356164
^SPX,2026-02-24 16:15:00,SPX,2027-02-19,8250.0,C,0.0,0.0,0.0,0.0,0,86,59.5,66,60.5,6852.66,6913.22,204,0.9835616438356164
^SPX,2026-02-24 16:15:00,SPX,2027-02-19,8300.0,C,53.78,53.78,53.78,53.78,2,94,53.2,70,54.1,6852.66,6913.22,103,0.9835616438356164
^SPX,2026-02-24 16:15:00,SPX,2027-02-19,8400.0,C,42.94,42.94,42.94,42.94,4,98,42.5,126,43.4,6852.66,6913.22,32,0.9835616438356164
^SPX,2026-02-24 16:15:00,SPX,2027-02-19,8500.0,C,0.0,0.0,0.0,0.0,0,150,33.9,81,34.6,6852.66,6913.22,762,0.9835616438356164
^SPX,2026-02-24 16:15:00,SPX,2027-02-19,8600.0,C,0.0,0.0,0.0,0.0,0,167,27.0,158,27.8,6852.66,6913.22,30,0.9835616438356164
^SPX,2026-02-24 16:15:00,SPX,2027-02-19,8700.0,C,0.0,0.0,0.0,0.0,0,164,21.7,176,22.4,6852.66,6913.22,13,0.9835616438356164
^SPX,2026-02-24 16:15:00,SPX,2027-02-19,8800.0,C,0.0,0.0,0.0,0.0,0,188,17.4,107,18.1,6852.66,6913.22,57,0.9835616438356164
^SPX,2026-02-24 16:15:00,SPX,2027-02-19,8900.0,C,0.0,0.0,0.0,0.0,0,190,14.1,120,14.7,6852.66,6913.22,8,0.9835616438356164
^SPX,2026-02-24 16:15:00,SPX,2027-02-19,9000.0,C,0.0,0.0,0.0,0.0,0,202,11.5,129,12.0,6852.66,6913.22,42,0.9835616438356164
^SPX,2026-02-24 16:15:00,SPX,2027-02-19,9200.0,C,0.0,0.0,0.0,0.0,0,229,7.7,142,8.2,6852.66,6913.22,4,0.9835616438356164
^SPX,2026-02-24 16:15:00,SPX,2027-02-19,9400.0,C,0.0,0.0,0.0,0.0,0,268,5.2,149,5.7,6852.66,6913.22,3,0.9835616438356164
^SPX,2026-02-24 16:15:00,SPX,2027-02-19,9600.0,C,0.0,0.0,0.0,0.0,0,262,3.6,265,4.1,6852.66,6913.22,2,0.9835616438356164
^SPX,2026-02-24 16:15:00,SPX,2027-02-19,9800.0,C,2.65,2.65,2.65,2.65,1,253,2.55,180,2.95,6852.66,6913.22,2,0.9835616438356164
^SPX,2026-02-24 16:15:00,SPX,2027-02-19,10000.0,C,1.8,1.82,1.77,1.82,4,277,1.8,288,2.2,6852.66,6913.22,426,0.9835616438356164
^SPX,2026-02-24 16:15:00,SPX,2027-02-19,10200.0,C,0.0,0.0,0.0,0.0,0,109,1.25,149,1.65,6852.66,6913.22,0,0.9835616438356164
^SPX,2026-02-24 16:15:00,SPX,2027-02-19,10400.0,C,0.0,0.0,0.0,0.0,0,94,0.85,1,1.2,6852.66,6913.22,11,0.9835616438356164
^SPX,2026-02-24 16:15:00,SPX,2027-02-19,10600.0,C,0.0,0.0,0.0,0.0,0,94,0.7,1,1.1,6852.66,6913.22,1,0.9835616438356164
^SPX,2026-02-24 16:15:00,SPX,2027-02-19,10800.0,C,0.7,0.71,0.7,0.71,8,94,0.55,1,0.85,6852.66,6913.22,3,0.9835616438356164
^SPX,2026-02-24 16:15:00,SPX,2027-02-19,11000.0,C,0.59,0.67,0.59,0.67,2,94,0.45,1,0.75,6852.66,6913.22,3,0.9835616438356164
^SPX,2026-02-24 16:15:00,SPX,2027-02-19,11200.0,C,0.0,0.0,0.0,0.0,0,94,0.35,1,0.75,6852.66,6913.22,4,0.9835616438356164
^SPX,2026-02-24 16:15:00,SPX,2027-02-19,11400.0,C,0.0,0.0,0.0,0.0,0,134,0.25,1,0.65,6852.66,6913.22,1,0.9835616438356164
^SPX,2026-02-24 16:15:00,SPX,2027-02-19,11600.0,C,0.0,0.0,0.0,0.0,0,156,0.2,1,0.65,6852.66,6913.22,11,0.9835616438356164
^SPX,2026-02-24 16:15:00,SPX,2027-02-19,11800.0,C,0.0,0.0,0.0,0.0,0,134,0.15,136,0.65,6852.66,6913.22,2,0.9835616438356164
^SPX,2026-02-24 16:15:00,SPX,2027-02-19,12000.0,C,0.0,0.0,0.0,0.0,0,156,0.1,137,0.65,6852.66,6913.22,3,0.9835616438356164
^SPX,2026-02-24 16:15:00,SPX,2027-03-19,200.0,C,6592.58,6595.91,6592.58,6595.91,2,1,6608.9,1,6647.9,6852.66,6913.22,6,1.0602739726027397
^SPX,2026-02-24 16:15:00,SPX,2027-03-19,400.0,C,0.0,0.0,0.0,0.0,0,1,6416.2,1,6455.4,6852.66,6913.22,0,1.0602739726027397
^SPX,2026-02-24 16:15:00,SPX,2027-03-19,600.0,C,0.0,0.0,0.0,0.0,0,1,6225.4,1,6263.6,6852.66,6913.22,0,1.0602739726027397
^SPX,2026-02-24 16:15:00,SPX,2027-03-19,800.0,C,0.0,0.0,0.0,0.0,0,1,6033.6,1,6073.6,6852.66,6913.22,0,1.0602739726027397
^SPX,2026-02-24 16:15:00,SPX,2027-03-19,1000.0,C,0.0,0.0,0.0,0.0,0,5,5850.2,5,5872.5,6852.66,6913.22,1,1.0602739726027397
^SPX,2026-02-24 16:15:00,SPX,2027-03-19,1200.0,C,0.0,0.0,0.0,0.0,0,5,5659.4,5,5681.2,6852.66,6913.22,0,1.0602739726027397
^SPX,2026-02-24 16:15:00,SPX,2027-03-19,1400.0,C,0.0,0.0,0.0,0.0,0,5,5468.7,5,5490.0,6852.66,6913.22,0,1.0602739726027397
^SPX,2026-02-24 16:15:00,SPX,2027-03-19,1600.0,C,0.0,0.0,0.0,0.0,0,5,5278.0,5,5298.5,6852.66,6913.22,0,1.0602739726027397
^SPX,2026-02-24 16:15:00,SPX,2027-03-19,1800.0,C,0.0,0.0,0.0,0.0,0,5,5086.6,5,5106.6,6852.66,6913.22,0,1.0602739726027397
^SPX,2026-02-24 16:15:00,SPX,2027-03-19,2000.0,C,0.0,0.0,0.0,0.0,0,5,4898.2,5,4917.7,6852.66,6913.22,0,1.0602739726027397
^SPX,2026-02-24 16:15:00,SPX,2027-03-19,2200.0,C,0.0,0.0,0.0,0.0,0,5,4707.2,5,4725.8,6852.66,6913.22,0,1.0602739726027397
^SPX,2026-02-24 16:15:00,SPX,2027-03-19,2400.0,C,0.0,0.0,0.0,0.0,0,5,4517.9,5,4536.1,6852.66,6913.22,0,1.0602739726027397
^SPX,2026-02-24 16:15:00,SPX,2027-03-19,2600.0,C,0.0,0.0,0.0,0.0,0,5,4329.0,5,4346.8,6852.66,6913.22,0,1.0602739726027397
^SPX,2026-02-24 16:15:00,SPX,2027-03-19,2800.0,C,0.0,0.0,0.0,0.0,0,5,4140.4,5,4157.7,6852.66,6913.22,0,1.0602739726027397
^SPX,2026-02-24 16:15:00,SPX,2027-03-19,2900.0,C,0.0,0.0,0.0,0.0,0,5,4046.2,5,4063.5,6852.66,6913.22,0,1.0602739726027397
^SPX,2026-02-24 16:15:00,SPX,2027-03-19,3000.0,C,0.0,0.0,0.0,0.0,0,5,3952.0,5,3968.8,6852.66,6913.22,0,1.0602739726027397
^SPX,2026-02-24 16:15:00,SPX,2027-03-19,3100.0,C,0.0,0.0,0.0,0.0,0,5,3858.0,5,3874.5,6852.66,6913.22,0,1.0602739726027397
^SPX,2026-02-24 16:15:00,SPX,2027-03-19,3200.0,C,3737.93,3742.06,3737.93,3742.06,2,2,3767.2,2,3775.8,6852.66,6913.22,1,1.0602739726027397
^SPX,2026-02-24 16:15:00,SPX,2027-03-19,3300.0,C,0.0,0.0,0.0,0.0,0,2,3673.3,2,3682.1,6852.66,6913.22,0,1.0602739726027397
^SPX,2026-02-24 16:15:00,SPX,2027-03-19,3400.0,C,0.0,0.0,0.0,0.0,0,2,3579.6,2,3588.3,6852.66,6913.22,0,1.0602739726027397
^SPX,2026-02-24 16:15:00,SPX,2027-03-19,3500.0,C,0.0,0.0,0.0,0.0,0,2,3486.0,2,3494.6,6852.66,6913.22,0,1.0602739726027397
^SPX,2026-02-24 16:15:00,SPX,2027-03-19,3600.0,C,0.0,0.0,0.0,0.0,0,2,3392.5,2,3401.0,6852.66,6913.22,0,1.0602739726027397
^SPX,2026-02-24 16:15:00,SPX,2027-03-19,3700.0,C,0.0,0.0,0.0,0.0,0,2,3299.2,2,3307.5,6852.66,6913.22,0,1.0602739726027397
^SPX,2026-02-24 16:15:00,SPX,2027-03-19,3800.0,C,0.0,0.0,0.0,0.0,0,2,3206.1,2,3214.3,6852.66,6913.22,0,1.0602739726027397
^SPX,2026-02-24 16:15:00,SPX,2027-03-19,3900.0,C,0.0,0.0,0.0,0.0,0,2,3113.2,2,3121.2,6852.66,6913.22,0,1.0602739726027397
^SPX,2026-02-24 16:15:00,SPX,2027-03-19,4000.0,C,0.0,0.0,0.0,0.0,0,2,3020.5,2,3028.4,6852.66,6913.22,0,1.0602739726027397
^SPX,2026-02-24 16:15:00,SPX,2027-03-19,4100.0,C,0.0,0.0,0.0,0.0,0,2,2928.1,2,2935.8,6852.66,6913.22,0,1.0602739726027397
^SPX,2026-02-24 16:15:00,SPX,2027-03-19,4150.0,C,0.0,0.0,0.0,0.0,0,2,2882.0,2,2889.6,6852.66,6913.22,0,1.0602739726027397
^SPX,2026-02-24 16:15:00,SPX,2027-03-19,4200.0,C,0.0,0.0,0.0,0.0,0,2,2836.0,2,2843.5,6852.66,6913.22,0,1.0602739726027397
^SPX,2026-02-24 16:15:00,SPX,2027-03-19,4250.0,C,0.0,0.0,0.0,0.0,0,2,2790.1,2,2797.5,6852.66,6913.22,64,1.0602739726027397
^SPX,2026-02-24 16:15:00,SPX,2027-03-19,4300.0,C,0.0,0.0,0.0,0.0,0,2,2744.1,2,2751.6,6852.66,6913.22,30,1.0602739726027397
^SPX,2026-02-24 16:15:00,SPX,2027-03-19,4350.0,C,0.0,0.0,0.0,0.0,0,2,2698.4,2,2705.7,6852.66,6913.22,0,1.0602739726027397
^SPX,2026-02-24 16:15:00,SPX,2027-03-19,4400.0,C,0.0,0.0,0.0,0.0,0,2,2652.7,2,2660.0,6852.66,6913.22,0,1.0602739726027397
^SPX,2026-02-24 16:15:00,SPX,2027-03-19,4450.0,C,0.0,0.0,0.0,0.0,0,2,2607.1,2,2614.4,6852.66,6913.22,0,1.0602739726027397
^SPX,2026-02-24 16:15:00,SPX,2027-03-19,4500.0,C,0.0,0.0,0.0,0.0,0,2,2561.6,2,2568.8,6852.66,6913.22,0,1.0602739726027397
^SPX,2026-02-24 16:15:00,SPX,2027-03-19,4550.0,C,0.0,0.0,0.0,0.0,0,2,2516.3,2,2523.4,6852.66,6913.22,0,1.0602739726027397
^SPX,2026-02-24 16:15:00,SPX,2027-03-19,4600.0,C,0.0,0.0,0.0,0.0,0,2,2471.0,2,2478.0,6852.66,6913.22,0,1.0602739726027397
^SPX,2026-02-24 16:15:00,SPX,2027-03-19,4650.0,C,0.0,0.0,0.0,0.0,0,2,2425.8,2,2432.8,6852.66,6913.22,0,1.0602739726027397
^SPX,2026-02-24 16:15:00,SPX,2027-03-19,4700.0,C,0.0,0.0,0.0,0.0,0,2,2380.8,2,2387.7,6852.66,6913.22,0,1.0602739726027397
^SPX,2026-02-24 16:15:00,SPX,2027-03-19,4750.0,C,0.0,0.0,0.0,0.0,0,2,2336.0,2,2342.5,6852.66,6913.22,0,1.0602739726027397
^SPX,2026-02-24 16:15:00,SPX,2027-03-19,4775.0,C,0.0,0.0,0.0,0.0,0,2,2312.7,2,2320.6,6852.66,6913.22,0,1.0602739726027397
^SPX,2026-02-24 16:15:00,SPX,2027-03-19,4800.0,C,0.0,0.0,0.0,0.0,0,2,2291.3,2,2297.7,6852.66,6913.22,0,1.0602739726027397
^SPX,2026-02-24 16:15:00,SPX,2027-03-19,4825.0,C,0.0,0.0,0.0,0.0,0,2,2268.0,2,2275.8,6852.66,6913.22,0,1.0602739726027397
^SPX,2026-02-24 16:15:00,SPX,2027-03-19,4850.0,C,0.0,0.0,0.0,0.0,0,2,2246.6,2,2252.9,6852.66,6913.22,0,1.0602739726027397
^SPX,2026-02-24 16:15:00,SPX,2027-03-19,4875.0,C,0.0,0.0,0.0,0.0,0,2,2223.4,2,2231.5,6852.66,6913.22,0,1.0602739726027397
^SPX,2026-02-24 16:15:00,SPX,2027-03-19,4900.0,C,0.0,0.0,0.0,0.0,0,2,2202.2,2,2208.3,6852.66,6913.22,0,1.0602739726027397
^SPX,2026-02-24 16:15:00,SPX,2027-03-19,4925.0,C,0.0,0.0,0.0,0.0,0,2,2179.0,2,2186.9,6852.66,6913.22,0,1.0602739726027397
^SPX,2026-02-24 16:15:00,SPX,2027-03-19,4950.0,C,0.0,0.0,0.0,0.0,0,2,2157.8,2,2163.8,6852.66,6913.22,0,1.0602739726027397
^SPX,2026-02-24 16:15:00,SPX,2027-03-19,4975.0,C,0.0,0.0,0.0,0.0,0,2,2134.8,2,2142.5,6852.66,6913.22,0,1.0602739726027397
^SPX,2026-02-24 16:15:00,SPX,2027-03-19,5000.0,C,0.0,0.0,0.0,0.0,0,2,2113.6,2,2119.6,6852.66,6913.22,9,1.0602739726027397
^SPX,2026-02-24 16:15:00,SPX,2027-03-19,5025.0,C,0.0,0.0,0.0,0.0,0,2,2090.7,2,2098.4,6852.66,6913.22,0,1.0602739726027397
^SPX,2026-02-24 16:15:00,SPX,2027-03-19,5050.0,C,0.0,0.0,0.0,0.0,0,2,2069.6,2,2075.6,6852.66,6913.22,0,1.0602739726027397
^SPX,2026-02-24 16:15:00,SPX,2027-03-19,5075.0,C,0.0,0.0,0.0,0.0,0,2,2046.6,2,2054.3,6852.66,6913.22,0,1.0602739726027397
^SPX,2026-02-24 16:15:00,SPX,2027-03-19,5100.0,C,0.0,0.0,0.0,0.0,0,2,2025.6,2,2031.6,6852.66,6913.22,0,1.0602739726027397
^SPX,2026-02-24 16:15:00,SPX,2027-03-19,5125.0,C,0.0,0.0,0.0,0.0,0,2,2002.8,2,2010.2,6852.66,6913.22,0,1.0602739726027397
^SPX,2026-02-24 16:15:00,SPX,2027-03-19,5150.0,C,0.0,0.0,0.0,0.0,0,2,1981.9,2,1987.9,6852.66,6913.22,0,1.0602739726027397
^SPX,2026-02-24 16:15:00,SPX,2027-03-19,5175.0,C,0.0,0.0,0.0,0.0,0,2,1959.2,2,1966.9,6852.66,6913.22,0,1.0602739726027397
^SPX,2026-02-24 16:15:00,SPX,2027-03-19,5200.0,C,0.0,0.0,0.0,0.0,0,2,1938.4,2,1944.3,6852.66,6913.22,0,1.0602739726027397
^SPX,2026-02-24 16:15:00,SPX,2027-03-19,5225.0,C,0.0,0.0,0.0,0.0,0,2,1915.8,2,1923.4,6852.66,6913.22,0,1.0602739726027397
^SPX,2026-02-24 16:15:00,SPX,2027-03-19,5250.0,C,0.0,0.0,0.0,0.0,0,2,1895.1,2,1901.0,6852.66,6913.22,0,1.0602739726027397
^SPX,2026-02-24 16:15:00,SPX,2027-03-19,5275.0,C,0.0,0.0,0.0,0.0,0,2,1872.5,2,1880.1,6852.66,6913.22,0,1.0602739726027397
^SPX,2026-02-24 16:15:00,SPX,2027-03-19,5300.0,C,0.0,0.0,0.0,0.0,0,2,1851.9,2,1857.8,6852.66,6913.22,0,1.0602739726027397
^SPX,2026-02-24 16:15:00,SPX,2027-03-19,5325.0,C,0.0,0.0,0.0,0.0,0,2,1829.5,2,1837.1,6852.66,6913.22,0,1.0602739726027397
^SPX,2026-02-24 16:15:00,SPX,2027-03-19,5350.0,C,0.0,0.0,0.0,0.0,0,2,1809.0,2,1814.9,6852.66,6913.22,0,1.0602739726027397
^SPX,2026-02-24 16:15:00,SPX,2027-03-19,5375.0,C,0.0,0.0,0.0,0.0,0,2,1786.8,2,1794.2,6852.66,6913.22,0,1.0602739726027397
^SPX,2026-02-24 16:15:00,SPX,2027-03-19,5400.0,C,0.0,0.0,0.0,0.0,0,2,1766.4,2,1772.2,6852.66,6913.22,0,1.0602739726027397
^SPX,2026-02-24 16:15:00,SPX,2027-03-19,5425.0,C,0.0,0.0,0.0,0.0,0,2,1744.3,2,1751.5,6852.66,6913.22,0,1.0602739726027397
^SPX,2026-02-24 16:15:00,SPX,2027-03-19,5450.0,C,0.0,0.0,0.0,0.0,0,2,1724.1,2,1729.7,6852.66,6913.22,0,1.0602739726027397
^SPX,2026-02-24 16:15:00,SPX,2027-03-19,5475.0,C,0.0,0.0,0.0,0.0,0,2,1702.1,2,1709.2,6852.66,6913.22,0,1.0602739726027397
^SPX,2026-02-24 16:15:00,SPX,2027-03-19,5500.0,C,1651.93,1651.93,1651.93,1651.93,1,2,1681.9,2,1687.4,6852.66,6913.22,5,1.0602739726027397
^SPX,2026-02-24 16:15:00,SPX,2027-03-19,5525.0,C,0.0,0.0,0.0,0.0,0,2,1660.1,2,1667.0,6852.66,6913.22,0,1.0602739726027397
^SPX,2026-02-24 16:15:00,SPX,2027-03-19,5550.0,C,0.0,0.0,0.0,0.0,0,2,1640.0,2,1645.3,6852.66,6913.22,0,1.0602739726027397
^SPX,2026-02-24 16:15:00,SPX,2027-03-19,5575.0,C,0.0,0.0,0.0,0.0,0,2,1618.3,2,1625.0,6852.66,6913.22,0,1.0602739726027397
^SPX,2026-02-24 16:15:00,SPX,2027-03-19,5600.0,C,0.0,0.0,0.0,0.0,0,2,1598.4,2,1603.6,6852.66,6913.22,3,1.0602739726027397
^SPX,2026-02-24 16:15:00,SPX,2027-03-19,5625.0,C,0.0,0.0,0.0,0.0,0,2,1576.8,2,1583.3,6852.66,6913.22,0,1.0602739726027397
^SPX,2026-02-24 16:15:00,SPX,2027-03-19,5650.0,C,0.0,0.0,0.0,0.0,0,2,1556.9,2,1562.0,6852.66,6913.22,0,1.0602739726027397
^SPX,2026-02-24 16:15:00,SPX,2027-03-19,5675.0,C,0.0,0.0,0.0,0.0,0,2,1535.6,2,1541.9,6852.66,6913.22,0,1.0602739726027397
^SPX,2026-02-24 16:15:00,SPX,2027-03-19,5700.0,C,0.0,0.0,0.0,0.0,0,2,1515.8,2,1520.7,6852.66,6913.22,0,1.0602739726027397
^SPX,2026-02-24 16:15:00,SPX,2027-03-19,5725.0,C,0.0,0.0,0.0,0.0,0,2,1494.5,2,1500.7,6852.66,6913.22,0,1.0602739726027397
^SPX,2026-02-24 16:15:00,SPX,2027-03-19,5750.0,C,0.0,0.0,0.0,0.0,0,2,1474.8,2,1479.6,6852.66,6913.22,0,1.0602739726027397
^SPX,2026-02-24 16:15:00,SPX,2027-03-19,5775.0,C,0.0,0.0,0.0,0.0,0,2,1453.7,2,1459.8,6852.66,6913.22,0,1.0602739726027397
^SPX,2026-02-24 16:15:00,SPX,2027-03-19,5800.0,C,0.0,0.0,0.0,0.0,0,2,1434.2,2,1438.8,6852.66,6913.22,3,1.0602739726027397
^SPX,2026-02-24 16:15:00,SPX,2027-03-19,5825.0,C,0.0,0.0,0.0,0.0,0,2,1413.2,2,1419.2,6852.66,6913.22,0,1.0602739726027397
^SPX,2026-02-24 16:15:00,SPX,2027-03-19,5850.0,C,0.0,0.0,0.0,0.0,0,2,1393.8,2,1398.3,6852.66,6913.22,0,1.0602739726027397
^SPX,2026-02-24 16:15:00,SPX,2027-03-19,5875.0,C,0.0,0.0,0.0,0.0,0,2,1373.0,2,1378.8,6852.66,6913.22,0,1.0602739726027397
^SPX,2026-02-24 16:15:00,SPX,2027-03-19,5900.0,C,1352.76,1352.76,1352.76,1352.76,4,2,1353.6,2,1358.2,6852.66,6913.22,4,1.0602739726027397
^SPX,2026-02-24 16:15:00,SPX,2027-03-19,5925.0,C,0.0,0.0,0.0,0.0,0,2,1332.9,2,1338.9,6852.66,6913.22,0,1.0602739726027397
^SPX,2026-02-24 16:15:00,SPX,2027-03-19,5950.0,C,0.0,0.0,0.0,0.0,0,2,1313.7,2,1318.3,6852.66,6913.22,18,1.0602739726027397
^SPX,2026-02-24 16:15:00,SPX,2027-03-19,5975.0,C,0.0,0.0,0.0,0.0,0,2,1293.2,2,1299.1,6852.66,6913.22,0,1.0602739726027397
^SPX,2026-02-24 16:15:00,SPX,2027-03-19,6000.0,C,1264.53,1276.12,1264.53,1273.53,12,2,1274.1,2,1278.6,6852.66,6913.22,24007,1.0602739726027397
^SPX,2026-02-24 16:15:00,SPX,2027-03-19,6025.0,C,0.0,0.0,0.0,0.0,0,2,1253.8,2,1259.5,6852.66,6913.22,0,1.0602739726027397
^SPX,2026-02-24 16:15:00,SPX,2027-03-19,6050.0,C,0.0,0.0,0.0,0.0,0,2,1234.9,2,1239.2,6852.66,6913.22,0,1.0602739726027397
^SPX,2026-02-24 16:15:00,SPX,2027-03-19,6075.0,C,0.0,0.0,0.0,0.0,0,2,1214.7,2,1220.3,6852.66,6913.22,0,1.0602739726027397
^SPX,2026-02-24 16:15:00,SPX,2027-03-19,6100.0,C,0.0,0.0,0.0,0.0,0,2,1196.0,2,1200.2,6852.66,6913.22,9,1.0602739726027397
^SPX,2026-02-24 16:15:00,SPX,2027-03-19,6125.0,C,0.0,0.0,0.0,0.0,0,2,1175.9,2,1181.4,6852.66,6913.22,1,1.0602739726027397
^SPX,2026-02-24 16:15:00,SPX,2027-03-19,6150.0,C,0.0,0.0,0.0,0.0,0,2,1157.3,2,1161.5,6852.66,6913.22,0,1.0602739726027397
^SPX,2026-02-24 16:15:00,SPX,2027-03-19,6175.0,C,0.0,0.0,0.0,0.0,0,2,1137.4,2,1142.9,6852.66,6913.22,0,1.0602739726027397
^SPX,2026-02-24 16:15:00,SPX,2027-03-19,6200.0,C,0.0,0.0,0.0,0.0,0,2,1119.0,2,1123.1,6852.66,6913.22,4,1.0602739726027397
^SPX,2026-02-24 16:15:00,SPX,2027-03-19,6225.0,C,0.0,0.0,0.0,0.0,0,2,1099.3,2,1104.7,6852.66,6913.22,1,1.0602739726027397
^SPX,2026-02-24 16:15:00,SPX,2027-03-19,6250.0,C,0.0,0.0,0.0,0.0,0,2,1081.0,2,1085.1,6852.66,6913.22,12,1.0602739726027397
^SPX,2026-02-24 16:15:00,SPX,2027-03-19,6275.0,C,0.0,0.0,0.0,0.0,0,1,1064.0,1,1066.3,6852.66,6913.22,0,1.0602739726027397
^SPX,2026-02-24 16:15:00,SPX,2027-03-19,6300.0,C,0.0,0.0,0.0,0.0,0,1,1045.2,1,1047.5,6852.66,6913.22,35,1.0602739726027397
^SPX,2026-02-24 16:15:00,SPX,2027-03-19,6325.0,C,0.0,0.0,0.0,0.0,0,1,1026.5,1,1028.8,6852.66,6913.22,3,1.0602739726027397
^SPX,2026-02-24 16:15:00,SPX,2027-03-19,6350.0,C,1001.3,1001.3,1001.3,1001.3,1,1,1007.9,1,1010.2,6852.66,6913.22,2,1.0602739726027397
^SPX,2026-02-24 16:15:00,SPX,2027-03-19,6375.0,C,0.0,0.0,0.0,0.0,0,1,989.4,1,991.7,6852.66,6913.22,2,1.0602739726027397
^SPX,2026-02-24 16:15:00,SPX,2027-03-19,6400.0,C,0.0,0.0,0.0,0.0,0,1,971.0,1,973.3,6852.66,6913.22,32,1.0602739726027397
^SPX,2026-02-24 16:15:00,SPX,2027-03-19,6425.0,C,0.0,0.0,0.0,0.0,0,1,952.7,1,955.0,6852.66,6913.22,0,1.0602739726027397
^SPX,2026-02-24 16:15:00,SPX,2027-03-19,6450.0,C,0.0,0.0,0.0,0.0,0,1,934.2,1,936.7,6852.66,6913.22,0,1.0602739726027397
^SPX,2026-02-24 16:15:00,SPX,2027-03-19,6475.0,C,0.0,0.0,0.0,0.0,0,1,916.3,1,918.6,6852.66,6913.22,0,1.0602739726027397
^SPX,2026-02-24 16:15:00,SPX,2027-03-19,6500.0,C,867.49,900.74,867.49,900.74,4,1,898.3,1,900.5,6852.66,6913.22,68,1.0602739726027397
^SPX,2026-02-24 16:15:00,SPX,2027-03-19,6525.0,C,0.0,0.0,0.0,0.0,0,1,880.3,1,882.6,6852.66,6913.22,0,1.0602739726027397
^SPX,2026-02-24 16:15:00,SPX,2027-03-19,6550.0,C,0.0,0.0,0.0,0.0,0,1,862.5,1,864.7,6852.66,6913.22,2,1.0602739726027397
^SPX,2026-02-24 16:15:00,SPX,2027-03-19,6575.0,C,0.0,0.0,0.0,0.0,0,1,844.7,1,847.0,6852.66,6913.22,0,1.0602739726027397
^SPX,2026-02-24 16:15:00,SPX,2027-03-19,6600.0,C,783.8,827.53,783.8,826.86,8,1,827.1,1,829.3,6852.66,6913.22,105,1.0602739726027397
^SPX,2026-02-24 16:15:00,SPX,2027-03-19,6625.0,C,0.0,0.0,0.0,0.0,0,1,809.3,1,811.8,6852.66,6913.22,0,1.0602739726027397
^SPX,2026-02-24 16:15:00,SPX,2027-03-19,6650.0,C,0.0,0.0,0.0,0.0,0,1,792.1,1,794.4,6852.66,6913.22,2,1.0602739726027397
^SPX,2026-02-24 16:15:00,SPX,2027-03-19,6675.0,C,0.0,0.0,0.0,0.0,0,1,774.8,1,777.0,6852.66,6913.22,1,1.0602739726027397
^SPX,2026-02-24 16:15:00,SPX,2027-03-19,6700.0,C,0.0,0.0,0.0,0.0,0,1,757.6,1,759.8,6852.66,6913.22,79,1.0602739726027397
^SPX,2026-02-24 16:15:00,SPX,2027-03-19,6725.0,C,0.0,0.0,0.0,0.0,0,8,740.6,7,742.6,6852.66,6913.22,4,1.0602739726027397
^SPX,2026-02-24 16:15:00,SPX,2027-03-19,6750.0,C,0.0,0.0,0.0,0.0,0,21,723.6,9,725.4,6852.66,6913.22,27,1.0602739726027397
^SPX,2026-02-24 16:15:00,SPX,2027-03-19,6775.0,C,0.0,0.0,0.0,0.0,0,21,706.8,8,708.7,6852.66,6913.22,41,1.0602739726027397
^SPX,2026-02-24 16:15:00,SPX,2027-03-19,6800.0,C,690.73,691.96,690.69,691.96,56,25,690.1,10,691.9,6852.66,6913.22,485,1.0602739726027397
^SPX,2026-02-24 16:15:00,SPX,2027-03-19,6825.0,C,0.0,0.0,0.0,0.0,0,24,673.5,11,675.5,6852.66,6913.22,3,1.0602739726027397
^SPX,2026-02-24 16:15:00,SPX,2027-03-19,6850.0,C,0.0,0.0,0.0,0.0,0,20,657.1,11,658.8,6852.66,6913.22,918,1.0602739726027397
^SPX,2026-02-24 16:15:00,SPX,2027-03-19,6875.0,C,0.0,0.0,0.0,0.0,0,24,640.8,11,642.7,6852.66,6913.22,1,1.0602739726027397
^SPX,2026-02-24 16:15:00,SPX,2027-03-19,6900.0,C,595.04,623.12,595.04,623.12,36,34,624.7,21,626.4,6852.66,6913.22,2246,1.0602739726027397
^SPX,2026-02-24 16:15:00,SPX,2027-03-19,6925.0,C,0.0,0.0,0.0,0.0,0,25,608.7,11,610.6,6852.66,6913.22,6,1.0602739726027397
^SPX,2026-02-24 16:15:00,SPX,2027-03-19,6950.0,C,0.0,0.0,0.0,0.0,0,24,592.9,11,594.5,6852.66,6913.22,229,1.0602739726027397
^SPX,2026-02-24 16:15:00,SPX,2027-03-19,6975.0,C,578.51,579.49,578.51,579.49,4,26,577.2,12,578.9,6852.66,6913.22,9,1.0602739726027397
^SPX,2026-02-24 16:15:00,SPX,2027-03-19,7000.0,C,533.35,562.14,533.35,561.94,166,23,561.7,22,563.3,6852.66,6913.22,26821,1.0602739726027397
^SPX,2026-02-24 16:15:00,SPX,2027-03-19,7025.0,C,0.0,0.0,0.0,0.0,0,13,546.3,12,548.0,6852.66,6913.22,20,1.0602739726027397
^SPX,2026-02-24 16:15:00,SPX,2027-03-19,7050.0,C,524.8,524.8,524.8,524.8,1,13,531.1,12,532.8,6852.66,6913.22,109,1.0602739726027397
^SPX,2026-02-24 16:15:00,SPX,2027-03-19,7075.0,C,518.4,518.4,516.18,516.18,6,12,516.1,20,518.0,6852.66,6913.22,357,1.0602739726027397
^SPX,2026-02-24 16:15:00,SPX,2027-03-19,7100.0,C,470.64,503.7,470.64,503.3,23,11,501.3,21,502.9,6852.66,6913.22,207,1.0602739726027397
^SPX,2026-02-24 16:15:00,SPX,2027-03-19,7125.0,C,0.0,0.0,0.0,0.0,0,12,486.6,11,488.2,6852.66,6913.22,82,1.0602739726027397
^SPX,2026-02-24 16:15:00,SPX,2027-03-19,7150.0,C,466.98,466.98,466.98,466.98,151,22,472.1,21,473.6,6852.66,6913.22,160,1.0602739726027397
^SPX,2026-02-24 16:15:00,SPX,2027-03-19,7175.0,C,0.0,0.0,0.0,0.0,0,12,457.8,21,459.3,6852.66,6913.22,75,1.0602739726027397
^SPX,2026-02-24 16:15:00,SPX,2027-03-19,7200.0,C,0.0,0.0,0.0,0.0,0,12,443.7,21,445.2,6852.66,6913.22,479,1.0602739726027397
^SPX,2026-02-24 16:15:00,SPX,2027-03-19,7225.0,C,0.0,0.0,0.0,0.0,0,12,429.8,21,431.3,6852.66,6913.22,28,1.0602739726027397
^SPX,2026-02-24 16:15:00,SPX,2027-03-19,7250.0,C,0.0,0.0,0.0,0.0,0,12,416.1,22,417.5,6852.66,6913.22,488,1.0602739726027397
^SPX,2026-02-24 16:15:00,SPX,2027-03-19,7275.0,C,0.0,0.0,0.0,0.0,0,12,402.5,22,404.0,6852.66,6913.22,25,1.0602739726027397
^SPX,2026-02-24 16:15:00,SPX,2027-03-19,7300.0,C,0.0,0.0,0.0,0.0,0,39,388.9,33,390.6,6852.66,6913.22,315,1.0602739726027397
^SPX,2026-02-24 16:15:00,SPX,2027-03-19,7325.0,C,378.03,378.03,378.03,378.03,100,12,376.2,33,377.6,6852.66,6913.22,773,1.0602739726027397
^SPX,2026-02-24 16:15:00,SPX,2027-03-19,7350.0,C,359.34,359.34,359.34,359.34,1,12,363.3,22,364.7,6852.66,6913.22,536,1.0602739726027397
^SPX,2026-02-24 16:15:00,SPX,2027-03-19,7375.0,C,0.0,0.0,0.0,0.0,0,13,350.7,23,352.1,6852.66,6913.22,67,1.0602739726027397
^SPX,2026-02-24 16:15:00,SPX,2027-03-19,7400.0,C,0.0,0.0,0.0,0.0,0,13,338.3,23,339.7,6852.66,6913.22,112,1.0602739726027397
^SPX,2026-02-24 16:15:00,SPX,2027-03-19,7425.0,C,0.0,0.0,0.0,0.0,0,13,326.2,30,327.5,6852.66,6913.22,23,1.0602739726027397
^SPX,2026-02-24 16:15:00,SPX,2027-03-19,7450.0,C,315.02,315.74,315.02,315.74,2,13,314.3,30,315.6,6852.66,6913.22,109,1.0602739726027397
^SPX,2026-02-24 16:15:00,SPX,2027-03-19,7475.0,C,0.0,0.0,0.0,0.0,0,13,302.6,34,303.8,6852.66,6913.22,5068,1.0602739726027397
^SPX,2026-02-24 16:15:00,SPX,2027-03-19,7500.0,C,0.0,0.0,0.0,0.0,0,13,291.2,34,292.4,6852.66,6913.22,5367,1.0602739726027397
^SPX,2026-02-24 16:15:00,SPX,2027-03-19,7525.0,C,0.0,0.0,0.0,0.0,0,13,280.1,25,281.4,6852.66,6913.22,236,1.0602739726027397
^SPX,2026-02-24 16:15:00,SPX,2027-03-19,7550.0,C,254.27,269.58,254.09,269.2,8,15,269.2,26,270.5,6852.66,6913.22,51,1.0602739726027397
^SPX,2026-02-24 16:15:00,SPX,2027-03-19,7575.0,C,0.0,0.0,0.0,0.0,0,15,258.6,26,259.9,6852.66,6913.22,8,1.0602739726027397
^SPX,2026-02-24 16:15:00,SPX,2027-03-19,7600.0,C,0.0,0.0,0.0,0.0,0,15,248.3,27,249.5,6852.66,6913.22,507,1.0602739726027397
^SPX,2026-02-24 16:15:00,SPX,2027-03-19,7625.0,C,0.0,0.0,0.0,0.0,0,16,238.2,14,239.4,6852.66,6913.22,4,1.0602739726027397
^SPX,2026-02-24 16:15:00,SPX,2027-03-19,7650.0,C,0.0,0.0,0.0,0.0,0,16,228.4,14,229.6,6852.66,6913.22,158,1.0602739726027397
^SPX,2026-02-24 16:15:00,SPX,2027-03-19,7675.0,C,0.0,0.0,0.0,0.0,0,17,218.9,15,220.1,6852.66,6913.22,19,1.0602739726027397
^SPX,2026-02-24 16:15:00,SPX,2027-03-19,7700.0,C,0.0,0.0,0.0,0.0,0,17,209.7,15,210.9,6852.66,6913.22,845,1.0602739726027397
^SPX,2026-02-24 16:15:00,SPX,2027-03-19,7725.0,C,0.0,0.0,0.0,0.0,0,2,200.8,15,201.9,6852.66,6913.22,28,1.0602739726027397
^SPX,2026-02-24 16:15:00,SPX,2027-03-19,7750.0,C,0.0,0.0,0.0,0.0,0,18,192.1,16,193.3,6852.66,6913.22,924,1.0602739726027397
^SPX,2026-02-24 16:15:00,SPX,2027-03-19,7800.0,C,176.36,176.36,176.36,176.36,150,19,175.6,28,176.8,6852.66,6913.22,474,1.0602739726027397
^SPX,2026-02-24 16:15:00,SPX,2027-03-19,7850.0,C,154.2,161.38,154.0,159.8,17,2,160.2,28,161.3,6852.66,6913.22,674,1.0602739726027397
^SPX,2026-02-24 16:15:00,SPX,2027-03-19,7900.0,C,145.85,145.85,144.9,145.7,14,20,145.8,50,146.8,6852.66,6913.22,1671,1.0602739726027397
^SPX,2026-02-24 16:15:00,SPX,2027-03-19,7950.0,C,0.0,0.0,0.0,0.0,0,21,132.5,53,133.5,6852.66,6913.22,1481,1.0602739726027397
^SPX,2026-02-24 16:15:00,SPX,2027-03-19,8000.0,C,120.3,120.3,120.3,120.3,4,3,120.3,43,121.2,6852.66,6913.22,1026,1.0602739726027397
^SPX,2026-02-24 16:15:00,SPX,2027-03-19,8050.0,C,0.0,0.0,0.0,0.0,0,28,108.9,45,109.9,6852.66,6913.22,939,1.0602739726027397
^SPX,2026-02-24 16:15:00,SPX,2027-03-19,8100.0,C,0.0,0.0,0.0,0.0,0,53,98.5,49,99.5,6852.66,6913.22,42,1.0602739726027397
^SPX,2026-02-24 16:15:00,SPX,2027-03-19,8200.0,C,0.0,0.0,0.0,0.0,0,36,80.3,56,81.2,6852.66,6913.22,981,1.0602739726027397
^SPX,2026-02-24 16:15:00,SPX,2027-03-19,8300.0,C,0.0,0.0,0.0,0.0,0,5,65.2,64,66.0,6852.66,6913.22,185,1.0602739726027397
^SPX,2026-02-24 16:15:00,SPX,2027-03-19,8400.0,C,0.0,0.0,0.0,0.0,0,5,52.7,71,53.5,6852.66,6913.22,196,1.0602739726027397
^SPX,2026-02-24 16:15:00,SPX,2027-03-19,8500.0,C,42.81,42.81,42.81,42.81,100,5,42.6,175,43.3,6852.66,6913.22,2127,1.0602739726027397
^SPX,2026-02-24 16:15:00,SPX,2027-03-19,8600.0,C,0.0,0.0,0.0,0.0,0,92,34.4,163,35.2,6852.66,6913.22,606,1.0602739726027397
^SPX,2026-02-24 16:15:00,SPX,2027-03-19,8700.0,C,0.0,0.0,0.0,0.0,0,97,27.8,171,28.6,6852.66,6913.22,108,1.0602739726027397
^SPX,2026-02-24 16:15:00,SPX,2027-03-19,8800.0,C,21.92,21.92,21.92,21.92,97,102,22.6,170,23.2,6852.66,6913.22,431,1.0602739726027397
^SPX,2026-02-24 16:15:00,SPX,2027-03-19,9000.0,C,0.0,0.0,0.0,0.0,0,341,15.1,215,15.6,6852.66,6913.22,1342,1.0602739726027397
^SPX,2026-02-24 16:15:00,SPX,2027-03-19,9200.0,C,0.0,0.0,0.0,0.0,0,222,10.3,134,10.8,6852.66,6913.22,245,1.0602739726027397
^SPX,2026-02-24 16:15:00,SPX,2027-03-19,9400.0,C,7.0,7.0,7.0,7.0,1,250,7.1,146,7.6,6852.66,6913.22,230,1.0602739726027397
^SPX,2026-02-24 16:15:00,SPX,2027-03-19,9600.0,C,0.0,0.0,0.0,0.0,0,109,5.1,255,5.5,6852.66,6913.22,86,1.0602739726027397
^SPX,2026-02-24 16:15:00,SPX,2027-03-19,9800.0,C,3.7,3.8,3.6,3.8,13,238,3.6,293,4.0,6852.66,6913.22,121,1.0602739726027397
^SPX,2026-02-24 16:15:00,SPX,2027-03-19,10000.0,C,0.0,0.0,0.0,0.0,0,243,2.65,281,3.0,6852.66,6913.22,223,1.0602739726027397
^SPX,2026-02-24 16:15:00,SPX,2027-03-19,10200.0,C,0.0,0.0,0.0,0.0,0,109,1.95,149,2.3,6852.66,6913.22,27,1.0602739726027397
^SPX,2026-02-24 16:15:00,SPX,2027-03-19,10400.0,C,1.42,1.42,1.39,1.39,2,109,1.4,149,1.8,6852.66,6913.22,7,1.0602739726027397
^SPX,2026-02-24 16:15:00,SPX,2027-03-19,10600.0,C,0.0,0.0,0.0,0.0,0,94,0.95,134,1.5,6852.66,6913.22,5,1.0602739726027397
^SPX,2026-02-24 16:15:00,SPX,2027-03-19,10800.0,C,0.0,0.0,0.0,0.0,0,94,0.8,1,1.2,6852.66,6913.22,4,1.0602739726027397
^SPX,2026-02-24 16:15:00,SPX,2027-03-19,11000.0,C,0.0,0.0,0.0,0.0,0,94,0.65,1,0.95,6852.66,6913.22,7,1.0602739726027397
^SPX,2026-02-24 16:15:00,SPX,2027-03-19,11200.0,C,0.0,0.0,0.0,0.0,0,94,0.55,1,0.85,6852.66,6913.22,2,1.0602739726027397
^SPX,2026-02-24 16:15:00,SPX,2027-03-19,11400.0,C,0.61,0.62,0.61,0.62,4,94,0.45,1,0.75,6852.66,6913.22,3,1.0602739726027397
^SPX,2026-02-24 16:15:00,SPX,2027-03-19,11600.0,C,0.0,0.0,0.0,0.0,0,94,0.35,1,0.7,6852.66,6913.22,0,1.0602739726027397
^SPX,2026-02-24 16:15:00,SPX,2027-03-19,11800.0,C,0.0,0.0,0.0,0.0,0,156,0.3,2,0.65,6852.66,6913.22,28,1.0602739726027397
^SPX,2026-02-24 16:15:00,SPX,2027-06-17,200.0,C,6601.97,6601.97,6601.97,6601.97,1,1,6595.1,1,6634.9,6852.66,6913.22,69,1.3068493150684932
^SPX,2026-02-24 16:15:00,SPX,2027-06-17,400.0,C,0.0,0.0,0.0,0.0,0,1,6405.0,1,6442.3,6852.66,6913.22,11,1.3068493150684932
^SPX,2026-02-24 16:15:00,SPX,2027-06-17,600.0,C,0.0,0.0,0.0,0.0,0,1,6215.0,1,6254.1,6852.66,6913.22,1,1.3068493150684932
^SPX,2026-02-24 16:15:00,SPX,2027-06-17,800.0,C,0.0,0.0,0.0,0.0,0,1,6025.2,1,6064.3,6852.66,6913.22,0,1.3068493150684932
^SPX,2026-02-24 16:15:00,SPX,2027-06-17,1000.0,C,0.0,0.0,0.0,0.0,0,5,5842.0,5,5866.5,6852.66,6913.22,4,1.3068493150684932
^SPX,2026-02-24 16:15:00,SPX,2027-06-17,1200.0,C,0.0,0.0,0.0,0.0,0,5,5653.6,5,5677.8,6852.66,6913.22,2,1.3068493150684932
^SPX,2026-02-24 16:15:00,SPX,2027-06-17,1400.0,C,0.0,0.0,0.0,0.0,0,5,5465.1,5,5488.4,6852.66,6913.22,0,1.3068493150684932
^SPX,2026-02-24 16:15:00,SPX,2027-06-17,1600.0,C,0.0,0.0,0.0,0.0,0,5,5276.7,5,5298.4,6852.66,6913.22,0,1.3068493150684932
^SPX,2026-02-24 16:15:00,SPX,2027-06-17,1800.0,C,0.0,0.0,0.0,0.0,0,5,5088.1,5,5110.1,6852.66,6913.22,0,1.3068493150684932
^SPX,2026-02-24 16:15:00,SPX,2027-06-17,2000.0,C,0.0,0.0,0.0,0.0,0,5,4900.4,5,4921.8,6852.66,6913.22,0,1.3068493150684932
^SPX,2026-02-24 16:15:00,SPX,2027-06-17,2200.0,C,0.0,0.0,0.0,0.0,0,5,4711.5,5,4732.3,6852.66,6913.22,7,1.3068493150684932
^SPX,2026-02-24 16:15:00,SPX,2027-06-17,2400.0,C,0.0,0.0,0.0,0.0,0,5,4524.5,5,4544.7,6852.66,6913.22,0,1.3068493150684932
^SPX,2026-02-24 16:15:00,SPX,2027-06-17,2500.0,C,0.0,0.0,0.0,0.0,0,5,4431.1,5,4451.1,6852.66,6913.22,0,1.3068493150684932
^SPX,2026-02-24 16:15:00,SPX,2027-06-17,2600.0,C,0.0,0.0,0.0,0.0,0,5,4337.8,5,4357.5,6852.66,6913.22,0,1.3068493150684932
^SPX,2026-02-24 16:15:00,SPX,2027-06-17,2700.0,C,0.0,0.0,0.0,0.0,0,5,4244.7,5,4264.0,6852.66,6913.22,0,1.3068493150684932
^SPX,2026-02-24 16:15:00,SPX,2027-06-17,2800.0,C,0.0,0.0,0.0,0.0,0,5,4151.6,5,4170.7,6852.66,6913.22,0,1.3068493150684932
^SPX,2026-02-24 16:15:00,SPX,2027-06-17,2900.0,C,0.0,0.0,0.0,0.0,0,5,4058.6,5,4077.4,6852.66,6913.22,0,1.3068493150684932
^SPX,2026-02-24 16:15:00,SPX,2027-06-17,3000.0,C,0.0,0.0,0.0,0.0,0,5,3965.8,5,3984.2,6852.66,6913.22,0,1.3068493150684932
^SPX,2026-02-24 16:15:00,SPX,2027-06-17,3100.0,C,0.0,0.0,0.0,0.0,0,2,3877.2,2,3888.9,6852.66,6913.22,0,1.3068493150684932
^SPX,2026-02-24 16:15:00,SPX,2027-06-17,3200.0,C,3778.42,3778.42,3778.42,3778.42,1,2,3784.8,2,3795.7,6852.66,6913.22,2,1.3068493150684932
^SPX,2026-02-24 16:15:00,SPX,2027-06-17,3300.0,C,0.0,0.0,0.0,0.0,0,2,3692.2,2,3703.0,6852.66,6913.22,0,1.3068493150684932
^SPX,2026-02-24 16:15:00,SPX,2027-06-17,3400.0,C,0.0,0.0,0.0,0.0,0,2,3599.8,2,3610.4,6852.66,6913.22,9,1.3068493150684932
^SPX,2026-02-24 16:15:00,SPX,2027-06-17,3500.0,C,0.0,0.0,0.0,0.0,0,2,3507.6,2,3518.0,6852.66,6913.22,3,1.3068493150684932
^SPX,2026-02-24 16:15:00,SPX,2027-06-17,3600.0,C,0.0,0.0,0.0,0.0,0,2,3415.6,2,3425.8,6852.66,6913.22,0,1.3068493150684932
^SPX,2026-02-24 16:15:00,SPX,2027-06-17,3650.0,C,0.0,0.0,0.0,0.0,0,2,3369.7,2,3379.8,6852.66,6913.22,0,1.3068493150684932
^SPX,2026-02-24 16:15:00,SPX,2027-06-17,3700.0,C,0.0,0.0,0.0,0.0,0,2,3323.8,2,3333.8,6852.66,6913.22,0,1.3068493150684932
^SPX,2026-02-24 16:15:00,SPX,2027-06-17,3750.0,C,0.0,0.0,0.0,0.0,0,2,3277.9,2,3287.8,6852.66,6913.22,0,1.3068493150684932
^SPX,2026-02-24 16:15:00,SPX,2027-06-17,3800.0,C,0.0,0.0,0.0,0.0,0,2,3232.2,2,3242.0,6852.66,6913.22,1,1.3068493150684932
^SPX,2026-02-24 16:15:00,SPX,2027-06-17,3850.0,C,0.0,0.0,0.0,0.0,0,2,3186.5,2,3196.1,6852.66,6913.22,0,1.3068493150684932
^SPX,2026-02-24 16:15:00,SPX,2027-06-17,3900.0,C,0.0,0.0,0.0,0.0,0,2,3140.9,2,3150.4,6852.66,6913.22,0,1.3068493150684932
^SPX,2026-02-24 16:15:00,SPX,2027-06-17,3950.0,C,0.0,0.0,0.0,0.0,0,2,3095.3,2,3104.9,6852.66,6913.22,0,1.3068493150684932
^SPX,2026-02-24 16:15:00,SPX,2027-06-17,4000.0,C,0.0,0.0,0.0,0.0,0,2,3049.9,2,3059.3,6852.66,6913.22,8,1.3068493150684932
^SPX,2026-02-24 16:15:00,SPX,2027-06-17,4050.0,C,0.0,0.0,0.0,0.0,0,2,3004.5,2,3013.8,6852.66,6913.22,0,1.3068493150684932
^SPX,2026-02-24 16:15:00,SPX,2027-06-17,4100.0,C,0.0,0.0,0.0,0.0,0,2,2959.1,2,2968.3,6852.66,6913.22,2,1.3068493150684932
^SPX,2026-02-24 16:15:00,SPX,2027-06-17,4150.0,C,0.0,0.0,0.0,0.0,0,2,2913.8,2,2923.0,6852.66,6913.22,0,1.3068493150684932
^SPX,2026-02-24 16:15:00,SPX,2027-06-17,4200.0,C,0.0,0.0,0.0,0.0,0,2,2868.8,2,2877.8,6852.66,6913.22,0,1.3068493150684932
^SPX,2026-02-24 16:15:00,SPX,2027-06-17,4225.0,C,0.0,0.0,0.0,0.0,0,2,2845.1,2,2856.7,6852.66,6913.22,1,1.3068493150684932
^SPX,2026-02-24 16:15:00,SPX,2027-06-17,4250.0,C,0.0,0.0,0.0,0.0,0,2,2823.7,2,2832.7,6852.66,6913.22,0,1.3068493150684932
^SPX,2026-02-24 16:15:00,SPX,2027-06-17,4275.0,C,0.0,0.0,0.0,0.0,0,2,2800.0,2,2811.5,6852.66,6913.22,0,1.3068493150684932
^SPX,2026-02-24 16:15:00,SPX,2027-06-17,4300.0,C,0.0,0.0,0.0,0.0,0,2,2778.8,2,2787.6,6852.66,6913.22,0,1.3068493150684932
^SPX,2026-02-24 16:15:00,SPX,2027-06-17,4325.0,C,0.0,0.0,0.0,0.0,0,2,2755.2,2,2766.6,6852.66,6913.22,2,1.3068493150684932
^SPX,2026-02-24 16:15:00,SPX,2027-06-17,4350.0,C,0.0,0.0,0.0,0.0,0,2,2733.9,2,2742.7,6852.66,6913.22,0,1.3068493150684932
^SPX,2026-02-24 16:15:00,SPX,2027-06-17,4375.0,C,0.0,0.0,0.0,0.0,0,2,2710.3,2,2721.6,6852.66,6913.22,0,1.3068493150684932
^SPX,2026-02-24 16:15:00,SPX,2027-06-17,4400.0,C,0.0,0.0,0.0,0.0,0,2,2689.1,2,2697.8,6852.66,6913.22,0,1.3068493150684932
^SPX,2026-02-24 16:15:00,SPX,2027-06-17,4425.0,C,0.0,0.0,0.0,0.0,0,2,2665.7,2,2676.8,6852.66,6913.22,0,1.3068493150684932
^SPX,2026-02-24 16:15:00,SPX,2027-06-17,4450.0,C,0.0,0.0,0.0,0.0,0,2,2644.6,2,2653.1,6852.66,6913.22,0,1.3068493150684932
^SPX,2026-02-24 16:15:00,SPX,2027-06-17,4475.0,C,0.0,0.0,0.0,0.0,0,2,2621.2,2,2632.2,6852.66,6913.22,0,1.3068493150684932
^SPX,2026-02-24 16:15:00,SPX,2027-06-17,4500.0,C,0.0,0.0,0.0,0.0,0,2,2600.0,2,2608.5,6852.66,6913.22,1,1.3068493150684932
^SPX,2026-02-24 16:15:00,SPX,2027-06-17,4525.0,C,0.0,0.0,0.0,0.0,0,2,2576.7,2,2587.6,6852.66,6913.22,0,1.3068493150684932
^SPX,2026-02-24 16:15:00,SPX,2027-06-17,4550.0,C,0.0,0.0,0.0,0.0,0,2,2555.7,2,2564.0,6852.66,6913.22,0,1.3068493150684932
^SPX,2026-02-24 16:15:00,SPX,2027-06-17,4575.0,C,0.0,0.0,0.0,0.0,0,2,2532.4,2,2543.2,6852.66,6913.22,0,1.3068493150684932
^SPX,2026-02-24 16:15:00,SPX,2027-06-17,4600.0,C,0.0,0.0,0.0,0.0,0,2,2511.4,2,2519.7,6852.66,6913.22,3,1.3068493150684932
^SPX,2026-02-24 16:15:00,SPX,2027-06-17,4625.0,C,0.0,0.0,0.0,0.0,0,2,2488.3,2,2498.9,6852.66,6913.22,0,1.3068493150684932
^SPX,2026-02-24 16:15:00,SPX,2027-06-17,4650.0,C,0.0,0.0,0.0,0.0,0,2,2467.2,2,2475.4,6852.66,6913.22,0,1.3068493150684932
^SPX,2026-02-24 16:15:00,SPX,2027-06-17,4675.0,C,0.0,0.0,0.0,0.0,0,2,2444.2,2,2454.7,6852.66,6913.22,0,1.3068493150684932
^SPX,2026-02-24 16:15:00,SPX,2027-06-17,4700.0,C,0.0,0.0,0.0,0.0,0,2,2423.3,2,2431.4,6852.66,6913.22,0,1.3068493150684932
^SPX,2026-02-24 16:15:00,SPX,2027-06-17,4725.0,C,0.0,0.0,0.0,0.0,0,2,2400.3,2,2410.7,6852.66,6913.22,0,1.3068493150684932
^SPX,2026-02-24 16:15:00,SPX,2027-06-17,4750.0,C,0.0,0.0,0.0,0.0,0,2,2379.4,2,2387.4,6852.66,6913.22,0,1.3068493150684932
^SPX,2026-02-24 16:15:00,SPX,2027-06-17,4775.0,C,0.0,0.0,0.0,0.0,0,2,2356.5,2,2366.8,6852.66,6913.22,0,1.3068493150684932
^SPX,2026-02-24 16:15:00,SPX,2027-06-17,4800.0,C,0.0,0.0,0.0,0.0,0,2,2335.8,2,2343.6,6852.66,6913.22,1,1.3068493150684932
^SPX,2026-02-24 16:15:00,SPX,2027-06-17,4825.0,C,0.0,0.0,0.0,0.0,0,2,2312.9,2,2323.0,6852.66,6913.22,0,1.3068493150684932
^SPX,2026-02-24 16:15:00,SPX,2027-06-17,4850.0,C,2270.32,2270.32,2270.32,2270.32,1,2,2292.2,2,2300.0,6852.66,6913.22,0,1.3068493150684932
^SPX,2026-02-24 16:15:00,SPX,2027-06-17,4875.0,C,0.0,0.0,0.0,0.0,0,2,2269.4,2,2279.4,6852.66,6913.22,0,1.3068493150684932
^SPX,2026-02-24 16:15:00,SPX,2027-06-17,4900.0,C,2227.86,2227.86,2227.86,2227.86,1,2,2248.8,2,2256.5,6852.66,6913.22,0,1.3068493150684932
^SPX,2026-02-24 16:15:00,SPX,2027-06-17,4925.0,C,0.0,0.0,0.0,0.0,0,2,2226.1,2,2236.0,6852.66,6913.22,0,1.3068493150684932
^SPX,2026-02-24 16:15:00,SPX,2027-06-17,4950.0,C,0.0,0.0,0.0,0.0,0,2,2205.5,2,2213.6,6852.66,6913.22,0,1.3068493150684932
^SPX,2026-02-24 16:15:00,SPX,2027-06-17,4975.0,C,0.0,0.0,0.0,0.0,0,2,2183.1,2,2192.8,6852.66,6913.22,0,1.3068493150684932
^SPX,2026-02-24 16:15:00,SPX,2027-06-17,5000.0,C,0.0,0.0,0.0,0.0,0,2,2162.5,2,2170.0,6852.66,6913.22,1778,1.3068493150684932
^SPX,2026-02-24 16:15:00,SPX,2027-06-17,5025.0,C,0.0,0.0,0.0,0.0,0,2,2140.0,2,2149.7,6852.66,6913.22,0,1.3068493150684932
^SPX,2026-02-24 16:15:00,SPX,2027-06-17,5050.0,C,0.0,0.0,0.0,0.0,0,2,2119.6,2,2127.0,6852.66,6913.22,1,1.3068493150684932
^SPX,2026-02-24 16:15:00,SPX,2027-06-17,5075.0,C,0.0,0.0,0.0,0.0,0,2,2097.3,2,2106.8,6852.66,6913.22,3,1.3068493150684932
^SPX,2026-02-24 16:15:00,SPX,2027-06-17,5100.0,C,0.0,0.0,0.0,0.0,0,2,2077.1,2,2084.1,6852.66,6913.22,2,1.3068493150684932
^SPX,2026-02-24 16:15:00,SPX,2027-06-17,5125.0,C,0.0,0.0,0.0,0.0,0,2,2054.8,2,2063.8,6852.66,6913.22,1,1.3068493150684932
^SPX,2026-02-24 16:15:00,SPX,2027-06-17,5150.0,C,0.0,0.0,0.0,0.0,0,2,2034.6,2,2041.5,6852.66,6913.22,1,1.3068493150684932
^SPX,2026-02-24 16:15:00,SPX,2027-06-17,5175.0,C,0.0,0.0,0.0,0.0,0,2,2012.4,2,2021.3,6852.66,6913.22,1,1.3068493150684932
^SPX,2026-02-24 16:15:00,SPX,2027-06-17,5200.0,C,0.0,0.0,0.0,0.0,0,2,1992.2,2,1999.4,6852.66,6913.22,3,1.3068493150684932
^SPX,2026-02-24 16:15:00,SPX,2027-06-17,5225.0,C,0.0,0.0,0.0,0.0,0,2,1970.2,2,1979.0,6852.66,6913.22,0,1.3068493150684932
^SPX,2026-02-24 16:15:00,SPX,2027-06-17,5250.0,C,0.0,0.0,0.0,0.0,0,2,1950.1,2,1956.8,6852.66,6913.22,7,1.3068493150684932
^SPX,2026-02-24 16:15:00,SPX,2027-06-17,5275.0,C,0.0,0.0,0.0,0.0,0,2,1928.3,2,1936.9,6852.66,6913.22,0,1.3068493150684932
^SPX,2026-02-24 16:15:00,SPX,2027-06-17,5300.0,C,0.0,0.0,0.0,0.0,0,2,1908.2,2,1914.8,6852.66,6913.22,3,1.3068493150684932
^SPX,2026-02-24 16:15:00,SPX,2027-06-17,5325.0,C,0.0,0.0,0.0,0.0,0,2,1886.4,2,1894.9,6852.66,6913.22,0,1.3068493150684932
^SPX,2026-02-24 16:15:00,SPX,2027-06-17,5350.0,C,0.0,0.0,0.0,0.0,0,2,1866.5,2,1873.0,6852.66,6913.22,0,1.3068493150684932
^SPX,2026-02-24 16:15:00,SPX,2027-06-17,5375.0,C,0.0,0.0,0.0,0.0,0,2,1844.8,2,1853.2,6852.66,6913.22,0,1.3068493150684932
^SPX,2026-02-24 16:15:00,SPX,2027-06-17,5400.0,C,0.0,0.0,0.0,0.0,0,2,1825.0,2,1831.4,6852.66,6913.22,4,1.3068493150684932
^SPX,2026-02-24 16:15:00,SPX,2027-06-17,5425.0,C,0.0,0.0,0.0,0.0,0,2,1803.4,2,1811.7,6852.66,6913.22,0,1.3068493150684932
^SPX,2026-02-24 16:15:00,SPX,2027-06-17,5450.0,C,0.0,0.0,0.0,0.0,0,2,1783.6,2,1790.4,6852.66,6913.22,0,1.3068493150684932
^SPX,2026-02-24 16:15:00,SPX,2027-06-17,5475.0,C,0.0,0.0,0.0,0.0,0,2,1762.3,2,1770.5,6852.66,6913.22,0,1.3068493150684932
^SPX,2026-02-24 16:15:00,SPX,2027-06-17,5500.0,C,1746.36,1746.36,1746.36,1746.36,2,2,1742.6,2,1748.9,6852.66,6913.22,235,1.3068493150684932
^SPX,2026-02-24 16:15:00,SPX,2027-06-17,5525.0,C,0.0,0.0,0.0,0.0,0,2,1721.3,2,1729.4,6852.66,6913.22,1,1.3068493150684932
^SPX,2026-02-24 16:15:00,SPX,2027-06-17,5550.0,C,0.0,0.0,0.0,0.0,0,2,1701.7,2,1708.3,6852.66,6913.22,1,1.3068493150684932
^SPX,2026-02-24 16:15:00,SPX,2027-06-17,5575.0,C,0.0,0.0,0.0,0.0,0,2,1680.6,2,1688.6,6852.66,6913.22,2,1.3068493150684932
^SPX,2026-02-24 16:15:00,SPX,2027-06-17,5600.0,C,0.0,0.0,0.0,0.0,0,2,1661.2,2,1667.3,6852.66,6913.22,7,1.3068493150684932
^SPX,2026-02-24 16:15:00,SPX,2027-06-17,5625.0,C,0.0,0.0,0.0,0.0,0,2,1640.2,2,1648.0,6852.66,6913.22,0,1.3068493150684932
^SPX,2026-02-24 16:15:00,SPX,2027-06-17,5650.0,C,0.0,0.0,0.0,0.0,0,2,1620.8,2,1627.2,6852.66,6913.22,5,1.3068493150684932
^SPX,2026-02-24 16:15:00,SPX,2027-06-17,5675.0,C,0.0,0.0,0.0,0.0,0,2,1599.9,2,1607.6,6852.66,6913.22,1,1.3068493150684932
^SPX,2026-02-24 16:15:00,SPX,2027-06-17,5700.0,C,0.0,0.0,0.0,0.0,0,2,1580.7,2,1587.0,6852.66,6913.22,17,1.3068493150684932
^SPX,2026-02-24 16:15:00,SPX,2027-06-17,5725.0,C,0.0,0.0,0.0,0.0,0,2,1560.0,2,1567.5,6852.66,6913.22,0,1.3068493150684932
^SPX,2026-02-24 16:15:00,SPX,2027-06-17,5750.0,C,0.0,0.0,0.0,0.0,0,2,1540.9,2,1546.7,6852.66,6913.22,46,1.3068493150684932
^SPX,2026-02-24 16:15:00,SPX,2027-06-17,5775.0,C,0.0,0.0,0.0,0.0,0,2,1520.2,2,1527.7,6852.66,6913.22,1,1.3068493150684932
^SPX,2026-02-24 16:15:00,SPX,2027-06-17,5800.0,C,0.0,0.0,0.0,0.0,0,2,1501.3,2,1507.0,6852.66,6913.22,54,1.3068493150684932
^SPX,2026-02-24 16:15:00,SPX,2027-06-17,5825.0,C,0.0,0.0,0.0,0.0,0,2,1480.8,2,1488.1,6852.66,6913.22,0,1.3068493150684932
^SPX,2026-02-24 16:15:00,SPX,2027-06-17,5850.0,C,0.0,0.0,0.0,0.0,0,2,1461.9,2,1467.9,6852.66,6913.22,6,1.3068493150684932
^SPX,2026-02-24 16:15:00,SPX,2027-06-17,5875.0,C,0.0,0.0,0.0,0.0,0,2,1441.6,2,1448.8,6852.66,6913.22,3,1.3068493150684932
^SPX,2026-02-24 16:15:00,SPX,2027-06-17,5900.0,C,1421.79,1421.79,1421.79,1421.79,1,2,1422.8,2,1428.4,6852.66,6913.22,239,1.3068493150684932
^SPX,2026-02-24 16:15:00,SPX,2027-06-17,5925.0,C,0.0,0.0,0.0,0.0,0,2,1402.6,2,1409.8,6852.66,6913.22,7,1.3068493150684932
^SPX,2026-02-24 16:15:00,SPX,2027-06-17,5950.0,C,0.0,0.0,0.0,0.0,0,2,1384.0,2,1389.5,6852.66,6913.22,5,1.3068493150684932
^SPX,2026-02-24 16:15:00,SPX,2027-06-17,5975.0,C,0.0,0.0,0.0,0.0,0,2,1364.0,2,1371.0,6852.66,6913.22,6,1.3068493150684932
^SPX,2026-02-24 16:15:00,SPX,2027-06-17,6000.0,C,0.0,0.0,0.0,0.0,0,2,1345.5,2,1350.9,6852.66,6913.22,36089,1.3068493150684932
^SPX,2026-02-24 16:15:00,SPX,2027-06-17,6025.0,C,0.0,0.0,0.0,0.0,0,2,1325.7,2,1332.5,6852.66,6913.22,12,1.3068493150684932
^SPX,2026-02-24 16:15:00,SPX,2027-06-17,6050.0,C,0.0,0.0,0.0,0.0,0,2,1307.2,2,1312.9,6852.66,6913.22,9,1.3068493150684932
^SPX,2026-02-24 16:15:00,SPX,2027-06-17,6075.0,C,0.0,0.0,0.0,0.0,0,2,1287.5,2,1294.5,6852.66,6913.22,2,1.3068493150684932
^SPX,2026-02-24 16:15:00,SPX,2027-06-17,6100.0,C,0.0,0.0,0.0,0.0,0,2,1269.2,2,1274.6,6852.66,6913.22,493,1.3068493150684932
^SPX,2026-02-24 16:15:00,SPX,2027-06-17,6125.0,C,0.0,0.0,0.0,0.0,0,2,1249.7,2,1256.6,6852.66,6913.22,24,1.3068493150684932
^SPX,2026-02-24 16:15:00,SPX,2027-06-17,6150.0,C,0.0,0.0,0.0,0.0,0,2,1231.5,2,1237.1,6852.66,6913.22,6,1.3068493150684932
^SPX,2026-02-24 16:15:00,SPX,2027-06-17,6175.0,C,0.0,0.0,0.0,0.0,0,2,1212.1,2,1218.9,6852.66,6913.22,6,1.3068493150684932
^SPX,2026-02-24 16:15:00,SPX,2027-06-17,6200.0,C,0.0,0.0,0.0,0.0,0,2,1194.2,2,1199.4,6852.66,6913.22,251,1.3068493150684932
^SPX,2026-02-24 16:15:00,SPX,2027-06-17,6225.0,C,0.0,0.0,0.0,0.0,0,2,1174.9,2,1181.7,6852.66,6913.22,5,1.3068493150684932
^SPX,2026-02-24 16:15:00,SPX,2027-06-17,6250.0,C,1135.0,1135.0,1135.0,1135.0,4,1,1158.1,1,1161.3,6852.66,6913.22,378,1.3068493150684932
^SPX,2026-02-24 16:15:00,SPX,2027-06-17,6275.0,C,0.0,0.0,0.0,0.0,0,1,1139.7,1,1142.9,6852.66,6913.22,27,1.3068493150684932
^SPX,2026-02-24 16:15:00,SPX,2027-06-17,6300.0,C,0.0,0.0,0.0,0.0,0,1,1121.4,1,1124.6,6852.66,6913.22,1566,1.3068493150684932
^SPX,2026-02-24 16:15:00,SPX,2027-06-17,6325.0,C,0.0,0.0,0.0,0.0,0,1,1103.2,1,1106.4,6852.66,6913.22,38,1.3068493150684932
^SPX,2026-02-24 16:15:00,SPX,2027-06-17,6350.0,C,0.0,0.0,0.0,0.0,0,1,1085.0,1,1088.2,6852.66,6913.22,200,1.3068493150684932
^SPX,2026-02-24 16:15:00,SPX,2027-06-17,6375.0,C,0.0,0.0,0.0,0.0,0,1,1066.9,1,1070.2,6852.66,6913.22,4,1.3068493150684932
^SPX,2026-02-24 16:15:00,SPX,2027-06-17,6400.0,C,0.0,0.0,0.0,0.0,0,1,1049.0,1,1052.2,6852.66,6913.22,378,1.3068493150684932
^SPX,2026-02-24 16:15:00,SPX,2027-06-17,6425.0,C,0.0,0.0,0.0,0.0,0,1,1031.1,1,1034.3,6852.66,6913.22,11,1.3068493150684932
^SPX,2026-02-24 16:15:00,SPX,2027-06-17,6450.0,C,0.0,0.0,0.0,0.0,0,1,1013.2,1,1016.4,6852.66,6913.22,66,1.3068493150684932
^SPX,2026-02-24 16:15:00,SPX,2027-06-17,6475.0,C,0.0,0.0,0.0,0.0,0,1,995.5,1,998.7,6852.66,6913.22,74,1.3068493150684932
^SPX,2026-02-24 16:15:00,SPX,2027-06-17,6500.0,C,980.21,980.21,980.21,980.21,2,1,977.9,1,981.1,6852.66,6913.22,1012,1.3068493150684932
^SPX,2026-02-24 16:15:00,SPX,2027-06-17,6525.0,C,0.0,0.0,0.0,0.0,0,1,960.3,1,963.5,6852.66,6913.22,26,1.3068493150684932
^SPX,2026-02-24 16:15:00,SPX,2027-06-17,6550.0,C,0.0,0.0,0.0,0.0,0,1,942.8,1,946.0,6852.66,6913.22,26,1.3068493150684932
^SPX,2026-02-24 16:15:00,SPX,2027-06-17,6575.0,C,0.0,0.0,0.0,0.0,0,1,925.5,1,928.6,6852.66,6913.22,19,1.3068493150684932
^SPX,2026-02-24 16:15:00,SPX,2027-06-17,6600.0,C,0.0,0.0,0.0,0.0,0,1,908.2,1,911.4,6852.66,6913.22,1000,1.3068493150684932
^SPX,2026-02-24 16:15:00,SPX,2027-06-17,6625.0,C,0.0,0.0,0.0,0.0,0,1,891.0,1,894.2,6852.66,6913.22,5,1.3068493150684932
^SPX,2026-02-24 16:15:00,SPX,2027-06-17,6650.0,C,0.0,0.0,0.0,0.0,0,1,873.9,1,877.1,6852.66,6913.22,221,1.3068493150684932
^SPX,2026-02-24 16:15:00,SPX,2027-06-17,6675.0,C,0.0,0.0,0.0,0.0,0,1,856.9,1,860.1,6852.66,6913.22,73,1.3068493150684932
^SPX,2026-02-24 16:15:00,SPX,2027-06-17,6700.0,C,0.0,0.0,0.0,0.0,0,1,840.1,1,843.2,6852.66,6913.22,652,1.3068493150684932
^SPX,2026-02-24 16:15:00,SPX,2027-06-17,6725.0,C,0.0,0.0,0.0,0.0,0,1,823.3,1,826.4,6852.66,6913.22,76,1.3068493150684932
^SPX,2026-02-24 16:15:00,SPX,2027-06-17,6750.0,C,0.0,0.0,0.0,0.0,0,21,806.8,9,809.4,6852.66,6913.22,194,1.3068493150684932
^SPX,2026-02-24 16:15:00,SPX,2027-06-17,6775.0,C,0.0,0.0,0.0,0.0,0,23,790.2,9,792.9,6852.66,6913.22,5,1.3068493150684932
^SPX,2026-02-24 16:15:00,SPX,2027-06-17,6800.0,C,746.3,775.09,746.2,774.74,210,24,773.8,10,776.5,6852.66,6913.22,1126,1.3068493150684932
^SPX,2026-02-24 16:15:00,SPX,2027-06-17,6825.0,C,0.0,0.0,0.0,0.0,0,20,757.5,10,760.1,6852.66,6913.22,5,1.3068493150684932
^SPX,2026-02-24 16:15:00,SPX,2027-06-17,6850.0,C,0.0,0.0,0.0,0.0,0,23,741.3,11,744.0,6852.66,6913.22,682,1.3068493150684932
^SPX,2026-02-24 16:15:00,SPX,2027-06-17,6875.0,C,0.0,0.0,0.0,0.0,0,23,725.2,11,727.9,6852.66,6913.22,288,1.3068493150684932
^SPX,2026-02-24 16:15:00,SPX,2027-06-17,6900.0,C,697.4,711.93,697.4,711.91,47,23,709.3,11,711.9,6852.66,6913.22,2181,1.3068493150684932
^SPX,2026-02-24 16:15:00,SPX,2027-06-17,6925.0,C,0.0,0.0,0.0,0.0,0,23,693.5,11,696.1,6852.66,6913.22,7,1.3068493150684932
^SPX,2026-02-24 16:15:00,SPX,2027-06-17,6950.0,C,0.0,0.0,0.0,0.0,0,25,677.8,11,680.4,6852.66,6913.22,510,1.3068493150684932
^SPX,2026-02-24 16:15:00,SPX,2027-06-17,6975.0,C,0.0,0.0,0.0,0.0,0,23,662.3,11,664.9,6852.66,6913.22,10,1.3068493150684932
^SPX,2026-02-24 16:15:00,SPX,2027-06-17,7000.0,C,643.3,643.3,643.3,643.3,100,24,646.8,11,649.5,6852.66,6913.22,39796,1.3068493150684932
^SPX,2026-02-24 16:15:00,SPX,2027-06-17,7025.0,C,0.0,0.0,0.0,0.0,0,25,631.6,21,634.2,6852.66,6913.22,1,1.3068493150684932
^SPX,2026-02-24 16:15:00,SPX,2027-06-17,7050.0,C,0.0,0.0,0.0,0.0,0,26,616.4,21,619.1,6852.66,6913.22,384,1.3068493150684932
^SPX,2026-02-24 16:15:00,SPX,2027-06-17,7075.0,C,0.0,0.0,0.0,0.0,0,25,601.5,21,604.0,6852.66,6913.22,3,1.3068493150684932
^SPX,2026-02-24 16:15:00,SPX,2027-06-17,7100.0,C,0.0,0.0,0.0,0.0,0,26,586.6,21,589.2,6852.66,6913.22,1739,1.3068493150684932
^SPX,2026-02-24 16:15:00,SPX,2027-06-17,7125.0,C,0.0,0.0,0.0,0.0,0,25,572.0,21,574.5,6852.66,6913.22,471,1.3068493150684932
^SPX,2026-02-24 16:15:00,SPX,2027-06-17,7150.0,C,0.0,0.0,0.0,0.0,0,27,557.5,22,560.0,6852.66,6913.22,59,1.3068493150684932
^SPX,2026-02-24 16:15:00,SPX,2027-06-17,7175.0,C,0.0,0.0,0.0,0.0,0,26,543.1,22,545.6,6852.66,6913.22,158,1.3068493150684932
^SPX,2026-02-24 16:15:00,SPX,2027-06-17,7200.0,C,522.47,528.2,522.47,528.2,501,22,528.9,22,531.4,6852.66,6913.22,3195,1.3068493150684932
^SPX,2026-02-24 16:15:00,SPX,2027-06-17,7225.0,C,0.0,0.0,0.0,0.0,0,29,514.8,23,517.3,6852.66,6913.22,115,1.3068493150684932
^SPX,2026-02-24 16:15:00,SPX,2027-06-17,7250.0,C,0.0,0.0,0.0,0.0,0,29,501.0,23,503.4,6852.66,6913.22,275,1.3068493150684932
^SPX,2026-02-24 16:15:00,SPX,2027-06-17,7275.0,C,0.0,0.0,0.0,0.0,0,29,487.2,24,489.7,6852.66,6913.22,11,1.3068493150684932
^SPX,2026-02-24 16:15:00,SPX,2027-06-17,7300.0,C,0.0,0.0,0.0,0.0,0,29,473.7,24,476.2,6852.66,6913.22,1662,1.3068493150684932
^SPX,2026-02-24 16:15:00,SPX,2027-06-17,7325.0,C,0.0,0.0,0.0,0.0,0,35,460.4,31,462.8,6852.66,6913.22,1,1.3068493150684932
^SPX,2026-02-24 16:15:00,SPX,2027-06-17,7350.0,C,0.0,0.0,0.0,0.0,0,37,447.2,32,449.6,6852.66,6913.22,538,1.3068493150684932
^SPX,2026-02-24 16:15:00,SPX,2027-06-17,7375.0,C,0.0,0.0,0.0,0.0,0,38,434.2,33,436.6,6852.66,6913.22,26,1.3068493150684932
^SPX,2026-02-24 16:15:00,SPX,2027-06-17,7400.0,C,0.0,0.0,0.0,0.0,0,38,421.4,33,423.8,6852.66,6913.22,2070,1.3068493150684932
^SPX,2026-02-24 16:15:00,SPX,2027-06-17,7425.0,C,0.0,0.0,0.0,0.0,0,28,408.8,23,411.2,6852.66,6913.22,23,1.3068493150684932
^SPX,2026-02-24 16:15:00,SPX,2027-06-17,7450.0,C,0.0,0.0,0.0,0.0,0,22,396.4,33,398.8,6852.66,6913.22,593,1.3068493150684932
^SPX,2026-02-24 16:15:00,SPX,2027-06-17,7475.0,C,0.0,0.0,0.0,0.0,0,13,384.2,29,386.5,6852.66,6913.22,41,1.3068493150684932
^SPX,2026-02-24 16:15:00,SPX,2027-06-17,7500.0,C,0.0,0.0,0.0,0.0,0,24,372.2,35,374.5,6852.66,6913.22,2666,1.3068493150684932
^SPX,2026-02-24 16:15:00,SPX,2027-06-17,7525.0,C,0.0,0.0,0.0,0.0,0,13,360.4,25,362.7,6852.66,6913.22,21,1.3068493150684932
^SPX,2026-02-24 16:15:00,SPX,2027-06-17,7550.0,C,0.0,0.0,0.0,0.0,0,24,348.8,36,351.1,6852.66,6913.22,25,1.3068493150684932
^SPX,2026-02-24 16:15:00,SPX,2027-06-17,7575.0,C,0.0,0.0,0.0,0.0,0,13,337.5,24,339.7,6852.66,6913.22,29,1.3068493150684932
^SPX,2026-02-24 16:15:00,SPX,2027-06-17,7600.0,C,326.18,326.18,325.94,325.94,2,25,326.3,37,328.5,6852.66,6913.22,1443,1.3068493150684932
^SPX,2026-02-24 16:15:00,SPX,2027-06-17,7625.0,C,0.0,0.0,0.0,0.0,0,13,315.4,32,317.6,6852.66,6913.22,3,1.3068493150684932
^SPX,2026-02-24 16:15:00,SPX,2027-06-17,7650.0,C,0.0,0.0,0.0,0.0,0,13,304.7,31,306.7,6852.66,6913.22,100,1.3068493150684932
^SPX,2026-02-24 16:15:00,SPX,2027-06-17,7675.0,C,0.0,0.0,0.0,0.0,0,15,294.2,32,296.4,6852.66,6913.22,66,1.3068493150684932
^SPX,2026-02-24 16:15:00,SPX,2027-06-17,7700.0,C,0.0,0.0,0.0,0.0,0,15,284.0,33,286.1,6852.66,6913.22,490,1.3068493150684932
^SPX,2026-02-24 16:15:00,SPX,2027-06-17,7725.0,C,0.0,0.0,0.0,0.0,0,15,274.0,27,275.9,6852.66,6913.22,15,1.3068493150684932
^SPX,2026-02-24 16:15:00,SPX,2027-06-17,7750.0,C,0.0,0.0,0.0,0.0,0,16,264.2,28,266.2,6852.66,6913.22,43,1.3068493150684932
^SPX,2026-02-24 16:15:00,SPX,2027-06-17,7775.0,C,0.0,0.0,0.0,0.0,0,16,254.6,29,256.6,6852.66,6913.22,33,1.3068493150684932
^SPX,2026-02-24 16:15:00,SPX,2027-06-17,7800.0,C,245.5,245.5,245.5,245.5,1,17,245.3,30,247.4,6852.66,6913.22,1179,1.3068493150684932
^SPX,2026-02-24 16:15:00,SPX,2027-06-17,7825.0,C,0.0,0.0,0.0,0.0,0,36,236.2,31,238.2,6852.66,6913.22,26,1.3068493150684932
^SPX,2026-02-24 16:15:00,SPX,2027-06-17,7850.0,C,0.0,0.0,0.0,0.0,0,37,227.4,31,229.4,6852.66,6913.22,447,1.3068493150684932
^SPX,2026-02-24 16:15:00,SPX,2027-06-17,7875.0,C,0.0,0.0,0.0,0.0,0,36,218.8,31,220.8,6852.66,6913.22,20,1.3068493150684932
^SPX,2026-02-24 16:15:00,SPX,2027-06-17,7900.0,C,0.0,0.0,0.0,0.0,0,37,210.4,16,212.4,6852.66,6913.22,236,1.3068493150684932
^SPX,2026-02-24 16:15:00,SPX,2027-06-17,7950.0,C,0.0,0.0,0.0,0.0,0,40,194.4,17,196.3,6852.66,6913.22,85,1.3068493150684932
^SPX,2026-02-24 16:15:00,SPX,2027-06-17,8000.0,C,0.0,0.0,0.0,0.0,0,39,179.4,17,181.2,6852.66,6913.22,3988,1.3068493150684932
^SPX,2026-02-24 16:15:00,SPX,2027-06-17,8050.0,C,0.0,0.0,0.0,0.0,0,44,165.2,18,167.1,6852.66,6913.22,38,1.3068493150684932
^SPX,2026-02-24 16:15:00,SPX,2027-06-17,8100.0,C,151.98,151.98,151.84,151.84,2,46,151.9,18,153.8,6852.66,6913.22,2506,1.3068493150684932
^SPX,2026-02-24 16:15:00,SPX,2027-06-17,8150.0,C,0.0,0.0,0.0,0.0,0,44,139.5,40,141.2,6852.66,6913.22,747,1.3068493150684932
^SPX,2026-02-24 16:15:00,SPX,2027-06-17,8200.0,C,0.0,0.0,0.0,0.0,0,48,127.9,43,129.6,6852.66,6913.22,1208,1.3068493150684932
^SPX,2026-02-24 16:15:00,SPX,2027-06-17,8300.0,C,0.0,0.0,0.0,0.0,0,54,107.2,48,108.7,6852.66,6913.22,598,1.3068493150684932
^SPX,2026-02-24 16:15:00,SPX,2027-06-17,8400.0,C,0.0,0.0,0.0,0.0,0,96,89.4,55,90.9,6852.66,6913.22,973,1.3068493150684932
^SPX,2026-02-24 16:15:00,SPX,2027-06-17,8500.0,C,0.0,0.0,0.0,0.0,0,44,74.5,63,75.8,6852.66,6913.22,296,1.3068493150684932
^SPX,2026-02-24 16:15:00,SPX,2027-06-17,8600.0,C,0.0,0.0,0.0,0.0,0,49,61.9,70,63.1,6852.66,6913.22,711,1.3068493150684932
^SPX,2026-02-24 16:15:00,SPX,2027-06-17,8700.0,C,0.0,0.0,0.0,0.0,0,129,51.3,124,52.5,6852.66,6913.22,655,1.3068493150684932
^SPX,2026-02-24 16:15:00,SPX,2027-06-17,8800.0,C,42.73,42.73,42.73,42.73,1,141,42.5,79,43.5,6852.66,6913.22,553,1.3068493150684932
^SPX,2026-02-24 16:15:00,SPX,2027-06-17,8900.0,C,0.0,0.0,0.0,0.0,0,164,35.3,153,36.2,6852.66,6913.22,3137,1.3068493150684932
^SPX,2026-02-24 16:15:00,SPX,2027-06-17,9000.0,C,0.0,0.0,0.0,0.0,0,155,29.4,162,30.2,6852.66,6913.22,5335,1.3068493150684932
^SPX,2026-02-24 16:15:00,SPX,2027-06-17,9200.0,C,0.0,0.0,0.0,0.0,0,176,20.6,96,21.3,6852.66,6913.22,3770,1.3068493150684932
^SPX,2026-02-24 16:15:00,SPX,2027-06-17,9400.0,C,0.0,0.0,0.0,0.0,0,212,14.6,120,15.3,6852.66,6913.22,678,1.3068493150684932
^SPX,2026-02-24 16:15:00,SPX,2027-06-17,9600.0,C,0.0,0.0,0.0,0.0,0,233,10.6,136,11.3,6852.66,6913.22,1238,1.3068493150684932
^SPX,2026-02-24 16:15:00,SPX,2027-06-17,9800.0,C,0.0,0.0,0.0,0.0,0,246,7.9,55,8.4,6852.66,6913.22,300,1.3068493150684932
^SPX,2026-02-24 16:15:00,SPX,2027-06-17,10000.0,C,0.0,0.0,0.0,0.0,0,249,5.9,55,6.4,6852.66,6913.22,549,1.3068493150684932
^SPX,2026-02-24 16:15:00,SPX,2027-06-17,10200.0,C,0.0,0.0,0.0,0.0,0,149,4.4,55,4.9,6852.66,6913.22,536,1.3068493150684932
^SPX,2026-02-24 16:15:00,SPX,2027-06-17,10400.0,C,3.66,3.69,3.66,3.69,2,150,3.3,149,3.9,6852.66,6913.22,188,1.3068493150684932
^SPX,2026-02-24 16:15:00,SPX,2027-06-17,10600.0,C,0.0,0.0,0.0,0.0,0,109,2.55,149,3.1,6852.66,6913.22,1,1.3068493150684932
^SPX,2026-02-24 16:15:00,SPX,2027-06-17,10800.0,C,0.0,0.0,0.0,0.0,0,109,1.95,55,2.4,6852.66,6913.22,31,1.3068493150684932
^SPX,2026-02-24 16:15:00,SPX,2027-06-17,11000.0,C,0.0,0.0,0.0,0.0,0,109,1.5,55,1.95,6852.66,6913.22,43,1.3068493150684932
^SPX,2026-02-24 16:15:00,SPX,2027-06-17,11200.0,C,0.0,0.0,0.0,0.0,0,134,1.1,134,1.85,6852.66,6913.22,2,1.3068493150684932
^SPX,2026-02-24 16:15:00,SPX,2027-06-17,11400.0,C,1.28,1.28,1.27,1.27,4,94,0.95,134,1.65,6852.66,6913.22,33,1.3068493150684932
^SPX,2026-02-24 16:15:00,SPX,2027-12-17,400.0,C,6364.16,6393.78,6364.16,6393.71,3,1,6379.5,1,6418.9,6852.66,6913.22,223,1.8082191780821917
^SPX,2026-02-24 16:15:00,SPX,2027-12-17,600.0,C,0.0,0.0,0.0,0.0,0,1,6193.0,1,6232.8,6852.66,6913.22,11,1.8082191780821917
^SPX,2026-02-24 16:15:00,SPX,2027-12-17,800.0,C,0.0,0.0,0.0,0.0,0,1,6007.1,1,6046.5,6852.66,6913.22,17,1.8082191780821917
^SPX,2026-02-24 16:15:00,SPX,2027-12-17,1000.0,C,0.0,0.0,0.0,0.0,0,6,5821.2,5,5856.8,6852.66,6913.22,32,1.8082191780821917
^SPX,2026-02-24 16:15:00,SPX,2027-12-17,1200.0,C,0.0,0.0,0.0,0.0,0,5,5636.2,5,5670.9,6852.66,6913.22,695,1.8082191780821917
^SPX,2026-02-24 16:15:00,SPX,2027-12-17,1400.0,C,0.0,0.0,0.0,0.0,0,5,5451.6,5,5485.3,6852.66,6913.22,519,1.8082191780821917
^SPX,2026-02-24 16:15:00,SPX,2027-12-17,1600.0,C,0.0,0.0,0.0,0.0,0,5,5267.3,5,5300.1,6852.66,6913.22,5,1.8082191780821917
^SPX,2026-02-24 16:15:00,SPX,2027-12-17,1800.0,C,0.0,0.0,0.0,0.0,0,5,5083.3,5,5115.3,6852.66,6913.22,17,1.8082191780821917
^SPX,2026-02-24 16:15:00,SPX,2027-12-17,2000.0,C,0.0,0.0,0.0,0.0,0,5,4899.9,5,4931.0,6852.66,6913.22,1007,1.8082191780821917
^SPX,2026-02-24 16:15:00,SPX,2027-12-17,2200.0,C,0.0,0.0,0.0,0.0,0,5,4716.9,5,4747.1,6852.66,6913.22,3,1.8082191780821917
^SPX,2026-02-24 16:15:00,SPX,2027-12-17,2300.0,C,0.0,0.0,0.0,0.0,0,5,4625.6,5,4655.3,6852.66,6913.22,1,1.8082191780821917
^SPX,2026-02-24 16:15:00,SPX,2027-12-17,2400.0,C,0.0,0.0,0.0,0.0,0,5,4534.3,5,4563.6,6852.66,6913.22,1,1.8082191780821917
^SPX,2026-02-24 16:15:00,SPX,2027-12-17,2500.0,C,0.0,0.0,0.0,0.0,0,5,4443.3,5,4472.1,6852.66,6913.22,126,1.8082191780821917
^SPX,2026-02-24 16:15:00,SPX,2027-12-17,2600.0,C,0.0,0.0,0.0,0.0,0,5,4352.3,5,4380.9,6852.66,6913.22,52,1.8082191780821917
^SPX,2026-02-24 16:15:00,SPX,2027-12-17,2700.0,C,0.0,0.0,0.0,0.0,0,5,4261.6,5,4289.6,6852.66,6913.22,1,1.8082191780821917
^SPX,2026-02-24 16:15:00,SPX,2027-12-17,2800.0,C,0.0,0.0,0.0,0.0,0,5,4170.9,5,4198.5,6852.66,6913.22,1,1.8082191780821917
^SPX,2026-02-24 16:15:00,SPX,2027-12-17,2900.0,C,0.0,0.0,0.0,0.0,0,2,4085.0,2,4105.2,6852.66,6913.22,1,1.8082191780821917
^SPX,2026-02-24 16:15:00,SPX,2027-12-17,3000.0,C,0.0,0.0,0.0,0.0,0,2,3994.6,2,4014.5,6852.66,6913.22,1322,1.8082191780821917
^SPX,2026-02-24 16:15:00,SPX,2027-12-17,3100.0,C,0.0,0.0,0.0,0.0,0,2,3904.4,2,3923.9,6852.66,6913.22,7,1.8082191780821917
^SPX,2026-02-24 16:15:00,SPX,2027-12-17,3200.0,C,0.0,0.0,0.0,0.0,0,2,3814.3,2,3833.5,6852.66,6913.22,2,1.8082191780821917
^SPX,2026-02-24 16:15:00,SPX,2027-12-17,3300.0,C,0.0,0.0,0.0,0.0,0,2,3724.5,2,3743.4,6852.66,6913.22,3,1.8082191780821917
^SPX,2026-02-24 16:15:00,SPX,2027-12-17,3400.0,C,3611.61,3640.55,3611.61,3640.55,3,2,3634.9,2,3653.4,6852.66,6913.22,169,1.8082191780821917
^SPX,2026-02-24 16:15:00,SPX,2027-12-17,3500.0,C,0.0,0.0,0.0,0.0,0,2,3545.6,2,3563.7,6852.66,6913.22,21,1.8082191780821917
^SPX,2026-02-24 16:15:00,SPX,2027-12-17,3600.0,C,0.0,0.0,0.0,0.0,0,2,3456.5,2,3474.3,6852.66,6913.22,13,1.8082191780821917
^SPX,2026-02-24 16:15:00,SPX,2027-12-17,3700.0,C,0.0,0.0,0.0,0.0,0,2,3367.7,2,3385.2,6852.66,6913.22,23,1.8082191780821917
^SPX,2026-02-24 16:15:00,SPX,2027-12-17,3800.0,C,0.0,0.0,0.0,0.0,0,2,3279.3,2,3296.4,6852.66,6913.22,188,1.8082191780821917
^SPX,2026-02-24 16:15:00,SPX,2027-12-17,3900.0,C,0.0,0.0,0.0,0.0,0,2,3191.2,2,3208.0,6852.66,6913.22,127,1.8082191780821917
^SPX,2026-02-24 16:15:00,SPX,2027-12-17,4000.0,C,0.0,0.0,0.0,0.0,0,2,3103.4,2,3119.9,6852.66,6913.22,43761,1.8082191780821917
^SPX,2026-02-24 16:15:00,SPX,2027-12-17,4100.0,C,0.0,0.0,0.0,0.0,0,2,3016.4,2,3031.9,6852.66,6913.22,87,1.8082191780821917
^SPX,2026-02-24 16:15:00,SPX,2027-12-17,4150.0,C,0.0,0.0,0.0,0.0,0,2,2972.9,2,2988.2,6852.66,6913.22,1,1.8082191780821917
^SPX,2026-02-24 16:15:00,SPX,2027-12-17,4200.0,C,0.0,0.0,0.0,0.0,0,2,2929.5,2,2944.7,6852.66,6913.22,279,1.8082191780821917
^SPX,2026-02-24 16:15:00,SPX,2027-12-17,4250.0,C,0.0,0.0,0.0,0.0,0,2,2886.2,2,2901.2,6852.66,6913.22,1,1.8082191780821917
^SPX,2026-02-24 16:15:00,SPX,2027-12-17,4300.0,C,0.0,0.0,0.0,0.0,0,2,2843.1,2,2857.9,6852.66,6913.22,172,1.8082191780821917
^SPX,2026-02-24 16:15:00,SPX,2027-12-17,4350.0,C,0.0,0.0,0.0,0.0,0,2,2800.1,2,2814.7,6852.66,6913.22,0,1.8082191780821917
^SPX,2026-02-24 16:15:00,SPX,2027-12-17,4400.0,C,0.0,0.0,0.0,0.0,0,2,2757.2,2,2771.7,6852.66,6913.22,450,1.8082191780821917
^SPX,2026-02-24 16:15:00,SPX,2027-12-17,4450.0,C,0.0,0.0,0.0,0.0,0,2,2714.4,2,2728.7,6852.66,6913.22,1,1.8082191780821917
^SPX,2026-02-24 16:15:00,SPX,2027-12-17,4500.0,C,0.0,0.0,0.0,0.0,0,2,2671.8,2,2686.0,6852.66,6913.22,1029,1.8082191780821917
^SPX,2026-02-24 16:15:00,SPX,2027-12-17,4550.0,C,0.0,0.0,0.0,0.0,0,2,2629.3,2,2643.3,6852.66,6913.22,3,1.8082191780821917
^SPX,2026-02-24 16:15:00,SPX,2027-12-17,4600.0,C,0.0,0.0,0.0,0.0,0,2,2587.0,2,2600.8,6852.66,6913.22,1489,1.8082191780821917
^SPX,2026-02-24 16:15:00,SPX,2027-12-17,4650.0,C,0.0,0.0,0.0,0.0,0,2,2544.7,2,2558.4,6852.66,6913.22,2,1.8082191780821917
^SPX,2026-02-24 16:15:00,SPX,2027-12-17,4700.0,C,0.0,0.0,0.0,0.0,0,2,2502.6,2,2516.3,6852.66,6913.22,59,1.8082191780821917
^SPX,2026-02-24 16:15:00,SPX,2027-12-17,4750.0,C,0.0,0.0,0.0,0.0,0,2,2460.8,2,2474.3,6852.66,6913.22,8,1.8082191780821917
^SPX,2026-02-24 16:15:00,SPX,2027-12-17,4800.0,C,0.0,0.0,0.0,0.0,0,2,2419.1,2,2432.5,6852.66,6913.22,883,1.8082191780821917
^SPX,2026-02-24 16:15:00,SPX,2027-12-17,4850.0,C,0.0,0.0,0.0,0.0,0,2,2377.5,2,2390.7,6852.66,6913.22,18,1.8082191780821917
^SPX,2026-02-24 16:15:00,SPX,2027-12-17,4900.0,C,0.0,0.0,0.0,0.0,0,2,2336.2,2,2349.2,6852.66,6913.22,144,1.8082191780821917
^SPX,2026-02-24 16:15:00,SPX,2027-12-17,4950.0,C,0.0,0.0,0.0,0.0,0,2,2294.9,2,2307.9,6852.66,6913.22,178,1.8082191780821917
^SPX,2026-02-24 16:15:00,SPX,2027-12-17,5000.0,C,0.0,0.0,0.0,0.0,0,2,2253.9,2,2266.7,6852.66,6913.22,48759,1.8082191780821917
^SPX,2026-02-24 16:15:00,SPX,2027-12-17,5050.0,C,0.0,0.0,0.0,0.0,0,2,2213.1,2,2225.7,6852.66,6913.22,113,1.8082191780821917
^SPX,2026-02-24 16:15:00,SPX,2027-12-17,5100.0,C,0.0,0.0,0.0,0.0,0,2,2172.3,2,2184.9,6852.66,6913.22,136,1.8082191780821917
^SPX,2026-02-24 16:15:00,SPX,2027-12-17,5150.0,C,0.0,0.0,0.0,0.0,0,2,2131.9,2,2144.3,6852.66,6913.22,115,1.8082191780821917
^SPX,2026-02-24 16:15:00,SPX,2027-12-17,5200.0,C,0.0,0.0,0.0,0.0,0,2,2091.6,2,2103.9,6852.66,6913.22,2174,1.8082191780821917
^SPX,2026-02-24 16:15:00,SPX,2027-12-17,5250.0,C,0.0,0.0,0.0,0.0,0,2,2051.5,2,2063.7,6852.66,6913.22,187,1.8082191780821917
^SPX,2026-02-24 16:15:00,SPX,2027-12-17,5300.0,C,0.0,0.0,0.0,0.0,0,2,2011.7,2,2023.6,6852.66,6913.22,136,1.8082191780821917
^SPX,2026-02-24 16:15:00,SPX,2027-12-17,5350.0,C,0.0,0.0,0.0,0.0,0,2,1972.0,2,1983.8,6852.66,6913.22,113,1.8082191780821917
^SPX,2026-02-24 16:15:00,SPX,2027-12-17,5400.0,C,0.0,0.0,0.0,0.0,0,2,1932.5,2,1944.2,6852.66,6913.22,1261,1.8082191780821917
^SPX,2026-02-24 16:15:00,SPX,2027-12-17,5450.0,C,0.0,0.0,0.0,0.0,0,2,1893.2,2,1904.8,6852.66,6913.22,83,1.8082191780821917
^SPX,2026-02-24 16:15:00,SPX,2027-12-17,5500.0,C,0.0,0.0,0.0,0.0,0,2,1854.2,2,1865.6,6852.66,6913.22,1334,1.8082191780821917
^SPX,2026-02-24 16:15:00,SPX,2027-12-17,5550.0,C,0.0,0.0,0.0,0.0,0,2,1815.4,2,1826.7,6852.66,6913.22,69,1.8082191780821917
^SPX,2026-02-24 16:15:00,SPX,2027-12-17,5600.0,C,0.0,0.0,0.0,0.0,0,2,1776.8,2,1787.9,6852.66,6913.22,514,1.8082191780821917
^SPX,2026-02-24 16:15:00,SPX,2027-12-17,5650.0,C,0.0,0.0,0.0,0.0,0,2,1738.6,2,1749.1,6852.66,6913.22,60,1.8082191780821917
^SPX,2026-02-24 16:15:00,SPX,2027-12-17,5700.0,C,0.0,0.0,0.0,0.0,0,2,1700.5,2,1710.9,6852.66,6913.22,834,1.8082191780821917
^SPX,2026-02-24 16:15:00,SPX,2027-12-17,5750.0,C,0.0,0.0,0.0,0.0,0,2,1662.5,2,1672.8,6852.66,6913.22,326,1.8082191780821917
^SPX,2026-02-24 16:15:00,SPX,2027-12-17,5800.0,C,0.0,0.0,0.0,0.0,0,2,1624.9,2,1635.1,6852.66,6913.22,1564,1.8082191780821917
^SPX,2026-02-24 16:15:00,SPX,2027-12-17,5850.0,C,0.0,0.0,0.0,0.0,0,2,1587.4,2,1597.5,6852.66,6913.22,91,1.8082191780821917
^SPX,2026-02-24 16:15:00,SPX,2027-12-17,5900.0,C,0.0,0.0,0.0,0.0,0,2,1550.3,2,1560.2,6852.66,6913.22,1326,1.8082191780821917
^SPX,2026-02-24 16:15:00,SPX,2027-12-17,5950.0,C,0.0,0.0,0.0,0.0,0,2,1513.4,2,1523.1,6852.66,6913.22,61,1.8082191780821917
^SPX,2026-02-24 16:15:00,SPX,2027-12-17,6000.0,C,1454.72,1482.04,1453.2,1477.88,222,2,1476.7,2,1486.3,6852.66,6913.22,44327,1.8082191780821917
^SPX,2026-02-24 16:15:00,SPX,2027-12-17,6050.0,C,0.0,0.0,0.0,0.0,0,2,1440.2,2,1449.8,6852.66,6913.22,95,1.8082191780821917
^SPX,2026-02-24 16:15:00,SPX,2027-12-17,6100.0,C,0.0,0.0,0.0,0.0,0,2,1404.1,2,1413.5,6852.66,6913.22,1110,1.8082191780821917
^SPX,2026-02-24 16:15:00,SPX,2027-12-17,6150.0,C,0.0,0.0,0.0,0.0,0,2,1368.2,2,1377.5,6852.66,6913.22,104,1.8082191780821917
^SPX,2026-02-24 16:15:00,SPX,2027-12-17,6200.0,C,0.0,0.0,0.0,0.0,0,1,1334.0,1,1339.2,6852.66,6913.22,1153,1.8082191780821917
^SPX,2026-02-24 16:15:00,SPX,2027-12-17,6250.0,C,0.0,0.0,0.0,0.0,0,1,1298.6,1,1304.4,6852.66,6913.22,201,1.8082191780821917
^SPX,2026-02-24 16:15:00,SPX,2027-12-17,6300.0,C,1263.34,1263.34,1263.34,1263.34,1,1,1263.5,1,1269.3,6852.66,6913.22,621,1.8082191780821917
^SPX,2026-02-24 16:15:00,SPX,2027-12-17,6350.0,C,0.0,0.0,0.0,0.0,0,1,1228.7,1,1233.9,6852.66,6913.22,91,1.8082191780821917
^SPX,2026-02-24 16:15:00,SPX,2027-12-17,6400.0,C,0.0,0.0,0.0,0.0,0,1,1194.2,1,1199.4,6852.66,6913.22,1247,1.8082191780821917
^SPX,2026-02-24 16:15:00,SPX,2027-12-17,6450.0,C,0.0,0.0,0.0,0.0,0,1,1159.9,1,1165.1,6852.66,6913.22,303,1.8082191780821917
^SPX,2026-02-24 16:15:00,SPX,2027-12-17,6500.0,C,1128.72,1128.72,1125.13,1125.13,6,1,1125.9,1,1131.1,6852.66,6913.22,2282,1.8082191780821917
^SPX,2026-02-24 16:15:00,SPX,2027-12-17,6550.0,C,0.0,0.0,0.0,0.0,0,1,1092.2,1,1097.4,6852.66,6913.22,101,1.8082191780821917
^SPX,2026-02-24 16:15:00,SPX,2027-12-17,6600.0,C,0.0,0.0,0.0,0.0,0,1,1058.9,1,1064.0,6852.66,6913.22,1900,1.8082191780821917
^SPX,2026-02-24 16:15:00,SPX,2027-12-17,6650.0,C,0.0,0.0,0.0,0.0,0,1,1025.8,1,1030.9,6852.66,6913.22,500,1.8082191780821917
^SPX,2026-02-24 16:15:00,SPX,2027-12-17,6700.0,C,0.0,0.0,0.0,0.0,0,1,993.0,1,998.2,6852.66,6913.22,1459,1.8082191780821917
^SPX,2026-02-24 16:15:00,SPX,2027-12-17,6750.0,C,0.0,0.0,0.0,0.0,0,1,960.6,1,965.8,6852.66,6913.22,770,1.8082191780821917
^SPX,2026-02-24 16:15:00,SPX,2027-12-17,6800.0,C,0.0,0.0,0.0,0.0,0,20,928.9,10,933.7,6852.66,6913.22,2005,1.8082191780821917
^SPX,2026-02-24 16:15:00,SPX,2027-12-17,6850.0,C,887.68,887.68,887.68,887.68,90,21,897.3,11,902.0,6852.66,6913.22,860,1.8082191780821917
^SPX,2026-02-24 16:15:00,SPX,2027-12-17,6900.0,C,870.0,870.0,870.0,870.0,1,21,866.0,11,870.7,6852.66,6913.22,1899,1.8082191780821917
^SPX,2026-02-24 16:15:00,SPX,2027-12-17,6950.0,C,0.0,0.0,0.0,0.0,0,22,835.2,12,839.8,6852.66,6913.22,324,1.8082191780821917
^SPX,2026-02-24 16:15:00,SPX,2027-12-17,7000.0,C,785.91,808.06,784.5,804.67,221,22,804.7,12,809.4,6852.66,6913.22,26435,1.8082191780821917
^SPX,2026-02-24 16:15:00,SPX,2027-12-17,7050.0,C,0.0,0.0,0.0,0.0,0,24,774.7,12,779.3,6852.66,6913.22,138,1.8082191780821917
^SPX,2026-02-24 16:15:00,SPX,2027-12-17,7100.0,C,0.0,0.0,0.0,0.0,0,24,745.1,12,749.7,6852.66,6913.22,1681,1.8082191780821917
^SPX,2026-02-24 16:15:00,SPX,2027-12-17,7150.0,C,0.0,0.0,0.0,0.0,0,25,716.0,13,720.6,6852.66,6913.22,46,1.8082191780821917
^SPX,2026-02-24 16:15:00,SPX,2027-12-17,7200.0,C,0.0,0.0,0.0,0.0,0,25,687.4,13,692.0,6852.66,6913.22,4000,1.8082191780821917
^SPX,2026-02-24 16:15:00,SPX,2027-12-17,7250.0,C,0.0,0.0,0.0,0.0,0,25,659.3,13,663.8,6852.66,6913.22,734,1.8082191780821917
^SPX,2026-02-24 16:15:00,SPX,2027-12-17,7300.0,C,0.0,0.0,0.0,0.0,0,26,631.7,23,636.2,6852.66,6913.22,1582,1.8082191780821917
^SPX,2026-02-24 16:15:00,SPX,2027-12-17,7350.0,C,0.0,0.0,0.0,0.0,0,28,604.6,24,609.1,6852.66,6913.22,345,1.8082191780821917
^SPX,2026-02-24 16:15:00,SPX,2027-12-17,7400.0,C,0.0,0.0,0.0,0.0,0,24,578.1,24,582.5,6852.66,6913.22,2462,1.8082191780821917
^SPX,2026-02-24 16:15:00,SPX,2027-12-17,7450.0,C,0.0,0.0,0.0,0.0,0,24,552.1,24,556.5,6852.66,6913.22,112,1.8082191780821917
^SPX,2026-02-24 16:15:00,SPX,2027-12-17,7500.0,C,528.67,528.67,526.5,526.5,6,28,526.7,24,531.1,6852.66,6913.22,3410,1.8082191780821917
^SPX,2026-02-24 16:15:00,SPX,2027-12-17,7550.0,C,0.0,0.0,0.0,0.0,0,36,502.0,32,506.2,6852.66,6913.22,270,1.8082191780821917
^SPX,2026-02-24 16:15:00,SPX,2027-12-17,7600.0,C,0.0,0.0,0.0,0.0,0,37,477.8,34,482.0,6852.66,6913.22,4937,1.8082191780821917
^SPX,2026-02-24 16:15:00,SPX,2027-12-17,7650.0,C,0.0,0.0,0.0,0.0,0,36,454.2,39,458.4,6852.66,6913.22,13,1.8082191780821917
^SPX,2026-02-24 16:15:00,SPX,2027-12-17,7700.0,C,428.9,428.9,428.9,428.9,1,39,431.4,36,435.5,6852.66,6913.22,222,1.8082191780821917
^SPX,2026-02-24 16:15:00,SPX,2027-12-17,7750.0,C,0.0,0.0,0.0,0.0,0,39,409.0,42,413.2,6852.66,6913.22,93,1.8082191780821917
^SPX,2026-02-24 16:15:00,SPX,2027-12-17,7800.0,C,360.1,360.1,360.1,360.1,7,23,387.5,44,391.6,6852.66,6913.22,3195,1.8082191780821917
^SPX,2026-02-24 16:15:00,SPX,2027-12-17,7850.0,C,0.0,0.0,0.0,0.0,0,23,366.7,44,370.7,6852.66,6913.22,486,1.8082191780821917
^SPX,2026-02-24 16:15:00,SPX,2027-12-17,7900.0,C,0.0,0.0,0.0,0.0,0,24,346.5,45,350.5,6852.66,6913.22,237,1.8082191780821917
^SPX,2026-02-24 16:15:00,SPX,2027-12-17,7950.0,C,0.0,0.0,0.0,0.0,0,25,327.1,48,331.0,6852.66,6913.22,236,1.8082191780821917
^SPX,2026-02-24 16:15:00,SPX,2027-12-17,8000.0,C,301.2,304.62,301.2,304.62,501,27,308.4,50,312.2,6852.66,6913.22,10342,1.8082191780821917
^SPX,2026-02-24 16:15:00,SPX,2027-12-17,8050.0,C,0.0,0.0,0.0,0.0,0,14,290.5,45,294.1,6852.66,6913.22,4,1.8082191780821917
^SPX,2026-02-24 16:15:00,SPX,2027-12-17,8100.0,C,0.0,0.0,0.0,0.0,0,15,273.2,41,276.8,6852.66,6913.22,988,1.8082191780821917
^SPX,2026-02-24 16:15:00,SPX,2027-12-17,8150.0,C,0.0,0.0,0.0,0.0,0,15,256.7,39,260.2,6852.66,6913.22,41,1.8082191780821917
^SPX,2026-02-24 16:15:00,SPX,2027-12-17,8200.0,C,0.0,0.0,0.0,0.0,0,16,240.9,58,244.4,6852.66,6913.22,3793,1.8082191780821917
^SPX,2026-02-24 16:15:00,SPX,2027-12-17,8300.0,C,0.0,0.0,0.0,0.0,0,58,211.4,56,214.9,6852.66,6913.22,1293,1.8082191780821917
^SPX,2026-02-24 16:15:00,SPX,2027-12-17,8400.0,C,168.57,168.57,168.57,168.57,10,58,184.8,61,188.2,6852.66,6913.22,4724,1.8082191780821917
^SPX,2026-02-24 16:15:00,SPX,2027-12-17,8500.0,C,0.0,0.0,0.0,0.0,0,63,160.9,66,164.3,6852.66,6913.22,1178,1.8082191780821917
^SPX,2026-02-24 16:15:00,SPX,2027-12-17,8600.0,C,0.0,0.0,0.0,0.0,0,70,139.6,71,143.0,6852.66,6913.22,1012,1.8082191780821917
^SPX,2026-02-24 16:15:00,SPX,2027-12-17,8700.0,C,0.0,0.0,0.0,0.0,0,81,120.7,48,123.8,6852.66,6913.22,56,1.8082191780821917
^SPX,2026-02-24 16:15:00,SPX,2027-12-17,8800.0,C,0.0,0.0,0.0,0.0,0,89,104.3,53,107.3,6852.66,6913.22,1175,1.8082191780821917
^SPX,2026-02-24 16:15:00,SPX,2027-12-17,8900.0,C,0.0,0.0,0.0,0.0,0,102,90.0,101,93.2,6852.66,6913.22,3,1.8082191780821917
^SPX,2026-02-24 16:15:00,SPX,2027-12-17,9000.0,C,76.5,79.5,76.5,79.5,2,32,77.9,110,80.4,6852.66,6913.22,3475,1.8082191780821917
^SPX,2026-02-24 16:15:00,SPX,2027-12-17,9200.0,C,0.0,0.0,0.0,0.0,0,41,58.1,127,60.0,6852.66,6913.22,1733,1.8082191780821917
^SPX,2026-02-24 16:15:00,SPX,2027-12-17,9400.0,C,0.0,0.0,0.0,0.0,0,48,43.6,151,45.3,6852.66,6913.22,1181,1.8082191780821917
^SPX,2026-02-24 16:15:00,SPX,2027-12-17,9500.0,C,0.0,0.0,0.0,0.0,0,56,37.9,166,39.5,6852.66,6913.22,852,1.8082191780821917
^SPX,2026-02-24 16:15:00,SPX,2027-12-17,9550.0,C,36.1,36.1,36.1,36.1,10,58,35.4,168,36.9,6852.66,6913.22,2,1.8082191780821917
^SPX,2026-02-24 16:15:00,SPX,2027-12-17,9600.0,C,0.0,0.0,0.0,0.0,0,59,33.0,173,34.6,6852.66,6913.22,500,1.8082191780821917
^SPX,2026-02-24 16:15:00,SPX,2027-12-17,9800.0,C,0.0,0.0,0.0,0.0,0,66,25.4,187,26.8,6852.66,6913.22,2561,1.8082191780821917
^SPX,2026-02-24 16:15:00,SPX,2027-12-17,10000.0,C,20.2,20.2,20.2,20.2,4,75,19.8,196,21.1,6852.66,6913.22,4498,1.8082191780821917
^SPX,2026-02-24 16:15:00,SPX,2027-12-17,10200.0,C,0.0,0.0,0.0,0.0,0,84,15.7,124,17.0,6852.66,6913.22,38,1.8082191780821917
^SPX,2026-02-24 16:15:00,SPX,2027-12-17,10400.0,C,0.0,0.0,0.0,0.0,0,96,12.7,136,13.8,6852.66,6913.22,31,1.8082191780821917
^SPX,2026-02-24 16:15:00,SPX,2027-12-17,10600.0,C,10.8,10.8,10.8,10.8,15,103,10.4,143,11.4,6852.66,6913.22,613,1.8082191780821917
^SPX,2026-02-24 16:15:00,SPX,2027-12-17,10800.0,C,0.0,0.0,0.0,0.0,0,108,8.5,148,9.5,6852.66,6913.22,261,1.8082191780821917
^SPX,2026-02-24 16:15:00,SPX,2027-12-17,11000.0,C,0.0,0.0,0.0,0.0,0,109,7.1,149,7.9,6852.66,6913.22,5903,1.8082191780821917
^SPX,2026-02-24 16:15:00,SPX,2027-12-17,11200.0,C,0.0,0.0,0.0,0.0,0,109,5.9,149,6.7,6852.66,6913.22,284,1.8082191780821917
^SPX,2026-02-24 16:15:00,SPX,2027-12-17,11400.0,C,0.0,0.0,0.0,0.0,0,109,4.9,149,5.7,6852.66,6913.22,58,1.8082191780821917
^SPX,2026-02-24 16:15:00,SPX,2027-12-17,12000.0,C,3.1,3.1,3.1,3.1,15,109,2.9,5,3.4,6852.66,6913.22,7549,1.8082191780821917
^SPX,2026-02-24 16:15:00,SPX,2028-12-15,400.0,C,6306.6,6306.6,6306.6,6306.6,1,2,6204.8,2,6504.8,6852.66,6913.22,86,2.8054794520547945
^SPX,2026-02-24 16:15:00,SPX,2028-12-15,800.0,C,0.0,0.0,0.0,0.0,0,2,5846.2,2,6146.2,6852.66,6913.22,2,2.8054794520547945
^SPX,2026-02-24 16:15:00,SPX,2028-12-15,1200.0,C,0.0,0.0,0.0,0.0,0,2,5490.3,2,5790.3,6852.66,6913.22,0,2.8054794520547945
^SPX,2026-02-24 16:15:00,SPX,2028-12-15,1600.0,C,0.0,0.0,0.0,0.0,0,2,5136.7,2,5436.7,6852.66,6913.22,1,2.8054794520547945
^SPX,2026-02-24 16:15:00,SPX,2028-12-15,1800.0,C,0.0,0.0,0.0,0.0,0,2,4960.8,2,5260.8,6852.66,6913.22,6,2.8054794520547945
^SPX,2026-02-24 16:15:00,SPX,2028-12-15,2000.0,C,0.0,0.0,0.0,0.0,0,2,4785.5,2,5085.5,6852.66,6913.22,646,2.8054794520547945
^SPX,2026-02-24 16:15:00,SPX,2028-12-15,2200.0,C,0.0,0.0,0.0,0.0,0,2,4610.8,2,4910.8,6852.66,6913.22,2,2.8054794520547945
^SPX,2026-02-24 16:15:00,SPX,2028-12-15,2400.0,C,0.0,0.0,0.0,0.0,0,2,4436.7,2,4736.7,6852.66,6913.22,8,2.8054794520547945
^SPX,2026-02-24 16:15:00,SPX,2028-12-15,2600.0,C,0.0,0.0,0.0,0.0,0,2,4263.5,2,4563.5,6852.66,6913.22,2,2.8054794520547945
^SPX,2026-02-24 16:15:00,SPX,2028-12-15,2700.0,C,0.0,0.0,0.0,0.0,0,2,4177.3,2,4477.3,6852.66,6913.22,3,2.8054794520547945
^SPX,2026-02-24 16:15:00,SPX,2028-12-15,2800.0,C,0.0,0.0,0.0,0.0,0,2,4091.1,2,4391.1,6852.66,6913.22,100,2.8054794520547945
^SPX,2026-02-24 16:15:00,SPX,2028-12-15,2900.0,C,0.0,0.0,0.0,0.0,0,2,4005.8,2,4305.8,6852.66,6913.22,4,2.8054794520547945
^SPX,2026-02-24 16:15:00,SPX,2028-12-15,3000.0,C,0.0,0.0,0.0,0.0,0,2,3920.3,2,4220.3,6852.66,6913.22,58,2.8054794520547945
^SPX,2026-02-24 16:15:00,SPX,2028-12-15,3100.0,C,0.0,0.0,0.0,0.0,0,2,3834.6,2,4134.6,6852.66,6913.22,1,2.8054794520547945
^SPX,2026-02-24 16:15:00,SPX,2028-12-15,3200.0,C,0.0,0.0,0.0,0.0,0,2,3749.8,2,4049.8,6852.66,6913.22,1,2.8054794520547945
^SPX,2026-02-24 16:15:00,SPX,2028-12-15,3300.0,C,0.0,0.0,0.0,0.0,0,2,3665.0,2,3965.0,6852.66,6913.22,3,2.8054794520547945
^SPX,2026-02-24 16:15:00,SPX,2028-12-15,3400.0,C,3684.92,3684.92,3684.92,3684.92,1,2,3580.9,2,3880.9,6852.66,6913.22,71,2.8054794520547945
^SPX,2026-02-24 16:15:00,SPX,2028-12-15,3500.0,C,0.0,0.0,0.0,0.0,0,2,3496.6,2,3796.6,6852.66,6913.22,11,2.8054794520547945
^SPX,2026-02-24 16:15:00,SPX,2028-12-15,3600.0,C,0.0,0.0,0.0,0.0,0,2,3412.8,2,3712.8,6852.66,6913.22,1,2.8054794520547945
^SPX,2026-02-24 16:15:00,SPX,2028-12-15,3700.0,C,0.0,0.0,0.0,0.0,0,2,3329.5,2,3629.5,6852.66,6913.22,6,2.8054794520547945
^SPX,2026-02-24 16:15:00,SPX,2028-12-15,3800.0,C,0.0,0.0,0.0,0.0,0,2,3246.5,2,3546.5,6852.66,6913.22,11,2.8054794520547945
^SPX,2026-02-24 16:15:00,SPX,2028-12-15,3900.0,C,0.0,0.0,0.0,0.0,0,2,3164.0,2,3464.0,6852.66,6913.22,2,2.8054794520547945
^SPX,2026-02-24 16:15:00,SPX,2028-12-15,4000.0,C,0.0,0.0,0.0,0.0,0,2,3081.9,2,3381.9,6852.66,6913.22,22211,2.8054794520547945
^SPX,2026-02-24 16:15:00,SPX,2028-12-15,4100.0,C,0.0,0.0,0.0,0.0,0,2,3000.4,2,3300.4,6852.66,6913.22,6,2.8054794520547945
^SPX,2026-02-24 16:15:00,SPX,2028-12-15,4200.0,C,0.0,0.0,0.0,0.0,0,2,2918.7,2,3218.7,6852.66,6913.22,286,2.8054794520547945
^SPX,2026-02-24 16:15:00,SPX,2028-12-15,4300.0,C,0.0,0.0,0.0,0.0,0,2,2838.5,2,3138.5,6852.66,6913.22,366,2.8054794520547945
^SPX,2026-02-24 16:15:00,SPX,2028-12-15,4400.0,C,0.0,0.0,0.0,0.0,0,2,2757.9,2,3057.9,6852.66,6913.22,165,2.8054794520547945
^SPX,2026-02-24 16:15:00,SPX,2028-12-15,4500.0,C,0.0,0.0,0.0,0.0,0,2,2678.7,2,2978.7,6852.66,6913.22,673,2.8054794520547945
^SPX,2026-02-24 16:15:00,SPX,2028-12-15,4600.0,C,0.0,0.0,0.0,0.0,0,2,2599.9,2,2899.9,6852.66,6913.22,126,2.8054794520547945
^SPX,2026-02-24 16:15:00,SPX,2028-12-15,4700.0,C,0.0,0.0,0.0,0.0,0,2,2521.5,2,2821.5,6852.66,6913.22,564,2.8054794520547945
^SPX,2026-02-24 16:15:00,SPX,2028-12-15,4800.0,C,0.0,0.0,0.0,0.0,0,2,2444.0,2,2744.0,6852.66,6913.22,563,2.8054794520547945
^SPX,2026-02-24 16:15:00,SPX,2028-12-15,4900.0,C,0.0,0.0,0.0,0.0,0,2,2366.7,2,2666.7,6852.66,6913.22,61,2.8054794520547945
^SPX,2026-02-24 16:15:00,SPX,2028-12-15,5000.0,C,0.0,0.0,0.0,0.0,0,2,2290.5,2,2590.5,6852.66,6913.22,24283,2.8054794520547945
^SPX,2026-02-24 16:15:00,SPX,2028-12-15,5100.0,C,0.0,0.0,0.0,0.0,0,2,2215.1,2,2515.1,6852.66,6913.22,778,2.8054794520547945
^SPX,2026-02-24 16:15:00,SPX,2028-12-15,5200.0,C,0.0,0.0,0.0,0.0,0,2,2140.3,2,2440.3,6852.66,6913.22,597,2.8054794520547945
^SPX,2026-02-24 16:15:00,SPX,2028-12-15,5300.0,C,0.0,0.0,0.0,0.0,0,2,2066.2,2,2366.2,6852.66,6913.22,173,2.8054794520547945
^SPX,2026-02-24 16:15:00,SPX,2028-12-15,5400.0,C,0.0,0.0,0.0,0.0,0,2,1993.3,2,2293.3,6852.66,6913.22,439,2.8054794520547945
^SPX,2026-02-24 16:15:00,SPX,2028-12-15,5500.0,C,2074.06,2074.06,2074.06,2074.06,1,2,1921.5,2,2221.5,6852.66,6913.22,314,2.8054794520547945
^SPX,2026-02-24 16:15:00,SPX,2028-12-15,5600.0,C,0.0,0.0,0.0,0.0,0,2,1850.0,2,2150.0,6852.66,6913.22,827,2.8054794520547945
^SPX,2026-02-24 16:15:00,SPX,2028-12-15,5700.0,C,0.0,0.0,0.0,0.0,0,2,1779.4,2,2079.4,6852.66,6913.22,204,2.8054794520547945
^SPX,2026-02-24 16:15:00,SPX,2028-12-15,5800.0,C,0.0,0.0,0.0,0.0,0,2,1709.7,2,2009.7,6852.66,6913.22,723,2.8054794520547945
^SPX,2026-02-24 16:15:00,SPX,2028-12-15,5900.0,C,0.0,0.0,0.0,0.0,0,2,1641.0,2,1941.0,6852.66,6913.22,489,2.8054794520547945
^SPX,2026-02-24 16:15:00,SPX,2028-12-15,6000.0,C,1672.64,1725.32,1672.64,1721.98,2006,2,1572.8,2,1872.8,6852.66,6913.22,20023,2.8054794520547945
^SPX,2026-02-24 16:15:00,SPX,2028-12-15,6100.0,C,0.0,0.0,0.0,0.0,0,2,1505.7,2,1805.7,6852.66,6913.22,811,2.8054794520547945
^SPX,2026-02-24 16:15:00,SPX,2028-12-15,6200.0,C,0.0,0.0,0.0,0.0,0,2,1439.2,2,1739.2,6852.66,6913.22,628,2.8054794520547945
^SPX,2026-02-24 16:15:00,SPX,2028-12-15,6300.0,C,0.0,0.0,0.0,0.0,0,1,1518.1,1,1529.7,6852.66,6913.22,674,2.8054794520547945
^SPX,2026-02-24 16:15:00,SPX,2028-12-15,6400.0,C,0.0,0.0,0.0,0.0,0,1,1453.4,1,1465.0,6852.66,6913.22,395,2.8054794520547945
^SPX,2026-02-24 16:15:00,SPX,2028-12-15,6500.0,C,1397.26,1397.26,1397.26,1397.26,1,1,1389.4,1,1401.0,6852.66,6913.22,343,2.8054794520547945
^SPX,2026-02-24 16:15:00,SPX,2028-12-15,6600.0,C,0.0,0.0,0.0,0.0,0,1,1326.3,1,1337.9,6852.66,6913.22,620,2.8054794520547945
^SPX,2026-02-24 16:15:00,SPX,2028-12-15,6700.0,C,0.0,0.0,0.0,0.0,0,1,1264.0,1,1275.6,6852.66,6913.22,316,2.8054794520547945
^SPX,2026-02-24 16:15:00,SPX,2028-12-15,6800.0,C,0.0,0.0,0.0,0.0,0,1,1202.6,1,1214.1,6852.66,6913.22,768,2.8054794520547945
^SPX,2026-02-24 16:15:00,SPX,2028-12-15,6900.0,C,0.0,0.0,0.0,0.0,0,1,1142.2,1,1153.7,6852.66,6913.22,1338,2.8054794520547945
^SPX,2026-02-24 16:15:00,SPX,2028-12-15,7000.0,C,1030.2,1090.34,1030.2,1087.58,2006,9,1082.9,7,1094.0,6852.66,6913.22,16002,2.8054794520547945
^SPX,2026-02-24 16:15:00,SPX,2028-12-15,7100.0,C,0.0,0.0,0.0,0.0,0,10,1024.7,8,1035.8,6852.66,6913.22,68,2.8054794520547945
^SPX,2026-02-24 16:15:00,SPX,2028-12-15,7200.0,C,0.0,0.0,0.0,0.0,0,12,967.8,9,978.8,6852.66,6913.22,937,2.8054794520547945
^SPX,2026-02-24 16:15:00,SPX,2028-12-15,7300.0,C,0.0,0.0,0.0,0.0,0,12,912.2,9,923.1,6852.66,6913.22,258,2.8054794520547945
^SPX,2026-02-24 16:15:00,SPX,2028-12-15,7400.0,C,0.0,0.0,0.0,0.0,0,13,857.9,10,868.8,6852.66,6913.22,546,2.8054794520547945
^SPX,2026-02-24 16:15:00,SPX,2028-12-15,7500.0,C,0.0,0.0,0.0,0.0,0,13,805.2,10,816.0,6852.66,6913.22,152,2.8054794520547945
^SPX,2026-02-24 16:15:00,SPX,2028-12-15,7600.0,C,0.0,0.0,0.0,0.0,0,14,754.0,11,764.7,6852.66,6913.22,408,2.8054794520547945
^SPX,2026-02-24 16:15:00,SPX,2028-12-15,7700.0,C,0.0,0.0,0.0,0.0,0,14,704.4,11,715.1,6852.66,6913.22,279,2.8054794520547945
^SPX,2026-02-24 16:15:00,SPX,2028-12-15,7800.0,C,659.8,659.8,659.2,659.2,4,14,656.6,11,667.3,6852.66,6913.22,545,2.8054794520547945
^SPX,2026-02-24 16:15:00,SPX,2028-12-15,7900.0,C,0.0,0.0,0.0,0.0,0,14,610.5,11,621.1,6852.66,6913.22,714,2.8054794520547945
^SPX,2026-02-24 16:15:00,SPX,2028-12-15,8000.0,C,569.2,569.2,569.0,569.0,4,14,566.2,11,576.8,6852.66,6913.22,1969,2.8054794520547945
^SPX,2026-02-24 16:15:00,SPX,2028-12-15,8200.0,C,485.8,485.8,485.6,485.6,3,16,483.4,16,493.8,6852.66,6913.22,555,2.8054794520547945
^SPX,2026-02-24 16:15:00,SPX,2028-12-15,8400.0,C,411.5,411.5,411.3,411.3,3,13,408.6,17,418.6,6852.66,6913.22,822,2.8054794520547945
^SPX,2026-02-24 16:15:00,SPX,2028-12-15,8600.0,C,344.3,344.3,344.2,344.2,3,15,342.1,19,351.5,6852.66,6913.22,2690,2.8054794520547945
^SPX,2026-02-24 16:15:00,SPX,2028-12-15,8800.0,C,285.7,285.7,285.6,285.6,3,16,283.8,20,292.5,6852.66,6913.22,452,2.8054794520547945
^SPX,2026-02-24 16:15:00,SPX,2028-12-15,9000.0,C,240.0,240.0,234.9,234.9,128,18,233.0,23,241.4,6852.66,6913.22,1753,2.8054794520547945
^SPX,2026-02-24 16:15:00,SPX,2028-12-15,9200.0,C,191.4,191.4,191.3,191.3,3,18,189.8,24,197.8,6852.66,6913.22,225,2.8054794520547945
^SPX,2026-02-24 16:15:00,SPX,2028-12-15,9400.0,C,155.1,155.1,155.0,155.0,3,20,153.4,26,161.3,6852.66,6913.22,480,2.8054794520547945
^SPX,2026-02-24 16:15:00,SPX,2028-12-15,9500.0,C,0.0,0.0,0.0,0.0,0,28,137.7,28,145.5,6852.66,6913.22,283,2.8054794520547945
^SPX,2026-02-24 16:15:00,SPX,2028-12-15,9550.0,C,0.0,0.0,0.0,0.0,0,28,130.4,28,138.1,6852.66,6913.22,2,2.8054794520547945
^SPX,2026-02-24 16:15:00,SPX,2028-12-15,9600.0,C,125.0,125.0,125.0,125.0,2,28,123.6,28,131.2,6852.66,6913.22,106,2.8054794520547945
^SPX,2026-02-24 16:15:00,SPX,2028-12-15,9800.0,C,101.0,101.0,101.0,101.0,2,32,100.1,32,106.0,6852.66,6913.22,1115,2.8054794520547945
^SPX,2026-02-24 16:15:00,SPX,2028-12-15,10000.0,C,81.0,81.6,81.0,81.6,9,42,80.9,42,86.2,6852.66,6913.22,1969,2.8054794520547945
^SPX,2026-02-24 16:15:00,SPX,2028-12-15,10200.0,C,66.1,66.1,66.1,66.1,2,50,65.5,50,70.4,6852.66,6913.22,18,2.8054794520547945
^SPX,2026-02-24 16:15:00,SPX,2028-12-15,10400.0,C,53.8,53.8,53.8,53.8,2,13,53.4,55,57.7,6852.66,6913.22,329,2.8054794520547945
^SPX,2026-02-24 16:15:00,SPX,2028-12-15,10600.0,C,43.8,43.8,43.6,43.6,2,14,43.7,61,47.7,6852.66,6913.22,120,2.8054794520547945
^SPX,2026-02-24 16:15:00,SPX,2028-12-15,10800.0,C,36.1,36.1,35.9,35.9,2,15,36.0,67,39.6,6852.66,6913.22,9,2.8054794520547945
^SPX,2026-02-24 16:15:00,SPX,2028-12-15,11000.0,C,30.3,30.3,29.9,29.9,2,16,29.9,72,33.2,6852.66,6913.22,2654,2.8054794520547945
^SPX,2026-02-24 16:15:00,SPX,2028-12-15,11200.0,C,0.0,0.0,0.0,0.0,0,17,25.0,79,28.0,6852.66,6913.22,347,2.8054794520547945
^SPX,2026-02-24 16:15:00,SPX,2028-12-15,11400.0,C,21.4,21.4,21.4,21.4,2,18,21.1,88,23.9,6852.66,6913.22,906,2.8054794520547945
^SPX,2026-02-24 16:15:00,SPX,2028-12-15,12000.0,C,0.0,0.0,0.0,0.0,0,106,13.1,106,15.4,6852.66,6913.22,1838,2.8054794520547945
^SPX,2026-02-24 16:15:00,SPX,2029-12-21,400.0,C,0.0,0.0,0.0,0.0,0,2,6165.8,2,6465.8,6852.66,6913.22,289,3.8219178082191783
^SPX,2026-02-24 16:15:00,SPX,2029-12-21,800.0,C,0.0,0.0,0.0,0.0,0,2,5821.0,2,6121.0,6852.66,6913.22,0,3.8219178082191783
^SPX,2026-02-24 16:15:00,SPX,2029-12-21,1200.0,C,0.0,0.0,0.0,0.0,0,2,5480.7,2,5780.7,6852.66,6913.22,0,3.8219178082191783
^SPX,2026-02-24 16:15:00,SPX,2029-12-21,1600.0,C,0.0,0.0,0.0,0.0,0,2,5144.8,2,5444.8,6852.66,6913.22,0,3.8219178082191783
^SPX,2026-02-24 16:15:00,SPX,2029-12-21,1800.0,C,0.0,0.0,0.0,0.0,0,2,4977.2,2,5277.2,6852.66,6913.22,0,3.8219178082191783
^SPX,2026-02-24 16:15:00,SPX,2029-12-21,2000.0,C,0.0,0.0,0.0,0.0,0,2,4809.7,2,5109.7,6852.66,6913.22,275,3.8219178082191783
^SPX,2026-02-24 16:15:00,SPX,2029-12-21,2200.0,C,0.0,0.0,0.0,0.0,0,2,4643.4,2,4943.4,6852.66,6913.22,0,3.8219178082191783
^SPX,2026-02-24 16:15:00,SPX,2029-12-21,2400.0,C,0.0,0.0,0.0,0.0,0,2,4478.2,2,4778.2,6852.66,6913.22,0,3.8219178082191783
^SPX,2026-02-24 16:15:00,SPX,2029-12-21,2600.0,C,0.0,0.0,0.0,0.0,0,2,4313.6,2,4613.6,6852.66,6913.22,0,3.8219178082191783
^SPX,2026-02-24 16:15:00,SPX,2029-12-21,2800.0,C,0.0,0.0,0.0,0.0,0,2,4150.4,2,4450.4,6852.66,6913.22,1,3.8219178082191783
^SPX,2026-02-24 16:15:00,SPX,2029-12-21,2900.0,C,0.0,0.0,0.0,0.0,0,2,4069.7,2,4369.7,6852.66,6913.22,1,3.8219178082191783
^SPX,2026-02-24 16:15:00,SPX,2029-12-21,3000.0,C,0.0,0.0,0.0,0.0,0,2,3988.5,2,4288.5,6852.66,6913.22,758,3.8219178082191783
^SPX,2026-02-24 16:15:00,SPX,2029-12-21,3100.0,C,0.0,0.0,0.0,0.0,0,2,3908.3,2,4208.3,6852.66,6913.22,0,3.8219178082191783
^SPX,2026-02-24 16:15:00,SPX,2029-12-21,3200.0,C,0.0,0.0,0.0,0.0,0,2,3827.9,2,4127.9,6852.66,6913.22,60,3.8219178082191783
^SPX,2026-02-24 16:15:00,SPX,2029-12-21,3300.0,C,0.0,0.0,0.0,0.0,0,2,3747.9,2,4047.9,6852.66,6913.22,0,3.8219178082191783
^SPX,2026-02-24 16:15:00,SPX,2029-12-21,3400.0,C,0.0,0.0,0.0,0.0,0,2,3668.6,2,3968.6,6852.66,6913.22,52,3.8219178082191783
^SPX,2026-02-24 16:15:00,SPX,2029-12-21,3500.0,C,0.0,0.0,0.0,0.0,0,2,3589.5,2,3889.5,6852.66,6913.22,11,3.8219178082191783
^SPX,2026-02-24 16:15:00,SPX,2029-12-21,3600.0,C,0.0,0.0,0.0,0.0,0,2,3510.7,2,3810.7,6852.66,6913.22,2,3.8219178082191783
^SPX,2026-02-24 16:15:00,SPX,2029-12-21,3700.0,C,0.0,0.0,0.0,0.0,0,2,3432.6,2,3732.6,6852.66,6913.22,0,3.8219178082191783
^SPX,2026-02-24 16:15:00,SPX,2029-12-21,3800.0,C,0.0,0.0,0.0,0.0,0,2,3354.5,2,3654.5,6852.66,6913.22,3,3.8219178082191783
^SPX,2026-02-24 16:15:00,SPX,2029-12-21,3900.0,C,0.0,0.0,0.0,0.0,0,2,3277.2,2,3577.2,6852.66,6913.22,0,3.8219178082191783
^SPX,2026-02-24 16:15:00,SPX,2029-12-21,4000.0,C,0.0,0.0,0.0,0.0,0,2,3200.2,2,3500.2,6852.66,6913.22,17815,3.8219178082191783
^SPX,2026-02-24 16:15:00,SPX,2029-12-21,4100.0,C,0.0,0.0,0.0,0.0,0,2,3124.0,2,3424.0,6852.66,6913.22,3,3.8219178082191783
^SPX,2026-02-24 16:15:00,SPX,2029-12-21,4200.0,C,0.0,0.0,0.0,0.0,0,2,3047.9,2,3347.9,6852.66,6913.22,1,3.8219178082191783
^SPX,2026-02-24 16:15:00,SPX,2029-12-21,4300.0,C,0.0,0.0,0.0,0.0,0,2,2972.2,2,3272.2,6852.66,6913.22,2,3.8219178082191783
^SPX,2026-02-24 16:15:00,SPX,2029-12-21,4400.0,C,0.0,0.0,0.0,0.0,0,2,2898.0,2,3198.0,6852.66,6913.22,10,3.8219178082191783
^SPX,2026-02-24 16:15:00,SPX,2029-12-21,4500.0,C,0.0,0.0,0.0,0.0,0,2,2823.7,2,3123.7,6852.66,6913.22,9,3.8219178082191783
^SPX,2026-02-24 16:15:00,SPX,2029-12-21,4600.0,C,0.0,0.0,0.0,0.0,0,2,2750.0,2,3050.0,6852.66,6913.22,4,3.8219178082191783
^SPX,2026-02-24 16:15:00,SPX,2029-12-21,4700.0,C,0.0,0.0,0.0,0.0,0,2,2677.4,2,2977.4,6852.66,6913.22,33,3.8219178082191783
^SPX,2026-02-24 16:15:00,SPX,2029-12-21,4800.0,C,0.0,0.0,0.0,0.0,0,2,2605.4,2,2905.4,6852.66,6913.22,126,3.8219178082191783
^SPX,2026-02-24 16:15:00,SPX,2029-12-21,4900.0,C,0.0,0.0,0.0,0.0,0,2,2534.1,2,2834.1,6852.66,6913.22,133,3.8219178082191783
^SPX,2026-02-24 16:15:00,SPX,2029-12-21,5000.0,C,2612.87,2612.87,2612.87,2612.87,1,2,2463.6,2,2763.6,6852.66,6913.22,20842,3.8219178082191783
^SPX,2026-02-24 16:15:00,SPX,2029-12-21,5100.0,C,0.0,0.0,0.0,0.0,0,2,2393.6,2,2693.6,6852.66,6913.22,327,3.8219178082191783
^SPX,2026-02-24 16:15:00,SPX,2029-12-21,5200.0,C,0.0,0.0,0.0,0.0,0,2,2324.7,2,2624.7,6852.66,6913.22,152,3.8219178082191783
^SPX,2026-02-24 16:15:00,SPX,2029-12-21,5300.0,C,0.0,0.0,0.0,0.0,0,2,2256.5,2,2556.5,6852.66,6913.22,201,3.8219178082191783
^SPX,2026-02-24 16:15:00,SPX,2029-12-21,5400.0,C,0.0,0.0,0.0,0.0,0,2,2189.3,2,2489.3,6852.66,6913.22,58,3.8219178082191783
^SPX,2026-02-24 16:15:00,SPX,2029-12-21,5500.0,C,0.0,0.0,0.0,0.0,0,2,2122.9,2,2422.9,6852.66,6913.22,678,3.8219178082191783
^SPX,2026-02-24 16:15:00,SPX,2029-12-21,5600.0,C,0.0,0.0,0.0,0.0,0,2,2056.8,2,2356.8,6852.66,6913.22,250,3.8219178082191783
^SPX,2026-02-24 16:15:00,SPX,2029-12-21,5675.0,C,0.0,0.0,0.0,0.0,0,2,2008.2,2,2308.2,6852.66,6913.22,20,3.8219178082191783
^SPX,2026-02-24 16:15:00,SPX,2029-12-21,5700.0,C,0.0,0.0,0.0,0.0,0,2,1992.0,2,2292.0,6852.66,6913.22,135,3.8219178082191783
^SPX,2026-02-24 16:15:00,SPX,2029-12-21,5800.0,C,0.0,0.0,0.0,0.0,0,2,1927.4,2,2227.4,6852.66,6913.22,106,3.8219178082191783
^SPX,2026-02-24 16:15:00,SPX,2029-12-21,5900.0,C,0.0,0.0,0.0,0.0,0,2,1863.5,2,2163.5,6852.66,6913.22,209,3.8219178082191783
^SPX,2026-02-24 16:15:00,SPX,2029-12-21,5950.0,C,0.0,0.0,0.0,0.0,0,2,1832.3,2,2132.3,6852.66,6913.22,18,3.8219178082191783
^SPX,2026-02-24 16:15:00,SPX,2029-12-21,6000.0,C,1941.46,1950.11,1941.46,1950.11,2,2,1800.9,2,2100.9,6852.66,6913.22,25136,3.8219178082191783
^SPX,2026-02-24 16:15:00,SPX,2029-12-21,6100.0,C,0.0,0.0,0.0,0.0,0,2,1738.8,2,2038.8,6852.66,6913.22,353,3.8219178082191783
^SPX,2026-02-24 16:15:00,SPX,2029-12-21,6200.0,C,0.0,0.0,0.0,0.0,0,2,1676.9,2,1976.9,6852.66,6913.22,264,3.8219178082191783
^SPX,2026-02-24 16:15:00,SPX,2029-12-21,6300.0,C,0.0,0.0,0.0,0.0,0,1,1735.2,1,1794.2,6852.66,6913.22,20,3.8219178082191783
^SPX,2026-02-24 16:15:00,SPX,2029-12-21,6400.0,C,0.0,0.0,0.0,0.0,0,1,1674.5,1,1734.0,6852.66,6913.22,257,3.8219178082191783
^SPX,2026-02-24 16:15:00,SPX,2029-12-21,6500.0,C,1635.93,1635.93,1635.93,1635.93,1,1,1614.4,1,1674.4,6852.66,6913.22,457,3.8219178082191783
^SPX,2026-02-24 16:15:00,SPX,2029-12-21,6600.0,C,0.0,0.0,0.0,0.0,0,1,1554.9,1,1615.3,6852.66,6913.22,206,3.8219178082191783
^SPX,2026-02-24 16:15:00,SPX,2029-12-21,6700.0,C,0.0,0.0,0.0,0.0,0,1,1496.0,1,1556.8,6852.66,6913.22,368,3.8219178082191783
^SPX,2026-02-24 16:15:00,SPX,2029-12-21,6800.0,C,0.0,0.0,0.0,0.0,0,1,1437.6,1,1498.8,6852.66,6913.22,31,3.8219178082191783
^SPX,2026-02-24 16:15:00,SPX,2029-12-21,6900.0,C,0.0,0.0,0.0,0.0,0,1,1379.9,1,1441.4,6852.66,6913.22,93,3.8219178082191783
^SPX,2026-02-24 16:15:00,SPX,2029-12-21,7000.0,C,0.0,0.0,0.0,0.0,0,1,1322.7,1,1384.6,6852.66,6913.22,1848,3.8219178082191783
^SPX,2026-02-24 16:15:00,SPX,2029-12-21,7100.0,C,0.0,0.0,0.0,0.0,0,1,1266.4,1,1328.6,6852.66,6913.22,10,3.8219178082191783
^SPX,2026-02-24 16:15:00,SPX,2029-12-21,7200.0,C,0.0,0.0,0.0,0.0,0,7,1211.3,9,1273.3,6852.66,6913.22,326,3.8219178082191783
^SPX,2026-02-24 16:15:00,SPX,2029-12-21,7300.0,C,0.0,0.0,0.0,0.0,0,8,1156.3,10,1218.9,6852.66,6913.22,22,3.8219178082191783
^SPX,2026-02-24 16:15:00,SPX,2029-12-21,7400.0,C,0.0,0.0,0.0,0.0,0,9,1102.6,11,1165.5,6852.66,6913.22,50,3.8219178082191783
^SPX,2026-02-24 16:15:00,SPX,2029-12-21,7500.0,C,0.0,0.0,0.0,0.0,0,9,1049.9,12,1113.0,6852.66,6913.22,613,3.8219178082191783
^SPX,2026-02-24 16:15:00,SPX,2029-12-21,7600.0,C,0.0,0.0,0.0,0.0,0,12,998.3,12,1061.6,6852.66,6913.22,226,3.8219178082191783
^SPX,2026-02-24 16:15:00,SPX,2029-12-21,7700.0,C,0.0,0.0,0.0,0.0,0,13,947.9,13,1011.3,6852.66,6913.22,0,3.8219178082191783
^SPX,2026-02-24 16:15:00,SPX,2029-12-21,7800.0,C,0.0,0.0,0.0,0.0,0,13,898.7,13,962.2,6852.66,6913.22,194,3.8219178082191783
^SPX,2026-02-24 16:15:00,SPX,2029-12-21,7900.0,C,0.0,0.0,0.0,0.0,0,14,850.9,14,914.4,6852.66,6913.22,0,3.8219178082191783
^SPX,2026-02-24 16:15:00,SPX,2029-12-21,8000.0,C,0.0,0.0,0.0,0.0,0,14,804.4,14,867.9,6852.66,6913.22,305,3.8219178082191783
^SPX,2026-02-24 16:15:00,SPX,2029-12-21,8200.0,C,0.0,0.0,0.0,0.0,0,14,715.7,14,779.0,6852.66,6913.22,159,3.8219178082191783
^SPX,2026-02-24 16:15:00,SPX,2029-12-21,8400.0,C,0.0,0.0,0.0,0.0,0,11,633.3,14,696.0,6852.66,6913.22,2527,3.8219178082191783
^SPX,2026-02-24 16:15:00,SPX,2029-12-21,8600.0,C,0.0,0.0,0.0,0.0,0,12,557.5,15,618.8,6852.66,6913.22,696,3.8219178082191783
^SPX,2026-02-24 16:15:00,SPX,2029-12-21,8800.0,C,0.0,0.0,0.0,0.0,0,12,488.1,16,547.6,6852.66,6913.22,122,3.8219178082191783
^SPX,2026-02-24 16:15:00,SPX,2029-12-21,9000.0,C,0.0,0.0,0.0,0.0,0,13,424.7,17,482.4,6852.66,6913.22,1226,3.8219178082191783
^SPX,2026-02-24 16:15:00,SPX,2029-12-21,9200.0,C,0.0,0.0,0.0,0.0,0,15,367.1,19,423.1,6852.66,6913.22,201,3.8219178082191783
^SPX,2026-02-24 16:15:00,SPX,2029-12-21,9400.0,C,0.0,0.0,0.0,0.0,0,16,315.6,20,369.6,6852.66,6913.22,176,3.8219178082191783
^SPX,2026-02-24 16:15:00,SPX,2029-12-21,9500.0,C,313.74,313.74,312.76,312.76,15,17,291.6,22,345.0,6852.66,6913.22,100,3.8219178082191783
^SPX,2026-02-24 16:15:00,SPX,2029-12-21,9550.0,C,0.0,0.0,0.0,0.0,0,17,280.1,22,333.1,6852.66,6913.22,0,3.8219178082191783
^SPX,2026-02-24 16:15:00,SPX,2029-12-21,9600.0,C,0.0,0.0,0.0,0.0,0,17,269.0,22,321.7,6852.66,6913.22,183,3.8219178082191783
^SPX,2026-02-24 16:15:00,SPX,2029-12-21,9800.0,C,0.0,0.0,0.0,0.0,0,18,227.3,24,279.1,6852.66,6913.22,17,3.8219178082191783
^SPX,2026-02-24 16:15:00,SPX,2029-12-21,10000.0,C,0.0,0.0,0.0,0.0,0,19,190.4,25,241.6,6852.66,6913.22,6195,3.8219178082191783
^SPX,2026-02-24 16:15:00,SPX,2029-12-21,10200.0,C,0.0,0.0,0.0,0.0,0,20,158.8,26,208.9,6852.66,6913.22,10,3.8219178082191783
^SPX,2026-02-24 16:15:00,SPX,2029-12-21,10400.0,C,0.0,0.0,0.0,0.0,0,28,131.9,28,180.7,6852.66,6913.22,202,3.8219178082191783
^SPX,2026-02-24 16:15:00,SPX,2029-12-21,10600.0,C,0.0,0.0,0.0,0.0,0,29,109.5,29,156.5,6852.66,6913.22,40,3.8219178082191783
^SPX,2026-02-24 16:15:00,SPX,2029-12-21,10800.0,C,0.0,0.0,0.0,0.0,0,35,94.9,35,131.6,6852.66,6913.22,8,3.8219178082191783
^SPX,2026-02-24 16:15:00,SPX,2029-12-21,11000.0,C,0.0,0.0,0.0,0.0,0,42,79.6,42,113.7,6852.66,6913.22,1816,3.8219178082191783
^SPX,2026-02-24 16:15:00,SPX,2029-12-21,11200.0,C,0.0,0.0,0.0,0.0,0,48,66.8,48,98.4,6852.66,6913.22,2,3.8219178082191783
^SPX,2026-02-24 16:15:00,SPX,2029-12-21,11400.0,C,0.0,0.0,0.0,0.0,0,51,56.2,51,85.5,6852.66,6913.22,69,3.8219178082191783
^SPX,2026-02-24 16:15:00,SPX,2029-12-21,12000.0,C,0.0,0.0,0.0,0.0,0,52,35.0,66,57.6,6852.66,6913.22,1830,3.8219178082191783
^SPX,2026-02-24 16:15:00,SPX,2030-12-20,400.0,C,0.0,0.0,0.0,0.0,0,2,6134.0,2,6434.0,6852.66,6913.22,234,4.8191780821917805
^SPX,2026-02-24 16:15:00,SPX,2030-12-20,800.0,C,0.0,0.0,0.0,0.0,0,2,5804.5,2,6104.5,6852.66,6913.22,1,4.8191780821917805
^SPX,2026-02-24 16:15:00,SPX,2030-12-20,1200.0,C,0.0,0.0,0.0,0.0,0,2,5478.6,2,5778.6,6852.66,6913.22,0,4.8191780821917805
^SPX,2026-02-24 16:15:00,SPX,2030-12-20,1600.0,C,0.0,0.0,0.0,0.0,0,2,5156.5,2,5456.5,6852.66,6913.22,1,4.8191780821917805
^SPX,2026-02-24 16:15:00,SPX,2030-12-20,1800.0,C,0.0,0.0,0.0,0.0,0,2,4996.9,2,5296.9,6852.66,6913.22,2,4.8191780821917805
^SPX,2026-02-24 16:15:00,SPX,2030-12-20,2000.0,C,0.0,0.0,0.0,0.0,0,2,4838.2,2,5138.2,6852.66,6913.22,593,4.8191780821917805
^SPX,2026-02-24 16:15:00,SPX,2030-12-20,2200.0,C,0.0,0.0,0.0,0.0,0,2,4680.6,2,4980.6,6852.66,6913.22,0,4.8191780821917805
^SPX,2026-02-24 16:15:00,SPX,2030-12-20,2400.0,C,0.0,0.0,0.0,0.0,0,2,4523.8,2,4823.8,6852.66,6913.22,3,4.8191780821917805
^SPX,2026-02-24 16:15:00,SPX,2030-12-20,2600.0,C,0.0,0.0,0.0,0.0,0,2,4367.9,2,4667.9,6852.66,6913.22,49,4.8191780821917805
^SPX,2026-02-24 16:15:00,SPX,2030-12-20,2800.0,C,0.0,0.0,0.0,0.0,0,2,4213.3,2,4513.3,6852.66,6913.22,53,4.8191780821917805
^SPX,2026-02-24 16:15:00,SPX,2030-12-20,2900.0,C,0.0,0.0,0.0,0.0,0,2,4136.3,2,4436.3,6852.66,6913.22,4,4.8191780821917805
^SPX,2026-02-24 16:15:00,SPX,2030-12-20,3000.0,C,0.0,0.0,0.0,0.0,0,2,4059.5,2,4359.5,6852.66,6913.22,7,4.8191780821917805
^SPX,2026-02-24 16:15:00,SPX,2030-12-20,3100.0,C,0.0,0.0,0.0,0.0,0,2,3983.9,2,4283.9,6852.66,6913.22,7,4.8191780821917805
^SPX,2026-02-24 16:15:00,SPX,2030-12-20,3200.0,C,0.0,0.0,0.0,0.0,0,2,3908.1,2,4208.1,6852.66,6913.22,1,4.8191780821917805
^SPX,2026-02-24 16:15:00,SPX,2030-12-20,3300.0,C,0.0,0.0,0.0,0.0,0,2,3832.7,2,4132.7,6852.66,6913.22,14,4.8191780821917805
^SPX,2026-02-24 16:15:00,SPX,2030-12-20,3400.0,C,0.0,0.0,0.0,0.0,0,2,3757.4,2,4057.4,6852.66,6913.22,66,4.8191780821917805
^SPX,2026-02-24 16:15:00,SPX,2030-12-20,3500.0,C,0.0,0.0,0.0,0.0,0,2,3682.9,2,3982.9,6852.66,6913.22,11,4.8191780821917805
^SPX,2026-02-24 16:15:00,SPX,2030-12-20,3600.0,C,0.0,0.0,0.0,0.0,0,2,3608.6,2,3908.6,6852.66,6913.22,14,4.8191780821917805
^SPX,2026-02-24 16:15:00,SPX,2030-12-20,3700.0,C,0.0,0.0,0.0,0.0,0,2,3534.9,2,3834.9,6852.66,6913.22,11,4.8191780821917805
^SPX,2026-02-24 16:15:00,SPX,2030-12-20,3800.0,C,0.0,0.0,0.0,0.0,0,2,3461.7,2,3761.7,6852.66,6913.22,11,4.8191780821917805
^SPX,2026-02-24 16:15:00,SPX,2030-12-20,3900.0,C,0.0,0.0,0.0,0.0,0,2,3388.8,2,3688.8,6852.66,6913.22,0,4.8191780821917805
^SPX,2026-02-24 16:15:00,SPX,2030-12-20,4000.0,C,0.0,0.0,0.0,0.0,0,2,3316.7,2,3616.7,6852.66,6913.22,1913,4.8191780821917805
^SPX,2026-02-24 16:15:00,SPX,2030-12-20,4100.0,C,0.0,0.0,0.0,0.0,0,2,3245.1,2,3545.1,6852.66,6913.22,3,4.8191780821917805
^SPX,2026-02-24 16:15:00,SPX,2030-12-20,4200.0,C,0.0,0.0,0.0,0.0,0,2,3174.3,2,3474.3,6852.66,6913.22,1,4.8191780821917805
^SPX,2026-02-24 16:15:00,SPX,2030-12-20,4300.0,C,0.0,0.0,0.0,0.0,0,2,3103.8,2,3403.8,6852.66,6913.22,661,4.8191780821917805
^SPX,2026-02-24 16:15:00,SPX,2030-12-20,4400.0,C,0.0,0.0,0.0,0.0,0,2,3034.0,2,3334.0,6852.66,6913.22,51,4.8191780821917805
^SPX,2026-02-24 16:15:00,SPX,2030-12-20,4500.0,C,0.0,0.0,0.0,0.0,0,2,2964.6,2,3264.6,6852.66,6913.22,3,4.8191780821917805
^SPX,2026-02-24 16:15:00,SPX,2030-12-20,4600.0,C,0.0,0.0,0.0,0.0,0,2,2896.0,2,3196.0,6852.66,6913.22,1,4.8191780821917805
^SPX,2026-02-24 16:15:00,SPX,2030-12-20,4700.0,C,0.0,0.0,0.0,0.0,0,2,2828.1,2,3128.1,6852.66,6913.22,495,4.8191780821917805
^SPX,2026-02-24 16:15:00,SPX,2030-12-20,4800.0,C,0.0,0.0,0.0,0.0,0,2,2760.8,2,3060.8,6852.66,6913.22,0,4.8191780821917805
^SPX,2026-02-24 16:15:00,SPX,2030-12-20,4900.0,C,0.0,0.0,0.0,0.0,0,2,2693.7,2,2993.7,6852.66,6913.22,217,4.8191780821917805
^SPX,2026-02-24 16:15:00,SPX,2030-12-20,5000.0,C,2778.03,2778.03,2778.03,2778.03,1,2,2628.2,2,2928.2,6852.66,6913.22,7439,4.8191780821917805
^SPX,2026-02-24 16:15:00,SPX,2030-12-20,5100.0,C,0.0,0.0,0.0,0.0,0,2,2562.6,2,2862.6,6852.66,6913.22,6,4.8191780821917805
^SPX,2026-02-24 16:15:00,SPX,2030-12-20,5200.0,C,0.0,0.0,0.0,0.0,0,2,2497.9,2,2797.9,6852.66,6913.22,3,4.8191780821917805
^SPX,2026-02-24 16:15:00,SPX,2030-12-20,5300.0,C,0.0,0.0,0.0,0.0,0,2,2434.2,2,2734.2,6852.66,6913.22,6,4.8191780821917805
^SPX,2026-02-24 16:15:00,SPX,2030-12-20,5400.0,C,0.0,0.0,0.0,0.0,0,2,2371.3,2,2671.3,6852.66,6913.22,283,4.8191780821917805
^SPX,2026-02-24 16:15:00,SPX,2030-12-20,5500.0,C,0.0,0.0,0.0,0.0,0,2,2308.9,2,2608.9,6852.66,6913.22,49,4.8191780821917805
^SPX,2026-02-24 16:15:00,SPX,2030-12-20,5600.0,C,0.0,0.0,0.0,0.0,0,2,2247.4,2,2547.4,6852.66,6913.22,171,4.8191780821917805
^SPX,2026-02-24 16:15:00,SPX,2030-12-20,5675.0,C,0.0,0.0,0.0,0.0,0,2,2201.7,2,2501.7,6852.66,6913.22,80,4.8191780821917805
^SPX,2026-02-24 16:15:00,SPX,2030-12-20,5700.0,C,2342.15,2342.15,2342.15,2342.15,3,2,2186.7,2,2486.7,6852.66,6913.22,87,4.8191780821917805
^SPX,2026-02-24 16:15:00,SPX,2030-12-20,5800.0,C,0.0,0.0,0.0,0.0,0,2,2126.9,2,2426.9,6852.66,6913.22,64,4.8191780821917805
^SPX,2026-02-24 16:15:00,SPX,2030-12-20,5900.0,C,2188.61,2224.59,2188.61,2224.59,2,2,2067.8,2,2367.8,6852.66,6913.22,51,4.8191780821917805
^SPX,2026-02-24 16:15:00,SPX,2030-12-20,6000.0,C,2130.37,2165.98,2130.37,2165.98,2,2,2009.0,2,2309.0,6852.66,6913.22,8738,4.8191780821917805
^SPX,2026-02-24 16:15:00,SPX,2030-12-20,6100.0,C,0.0,0.0,0.0,0.0,0,2,1951.1,2,2251.1,6852.66,6913.22,738,4.8191780821917805
^SPX,2026-02-24 16:15:00,SPX,2030-12-20,6150.0,C,0.0,0.0,0.0,0.0,0,2,1922.7,2,2222.7,6852.66,6913.22,84,4.8191780821917805
^SPX,2026-02-24 16:15:00,SPX,2030-12-20,6200.0,C,0.0,0.0,0.0,0.0,0,2,1894.0,2,2194.0,6852.66,6913.22,874,4.8191780821917805
^SPX,2026-02-24 16:15:00,SPX,2030-12-20,6300.0,C,0.0,0.0,0.0,0.0,0,2,1837.2,2,2137.2,6852.66,6913.22,732,4.8191780821917805
^SPX,2026-02-24 16:15:00,SPX,2030-12-20,6400.0,C,0.0,0.0,0.0,0.0,0,2,1780.4,2,2080.4,6852.66,6913.22,582,4.8191780821917805
^SPX,2026-02-24 16:15:00,SPX,2030-12-20,6500.0,C,0.0,0.0,0.0,0.0,0,1,1833.3,1,1919.8,6852.66,6913.22,269,4.8191780821917805
^SPX,2026-02-24 16:15:00,SPX,2030-12-20,6600.0,C,0.0,0.0,0.0,0.0,0,1,1777.2,1,1864.3,6852.66,6913.22,507,4.8191780821917805
^SPX,2026-02-24 16:15:00,SPX,2030-12-20,6700.0,C,0.0,0.0,0.0,0.0,0,1,1721.5,1,1809.2,6852.66,6913.22,118,4.8191780821917805
^SPX,2026-02-24 16:15:00,SPX,2030-12-20,6800.0,C,0.0,0.0,0.0,0.0,0,1,1666.3,1,1754.4,6852.66,6913.22,88,4.8191780821917805
^SPX,2026-02-24 16:15:00,SPX,2030-12-20,6900.0,C,0.0,0.0,0.0,0.0,0,1,1611.4,1,1700.1,6852.66,6913.22,309,4.8191780821917805
^SPX,2026-02-24 16:15:00,SPX,2030-12-20,7000.0,C,1603.78,1603.78,1603.78,1603.78,3,1,1556.8,1,1655.0,6852.66,6913.22,4988,4.8191780821917805
^SPX,2026-02-24 16:15:00,SPX,2030-12-20,7100.0,C,0.0,0.0,0.0,0.0,0,1,1502.7,1,1592.4,6852.66,6913.22,52,4.8191780821917805
^SPX,2026-02-24 16:15:00,SPX,2030-12-20,7200.0,C,0.0,0.0,0.0,0.0,0,1,1449.1,1,1539.2,6852.66,6913.22,28,4.8191780821917805
^SPX,2026-02-24 16:15:00,SPX,2030-12-20,7300.0,C,0.0,0.0,0.0,0.0,0,1,1396.0,1,1486.5,6852.66,6913.22,91,4.8191780821917805
^SPX,2026-02-24 16:15:00,SPX,2030-12-20,7400.0,C,0.0,0.0,0.0,0.0,0,2,1343.5,2,1434.4,6852.66,6913.22,14,4.8191780821917805
^SPX,2026-02-24 16:15:00,SPX,2030-12-20,7500.0,C,0.0,0.0,0.0,0.0,0,7,1293.7,9,1382.9,6852.66,6913.22,75,4.8191780821917805
^SPX,2026-02-24 16:15:00,SPX,2030-12-20,7600.0,C,0.0,0.0,0.0,0.0,0,8,1242.3,10,1332.2,6852.66,6913.22,7,4.8191780821917805
^SPX,2026-02-24 16:15:00,SPX,2030-12-20,7700.0,C,0.0,0.0,0.0,0.0,0,9,1191.6,11,1282.1,6852.66,6913.22,23,4.8191780821917805
^SPX,2026-02-24 16:15:00,SPX,2030-12-20,7800.0,C,0.0,0.0,0.0,0.0,0,9,1141.8,12,1232.9,6852.66,6913.22,40,4.8191780821917805
^SPX,2026-02-24 16:15:00,SPX,2030-12-20,7900.0,C,0.0,0.0,0.0,0.0,0,9,1093.0,12,1184.6,6852.66,6913.22,0,4.8191780821917805
^SPX,2026-02-24 16:15:00,SPX,2030-12-20,8000.0,C,0.0,0.0,0.0,0.0,0,10,1045.2,13,1137.2,6852.66,6913.22,223,4.8191780821917805
^SPX,2026-02-24 16:15:00,SPX,2030-12-20,8200.0,C,0.0,0.0,0.0,0.0,0,10,952.9,13,1045.4,6852.66,6913.22,467,4.8191780821917805
^SPX,2026-02-24 16:15:00,SPX,2030-12-20,8400.0,C,912.4,912.4,912.4,912.4,1,11,865.5,14,958.0,6852.66,6913.22,106,4.8191780821917805
^SPX,2026-02-24 16:15:00,SPX,2030-12-20,8600.0,C,0.0,0.0,0.0,0.0,0,11,782.9,14,875.3,6852.66,6913.22,180,4.8191780821917805
^SPX,2026-02-24 16:15:00,SPX,2030-12-20,8800.0,C,0.0,0.0,0.0,0.0,0,11,706.0,14,797.5,6852.66,6913.22,12,4.8191780821917805
^SPX,2026-02-24 16:15:00,SPX,2030-12-20,9000.0,C,0.0,0.0,0.0,0.0,0,12,634.4,15,724.7,6852.66,6913.22,862,4.8191780821917805
^SPX,2026-02-24 16:15:00,SPX,2030-12-20,9200.0,C,0.0,0.0,0.0,0.0,0,12,568.1,16,656.8,6852.66,6913.22,430,4.8191780821917805
^SPX,2026-02-24 16:15:00,SPX,2030-12-20,9400.0,C,0.0,0.0,0.0,0.0,0,12,506.6,16,593.8,6852.66,6913.22,7,4.8191780821917805
^SPX,2026-02-24 16:15:00,SPX,2030-12-20,9500.0,C,0.0,0.0,0.0,0.0,0,13,477.8,17,564.0,6852.66,6913.22,12,4.8191780821917805
^SPX,2026-02-24 16:15:00,SPX,2030-12-20,9550.0,C,0.0,0.0,0.0,0.0,0,13,463.9,17,549.6,6852.66,6913.22,0,4.8191780821917805
^SPX,2026-02-24 16:15:00,SPX,2030-12-20,9600.0,C,0.0,0.0,0.0,0.0,0,13,450.3,17,535.4,6852.66,6913.22,17,4.8191780821917805
^SPX,2026-02-24 16:15:00,SPX,2030-12-20,9800.0,C,0.0,0.0,0.0,0.0,0,15,398.5,19,481.6,6852.66,6913.22,700,4.8191780821917805
^SPX,2026-02-24 16:15:00,SPX,2030-12-20,10000.0,C,381.43,381.43,381.43,381.43,1,15,351.2,19,432.3,6852.66,6913.22,1290,4.8191780821917805
^SPX,2026-02-24 16:15:00,SPX,2030-12-20,10200.0,C,0.0,0.0,0.0,0.0,0,17,307.7,22,387.2,6852.66,6913.22,20,4.8191780821917805
^SPX,2026-02-24 16:15:00,SPX,2030-12-20,10400.0,C,306.5,306.5,306.5,306.5,125,18,267.6,23,346.1,6852.66,6913.22,94,4.8191780821917805
^SPX,2026-02-24 16:15:00,SPX,2030-12-20,10600.0,C,0.0,0.0,0.0,0.0,0,18,231.5,24,309.0,6852.66,6913.22,68,4.8191780821917805
^SPX,2026-02-24 16:15:00,SPX,2030-12-20,10800.0,C,0.0,0.0,0.0,0.0,0,25,199.3,25,275.7,6852.66,6913.22,74,4.8191780821917805
^SPX,2026-02-24 16:15:00,SPX,2030-12-20,11000.0,C,0.0,0.0,0.0,0.0,0,26,171.7,26,246.0,6852.66,6913.22,454,4.8191780821917805
^SPX,2026-02-24 16:15:00,SPX,2030-12-20,11200.0,C,0.0,0.0,0.0,0.0,0,28,147.5,28,219.6,6852.66,6913.22,306,4.8191780821917805
^SPX,2026-02-24 16:15:00,SPX,2030-12-20,11400.0,C,0.0,0.0,0.0,0.0,0,28,126.4,28,196.3,6852.66,6913.22,226,4.8191780821917805
^SPX,2026-02-24 16:15:00,SPX,2030-12-20,12000.0,C,103.04,108.0,103.04,108.0,5,1,95.0,41,135.7,6852.66,6913.22,7531,4.8191780821917805
^SPX,2026-02-24 16:15:00,SPX,2030-12-20,13000.0,C,0.0,0.0,0.0,0.0,0,60,42.9,60,80.6,6852.66,6913.22,0,4.8191780821917805
^SPX,2026-02-24 16:15:00,SPX,2030-12-20,14000.0,C,0.0,0.0,0.0,0.0,0,78,22.4,78,51.5,6852.66,6913.22,0,4.8191780821917805
^SPX,2026-02-24 16:15:00,SPX,2030-12-20,15000.0,C,0.0,0.0,0.0,0.0,0,100,11.9,100,35.1,6852.66,6913.22,0,4.8191780821917805
^SPX,2026-02-24 16:15:00,SPX,2031-12-19,2000.0,C,0.0,0.0,0.0,0.0,0,2,4878.2,2,5178.2,6852.66,6913.22,60,5.816438356164384
^SPX,2026-02-24 16:15:00,SPX,2031-12-19,2400.0,C,0.0,0.0,0.0,0.0,0,2,4582.1,2,4882.1,6852.66,6913.22,0,5.816438356164384
^SPX,2026-02-24 16:15:00,SPX,2031-12-19,2800.0,C,0.0,0.0,0.0,0.0,0,2,4288.4,2,4588.4,6852.66,6913.22,0,5.816438356164384
^SPX,2026-02-24 16:15:00,SPX,2031-12-19,3200.0,C,0.0,0.0,0.0,0.0,0,2,4000.0,2,4300.0,6852.66,6913.22,1,5.816438356164384
^SPX,2026-02-24 16:15:00,SPX,2031-12-19,3600.0,C,0.0,0.0,0.0,0.0,0,2,3718.0,2,4018.0,6852.66,6913.22,1,5.816438356164384
^SPX,2026-02-24 16:15:00,SPX,2031-12-19,4000.0,C,0.0,0.0,0.0,0.0,0,2,3443.2,2,3743.2,6852.66,6913.22,2576,5.816438356164384
^SPX,2026-02-24 16:15:00,SPX,2031-12-19,4400.0,C,0.0,0.0,0.0,0.0,0,2,3176.8,2,3476.8,6852.66,6913.22,0,5.816438356164384
^SPX,2026-02-24 16:15:00,SPX,2031-12-19,4800.0,C,0.0,0.0,0.0,0.0,0,2,2920.1,2,3220.1,6852.66,6913.22,0,5.816438356164384
^SPX,2026-02-24 16:15:00,SPX,2031-12-19,5200.0,C,0.0,0.0,0.0,0.0,0,2,2673.4,2,2973.4,6852.66,6913.22,38,5.816438356164384
^SPX,2026-02-24 16:15:00,SPX,2031-12-19,5600.0,C,0.0,0.0,0.0,0.0,0,2,2437.0,2,2737.0,6852.66,6913.22,1,5.816438356164384
^SPX,2026-02-24 16:15:00,SPX,2031-12-19,6000.0,C,0.0,0.0,0.0,0.0,0,2,2211.3,2,2511.3,6852.66,6913.22,2757,5.816438356164384
^SPX,2026-02-24 16:15:00,SPX,2031-12-19,6400.0,C,0.0,0.0,0.0,0.0,0,2,1994.6,2,2294.6,6852.66,6913.22,39,5.816438356164384
^SPX,2026-02-24 16:15:00,SPX,2031-12-19,6800.0,C,0.0,0.0,0.0,0.0,0,1,1888.9,1,1994.9,6852.66,6913.22,179,5.816438356164384
^SPX,2026-02-24 16:15:00,SPX,2031-12-19,7200.0,C,0.0,0.0,0.0,0.0,0,1,1682.4,1,1790.7,6852.66,6913.22,211,5.816438356164384
^SPX,2026-02-24 16:15:00,SPX,2031-12-19,7600.0,C,0.0,0.0,0.0,0.0,0,1,1481.4,1,1591.6,6852.66,6913.22,54,5.816438356164384
^SPX,2026-02-24 16:15:00,SPX,2031-12-19,8000.0,C,0.0,0.0,0.0,0.0,0,10,1288.5,10,1400.2,6852.66,6913.22,75,5.816438356164384
^SPX,2026-02-24 16:15:00,SPX,2031-12-19,8400.0,C,0.0,0.0,0.0,0.0,0,13,1106.8,13,1219.3,6852.66,6913.22,6,5.816438356164384
^SPX,2026-02-24 16:15:00,SPX,2031-12-19,8800.0,C,0.0,0.0,0.0,0.0,0,14,939.1,11,1051.6,6852.66,6913.22,0,5.816438356164384
^SPX,2026-02-24 16:15:00,SPX,2031-12-19,9200.0,C,0.0,0.0,0.0,0.0,0,14,787.4,11,899.2,6852.66,6913.22,0,5.816438356164384
^SPX,2026-02-24 16:15:00,SPX,2031-12-19,9600.0,C,0.0,0.0,0.0,0.0,0,15,652.8,12,763.2,6852.66,6913.22,0,5.816438356164384
^SPX,2026-02-24 16:15:00,SPX,2031-12-19,10000.0,C,0.0,0.0,0.0,0.0,0,16,534.9,16,643.0,6852.66,6913.22,370,5.816438356164384
^SPX,2026-02-24 16:15:00,SPX,2031-12-19,10400.0,C,0.0,0.0,0.0,0.0,0,19,432.7,19,537.8,6852.66,6913.22,0,5.816438356164384
^SPX,2026-02-24 16:15:00,SPX,2031-12-19,10800.0,C,0.0,0.0,0.0,0.0,0,20,345.3,16,446.1,6852.66,6913.22,0,5.816438356164384
^SPX,2026-02-24 16:15:00,SPX,2031-12-19,11200.0,C,0.0,0.0,0.0,0.0,0,23,271.5,1,340.0,6852.66,6913.22,5,5.816438356164384
^SPX,2026-02-24 16:15:00,SPX,2031-12-19,11600.0,C,0.0,0.0,0.0,0.0,0,1,235.0,25,303.0,6852.66,6913.22,12,5.816438356164384
^SPX,2026-02-24 16:15:00,SPX,2031-12-19,12000.0,C,0.0,0.0,0.0,0.0,0,22,174.9,28,249.0,6852.66,6913.22,832,5.816438356164384
^SPX,2026-02-24 16:15:00,SPX,2031-12-19,13000.0,C,0.0,0.0,0.0,0.0,0,42,87.4,42,147.9,6852.66,6913.22,85,5.816438356164384
^SPX,2026-02-24 16:15:00,SPX,2031-12-19,14000.0,C,0.0,0.0,0.0,0.0,0,57,47.0,57,94.0,6852.66,6913.22,0,5.816438356164384
^SPX,2026-02-24 16:15:00,SPX,2031-12-19,15000.0,C,43.7,45.9,43.7,45.9,209,10,43.7,10,47.5,6852.66,6913.22,0,5.816438356164384
^SPX,2026-02-24 16:15:00,SPX,2031-12-19,16000.0,C,28.2,28.8,27.89,27.89,80,1,26.8,92,45.1,6852.66,6913.22,0,5.816438356164384
